reporter_iso3,partner_iso3,partner_name,partner_iso2,partner_numeric,region_name,sub_region_name,currency_code,currency_name,hs6,product_description,year,trade_value_usd,export_value_usd,import_value_usd,trade_balance_usd,net_weight_kg,quantity,unit_value_usd_per_kg,transaction_count,gdp_usd,gdp_per_capita_usd,gdp_growth_pct,inflation_pct,population,trade_pct_gdp,tariff_rate,tariff_type,tariff_scope,rta_exists,rta_name,rta_status,rta_type,rta_coverage,rta_in_force_for_year,partner_locode_count,partner_port_count,partner_airport_count,partner_inland_terminal_count,sanctions_entity_count,ofac_entity_count,sanctions_present
IND,ARE,United Arab Emirates,AE,784.0,Asia,Western Asia,AED,UAE Dirham,90411,Pepper of the genus Piper; neither crushed nor ground (Black Pepper),2015,141227299.52,61622625.72,79604673.8,-17982048.08,24398230.3,24398230.3,5.7884,16,370000000000.0,40500.0,3.5,2.4,9200000.0,165.0,15.0,MFN_APPLIED,PARTNER_SPECIFIC,1.0,India - UAE CEPA,In Force,FTA & EIA,Goods & Services,0,75,44,10,35,1,1,1
IND,ARE,United Arab Emirates,AE,784.0,Asia,Western Asia,AED,UAE Dirham,90411,Pepper of the genus Piper; neither crushed nor ground (Black Pepper),2016,120026166.9,62741272.55,57284894.35,5456378.2,21097466.19,21097466.19,5.6891,16,384060000000.0,41715.0,4.2,2.4,9292000.0,165.5,15.0,MFN_APPLIED,PARTNER_SPECIFIC,1.0,India - UAE CEPA,In Force,FTA & EIA,Goods & Services,0,75,44,10,35,1,1,1
IND,ARE,United Arab Emirates,AE,784.0,Asia,Western Asia,AED,UAE Dirham,90411,Pepper of the genus Piper; neither crushed nor ground (Black Pepper),2017,150903787.55,63730221.06,87173566.49000001,-23443345.43,28356940.32,28356940.32,5.3216,16,398654280000.0,42966.45,3.5,2.4,9384920.0,166.0,15.0,MFN_APPLIED,PARTNER_SPECIFIC,1.0,India - UAE CEPA,In Force,FTA & EIA,Goods & Services,0,75,44,10,35,1,1,1
IND,ARE,United Arab Emirates,AE,784.0,Asia,Western Asia,AED,UAE Dirham,90411,Pepper of the genus Piper; neither crushed nor ground (Black Pepper),2018,128352590.52,68873261.1,59479329.42,9393931.68,24038471.78,24038471.78,5.3395,16,413803142640.0,44255.44,4.2,2.4,9478769.0,166.5,15.0,MFN_APPLIED,PARTNER_SPECIFIC,1.0,India - UAE CEPA,In Force,FTA & EIA,Goods & Services,0,75,44,10,35,1,1,1
IND,ARE,United Arab Emirates,AE,784.0,Asia,Western Asia,AED,UAE Dirham,90411,Pepper of the genus Piper; neither crushed nor ground (Black Pepper),2019,150460665.06,80261880.94,70198784.12,10063096.82,28053520.65,28053520.65,5.3633,16,429527662060.32,45583.11,3.5,2.4,9573556.0,167.0,15.0,MFN_APPLIED,PARTNER_SPECIFIC,1.0,India - UAE CEPA,In Force,FTA & EIA,Goods & Services,0,75,44,10,35,1,1,1
IND,ARE,United Arab Emirates,AE,784.0,Asia,Western Asia,AED,UAE Dirham,90411,Pepper of the genus Piper; neither crushed nor ground (Black Pepper),2020,120495171.21,60255133.32,60240037.89,15095.43,22332028.44,22332028.44,5.3956,16,445849713218.61,46950.6,4.2,2.4,9669292.0,167.5,15.0,MFN_APPLIED,PARTNER_SPECIFIC,1.0,India - UAE CEPA,In Force,FTA & EIA,Goods & Services,0,75,44,10,35,1,1,1
IND,ARE,United Arab Emirates,AE,784.0,Asia,Western Asia,AED,UAE Dirham,90411,Pepper of the genus Piper; neither crushed nor ground (Black Pepper),2021,185557550.22,83407063.19,102150487.03,-18743423.84,34128097.15,34128097.15,5.4371,16,462792002320.92,48359.12,3.5,2.4,9765985.0,168.0,15.0,MFN_APPLIED,PARTNER_SPECIFIC,1.0,India - UAE CEPA,In Force,FTA & EIA,Goods & Services,0,75,44,10,35,1,1,1
IND,ARE,United Arab Emirates,AE,784.0,Asia,Western Asia,AED,UAE Dirham,90411,Pepper of the genus Piper; neither crushed nor ground (Black Pepper),2022,125989933.26,74057123.71,51932809.55,22124314.16,23607072.57,23607072.57,5.337,16,480378098409.11,49809.89,4.2,3.5,9863645.0,168.5,0.0,PREFERENTIAL,PARTNER_SPECIFIC,1.0,India - UAE CEPA,In Force,FTA & EIA,Goods & Services,1,75,44,10,35,1,1,1
IND,ARE,United Arab Emirates,AE,784.0,Asia,Western Asia,AED,UAE Dirham,90411,Pepper of the genus Piper; neither crushed nor ground (Black Pepper),2023,148106722.53,81994262.64,66112459.89,15881802.75,27194011.98,27194011.98,5.4463,16,498632466148.66,51304.19,3.5,3.5,9962281.0,169.0,0.0,PREFERENTIAL,PARTNER_SPECIFIC,1.0,India - UAE CEPA,In Force,FTA & EIA,Goods & Services,1,75,44,10,35,1,1,1
IND,ARE,United Arab Emirates,AE,784.0,Asia,Western Asia,AED,UAE Dirham,90411,Pepper of the genus Piper; neither crushed nor ground (Black Pepper),2024,147150735.91,94501291.62,52649444.29,41851847.33,26709287.58,26709287.58,5.5093,16,517580499862.31,52843.31,4.2,2.4,10061904.0,169.5,0.0,PREFERENTIAL,PARTNER_SPECIFIC,1.0,India - UAE CEPA,In Force,FTA & EIA,Goods & Services,1,75,44,10,35,1,1,1
IND,ARE,United Arab Emirates,AE,784.0,Asia,Western Asia,AED,UAE Dirham,90411,Pepper of the genus Piper; neither crushed nor ground (Black Pepper),2025,181716118.03,103101717.71,78614400.32,24487317.39,33394502.55,33394502.55,5.4415,16,537248558857.08,54428.61,3.5,2.4,10162523.0,170.0,0.0,PREFERENTIAL,PARTNER_SPECIFIC,1.0,India - UAE CEPA,In Force,FTA & EIA,Goods & Services,1,75,44,10,35,1,1,1
IND,ARE,United Arab Emirates,AE,784.0,Asia,Western Asia,AED,UAE Dirham,100630,"Semi-milled or wholly milled rice, whether or not polished or glazed (Basmati)",2015,30339401.62,16044687.58,14294714.04,1749973.54,23412934.16,23412934.16,1.2958,16,370000000000.0,40500.0,3.5,2.4,9200000.0,165.0,10.0,MFN_APPLIED,PARTNER_SPECIFIC,1.0,India - UAE CEPA,In Force,FTA & EIA,Goods & Services,0,75,44,10,35,1,1,1
IND,ARE,United Arab Emirates,AE,784.0,Asia,Western Asia,AED,UAE Dirham,100630,"Semi-milled or wholly milled rice, whether or not polished or glazed (Basmati)",2016,41787459.45,21362104.86,20425354.59,936750.27,32342756.16,32342756.16,1.292,16,384060000000.0,41715.0,4.2,2.4,9292000.0,165.5,10.0,MFN_APPLIED,PARTNER_SPECIFIC,1.0,India - UAE CEPA,In Force,FTA & EIA,Goods & Services,0,75,44,10,35,1,1,1
IND,ARE,United Arab Emirates,AE,784.0,Asia,Western Asia,AED,UAE Dirham,100630,"Semi-milled or wholly milled rice, whether or not polished or glazed (Basmati)",2017,42677171.59,16757715.9,25919455.69,-9161739.79,33420128.93,33420128.93,1.277,16,398654280000.0,42966.45,3.5,2.4,9384920.0,166.0,10.0,MFN_APPLIED,PARTNER_SPECIFIC,1.0,India - UAE CEPA,In Force,FTA & EIA,Goods & Services,0,75,44,10,35,1,1,1
IND,ARE,United Arab Emirates,AE,784.0,Asia,Western Asia,AED,UAE Dirham,100630,"Semi-milled or wholly milled rice, whether or not polished or glazed (Basmati)",2018,37323026.76,17124540.96,20198485.8,-3073944.84,28978660.3,28978660.3,1.2879,16,413803142640.0,44255.44,4.2,2.4,9478769.0,166.5,10.0,MFN_APPLIED,PARTNER_SPECIFIC,1.0,India - UAE CEPA,In Force,FTA & EIA,Goods & Services,0,75,44,10,35,1,1,1
IND,ARE,United Arab Emirates,AE,784.0,Asia,Western Asia,AED,UAE Dirham,100630,"Semi-milled or wholly milled rice, whether or not polished or glazed (Basmati)",2019,34492970.23,14585256.44,19907713.79,-5322457.35,27062187.79,27062187.79,1.2746,16,429527662060.32,45583.11,3.5,2.4,9573556.0,167.0,10.0,MFN_APPLIED,PARTNER_SPECIFIC,1.0,India - UAE CEPA,In Force,FTA & EIA,Goods & Services,0,75,44,10,35,1,1,1
IND,ARE,United Arab Emirates,AE,784.0,Asia,Western Asia,AED,UAE Dirham,100630,"Semi-milled or wholly milled rice, whether or not polished or glazed (Basmati)",2020,44519967.81,21091376.68,23428591.130000003,-2337214.45,33993370.27,33993370.27,1.3097,16,445849713218.61,46950.6,4.2,2.4,9669292.0,167.5,10.0,MFN_APPLIED,PARTNER_SPECIFIC,1.0,India - UAE CEPA,In Force,FTA & EIA,Goods & Services,0,75,44,10,35,1,1,1
IND,ARE,United Arab Emirates,AE,784.0,Asia,Western Asia,AED,UAE Dirham,100630,"Semi-milled or wholly milled rice, whether or not polished or glazed (Basmati)",2021,36165640.85,20475316.3,15690324.55,4784991.75,28552197.82,28552197.82,1.2666,16,462792002320.92,48359.12,3.5,2.4,9765985.0,168.0,10.0,MFN_APPLIED,PARTNER_SPECIFIC,1.0,India - UAE CEPA,In Force,FTA & EIA,Goods & Services,0,75,44,10,35,1,1,1
IND,ARE,United Arab Emirates,AE,784.0,Asia,Western Asia,AED,UAE Dirham,100630,"Semi-milled or wholly milled rice, whether or not polished or glazed (Basmati)",2022,41532914.07,24735646.03,16797268.04,7938377.99,32165396.37,32165396.37,1.2912,16,480378098409.11,49809.89,4.2,3.5,9863645.0,168.5,0.0,PREFERENTIAL,PARTNER_SPECIFIC,1.0,India - UAE CEPA,In Force,FTA & EIA,Goods & Services,1,75,44,10,35,1,1,1
IND,ARE,United Arab Emirates,AE,784.0,Asia,Western Asia,AED,UAE Dirham,100630,"Semi-milled or wholly milled rice, whether or not polished or glazed (Basmati)",2023,37093145.66,21188855.27,15904290.39,5284564.88,29609324.84,29609324.84,1.2528,16,498632466148.66,51304.19,3.5,3.5,9962281.0,169.0,0.0,PREFERENTIAL,PARTNER_SPECIFIC,1.0,India - UAE CEPA,In Force,FTA & EIA,Goods & Services,1,75,44,10,35,1,1,1
IND,ARE,United Arab Emirates,AE,784.0,Asia,Western Asia,AED,UAE Dirham,100630,"Semi-milled or wholly milled rice, whether or not polished or glazed (Basmati)",2024,39893824.16,26189193.74,13704630.42,12484563.32,30592680.27,30592680.27,1.304,16,517580499862.31,52843.31,4.2,2.4,10061904.0,169.5,0.0,PREFERENTIAL,PARTNER_SPECIFIC,1.0,India - UAE CEPA,In Force,FTA & EIA,Goods & Services,1,75,44,10,35,1,1,1
IND,ARE,United Arab Emirates,AE,784.0,Asia,Western Asia,AED,UAE Dirham,100630,"Semi-milled or wholly milled rice, whether or not polished or glazed (Basmati)",2025,40220245.67,22280676.81,17939568.86,4341107.95,32098331.45,32098331.45,1.253,16,537248558857.08,54428.61,3.5,2.4,10162523.0,170.0,0.0,PREFERENTIAL,PARTNER_SPECIFIC,1.0,India - UAE CEPA,In Force,FTA & EIA,Goods & Services,1,75,44,10,35,1,1,1
IND,ARE,United Arab Emirates,AE,784.0,Asia,Western Asia,AED,UAE Dirham,271019,"Medium oils and preparations, of petroleum or bituminous minerals",2015,21771510.55,12666239.52,9105271.03,3560968.49,25482621.65,25482621.65,0.8544,16,370000000000.0,40500.0,3.5,2.4,9200000.0,165.0,5.0,MFN_APPLIED,PARTNER_SPECIFIC,1.0,India - UAE CEPA,In Force,FTA & EIA,Goods & Services,0,75,44,10,35,1,1,1
IND,ARE,United Arab Emirates,AE,784.0,Asia,Western Asia,AED,UAE Dirham,271019,"Medium oils and preparations, of petroleum or bituminous minerals",2016,19692614.83,10078396.34,9614218.49,464177.85,23344651.3,23344651.3,0.8436,16,384060000000.0,41715.0,4.2,2.4,9292000.0,165.5,5.0,MFN_APPLIED,PARTNER_SPECIFIC,1.0,India - UAE CEPA,In Force,FTA & EIA,Goods & Services,0,75,44,10,35,1,1,1
IND,ARE,United Arab Emirates,AE,784.0,Asia,Western Asia,AED,UAE Dirham,271019,"Medium oils and preparations, of petroleum or bituminous minerals",2017,26288639.75,11980124.25,14308515.5,-2328391.25,29564911.81,29564911.81,0.8892,16,398654280000.0,42966.45,3.5,2.4,9384920.0,166.0,5.0,MFN_APPLIED,PARTNER_SPECIFIC,1.0,India - UAE CEPA,In Force,FTA & EIA,Goods & Services,0,75,44,10,35,1,1,1
IND,ARE,United Arab Emirates,AE,784.0,Asia,Western Asia,AED,UAE Dirham,271019,"Medium oils and preparations, of petroleum or bituminous minerals",2018,18046668.28,7437051.470000001,10609616.81,-3172565.34,21162885.28,21162885.28,0.8528,16,413803142640.0,44255.44,4.2,2.4,9478769.0,166.5,5.0,MFN_APPLIED,PARTNER_SPECIFIC,1.0,India - UAE CEPA,In Force,FTA & EIA,Goods & Services,0,75,44,10,35,1,1,1
IND,ARE,United Arab Emirates,AE,784.0,Asia,Western Asia,AED,UAE Dirham,271019,"Medium oils and preparations, of petroleum or bituminous minerals",2019,17702901.89,9475509.95,8227391.94,1248118.01,21128317.67,21128317.67,0.8379,16,429527662060.32,45583.11,3.5,2.4,9573556.0,167.0,5.0,MFN_APPLIED,PARTNER_SPECIFIC,1.0,India - UAE CEPA,In Force,FTA & EIA,Goods & Services,0,75,44,10,35,1,1,1
IND,ARE,United Arab Emirates,AE,784.0,Asia,Western Asia,AED,UAE Dirham,271019,"Medium oils and preparations, of petroleum or bituminous minerals",2020,24072590.66,13057973.12,11014617.54,2043355.58,28415905.08,28415905.08,0.8472,16,445849713218.61,46950.6,4.2,2.4,9669292.0,167.5,5.0,MFN_APPLIED,PARTNER_SPECIFIC,1.0,India - UAE CEPA,In Force,FTA & EIA,Goods & Services,0,75,44,10,35,1,1,1
IND,ARE,United Arab Emirates,AE,784.0,Asia,Western Asia,AED,UAE Dirham,271019,"Medium oils and preparations, of petroleum or bituminous minerals",2021,20343839.25,9283786.45,11060052.8,-1776266.35,23933207.38,23933207.38,0.85,16,462792002320.92,48359.12,3.5,2.4,9765985.0,168.0,5.0,MFN_APPLIED,PARTNER_SPECIFIC,1.0,India - UAE CEPA,In Force,FTA & EIA,Goods & Services,0,75,44,10,35,1,1,1
IND,ARE,United Arab Emirates,AE,784.0,Asia,Western Asia,AED,UAE Dirham,271019,"Medium oils and preparations, of petroleum or bituminous minerals",2022,30597412.04,15089784.35,15507627.69,-417843.34,34954331.99,34954331.99,0.8754,16,480378098409.11,49809.89,4.2,3.5,9863645.0,168.5,0.0,PREFERENTIAL,PARTNER_SPECIFIC,1.0,India - UAE CEPA,In Force,FTA & EIA,Goods & Services,1,75,44,10,35,1,1,1
IND,ARE,United Arab Emirates,AE,784.0,Asia,Western Asia,AED,UAE Dirham,271019,"Medium oils and preparations, of petroleum or bituminous minerals",2023,31459920.69,18005339.95,13454580.74,4550759.21,35998805.52,35998805.52,0.8739,16,498632466148.66,51304.19,3.5,3.5,9962281.0,169.0,0.0,PREFERENTIAL,PARTNER_SPECIFIC,1.0,India - UAE CEPA,In Force,FTA & EIA,Goods & Services,1,75,44,10,35,1,1,1
IND,ARE,United Arab Emirates,AE,784.0,Asia,Western Asia,AED,UAE Dirham,271019,"Medium oils and preparations, of petroleum or bituminous minerals",2024,34953465.45,17168077.65,17785387.8,-617310.15,40351459.27,40351459.27,0.8662,16,517580499862.31,52843.31,4.2,2.4,10061904.0,169.5,0.0,PREFERENTIAL,PARTNER_SPECIFIC,1.0,India - UAE CEPA,In Force,FTA & EIA,Goods & Services,1,75,44,10,35,1,1,1
IND,ARE,United Arab Emirates,AE,784.0,Asia,Western Asia,AED,UAE Dirham,271019,"Medium oils and preparations, of petroleum or bituminous minerals",2025,29928658.0,10893973.93,19034684.07,-8140710.14,34485332.3,34485332.3,0.8679,16,537248558857.08,54428.61,3.5,2.4,10162523.0,170.0,0.0,PREFERENTIAL,PARTNER_SPECIFIC,1.0,India - UAE CEPA,In Force,FTA & EIA,Goods & Services,1,75,44,10,35,1,1,1
IND,ARE,United Arab Emirates,AE,784.0,Asia,Western Asia,AED,UAE Dirham,300490,Medicaments consisting of mixed or unmixed products for therapeutic uses,2015,256265429.03,118036115.06,138229313.97,-20193198.91,21702607.65,21702607.65,11.808,16,370000000000.0,40500.0,3.5,2.4,9200000.0,165.0,5.0,MFN_APPLIED,PARTNER_SPECIFIC,1.0,India - UAE CEPA,In Force,FTA & EIA,Goods & Services,0,75,44,10,35,1,1,1
IND,ARE,United Arab Emirates,AE,784.0,Asia,Western Asia,AED,UAE Dirham,300490,Medicaments consisting of mixed or unmixed products for therapeutic uses,2016,281204213.04,119739760.27,161464452.77,-41724692.5,23943757.33,23943757.33,11.7444,16,384060000000.0,41715.0,4.2,2.4,9292000.0,165.5,5.0,MFN_APPLIED,PARTNER_SPECIFIC,1.0,India - UAE CEPA,In Force,FTA & EIA,Goods & Services,0,75,44,10,35,1,1,1
IND,ARE,United Arab Emirates,AE,784.0,Asia,Western Asia,AED,UAE Dirham,300490,Medicaments consisting of mixed or unmixed products for therapeutic uses,2017,244508594.13,91940322.97,152568271.16,-60627948.19,21864693.24,21864693.24,11.1828,16,398654280000.0,42966.45,3.5,2.4,9384920.0,166.0,5.0,MFN_APPLIED,PARTNER_SPECIFIC,1.0,India - UAE CEPA,In Force,FTA & EIA,Goods & Services,0,75,44,10,35,1,1,1
IND,ARE,United Arab Emirates,AE,784.0,Asia,Western Asia,AED,UAE Dirham,300490,Medicaments consisting of mixed or unmixed products for therapeutic uses,2018,273588414.9,161095190.17,112493224.73,48601965.44,23507847.3,23507847.3,11.6382,16,413803142640.0,44255.44,4.2,2.4,9478769.0,166.5,5.0,MFN_APPLIED,PARTNER_SPECIFIC,1.0,India - UAE CEPA,In Force,FTA & EIA,Goods & Services,0,75,44,10,35,1,1,1
IND,ARE,United Arab Emirates,AE,784.0,Asia,Western Asia,AED,UAE Dirham,300490,Medicaments consisting of mixed or unmixed products for therapeutic uses,2019,280988804.9,161933649.06,119055155.84,42878493.22,26886199.31,26886199.31,10.451,16,429527662060.32,45583.11,3.5,2.4,9573556.0,167.0,5.0,MFN_APPLIED,PARTNER_SPECIFIC,1.0,India - UAE CEPA,In Force,FTA & EIA,Goods & Services,0,75,44,10,35,1,1,1
IND,ARE,United Arab Emirates,AE,784.0,Asia,Western Asia,AED,UAE Dirham,300490,Medicaments consisting of mixed or unmixed products for therapeutic uses,2020,407725219.16,196648660.75,211076558.41000003,-14427897.66,35809887.31,35809887.31,11.3858,16,445849713218.61,46950.6,4.2,2.4,9669292.0,167.5,5.0,MFN_APPLIED,PARTNER_SPECIFIC,1.0,India - UAE CEPA,In Force,FTA & EIA,Goods & Services,0,75,44,10,35,1,1,1
IND,ARE,United Arab Emirates,AE,784.0,Asia,Western Asia,AED,UAE Dirham,300490,Medicaments consisting of mixed or unmixed products for therapeutic uses,2021,338310982.03,140850142.26999998,197460839.76,-56610697.49,30275352.98,30275352.98,11.1745,16,462792002320.92,48359.12,3.5,2.4,9765985.0,168.0,5.0,MFN_APPLIED,PARTNER_SPECIFIC,1.0,India - UAE CEPA,In Force,FTA & EIA,Goods & Services,0,75,44,10,35,1,1,1
IND,ARE,United Arab Emirates,AE,784.0,Asia,Western Asia,AED,UAE Dirham,300490,Medicaments consisting of mixed or unmixed products for therapeutic uses,2022,299324277.33,129598163.15,169726114.18,-40127951.03,27531724.48,27531724.48,10.872,16,480378098409.11,49809.89,4.2,3.5,9863645.0,168.5,0.0,PREFERENTIAL,PARTNER_SPECIFIC,1.0,India - UAE CEPA,In Force,FTA & EIA,Goods & Services,1,75,44,10,35,1,1,1
IND,ARE,United Arab Emirates,AE,784.0,Asia,Western Asia,AED,UAE Dirham,300490,Medicaments consisting of mixed or unmixed products for therapeutic uses,2023,298442750.12,144275117.25,154167632.87,-9892515.62,24463156.94,24463156.94,12.1997,16,498632466148.66,51304.19,3.5,3.5,9962281.0,169.0,0.0,PREFERENTIAL,PARTNER_SPECIFIC,1.0,India - UAE CEPA,In Force,FTA & EIA,Goods & Services,1,75,44,10,35,1,1,1
IND,ARE,United Arab Emirates,AE,784.0,Asia,Western Asia,AED,UAE Dirham,300490,Medicaments consisting of mixed or unmixed products for therapeutic uses,2024,367833286.07,193026653.28,174806632.79,18220020.49,31616332.55,31616332.55,11.6343,16,517580499862.31,52843.31,4.2,2.4,10061904.0,169.5,0.0,PREFERENTIAL,PARTNER_SPECIFIC,1.0,India - UAE CEPA,In Force,FTA & EIA,Goods & Services,1,75,44,10,35,1,1,1
IND,ARE,United Arab Emirates,AE,784.0,Asia,Western Asia,AED,UAE Dirham,300490,Medicaments consisting of mixed or unmixed products for therapeutic uses,2025,473873327.58,234153897.74,239719429.84,-5565532.1,40155512.88,40155512.88,11.801,16,537248558857.08,54428.61,3.5,2.4,10162523.0,170.0,0.0,PREFERENTIAL,PARTNER_SPECIFIC,1.0,India - UAE CEPA,In Force,FTA & EIA,Goods & Services,1,75,44,10,35,1,1,1
IND,ARE,United Arab Emirates,AE,784.0,Asia,Western Asia,AED,UAE Dirham,520512,"Single cotton yarn, of uncombed fibres, measuring < 714.29 dtex but >= 232.56 dtex",2015,79305726.98,50327329.52,28978397.46,21348932.06,21748618.13,21748618.13,3.6465,16,370000000000.0,40500.0,3.5,2.4,9200000.0,165.0,7.5,MFN_APPLIED,PARTNER_SPECIFIC,1.0,India - UAE CEPA,In Force,FTA & EIA,Goods & Services,0,75,44,10,35,1,1,1
IND,ARE,United Arab Emirates,AE,784.0,Asia,Western Asia,AED,UAE Dirham,520512,"Single cotton yarn, of uncombed fibres, measuring < 714.29 dtex but >= 232.56 dtex",2016,79506848.31,36736354.87,42770493.44,-6034138.57,22424266.09,22424266.09,3.5456,16,384060000000.0,41715.0,4.2,2.4,9292000.0,165.5,7.5,MFN_APPLIED,PARTNER_SPECIFIC,1.0,India - UAE CEPA,In Force,FTA & EIA,Goods & Services,0,75,44,10,35,1,1,1
IND,ARE,United Arab Emirates,AE,784.0,Asia,Western Asia,AED,UAE Dirham,520512,"Single cotton yarn, of uncombed fibres, measuring < 714.29 dtex but >= 232.56 dtex",2017,120100516.04,54155182.97,65945333.07,-11790150.1,32055837.3,32055837.3,3.7466,16,398654280000.0,42966.45,3.5,2.4,9384920.0,166.0,7.5,MFN_APPLIED,PARTNER_SPECIFIC,1.0,India - UAE CEPA,In Force,FTA & EIA,Goods & Services,0,75,44,10,35,1,1,1
IND,ARE,United Arab Emirates,AE,784.0,Asia,Western Asia,AED,UAE Dirham,520512,"Single cotton yarn, of uncombed fibres, measuring < 714.29 dtex but >= 232.56 dtex",2018,105081252.36,64188173.81,40893078.55,23295095.26,28332337.63,28332337.63,3.7089,16,413803142640.0,44255.44,4.2,2.4,9478769.0,166.5,7.5,MFN_APPLIED,PARTNER_SPECIFIC,1.0,India - UAE CEPA,In Force,FTA & EIA,Goods & Services,0,75,44,10,35,1,1,1
IND,ARE,United Arab Emirates,AE,784.0,Asia,Western Asia,AED,UAE Dirham,520512,"Single cotton yarn, of uncombed fibres, measuring < 714.29 dtex but >= 232.56 dtex",2019,75155295.18,43960111.14,31195184.04,12764927.1,19983103.92,19983103.92,3.7609,16,429527662060.32,45583.11,3.5,2.4,9573556.0,167.0,7.5,MFN_APPLIED,PARTNER_SPECIFIC,1.0,India - UAE CEPA,In Force,FTA & EIA,Goods & Services,0,75,44,10,35,1,1,1
IND,ARE,United Arab Emirates,AE,784.0,Asia,Western Asia,AED,UAE Dirham,520512,"Single cotton yarn, of uncombed fibres, measuring < 714.29 dtex but >= 232.56 dtex",2020,97336012.71,44693482.77,52642529.94,-7949047.17,25558474.26,25558474.26,3.8084,16,445849713218.61,46950.6,4.2,2.4,9669292.0,167.5,7.5,MFN_APPLIED,PARTNER_SPECIFIC,1.0,India - UAE CEPA,In Force,FTA & EIA,Goods & Services,0,75,44,10,35,1,1,1
IND,ARE,United Arab Emirates,AE,784.0,Asia,Western Asia,AED,UAE Dirham,520512,"Single cotton yarn, of uncombed fibres, measuring < 714.29 dtex but >= 232.56 dtex",2021,126296902.93,54699193.68,71597709.25,-16898515.57,35068342.67,35068342.67,3.6015,16,462792002320.92,48359.12,3.5,2.4,9765985.0,168.0,7.5,MFN_APPLIED,PARTNER_SPECIFIC,1.0,India - UAE CEPA,In Force,FTA & EIA,Goods & Services,0,75,44,10,35,1,1,1
IND,ARE,United Arab Emirates,AE,784.0,Asia,Western Asia,AED,UAE Dirham,520512,"Single cotton yarn, of uncombed fibres, measuring < 714.29 dtex but >= 232.56 dtex",2022,95580878.58,57057717.35,38523161.23,18534556.12,25935881.74,25935881.74,3.6853,16,480378098409.11,49809.89,4.2,3.5,9863645.0,168.5,0.0,PREFERENTIAL,PARTNER_SPECIFIC,1.0,India - UAE CEPA,In Force,FTA & EIA,Goods & Services,1,75,44,10,35,1,1,1
IND,ARE,United Arab Emirates,AE,784.0,Asia,Western Asia,AED,UAE Dirham,520512,"Single cotton yarn, of uncombed fibres, measuring < 714.29 dtex but >= 232.56 dtex",2023,134351406.53,62553582.93,71797823.6,-9244240.67,36480478.68,36480478.68,3.6828,16,498632466148.66,51304.19,3.5,3.5,9962281.0,169.0,0.0,PREFERENTIAL,PARTNER_SPECIFIC,1.0,India - UAE CEPA,In Force,FTA & EIA,Goods & Services,1,75,44,10,35,1,1,1
IND,ARE,United Arab Emirates,AE,784.0,Asia,Western Asia,AED,UAE Dirham,520512,"Single cotton yarn, of uncombed fibres, measuring < 714.29 dtex but >= 232.56 dtex",2024,115326729.99,55561601.83,59765128.16,-4203526.33,31669705.73,31669705.73,3.6415,16,517580499862.31,52843.31,4.2,2.4,10061904.0,169.5,0.0,PREFERENTIAL,PARTNER_SPECIFIC,1.0,India - UAE CEPA,In Force,FTA & EIA,Goods & Services,1,75,44,10,35,1,1,1
IND,ARE,United Arab Emirates,AE,784.0,Asia,Western Asia,AED,UAE Dirham,520512,"Single cotton yarn, of uncombed fibres, measuring < 714.29 dtex but >= 232.56 dtex",2025,113833530.85,55123441.120000005,58710089.73,-3586648.61,31227595.34,31227595.34,3.6453,16,537248558857.08,54428.61,3.5,2.4,10162523.0,170.0,0.0,PREFERENTIAL,PARTNER_SPECIFIC,1.0,India - UAE CEPA,In Force,FTA & EIA,Goods & Services,1,75,44,10,35,1,1,1
IND,ARE,United Arab Emirates,AE,784.0,Asia,Western Asia,AED,UAE Dirham,711319,"Articles of jewellery and parts thereof, of precious metal other than silver",2015,1080090232118.71,436205283748.89,643884948369.82,-207679664620.93,26073460.81,26073460.81,41424.8895,16,370000000000.0,40500.0,3.5,2.4,9200000.0,165.0,12.5,MFN_APPLIED,PARTNER_SPECIFIC,1.0,India - UAE CEPA,In Force,FTA & EIA,Goods & Services,0,75,44,10,35,1,1,1
IND,ARE,United Arab Emirates,AE,784.0,Asia,Western Asia,AED,UAE Dirham,711319,"Articles of jewellery and parts thereof, of precious metal other than silver",2016,1099146840242.38,543748724685.22,555398115557.16,-11649390871.94,26253094.92,26253094.92,41867.3244,16,384060000000.0,41715.0,4.2,2.4,9292000.0,165.5,12.5,MFN_APPLIED,PARTNER_SPECIFIC,1.0,India - UAE CEPA,In Force,FTA & EIA,Goods & Services,0,75,44,10,35,1,1,1
IND,ARE,United Arab Emirates,AE,784.0,Asia,Western Asia,AED,UAE Dirham,711319,"Articles of jewellery and parts thereof, of precious metal other than silver",2017,933906000331.14,524865288573.67,409040711757.47,115824576816.2,20806506.74,20806506.74,44885.2857,16,398654280000.0,42966.45,3.5,2.4,9384920.0,166.0,12.5,MFN_APPLIED,PARTNER_SPECIFIC,1.0,India - UAE CEPA,In Force,FTA & EIA,Goods & Services,0,75,44,10,35,1,1,1
IND,ARE,United Arab Emirates,AE,784.0,Asia,Western Asia,AED,UAE Dirham,711319,"Articles of jewellery and parts thereof, of precious metal other than silver",2018,1148145888077.81,704083647030.92,444062241046.89,260021405984.03,27940460.36,27940460.36,41092.5902,16,413803142640.0,44255.44,4.2,2.4,9478769.0,166.5,12.5,MFN_APPLIED,PARTNER_SPECIFIC,1.0,India - UAE CEPA,In Force,FTA & EIA,Goods & Services,0,75,44,10,35,1,1,1
IND,ARE,United Arab Emirates,AE,784.0,Asia,Western Asia,AED,UAE Dirham,711319,"Articles of jewellery and parts thereof, of precious metal other than silver",2019,1307473456524.75,650346443179.43,657127013345.3201,-6780570165.89,31174837.25,31174837.25,41940.0251,16,429527662060.32,45583.11,3.5,2.4,9573556.0,167.0,12.5,MFN_APPLIED,PARTNER_SPECIFIC,1.0,India - UAE CEPA,In Force,FTA & EIA,Goods & Services,0,75,44,10,35,1,1,1
IND,ARE,United Arab Emirates,AE,784.0,Asia,Western Asia,AED,UAE Dirham,711319,"Articles of jewellery and parts thereof, of precious metal other than silver",2020,1410542376114.35,732267851571.58,678274524542.77,53993327028.81,30974368.56,30974368.56,45539.0196,16,445849713218.61,46950.6,4.2,2.4,9669292.0,167.5,12.5,MFN_APPLIED,PARTNER_SPECIFIC,1.0,India - UAE CEPA,In Force,FTA & EIA,Goods & Services,0,75,44,10,35,1,1,1
IND,ARE,United Arab Emirates,AE,784.0,Asia,Western Asia,AED,UAE Dirham,711319,"Articles of jewellery and parts thereof, of precious metal other than silver",2021,1144082075836.47,726372438356.81,417709637479.66,308662800877.15,27133983.24,27133983.24,42164.1771,16,462792002320.92,48359.12,3.5,2.4,9765985.0,168.0,12.5,MFN_APPLIED,PARTNER_SPECIFIC,1.0,India - UAE CEPA,In Force,FTA & EIA,Goods & Services,0,75,44,10,35,1,1,1
IND,ARE,United Arab Emirates,AE,784.0,Asia,Western Asia,AED,UAE Dirham,711319,"Articles of jewellery and parts thereof, of precious metal other than silver",2022,1637065846817.54,639424754280.86,997641092536.68,-358216338255.82,34820748.64,34820748.64,47014.091,16,480378098409.11,49809.89,4.2,3.5,9863645.0,168.5,5.0,PREFERENTIAL,PARTNER_SPECIFIC,1.0,India - UAE CEPA,In Force,FTA & EIA,Goods & Services,1,75,44,10,35,1,1,1
IND,ARE,United Arab Emirates,AE,784.0,Asia,Western Asia,AED,UAE Dirham,711319,"Articles of jewellery and parts thereof, of precious metal other than silver",2023,1441654156480.98,641614456326.24,800039700154.74,-158425243828.5,32715535.94,32715535.94,44066.3469,16,498632466148.66,51304.19,3.5,3.5,9962281.0,169.0,5.0,PREFERENTIAL,PARTNER_SPECIFIC,1.0,India - UAE CEPA,In Force,FTA & EIA,Goods & Services,1,75,44,10,35,1,1,1
IND,ARE,United Arab Emirates,AE,784.0,Asia,Western Asia,AED,UAE Dirham,711319,"Articles of jewellery and parts thereof, of precious metal other than silver",2024,1665705396018.98,790353571763.02,875351824255.96,-84998252492.94,37991332.01,37991332.01,43844.3536,16,517580499862.31,52843.31,4.2,2.4,10061904.0,169.5,5.0,PREFERENTIAL,PARTNER_SPECIFIC,1.0,India - UAE CEPA,In Force,FTA & EIA,Goods & Services,1,75,44,10,35,1,1,1
IND,ARE,United Arab Emirates,AE,784.0,Asia,Western Asia,AED,UAE Dirham,711319,"Articles of jewellery and parts thereof, of precious metal other than silver",2025,1358026501175.93,715185977132.06,642840524043.87,72345453088.19,31198729.12,31198729.12,43528.2635,16,537248558857.08,54428.61,3.5,2.4,10162523.0,170.0,5.0,PREFERENTIAL,PARTNER_SPECIFIC,1.0,India - UAE CEPA,In Force,FTA & EIA,Goods & Services,1,75,44,10,35,1,1,1
IND,ARE,United Arab Emirates,AE,784.0,Asia,Western Asia,AED,UAE Dirham,847130,"Portable automatic data processing machines, weighing not more than 10 kg (Laptops)",2015,4716614816.5,2909447878.35,1807166938.15,1102280940.2,22414470.07,22414470.07,210.4272,16,370000000000.0,40500.0,3.5,2.4,9200000.0,165.0,0.0,MFN_APPLIED,PARTNER_SPECIFIC,1.0,India - UAE CEPA,In Force,FTA & EIA,Goods & Services,0,75,44,10,35,1,1,1
IND,ARE,United Arab Emirates,AE,784.0,Asia,Western Asia,AED,UAE Dirham,847130,"Portable automatic data processing machines, weighing not more than 10 kg (Laptops)",2016,4914730275.82,2602493501.14,2312236774.68,290256726.46,24988092.25,24988092.25,196.6829,16,384060000000.0,41715.0,4.2,2.4,9292000.0,165.5,0.0,MFN_APPLIED,PARTNER_SPECIFIC,1.0,India - UAE CEPA,In Force,FTA & EIA,Goods & Services,0,75,44,10,35,1,1,1
IND,ARE,United Arab Emirates,AE,784.0,Asia,Western Asia,AED,UAE Dirham,847130,"Portable automatic data processing machines, weighing not more than 10 kg (Laptops)",2017,4312277073.06,2363780150.28,1948496922.78,415283227.5,20554307.73,20554307.73,209.7992,16,398654280000.0,42966.45,3.5,2.4,9384920.0,166.0,0.0,MFN_APPLIED,PARTNER_SPECIFIC,1.0,India - UAE CEPA,In Force,FTA & EIA,Goods & Services,0,75,44,10,35,1,1,1
IND,ARE,United Arab Emirates,AE,784.0,Asia,Western Asia,AED,UAE Dirham,847130,"Portable automatic data processing machines, weighing not more than 10 kg (Laptops)",2018,6137520201.02,2321258421.96,3816261779.06,-1495003357.1,28656023.17,28656023.17,214.1791,16,413803142640.0,44255.44,4.2,2.4,9478769.0,166.5,0.0,MFN_APPLIED,PARTNER_SPECIFIC,1.0,India - UAE CEPA,In Force,FTA & EIA,Goods & Services,0,75,44,10,35,1,1,1
IND,ARE,United Arab Emirates,AE,784.0,Asia,Western Asia,AED,UAE Dirham,847130,"Portable automatic data processing machines, weighing not more than 10 kg (Laptops)",2019,7160213083.04,3475338915.81,3684874167.23,-209535251.42,36727473.39,36727473.39,194.9552,16,429527662060.32,45583.11,3.5,2.4,9573556.0,167.0,0.0,MFN_APPLIED,PARTNER_SPECIFIC,1.0,India - UAE CEPA,In Force,FTA & EIA,Goods & Services,0,75,44,10,35,1,1,1
IND,ARE,United Arab Emirates,AE,784.0,Asia,Western Asia,AED,UAE Dirham,847130,"Portable automatic data processing machines, weighing not more than 10 kg (Laptops)",2020,4626112254.16,1801675713.17,2824436540.99,-1022760827.82,23090045.15,23090045.15,200.3509,16,445849713218.61,46950.6,4.2,2.4,9669292.0,167.5,0.0,MFN_APPLIED,PARTNER_SPECIFIC,1.0,India - UAE CEPA,In Force,FTA & EIA,Goods & Services,0,75,44,10,35,1,1,1
IND,ARE,United Arab Emirates,AE,784.0,Asia,Western Asia,AED,UAE Dirham,847130,"Portable automatic data processing machines, weighing not more than 10 kg (Laptops)",2021,5296423892.02,2823426078.9300003,2472997813.09,350428265.84,23444460.09,23444460.09,225.9137,16,462792002320.92,48359.12,3.5,2.4,9765985.0,168.0,0.0,MFN_APPLIED,PARTNER_SPECIFIC,1.0,India - UAE CEPA,In Force,FTA & EIA,Goods & Services,0,75,44,10,35,1,1,1
IND,ARE,United Arab Emirates,AE,784.0,Asia,Western Asia,AED,UAE Dirham,847130,"Portable automatic data processing machines, weighing not more than 10 kg (Laptops)",2022,6853104250.27,2936806279.85,3916297970.42,-979491690.57,32608810.17,32608810.17,210.1611,16,480378098409.11,49809.89,4.2,3.5,9863645.0,168.5,0.0,MFN_APPLIED,PARTNER_SPECIFIC,1.0,India - UAE CEPA,In Force,FTA & EIA,Goods & Services,1,75,44,10,35,1,1,1
IND,ARE,United Arab Emirates,AE,784.0,Asia,Western Asia,AED,UAE Dirham,847130,"Portable automatic data processing machines, weighing not more than 10 kg (Laptops)",2023,7983205168.17,4024488202.2,3958716965.97,65771236.23,37340614.62,37340614.62,213.7942,16,498632466148.66,51304.19,3.5,3.5,9962281.0,169.0,0.0,MFN_APPLIED,PARTNER_SPECIFIC,1.0,India - UAE CEPA,In Force,FTA & EIA,Goods & Services,1,75,44,10,35,1,1,1
IND,ARE,United Arab Emirates,AE,784.0,Asia,Western Asia,AED,UAE Dirham,847130,"Portable automatic data processing machines, weighing not more than 10 kg (Laptops)",2024,5987263495.39,3428062472.34,2559201023.05,868861449.29,29161705.24,29161705.24,205.3125,16,517580499862.31,52843.31,4.2,2.4,10061904.0,169.5,0.0,MFN_APPLIED,PARTNER_SPECIFIC,1.0,India - UAE CEPA,In Force,FTA & EIA,Goods & Services,1,75,44,10,35,1,1,1
IND,ARE,United Arab Emirates,AE,784.0,Asia,Western Asia,AED,UAE Dirham,847130,"Portable automatic data processing machines, weighing not more than 10 kg (Laptops)",2025,6273191483.59,2925280395.18,3347911088.41,-422630693.23,30883661.65,30883661.65,203.1233,16,537248558857.08,54428.61,3.5,2.4,10162523.0,170.0,0.0,MFN_APPLIED,PARTNER_SPECIFIC,1.0,India - UAE CEPA,In Force,FTA & EIA,Goods & Services,1,75,44,10,35,1,1,1
IND,ARE,United Arab Emirates,AE,784.0,Asia,Western Asia,AED,UAE Dirham,851712,Telephones for cellular networks or for other wireless networks,2015,869736010.29,443303558.25,426432452.04,16871106.21,27686091.19,27686091.19,31.4142,16,370000000000.0,40500.0,3.5,2.4,9200000.0,165.0,0.0,MFN_APPLIED,PARTNER_SPECIFIC,1.0,India - UAE CEPA,In Force,FTA & EIA,Goods & Services,0,75,44,10,35,1,1,1
IND,ARE,United Arab Emirates,AE,784.0,Asia,Western Asia,AED,UAE Dirham,851712,Telephones for cellular networks or for other wireless networks,2016,802555229.08,324403001.93,478152227.15,-153749225.22,24759635.47,24759635.47,32.4139,16,384060000000.0,41715.0,4.2,2.4,9292000.0,165.5,0.0,MFN_APPLIED,PARTNER_SPECIFIC,1.0,India - UAE CEPA,In Force,FTA & EIA,Goods & Services,0,75,44,10,35,1,1,1
IND,ARE,United Arab Emirates,AE,784.0,Asia,Western Asia,AED,UAE Dirham,851712,Telephones for cellular networks or for other wireless networks,2017,667499159.74,384998421.27,282500738.47,102497682.8,22516414.29,22516414.29,29.645,16,398654280000.0,42966.45,3.5,2.4,9384920.0,166.0,0.0,MFN_APPLIED,PARTNER_SPECIFIC,1.0,India - UAE CEPA,In Force,FTA & EIA,Goods & Services,0,75,44,10,35,1,1,1
IND,ARE,United Arab Emirates,AE,784.0,Asia,Western Asia,AED,UAE Dirham,851712,Telephones for cellular networks or for other wireless networks,2018,918285582.36,383392873.93,534892708.43,-151499834.5,30999371.36,30999371.36,29.6227,16,413803142640.0,44255.44,4.2,2.4,9478769.0,166.5,0.0,MFN_APPLIED,PARTNER_SPECIFIC,1.0,India - UAE CEPA,In Force,FTA & EIA,Goods & Services,0,75,44,10,35,1,1,1
IND,ARE,United Arab Emirates,AE,784.0,Asia,Western Asia,AED,UAE Dirham,851712,Telephones for cellular networks or for other wireless networks,2019,795262658.04,485525906.9500001,309736751.09000003,175789155.86,26297437.72,26297437.72,30.2411,16,429527662060.32,45583.11,3.5,2.4,9573556.0,167.0,0.0,MFN_APPLIED,PARTNER_SPECIFIC,1.0,India - UAE CEPA,In Force,FTA & EIA,Goods & Services,0,75,44,10,35,1,1,1
IND,ARE,United Arab Emirates,AE,784.0,Asia,Western Asia,AED,UAE Dirham,851712,Telephones for cellular networks or for other wireless networks,2020,598875618.75,346342860.21,252532758.54,93810101.67,19730346.9,19730346.9,30.353,16,445849713218.61,46950.6,4.2,2.4,9669292.0,167.5,0.0,MFN_APPLIED,PARTNER_SPECIFIC,1.0,India - UAE CEPA,In Force,FTA & EIA,Goods & Services,0,75,44,10,35,1,1,1
IND,ARE,United Arab Emirates,AE,784.0,Asia,Western Asia,AED,UAE Dirham,851712,Telephones for cellular networks or for other wireless networks,2021,683150779.84,331160673.36,351990106.48,-20829433.12,21457765.49,21457765.49,31.837,16,462792002320.92,48359.12,3.5,2.4,9765985.0,168.0,0.0,MFN_APPLIED,PARTNER_SPECIFIC,1.0,India - UAE CEPA,In Force,FTA & EIA,Goods & Services,0,75,44,10,35,1,1,1
IND,ARE,United Arab Emirates,AE,784.0,Asia,Western Asia,AED,UAE Dirham,851712,Telephones for cellular networks or for other wireless networks,2022,881485562.48,580657776.01,300827786.47,279829989.54,30289215.9,30289215.9,29.1023,16,480378098409.11,49809.89,4.2,3.5,9863645.0,168.5,0.0,MFN_APPLIED,PARTNER_SPECIFIC,1.0,India - UAE CEPA,In Force,FTA & EIA,Goods & Services,1,75,44,10,35,1,1,1
IND,ARE,United Arab Emirates,AE,784.0,Asia,Western Asia,AED,UAE Dirham,851712,Telephones for cellular networks or for other wireless networks,2023,921285403.06,512657146.14,408628256.92,104028889.22,31528000.61,31528000.61,29.2212,16,498632466148.66,51304.19,3.5,3.5,9962281.0,169.0,0.0,MFN_APPLIED,PARTNER_SPECIFIC,1.0,India - UAE CEPA,In Force,FTA & EIA,Goods & Services,1,75,44,10,35,1,1,1
IND,ARE,United Arab Emirates,AE,784.0,Asia,Western Asia,AED,UAE Dirham,851712,Telephones for cellular networks or for other wireless networks,2024,933887903.2,493092613.94,440795289.26,52297324.68,33594622.06,33594622.06,27.7987,16,517580499862.31,52843.31,4.2,2.4,10061904.0,169.5,0.0,MFN_APPLIED,PARTNER_SPECIFIC,1.0,India - UAE CEPA,In Force,FTA & EIA,Goods & Services,1,75,44,10,35,1,1,1
IND,ARE,United Arab Emirates,AE,784.0,Asia,Western Asia,AED,UAE Dirham,851712,Telephones for cellular networks or for other wireless networks,2025,951803857.13,537274548.2,414529308.93,122745239.27,35311957.31,35311957.31,26.9542,16,537248558857.08,54428.61,3.5,2.4,10162523.0,170.0,0.0,MFN_APPLIED,PARTNER_SPECIFIC,1.0,India - UAE CEPA,In Force,FTA & EIA,Goods & Services,1,75,44,10,35,1,1,1
IND,AUS,Australia,AU,36.0,Oceania,Australia and New Zealand,AUD,Australian Dollar,90411,Pepper of genus Piper; neither crushed nor ground,2015,5881539.95,1289104.02,4592435.93,-3303331.91,1052072.89,1052072.89,5.5904,2,500000000000.0,12000.0,2.7,3.0,50000000.0,50.0,15.0,MFN_APPLIED,PARTNER_SPECIFIC,1.0,India - Australia ECTA,In Force,FTA & EIA,Goods & Services,0,2593,378,622,1830,0,0,0
IND,AUS,Australia,AU,36.0,Oceania,Australia and New Zealand,AUD,Australian Dollar,90411,Pepper of genus Piper; neither crushed nor ground,2016,8991708.22,408236.27,8583471.95,-8175235.68,1578003.81,1578003.81,5.6982,2,515000000000.0,12360.0,3.4,3.0,50500000.0,50.5,15.0,MFN_APPLIED,PARTNER_SPECIFIC,1.0,India - Australia ECTA,In Force,FTA & EIA,Goods & Services,0,2593,378,622,1830,0,0,0
IND,AUS,Australia,AU,36.0,Oceania,Australia and New Zealand,AUD,Australian Dollar,90411,Pepper of genus Piper; neither crushed nor ground,2017,10731632.07,5947295.13,4784336.94,1162958.19,1819398.44,1819398.44,5.8985,2,530450000000.0,12730.8,2.7,3.0,51005000.0,51.0,15.0,MFN_APPLIED,PARTNER_SPECIFIC,1.0,India - Australia ECTA,In Force,FTA & EIA,Goods & Services,0,2593,378,622,1830,0,0,0
IND,AUS,Australia,AU,36.0,Oceania,Australia and New Zealand,AUD,Australian Dollar,90411,Pepper of genus Piper; neither crushed nor ground,2018,13857525.06,12609432.81,1248092.25,11361340.56,2762874.27,2762874.27,5.0156,2,546363500000.0,13112.72,3.4,3.0,51515050.0,51.5,15.0,MFN_APPLIED,PARTNER_SPECIFIC,1.0,India - Australia ECTA,In Force,FTA & EIA,Goods & Services,0,2593,378,622,1830,0,0,0
IND,AUS,Australia,AU,36.0,Oceania,Australia and New Zealand,AUD,Australian Dollar,90411,Pepper of genus Piper; neither crushed nor ground,2019,22652837.4,5169547.53,17483289.87,-12313742.34,3742621.73,3742621.73,6.0527,2,562754405000.0,13506.11,2.7,3.0,52030200.0,52.0,15.0,MFN_APPLIED,PARTNER_SPECIFIC,1.0,India - Australia ECTA,In Force,FTA & EIA,Goods & Services,0,2593,378,622,1830,0,0,0
IND,AUS,Australia,AU,36.0,Oceania,Australia and New Zealand,AUD,Australian Dollar,90411,Pepper of genus Piper; neither crushed nor ground,2020,17228978.47,13149074.88,4079903.59,9069171.29,2885450.64,2885450.64,5.971,2,579637037150.0,13911.29,3.4,3.0,52550502.0,52.5,15.0,MFN_APPLIED,PARTNER_SPECIFIC,1.0,India - Australia ECTA,In Force,FTA & EIA,Goods & Services,0,2593,378,622,1830,0,0,0
IND,AUS,Australia,AU,36.0,Oceania,Australia and New Zealand,AUD,Australian Dollar,90411,Pepper of genus Piper; neither crushed nor ground,2021,18264945.57,2876596.79,15388348.78,-12511751.99,2987223.99,2987223.99,6.1144,2,597026148264.5,14328.63,2.7,3.0,53076007.0,53.0,15.0,MFN_APPLIED,PARTNER_SPECIFIC,1.0,India - Australia ECTA,In Force,FTA & EIA,Goods & Services,0,2593,378,622,1830,0,0,0
IND,AUS,Australia,AU,36.0,Oceania,Australia and New Zealand,AUD,Australian Dollar,90411,Pepper of genus Piper; neither crushed nor ground,2022,3328762.74,1329412.39,1999350.35,-669937.96,566517.97,566517.97,5.8758,2,614936932712.44,14758.49,3.4,4.1,53606767.0,53.5,15.0,MFN_APPLIED,PARTNER_SPECIFIC,1.0,India - Australia ECTA,In Force,FTA & EIA,Goods & Services,1,2593,378,622,1830,0,0,0
IND,AUS,Australia,AU,36.0,Oceania,Australia and New Zealand,AUD,Australian Dollar,90411,Pepper of genus Piper; neither crushed nor ground,2023,15999604.92,15542687.33,456917.59,15085769.74,2763030.96,2763030.96,5.7906,2,633385040693.81,15201.24,2.7,4.1,54142835.0,54.0,15.0,MFN_APPLIED,PARTNER_SPECIFIC,1.0,India - Australia ECTA,In Force,FTA & EIA,Goods & Services,1,2593,378,622,1830,0,0,0
IND,AUS,Australia,AU,36.0,Oceania,Australia and New Zealand,AUD,Australian Dollar,90411,Pepper of genus Piper; neither crushed nor ground,2024,21357580.94,17617750.29,3739830.65,13877919.64,3437999.95,3437999.95,6.2122,2,652386591914.62,15657.28,3.4,3.0,54684263.0,54.5,15.0,MFN_APPLIED,PARTNER_SPECIFIC,1.0,India - Australia ECTA,In Force,FTA & EIA,Goods & Services,1,2593,378,622,1830,0,0,0
IND,AUS,Australia,AU,36.0,Oceania,Australia and New Zealand,AUD,Australian Dollar,90411,Pepper of genus Piper; neither crushed nor ground,2025,22655070.76,6033047.46,16622023.3,-10588975.84,4252891.22,4252891.22,5.327,2,671958189672.06,16127.0,2.7,3.0,55231106.0,55.0,15.0,MFN_APPLIED,PARTNER_SPECIFIC,1.0,India - Australia ECTA,In Force,FTA & EIA,Goods & Services,1,2593,378,622,1830,0,0,0
IND,AUS,Australia,AU,36.0,Oceania,Australia and New Zealand,AUD,Australian Dollar,100630,Semi-milled or wholly milled rice (Basmati),2015,790676.17,186927.57,603748.6,-416821.03,573544.93,573544.93,1.3786,2,500000000000.0,12000.0,2.7,3.0,50000000.0,50.0,10.0,MFN_APPLIED,PARTNER_SPECIFIC,1.0,India - Australia ECTA,In Force,FTA & EIA,Goods & Services,0,2593,378,622,1830,0,0,0
IND,AUS,Australia,AU,36.0,Oceania,Australia and New Zealand,AUD,Australian Dollar,100630,Semi-milled or wholly milled rice (Basmati),2016,1545416.44,905404.68,640011.76,265392.92,1209608.09,1209608.09,1.2776,2,515000000000.0,12360.0,3.4,3.0,50500000.0,50.5,10.0,MFN_APPLIED,PARTNER_SPECIFIC,1.0,India - Australia ECTA,In Force,FTA & EIA,Goods & Services,0,2593,378,622,1830,0,0,0
IND,AUS,Australia,AU,36.0,Oceania,Australia and New Zealand,AUD,Australian Dollar,100630,Semi-milled or wholly milled rice (Basmati),2017,1697160.48,624539.19,1072621.29,-448082.1,1356370.65,1356370.65,1.2513,2,530450000000.0,12730.8,2.7,3.0,51005000.0,51.0,10.0,MFN_APPLIED,PARTNER_SPECIFIC,1.0,India - Australia ECTA,In Force,FTA & EIA,Goods & Services,0,2593,378,622,1830,0,0,0
IND,AUS,Australia,AU,36.0,Oceania,Australia and New Zealand,AUD,Australian Dollar,100630,Semi-milled or wholly milled rice (Basmati),2018,4445876.13,1879145.93,2566730.2,-687584.27,3125639.37,3125639.37,1.4224,2,546363500000.0,13112.72,3.4,3.0,51515050.0,51.5,10.0,MFN_APPLIED,PARTNER_SPECIFIC,1.0,India - Australia ECTA,In Force,FTA & EIA,Goods & Services,0,2593,378,622,1830,0,0,0
IND,AUS,Australia,AU,36.0,Oceania,Australia and New Zealand,AUD,Australian Dollar,100630,Semi-milled or wholly milled rice (Basmati),2019,1384278.32,1304397.52,79880.8,1224516.72,1133209.12,1133209.12,1.2216,2,562754405000.0,13506.11,2.7,3.0,52030200.0,52.0,10.0,MFN_APPLIED,PARTNER_SPECIFIC,1.0,India - Australia ECTA,In Force,FTA & EIA,Goods & Services,0,2593,378,622,1830,0,0,0
IND,AUS,Australia,AU,36.0,Oceania,Australia and New Zealand,AUD,Australian Dollar,100630,Semi-milled or wholly milled rice (Basmati),2020,5191899.32,2994500.91,2197398.41,797102.5,4078609.04,4078609.04,1.273,2,579637037150.0,13911.29,3.4,3.0,52550502.0,52.5,10.0,MFN_APPLIED,PARTNER_SPECIFIC,1.0,India - Australia ECTA,In Force,FTA & EIA,Goods & Services,0,2593,378,622,1830,0,0,0
IND,AUS,Australia,AU,36.0,Oceania,Australia and New Zealand,AUD,Australian Dollar,100630,Semi-milled or wholly milled rice (Basmati),2021,2880225.02,406860.58,2473364.44,-2066503.86,2161598.61,2161598.61,1.3325,2,597026148264.5,14328.63,2.7,3.0,53076007.0,53.0,10.0,MFN_APPLIED,PARTNER_SPECIFIC,1.0,India - Australia ECTA,In Force,FTA & EIA,Goods & Services,0,2593,378,622,1830,0,0,0
IND,AUS,Australia,AU,36.0,Oceania,Australia and New Zealand,AUD,Australian Dollar,100630,Semi-milled or wholly milled rice (Basmati),2022,1674969.3,1224327.73,450641.57,773686.16,1385813.12,1385813.12,1.2087,2,614936932712.44,14758.49,3.4,4.1,53606767.0,53.5,10.0,MFN_APPLIED,PARTNER_SPECIFIC,1.0,India - Australia ECTA,In Force,FTA & EIA,Goods & Services,1,2593,378,622,1830,0,0,0
IND,AUS,Australia,AU,36.0,Oceania,Australia and New Zealand,AUD,Australian Dollar,100630,Semi-milled or wholly milled rice (Basmati),2023,2947710.62,1923891.48,1023819.14,900072.34,2377926.25,2377926.25,1.2396,2,633385040693.81,15201.24,2.7,4.1,54142835.0,54.0,10.0,MFN_APPLIED,PARTNER_SPECIFIC,1.0,India - Australia ECTA,In Force,FTA & EIA,Goods & Services,1,2593,378,622,1830,0,0,0
IND,AUS,Australia,AU,36.0,Oceania,Australia and New Zealand,AUD,Australian Dollar,100630,Semi-milled or wholly milled rice (Basmati),2024,3954287.46,3749651.59,204635.87,3545015.72,2745977.28,2745977.28,1.44,2,652386591914.62,15657.28,3.4,3.0,54684263.0,54.5,10.0,MFN_APPLIED,PARTNER_SPECIFIC,1.0,India - Australia ECTA,In Force,FTA & EIA,Goods & Services,1,2593,378,622,1830,0,0,0
IND,AUS,Australia,AU,36.0,Oceania,Australia and New Zealand,AUD,Australian Dollar,100630,Semi-milled or wholly milled rice (Basmati),2025,8150632.32,4342607.81,3808024.51,534583.3,6014364.77,6014364.77,1.3552,2,671958189672.06,16127.0,2.7,3.0,55231106.0,55.0,10.0,MFN_APPLIED,PARTNER_SPECIFIC,1.0,India - Australia ECTA,In Force,FTA & EIA,Goods & Services,1,2593,378,622,1830,0,0,0
IND,AUS,Australia,AU,36.0,Oceania,Australia and New Zealand,AUD,Australian Dollar,271019,Medium oils & petroleum preparations,2015,1095120.48,694080.59,401039.89,293040.7,1212552.37,1212552.37,0.9032,2,500000000000.0,12000.0,2.7,3.0,50000000.0,50.0,5.0,MFN_APPLIED,PARTNER_SPECIFIC,1.0,India - Australia ECTA,In Force,FTA & EIA,Goods & Services,0,2593,378,622,1830,0,0,0
IND,AUS,Australia,AU,36.0,Oceania,Australia and New Zealand,AUD,Australian Dollar,271019,Medium oils & petroleum preparations,2016,2103335.32,2024092.74,79242.58,1944850.16,2210618.92,2210618.92,0.9515,2,515000000000.0,12360.0,3.4,3.0,50500000.0,50.5,5.0,MFN_APPLIED,PARTNER_SPECIFIC,1.0,India - Australia ECTA,In Force,FTA & EIA,Goods & Services,0,2593,378,622,1830,0,0,0
IND,AUS,Australia,AU,36.0,Oceania,Australia and New Zealand,AUD,Australian Dollar,271019,Medium oils & petroleum preparations,2017,2773037.06,2051149.7,721887.36,1329262.34,3384103.02,3384103.02,0.8194,2,530450000000.0,12730.8,2.7,3.0,51005000.0,51.0,5.0,MFN_APPLIED,PARTNER_SPECIFIC,1.0,India - Australia ECTA,In Force,FTA & EIA,Goods & Services,0,2593,378,622,1830,0,0,0
IND,AUS,Australia,AU,36.0,Oceania,Australia and New Zealand,AUD,Australian Dollar,271019,Medium oils & petroleum preparations,2018,2318332.12,367107.51,1951224.61,-1584117.1,2429854.45,2429854.45,0.9541,2,546363500000.0,13112.72,3.4,3.0,51515050.0,51.5,5.0,MFN_APPLIED,PARTNER_SPECIFIC,1.0,India - Australia ECTA,In Force,FTA & EIA,Goods & Services,0,2593,378,622,1830,0,0,0
IND,AUS,Australia,AU,36.0,Oceania,Australia and New Zealand,AUD,Australian Dollar,271019,Medium oils & petroleum preparations,2019,4877087.29,2094541.98,2782545.31,-688003.33,5390018.6,5390018.6,0.9048,2,562754405000.0,13506.11,2.7,3.0,52030200.0,52.0,5.0,MFN_APPLIED,PARTNER_SPECIFIC,1.0,India - Australia ECTA,In Force,FTA & EIA,Goods & Services,0,2593,378,622,1830,0,0,0
IND,AUS,Australia,AU,36.0,Oceania,Australia and New Zealand,AUD,Australian Dollar,271019,Medium oils & petroleum preparations,2020,3268034.58,1496643.47,1771391.11,-274747.64,3789830.52,3789830.52,0.8623,2,579637037150.0,13911.29,3.4,3.0,52550502.0,52.5,5.0,MFN_APPLIED,PARTNER_SPECIFIC,1.0,India - Australia ECTA,In Force,FTA & EIA,Goods & Services,0,2593,378,622,1830,0,0,0
IND,AUS,Australia,AU,36.0,Oceania,Australia and New Zealand,AUD,Australian Dollar,271019,Medium oils & petroleum preparations,2021,1744029.72,1331161.72,412868.0,918293.72,1976357.99,1976357.99,0.8824,2,597026148264.5,14328.63,2.7,3.0,53076007.0,53.0,5.0,MFN_APPLIED,PARTNER_SPECIFIC,1.0,India - Australia ECTA,In Force,FTA & EIA,Goods & Services,0,2593,378,622,1830,0,0,0
IND,AUS,Australia,AU,36.0,Oceania,Australia and New Zealand,AUD,Australian Dollar,271019,Medium oils & petroleum preparations,2022,3309439.98,198226.09,3111213.89,-2912987.8,3718317.57,3718317.57,0.89,2,614936932712.44,14758.49,3.4,4.1,53606767.0,53.5,5.0,MFN_APPLIED,PARTNER_SPECIFIC,1.0,India - Australia ECTA,In Force,FTA & EIA,Goods & Services,1,2593,378,622,1830,0,0,0
IND,AUS,Australia,AU,36.0,Oceania,Australia and New Zealand,AUD,Australian Dollar,271019,Medium oils & petroleum preparations,2023,4961231.28,2306658.16,2654573.12,-347914.96,5597567.6,5597567.6,0.8863,2,633385040693.81,15201.24,2.7,4.1,54142835.0,54.0,5.0,MFN_APPLIED,PARTNER_SPECIFIC,1.0,India - Australia ECTA,In Force,FTA & EIA,Goods & Services,1,2593,378,622,1830,0,0,0
IND,AUS,Australia,AU,36.0,Oceania,Australia and New Zealand,AUD,Australian Dollar,271019,Medium oils & petroleum preparations,2024,3193000.34,1860577.03,1332423.31,528153.72,3930502.31,3930502.31,0.8124,2,652386591914.62,15657.28,3.4,3.0,54684263.0,54.5,5.0,MFN_APPLIED,PARTNER_SPECIFIC,1.0,India - Australia ECTA,In Force,FTA & EIA,Goods & Services,1,2593,378,622,1830,0,0,0
IND,AUS,Australia,AU,36.0,Oceania,Australia and New Zealand,AUD,Australian Dollar,271019,Medium oils & petroleum preparations,2025,4188647.47,1423825.63,2764821.84,-1340996.21,4956992.32,4956992.32,0.845,2,671958189672.06,16127.0,2.7,3.0,55231106.0,55.0,5.0,MFN_APPLIED,PARTNER_SPECIFIC,1.0,India - Australia ECTA,In Force,FTA & EIA,Goods & Services,1,2593,378,622,1830,0,0,0
IND,AUS,Australia,AU,36.0,Oceania,Australia and New Zealand,AUD,Australian Dollar,300490,Medicaments for therapeutic/prophylactic uses,2015,26493928.18,10508453.14,15985475.04,-5477021.9,2413602.64,2413602.64,10.9769,2,500000000000.0,12000.0,2.7,3.0,50000000.0,50.0,5.0,MFN_APPLIED,PARTNER_SPECIFIC,1.0,India - Australia ECTA,In Force,FTA & EIA,Goods & Services,0,2593,378,622,1830,0,0,0
IND,AUS,Australia,AU,36.0,Oceania,Australia and New Zealand,AUD,Australian Dollar,300490,Medicaments for therapeutic/prophylactic uses,2016,5408820.72,558666.67,4850154.05,-4291487.38,588445.5,588445.5,9.1917,2,515000000000.0,12360.0,3.4,3.0,50500000.0,50.5,5.0,MFN_APPLIED,PARTNER_SPECIFIC,1.0,India - Australia ECTA,In Force,FTA & EIA,Goods & Services,0,2593,378,622,1830,0,0,0
IND,AUS,Australia,AU,36.0,Oceania,Australia and New Zealand,AUD,Australian Dollar,300490,Medicaments for therapeutic/prophylactic uses,2017,41438091.77,24984664.73,16453427.04,8531237.69,3444667.74,3444667.74,12.0296,2,530450000000.0,12730.8,2.7,3.0,51005000.0,51.0,5.0,MFN_APPLIED,PARTNER_SPECIFIC,1.0,India - Australia ECTA,In Force,FTA & EIA,Goods & Services,0,2593,378,622,1830,0,0,0
IND,AUS,Australia,AU,36.0,Oceania,Australia and New Zealand,AUD,Australian Dollar,300490,Medicaments for therapeutic/prophylactic uses,2018,20348996.51,5966770.89,14382225.62,-8415454.73,1558040.2,1558040.2,13.0606,2,546363500000.0,13112.72,3.4,3.0,51515050.0,51.5,5.0,MFN_APPLIED,PARTNER_SPECIFIC,1.0,India - Australia ECTA,In Force,FTA & EIA,Goods & Services,0,2593,378,622,1830,0,0,0
IND,AUS,Australia,AU,36.0,Oceania,Australia and New Zealand,AUD,Australian Dollar,300490,Medicaments for therapeutic/prophylactic uses,2019,26646925.74,21229882.41,5417043.33,15812839.08,2878765.19,2878765.19,9.2564,2,562754405000.0,13506.11,2.7,3.0,52030200.0,52.0,5.0,MFN_APPLIED,PARTNER_SPECIFIC,1.0,India - Australia ECTA,In Force,FTA & EIA,Goods & Services,0,2593,378,622,1830,0,0,0
IND,AUS,Australia,AU,36.0,Oceania,Australia and New Zealand,AUD,Australian Dollar,300490,Medicaments for therapeutic/prophylactic uses,2020,24607812.78,18275472.5,6332340.28,11943132.22,1716588.84,1716588.84,14.3353,2,579637037150.0,13911.29,3.4,3.0,52550502.0,52.5,5.0,MFN_APPLIED,PARTNER_SPECIFIC,1.0,India - Australia ECTA,In Force,FTA & EIA,Goods & Services,0,2593,378,622,1830,0,0,0
IND,AUS,Australia,AU,36.0,Oceania,Australia and New Zealand,AUD,Australian Dollar,300490,Medicaments for therapeutic/prophylactic uses,2021,22045850.96,17556372.0,4489478.96,13066893.04,2408291.11,2408291.11,9.1541,2,597026148264.5,14328.63,2.7,3.0,53076007.0,53.0,5.0,MFN_APPLIED,PARTNER_SPECIFIC,1.0,India - Australia ECTA,In Force,FTA & EIA,Goods & Services,0,2593,378,622,1830,0,0,0
IND,AUS,Australia,AU,36.0,Oceania,Australia and New Zealand,AUD,Australian Dollar,300490,Medicaments for therapeutic/prophylactic uses,2022,29442761.03,3364933.3,26077827.73,-22712894.43,2234329.43,2234329.43,13.1774,2,614936932712.44,14758.49,3.4,4.1,53606767.0,53.5,5.0,MFN_APPLIED,PARTNER_SPECIFIC,1.0,India - Australia ECTA,In Force,FTA & EIA,Goods & Services,1,2593,378,622,1830,0,0,0
IND,AUS,Australia,AU,36.0,Oceania,Australia and New Zealand,AUD,Australian Dollar,300490,Medicaments for therapeutic/prophylactic uses,2023,22085143.26,2629818.68,19455324.58,-16825505.9,2355045.43,2355045.43,9.3778,2,633385040693.81,15201.24,2.7,4.1,54142835.0,54.0,5.0,MFN_APPLIED,PARTNER_SPECIFIC,1.0,India - Australia ECTA,In Force,FTA & EIA,Goods & Services,1,2593,378,622,1830,0,0,0
IND,AUS,Australia,AU,36.0,Oceania,Australia and New Zealand,AUD,Australian Dollar,300490,Medicaments for therapeutic/prophylactic uses,2024,42061076.28,19227896.84,22833179.44,-3605282.6,3872990.74,3872990.74,10.8601,2,652386591914.62,15657.28,3.4,3.0,54684263.0,54.5,5.0,MFN_APPLIED,PARTNER_SPECIFIC,1.0,India - Australia ECTA,In Force,FTA & EIA,Goods & Services,1,2593,378,622,1830,0,0,0
IND,AUS,Australia,AU,36.0,Oceania,Australia and New Zealand,AUD,Australian Dollar,300490,Medicaments for therapeutic/prophylactic uses,2025,39335584.23,6945747.49,32389836.74,-25444089.25,3313635.68,3313635.68,11.8708,2,671958189672.06,16127.0,2.7,3.0,55231106.0,55.0,5.0,MFN_APPLIED,PARTNER_SPECIFIC,1.0,India - Australia ECTA,In Force,FTA & EIA,Goods & Services,1,2593,378,622,1830,0,0,0
IND,AUS,Australia,AU,36.0,Oceania,Australia and New Zealand,AUD,Australian Dollar,520512,"Single cotton yarn, uncombed fibres",2015,15668047.94,6069134.71,9598913.23,-3529778.52,4568132.26,4568132.26,3.4299,2,500000000000.0,12000.0,2.7,3.0,50000000.0,50.0,7.5,MFN_APPLIED,PARTNER_SPECIFIC,1.0,India - Australia ECTA,In Force,FTA & EIA,Goods & Services,0,2593,378,622,1830,0,0,0
IND,AUS,Australia,AU,36.0,Oceania,Australia and New Zealand,AUD,Australian Dollar,520512,"Single cotton yarn, uncombed fibres",2016,16556600.75,7303447.57,9253153.18,-1949705.61,4431841.13,4431841.13,3.7358,2,515000000000.0,12360.0,3.4,3.0,50500000.0,50.5,7.5,MFN_APPLIED,PARTNER_SPECIFIC,1.0,India - Australia ECTA,In Force,FTA & EIA,Goods & Services,0,2593,378,622,1830,0,0,0
IND,AUS,Australia,AU,36.0,Oceania,Australia and New Zealand,AUD,Australian Dollar,520512,"Single cotton yarn, uncombed fibres",2017,12533804.46,7914008.29,4619796.17,3294212.12,3175949.41,3175949.41,3.9465,2,530450000000.0,12730.8,2.7,3.0,51005000.0,51.0,7.5,MFN_APPLIED,PARTNER_SPECIFIC,1.0,India - Australia ECTA,In Force,FTA & EIA,Goods & Services,0,2593,378,622,1830,0,0,0
IND,AUS,Australia,AU,36.0,Oceania,Australia and New Zealand,AUD,Australian Dollar,520512,"Single cotton yarn, uncombed fibres",2018,8435286.94,6118447.15,2316839.79,3801607.36,2170103.47,2170103.47,3.887,2,546363500000.0,13112.72,3.4,3.0,51515050.0,51.5,7.5,MFN_APPLIED,PARTNER_SPECIFIC,1.0,India - Australia ECTA,In Force,FTA & EIA,Goods & Services,0,2593,378,622,1830,0,0,0
IND,AUS,Australia,AU,36.0,Oceania,Australia and New Zealand,AUD,Australian Dollar,520512,"Single cotton yarn, uncombed fibres",2019,7442076.71,2660246.75,4781829.96,-2121583.21,1901097.41,1901097.41,3.9146,2,562754405000.0,13506.11,2.7,3.0,52030200.0,52.0,7.5,MFN_APPLIED,PARTNER_SPECIFIC,1.0,India - Australia ECTA,In Force,FTA & EIA,Goods & Services,0,2593,378,622,1830,0,0,0
IND,AUS,Australia,AU,36.0,Oceania,Australia and New Zealand,AUD,Australian Dollar,520512,"Single cotton yarn, uncombed fibres",2020,8824499.35,8491542.41,332956.94,8158585.47,2133265.77,2133265.77,4.1366,2,579637037150.0,13911.29,3.4,3.0,52550502.0,52.5,7.5,MFN_APPLIED,PARTNER_SPECIFIC,1.0,India - Australia ECTA,In Force,FTA & EIA,Goods & Services,0,2593,378,622,1830,0,0,0
IND,AUS,Australia,AU,36.0,Oceania,Australia and New Zealand,AUD,Australian Dollar,520512,"Single cotton yarn, uncombed fibres",2021,7572694.94,1172917.73,6399777.21,-5226859.48,2008507.17,2008507.17,3.7703,2,597026148264.5,14328.63,2.7,3.0,53076007.0,53.0,7.5,MFN_APPLIED,PARTNER_SPECIFIC,1.0,India - Australia ECTA,In Force,FTA & EIA,Goods & Services,0,2593,378,622,1830,0,0,0
IND,AUS,Australia,AU,36.0,Oceania,Australia and New Zealand,AUD,Australian Dollar,520512,"Single cotton yarn, uncombed fibres",2022,9668164.52,8301604.73,1366559.79,6935044.94,2513294.56,2513294.56,3.8468,2,614936932712.44,14758.49,3.4,4.1,53606767.0,53.5,7.5,MFN_APPLIED,PARTNER_SPECIFIC,1.0,India - Australia ECTA,In Force,FTA & EIA,Goods & Services,1,2593,378,622,1830,0,0,0
IND,AUS,Australia,AU,36.0,Oceania,Australia and New Zealand,AUD,Australian Dollar,520512,"Single cotton yarn, uncombed fibres",2023,16266747.27,9102143.37,7164603.9,1937539.47,4526135.07,4526135.07,3.594,2,633385040693.81,15201.24,2.7,4.1,54142835.0,54.0,7.5,MFN_APPLIED,PARTNER_SPECIFIC,1.0,India - Australia ECTA,In Force,FTA & EIA,Goods & Services,1,2593,378,622,1830,0,0,0
IND,AUS,Australia,AU,36.0,Oceania,Australia and New Zealand,AUD,Australian Dollar,520512,"Single cotton yarn, uncombed fibres",2024,12040245.12,2978548.76,9061696.36,-6083147.6,3229980.62,3229980.62,3.7277,2,652386591914.62,15657.28,3.4,3.0,54684263.0,54.5,7.5,MFN_APPLIED,PARTNER_SPECIFIC,1.0,India - Australia ECTA,In Force,FTA & EIA,Goods & Services,1,2593,378,622,1830,0,0,0
IND,AUS,Australia,AU,36.0,Oceania,Australia and New Zealand,AUD,Australian Dollar,520512,"Single cotton yarn, uncombed fibres",2025,9915987.97,6817013.04,3098974.93,3718038.11,2855832.15,2855832.15,3.4722,2,671958189672.06,16127.0,2.7,3.0,55231106.0,55.0,7.5,MFN_APPLIED,PARTNER_SPECIFIC,1.0,India - Australia ECTA,In Force,FTA & EIA,Goods & Services,1,2593,378,622,1830,0,0,0
IND,AUS,Australia,AU,36.0,Oceania,Australia and New Zealand,AUD,Australian Dollar,711319,Articles of jewellery of precious metal (Gold),2015,157304901303.21,54126166432.21,103178734871.0,-49052568438.79,3067327.78,3067327.78,51284.0207,2,500000000000.0,12000.0,2.7,3.0,50000000.0,50.0,12.5,MFN_APPLIED,PARTNER_SPECIFIC,1.0,India - Australia ECTA,In Force,FTA & EIA,Goods & Services,0,2593,378,622,1830,0,0,0
IND,AUS,Australia,AU,36.0,Oceania,Australia and New Zealand,AUD,Australian Dollar,711319,Articles of jewellery of precious metal (Gold),2016,124092704306.12,58507323070.13,65585381235.99,-7078058165.86,2388703.19,2388703.19,51949.8215,2,515000000000.0,12360.0,3.4,3.0,50500000.0,50.5,12.5,MFN_APPLIED,PARTNER_SPECIFIC,1.0,India - Australia ECTA,In Force,FTA & EIA,Goods & Services,0,2593,378,622,1830,0,0,0
IND,AUS,Australia,AU,36.0,Oceania,Australia and New Zealand,AUD,Australian Dollar,711319,Articles of jewellery of precious metal (Gold),2017,140946496951.61,101392561486.12,39553935465.49,61838626020.63,2859464.7,2859464.7,49291.2177,2,530450000000.0,12730.8,2.7,3.0,51005000.0,51.0,12.5,MFN_APPLIED,PARTNER_SPECIFIC,1.0,India - Australia ECTA,In Force,FTA & EIA,Goods & Services,0,2593,378,622,1830,0,0,0
IND,AUS,Australia,AU,36.0,Oceania,Australia and New Zealand,AUD,Australian Dollar,711319,Articles of jewellery of precious metal (Gold),2018,69046210124.93,7940097885.1,61106112239.83,-53166014354.73,1831980.5,1831980.5,37689.3805,2,546363500000.0,13112.72,3.4,3.0,51515050.0,51.5,12.5,MFN_APPLIED,PARTNER_SPECIFIC,1.0,India - Australia ECTA,In Force,FTA & EIA,Goods & Services,0,2593,378,622,1830,0,0,0
IND,AUS,Australia,AU,36.0,Oceania,Australia and New Zealand,AUD,Australian Dollar,711319,Articles of jewellery of precious metal (Gold),2019,72942622673.09,8686484547.32,64256138125.77,-55569653578.45,1581586.55,1581586.55,46119.9058,2,562754405000.0,13506.11,2.7,3.0,52030200.0,52.0,12.5,MFN_APPLIED,PARTNER_SPECIFIC,1.0,India - Australia ECTA,In Force,FTA & EIA,Goods & Services,0,2593,378,622,1830,0,0,0
IND,AUS,Australia,AU,36.0,Oceania,Australia and New Zealand,AUD,Australian Dollar,711319,Articles of jewellery of precious metal (Gold),2020,115222195970.21,90734909355.67,24487286614.54,66247622741.13,2337182.9,2337182.9,49299.6059,2,579637037150.0,13911.29,3.4,3.0,52550502.0,52.5,12.5,MFN_APPLIED,PARTNER_SPECIFIC,1.0,India - Australia ECTA,In Force,FTA & EIA,Goods & Services,0,2593,378,622,1830,0,0,0
IND,AUS,Australia,AU,36.0,Oceania,Australia and New Zealand,AUD,Australian Dollar,711319,Articles of jewellery of precious metal (Gold),2021,58952354081.14,14071156674.28,44881197406.86,-30810040732.58,1211718.99,1211718.99,48651.8364,2,597026148264.5,14328.63,2.7,3.0,53076007.0,53.0,12.5,MFN_APPLIED,PARTNER_SPECIFIC,1.0,India - Australia ECTA,In Force,FTA & EIA,Goods & Services,0,2593,378,622,1830,0,0,0
IND,AUS,Australia,AU,36.0,Oceania,Australia and New Zealand,AUD,Australian Dollar,711319,Articles of jewellery of precious metal (Gold),2022,291369230304.13,84912426061.21,206456804242.92,-121544378181.71,6690180.13,6690180.13,43551.7766,2,614936932712.44,14758.49,3.4,4.1,53606767.0,53.5,12.5,MFN_APPLIED,PARTNER_SPECIFIC,1.0,India - Australia ECTA,In Force,FTA & EIA,Goods & Services,1,2593,378,622,1830,0,0,0
IND,AUS,Australia,AU,36.0,Oceania,Australia and New Zealand,AUD,Australian Dollar,711319,Articles of jewellery of precious metal (Gold),2023,342898342531.91,114604239230.37,228294103301.54,-113689864071.17,8043395.72,8043395.72,42631.0422,2,633385040693.81,15201.24,2.7,4.1,54142835.0,54.0,12.5,MFN_APPLIED,PARTNER_SPECIFIC,1.0,India - Australia ECTA,In Force,FTA & EIA,Goods & Services,1,2593,378,622,1830,0,0,0
IND,AUS,Australia,AU,36.0,Oceania,Australia and New Zealand,AUD,Australian Dollar,711319,Articles of jewellery of precious metal (Gold),2024,192739832902.56,113887669598.34,78852163304.22,35035506294.12,4508748.79,4508748.79,42747.9644,2,652386591914.62,15657.28,3.4,3.0,54684263.0,54.5,12.5,MFN_APPLIED,PARTNER_SPECIFIC,1.0,India - Australia ECTA,In Force,FTA & EIA,Goods & Services,1,2593,378,622,1830,0,0,0
IND,AUS,Australia,AU,36.0,Oceania,Australia and New Zealand,AUD,Australian Dollar,711319,Articles of jewellery of precious metal (Gold),2025,193930783763.92,109802932319.5,84127851444.42,25675080875.08,4223553.52,4223553.52,45916.4973,2,671958189672.06,16127.0,2.7,3.0,55231106.0,55.0,12.5,MFN_APPLIED,PARTNER_SPECIFIC,1.0,India - Australia ECTA,In Force,FTA & EIA,Goods & Services,1,2593,378,622,1830,0,0,0
IND,AUS,Australia,AU,36.0,Oceania,Australia and New Zealand,AUD,Australian Dollar,847130,Portable automatic data processing machines (Laptops),2015,1260622807.98,396468381.01,864154426.97,-467686045.96,5063069.43,5063069.43,248.9839,2,500000000000.0,12000.0,2.7,3.0,50000000.0,50.0,0.0,MFN_APPLIED,PARTNER_SPECIFIC,1.0,India - Australia ECTA,In Force,FTA & EIA,Goods & Services,0,2593,378,622,1830,0,0,0
IND,AUS,Australia,AU,36.0,Oceania,Australia and New Zealand,AUD,Australian Dollar,847130,Portable automatic data processing machines (Laptops),2016,567187590.28,195007600.56,372179989.72,-177172389.16,2672711.0,2672711.0,212.2143,2,515000000000.0,12360.0,3.4,3.0,50500000.0,50.5,0.0,MFN_APPLIED,PARTNER_SPECIFIC,1.0,India - Australia ECTA,In Force,FTA & EIA,Goods & Services,0,2593,378,622,1830,0,0,0
IND,AUS,Australia,AU,36.0,Oceania,Australia and New Zealand,AUD,Australian Dollar,847130,Portable automatic data processing machines (Laptops),2017,506001307.77,364831289.76,141170018.01,223661271.75,2337510.44,2337510.44,216.4702,2,530450000000.0,12730.8,2.7,3.0,51005000.0,51.0,0.0,MFN_APPLIED,PARTNER_SPECIFIC,1.0,India - Australia ECTA,In Force,FTA & EIA,Goods & Services,0,2593,378,622,1830,0,0,0
IND,AUS,Australia,AU,36.0,Oceania,Australia and New Zealand,AUD,Australian Dollar,847130,Portable automatic data processing machines (Laptops),2018,603886416.77,228197039.98,375689376.79,-147492336.81,3265938.49,3265938.49,184.9044,2,546363500000.0,13112.72,3.4,3.0,51515050.0,51.5,0.0,MFN_APPLIED,PARTNER_SPECIFIC,1.0,India - Australia ECTA,In Force,FTA & EIA,Goods & Services,0,2593,378,622,1830,0,0,0
IND,AUS,Australia,AU,36.0,Oceania,Australia and New Zealand,AUD,Australian Dollar,847130,Portable automatic data processing machines (Laptops),2019,401423468.26,339243442.69,62180025.57,277063417.12,1972963.36,1972963.36,203.4622,2,562754405000.0,13506.11,2.7,3.0,52030200.0,52.0,0.0,MFN_APPLIED,PARTNER_SPECIFIC,1.0,India - Australia ECTA,In Force,FTA & EIA,Goods & Services,0,2593,378,622,1830,0,0,0
IND,AUS,Australia,AU,36.0,Oceania,Australia and New Zealand,AUD,Australian Dollar,847130,Portable automatic data processing machines (Laptops),2020,87029064.17,77194072.85,9834991.32,67359081.53,323575.89,323575.89,268.9603,2,579637037150.0,13911.29,3.4,3.0,52550502.0,52.5,0.0,MFN_APPLIED,PARTNER_SPECIFIC,1.0,India - Australia ECTA,In Force,FTA & EIA,Goods & Services,0,2593,378,622,1830,0,0,0
IND,AUS,Australia,AU,36.0,Oceania,Australia and New Zealand,AUD,Australian Dollar,847130,Portable automatic data processing machines (Laptops),2021,1140746435.26,505844127.04,634902308.22,-129058181.18,6438683.88,6438683.88,177.1707,2,597026148264.5,14328.63,2.7,3.0,53076007.0,53.0,0.0,MFN_APPLIED,PARTNER_SPECIFIC,1.0,India - Australia ECTA,In Force,FTA & EIA,Goods & Services,0,2593,378,622,1830,0,0,0
IND,AUS,Australia,AU,36.0,Oceania,Australia and New Zealand,AUD,Australian Dollar,847130,Portable automatic data processing machines (Laptops),2022,1002754363.96,228805047.28,773949316.68,-545144269.4,4808518.26,4808518.26,208.5371,2,614936932712.44,14758.49,3.4,4.1,53606767.0,53.5,0.0,MFN_APPLIED,PARTNER_SPECIFIC,1.0,India - Australia ECTA,In Force,FTA & EIA,Goods & Services,1,2593,378,622,1830,0,0,0
IND,AUS,Australia,AU,36.0,Oceania,Australia and New Zealand,AUD,Australian Dollar,847130,Portable automatic data processing machines (Laptops),2023,1051458688.96,460850112.51,590608576.45,-129758463.94,5121876.86,5121876.86,205.2878,2,633385040693.81,15201.24,2.7,4.1,54142835.0,54.0,0.0,MFN_APPLIED,PARTNER_SPECIFIC,1.0,India - Australia ECTA,In Force,FTA & EIA,Goods & Services,1,2593,378,622,1830,0,0,0
IND,AUS,Australia,AU,36.0,Oceania,Australia and New Zealand,AUD,Australian Dollar,847130,Portable automatic data processing machines (Laptops),2024,651240787.94,389184960.62,262055827.32,127129133.3,2707094.36,2707094.36,240.5682,2,652386591914.62,15657.28,3.4,3.0,54684263.0,54.5,0.0,MFN_APPLIED,PARTNER_SPECIFIC,1.0,India - Australia ECTA,In Force,FTA & EIA,Goods & Services,1,2593,378,622,1830,0,0,0
IND,AUS,Australia,AU,36.0,Oceania,Australia and New Zealand,AUD,Australian Dollar,847130,Portable automatic data processing machines (Laptops),2025,243428358.7,225316155.24,18112203.46,207203951.78,1492374.0,1492374.0,163.1148,2,671958189672.06,16127.0,2.7,3.0,55231106.0,55.0,0.0,MFN_APPLIED,PARTNER_SPECIFIC,1.0,India - Australia ECTA,In Force,FTA & EIA,Goods & Services,1,2593,378,622,1830,0,0,0
IND,AUS,Australia,AU,36.0,Oceania,Australia and New Zealand,AUD,Australian Dollar,851712,Telephones for cellular networks / smartphones,2015,140766326.02,23555666.29,117210659.73,-93654993.44,3202255.26,3202255.26,43.9585,2,500000000000.0,12000.0,2.7,3.0,50000000.0,50.0,0.0,MFN_APPLIED,PARTNER_SPECIFIC,1.0,India - Australia ECTA,In Force,FTA & EIA,Goods & Services,0,2593,378,622,1830,0,0,0
IND,AUS,Australia,AU,36.0,Oceania,Australia and New Zealand,AUD,Australian Dollar,851712,Telephones for cellular networks / smartphones,2016,61647417.41,41585090.1,20062327.31,21522762.79,2226007.17,2226007.17,27.6942,2,515000000000.0,12360.0,3.4,3.0,50500000.0,50.5,0.0,MFN_APPLIED,PARTNER_SPECIFIC,1.0,India - Australia ECTA,In Force,FTA & EIA,Goods & Services,0,2593,378,622,1830,0,0,0
IND,AUS,Australia,AU,36.0,Oceania,Australia and New Zealand,AUD,Australian Dollar,851712,Telephones for cellular networks / smartphones,2017,44501017.34,31277718.39,13223298.95,18054419.44,1628890.03,1628890.03,27.3198,2,530450000000.0,12730.8,2.7,3.0,51005000.0,51.0,0.0,MFN_APPLIED,PARTNER_SPECIFIC,1.0,India - Australia ECTA,In Force,FTA & EIA,Goods & Services,0,2593,378,622,1830,0,0,0
IND,AUS,Australia,AU,36.0,Oceania,Australia and New Zealand,AUD,Australian Dollar,851712,Telephones for cellular networks / smartphones,2018,30674305.63,6404930.17,24269375.46,-17864445.29,1464709.9,1464709.9,20.9422,2,546363500000.0,13112.72,3.4,3.0,51515050.0,51.5,0.0,MFN_APPLIED,PARTNER_SPECIFIC,1.0,India - Australia ECTA,In Force,FTA & EIA,Goods & Services,0,2593,378,622,1830,0,0,0
IND,AUS,Australia,AU,36.0,Oceania,Australia and New Zealand,AUD,Australian Dollar,851712,Telephones for cellular networks / smartphones,2019,40177191.35,29237466.74,10939724.61,18297742.13,1924558.34,1924558.34,20.8761,2,562754405000.0,13506.11,2.7,3.0,52030200.0,52.0,0.0,MFN_APPLIED,PARTNER_SPECIFIC,1.0,India - Australia ECTA,In Force,FTA & EIA,Goods & Services,0,2593,378,622,1830,0,0,0
IND,AUS,Australia,AU,36.0,Oceania,Australia and New Zealand,AUD,Australian Dollar,851712,Telephones for cellular networks / smartphones,2020,43764468.03,5345328.97,38419139.06,-33073810.09,2309540.94,2309540.94,18.9494,2,579637037150.0,13911.29,3.4,3.0,52550502.0,52.5,0.0,MFN_APPLIED,PARTNER_SPECIFIC,1.0,India - Australia ECTA,In Force,FTA & EIA,Goods & Services,0,2593,378,622,1830,0,0,0
IND,AUS,Australia,AU,36.0,Oceania,Australia and New Zealand,AUD,Australian Dollar,851712,Telephones for cellular networks / smartphones,2021,45225346.28,21438259.78,23787086.5,-2348826.72,1257022.24,1257022.24,35.9782,2,597026148264.5,14328.63,2.7,3.0,53076007.0,53.0,0.0,MFN_APPLIED,PARTNER_SPECIFIC,1.0,India - Australia ECTA,In Force,FTA & EIA,Goods & Services,0,2593,378,622,1830,0,0,0
IND,AUS,Australia,AU,36.0,Oceania,Australia and New Zealand,AUD,Australian Dollar,851712,Telephones for cellular networks / smartphones,2022,59316943.55,38255335.27,21061608.28,17193726.99,2044302.76,2044302.76,29.0157,2,614936932712.44,14758.49,3.4,4.1,53606767.0,53.5,0.0,MFN_APPLIED,PARTNER_SPECIFIC,1.0,India - Australia ECTA,In Force,FTA & EIA,Goods & Services,1,2593,378,622,1830,0,0,0
IND,AUS,Australia,AU,36.0,Oceania,Australia and New Zealand,AUD,Australian Dollar,851712,Telephones for cellular networks / smartphones,2023,152960210.35,84658002.73,68302207.62,16355795.11,3891896.62,3891896.62,39.3022,2,633385040693.81,15201.24,2.7,4.1,54142835.0,54.0,0.0,MFN_APPLIED,PARTNER_SPECIFIC,1.0,India - Australia ECTA,In Force,FTA & EIA,Goods & Services,1,2593,378,622,1830,0,0,0
IND,AUS,Australia,AU,36.0,Oceania,Australia and New Zealand,AUD,Australian Dollar,851712,Telephones for cellular networks / smartphones,2024,165335879.1,82594769.2,82741109.9,-146340.7,6698245.83,6698245.83,24.6835,2,652386591914.62,15657.28,3.4,3.0,54684263.0,54.5,0.0,MFN_APPLIED,PARTNER_SPECIFIC,1.0,India - Australia ECTA,In Force,FTA & EIA,Goods & Services,1,2593,378,622,1830,0,0,0
IND,AUS,Australia,AU,36.0,Oceania,Australia and New Zealand,AUD,Australian Dollar,851712,Telephones for cellular networks / smartphones,2025,66096155.41,24660171.13,41435984.28,-16775813.15,1983171.22,1983171.22,33.3285,2,671958189672.06,16127.0,2.7,3.0,55231106.0,55.0,0.0,MFN_APPLIED,PARTNER_SPECIFIC,1.0,India - Australia ECTA,In Force,FTA & EIA,Goods & Services,1,2593,378,622,1830,0,0,0
IND,BRA,Brazil,BR,76.0,Americas,Latin America and the Caribbean,BRL,Brazilian Real,90411,Pepper of genus Piper; neither crushed nor ground,2015,13014044.94,6867111.35,6146933.59,720177.76,2379102.07,2379102.07,5.4701,2,500000000000.0,12000.0,2.7,3.0,50000000.0,50.0,15.0,MFN_APPLIED,PARTNER_SPECIFIC,1.0,India - MERCOSUR PTA,In Force,PSA,Goods,1,5635,206,430,5576,0,0,0
IND,BRA,Brazil,BR,76.0,Americas,Latin America and the Caribbean,BRL,Brazilian Real,90411,Pepper of genus Piper; neither crushed nor ground,2016,16632351.37,613772.47,16018578.9,-15404806.43,3319718.43,3319718.43,5.0102,2,515000000000.0,12360.0,3.4,3.0,50500000.0,50.5,15.0,MFN_APPLIED,PARTNER_SPECIFIC,1.0,India - MERCOSUR PTA,In Force,PSA,Goods,1,5635,206,430,5576,0,0,0
IND,BRA,Brazil,BR,76.0,Americas,Latin America and the Caribbean,BRL,Brazilian Real,90411,Pepper of genus Piper; neither crushed nor ground,2017,15713212.53,7195445.72,8517766.81,-1322321.09,2784871.26,2784871.26,5.6423,2,530450000000.0,12730.8,2.7,3.0,51005000.0,51.0,15.0,MFN_APPLIED,PARTNER_SPECIFIC,1.0,India - MERCOSUR PTA,In Force,PSA,Goods,1,5635,206,430,5576,0,0,0
IND,BRA,Brazil,BR,76.0,Americas,Latin America and the Caribbean,BRL,Brazilian Real,90411,Pepper of genus Piper; neither crushed nor ground,2018,22701427.92,11211740.87,11489687.05,-277946.18,4156904.29,4156904.29,5.4611,2,546363500000.0,13112.72,3.4,3.0,51515050.0,51.5,15.0,MFN_APPLIED,PARTNER_SPECIFIC,1.0,India - MERCOSUR PTA,In Force,PSA,Goods,1,5635,206,430,5576,0,0,0
IND,BRA,Brazil,BR,76.0,Americas,Latin America and the Caribbean,BRL,Brazilian Real,90411,Pepper of genus Piper; neither crushed nor ground,2019,26121240.89,10755375.33,15365865.56,-4610490.23,4851787.58,4851787.58,5.3838,2,562754405000.0,13506.11,2.7,3.0,52030200.0,52.0,15.0,MFN_APPLIED,PARTNER_SPECIFIC,1.0,India - MERCOSUR PTA,In Force,PSA,Goods,1,5635,206,430,5576,0,0,0
IND,BRA,Brazil,BR,76.0,Americas,Latin America and the Caribbean,BRL,Brazilian Real,90411,Pepper of genus Piper; neither crushed nor ground,2020,23940692.09,5780775.14,18159916.95,-12379141.81,4043686.3,4043686.3,5.9205,2,579637037150.0,13911.29,3.4,3.0,52550502.0,52.5,15.0,MFN_APPLIED,PARTNER_SPECIFIC,1.0,India - MERCOSUR PTA,In Force,PSA,Goods,1,5635,206,430,5576,0,0,0
IND,BRA,Brazil,BR,76.0,Americas,Latin America and the Caribbean,BRL,Brazilian Real,90411,Pepper of genus Piper; neither crushed nor ground,2021,18348238.13,2999926.75,15348311.38,-12348384.63,3599809.45,3599809.45,5.097,2,597026148264.5,14328.63,2.7,3.0,53076007.0,53.0,15.0,MFN_APPLIED,PARTNER_SPECIFIC,1.0,India - MERCOSUR PTA,In Force,PSA,Goods,1,5635,206,430,5576,0,0,0
IND,BRA,Brazil,BR,76.0,Americas,Latin America and the Caribbean,BRL,Brazilian Real,90411,Pepper of genus Piper; neither crushed nor ground,2022,9747309.01,2664387.39,7082921.62,-4418534.23,1789505.31,1789505.31,5.4469,2,614936932712.44,14758.49,3.4,4.1,53606767.0,53.5,15.0,MFN_APPLIED,PARTNER_SPECIFIC,1.0,India - MERCOSUR PTA,In Force,PSA,Goods,1,5635,206,430,5576,0,0,0
IND,BRA,Brazil,BR,76.0,Americas,Latin America and the Caribbean,BRL,Brazilian Real,90411,Pepper of genus Piper; neither crushed nor ground,2023,12425889.67,5370773.64,7055116.03,-1684342.39,2036970.59,2036970.59,6.1002,2,633385040693.81,15201.24,2.7,4.1,54142835.0,54.0,15.0,MFN_APPLIED,PARTNER_SPECIFIC,1.0,India - MERCOSUR PTA,In Force,PSA,Goods,1,5635,206,430,5576,0,0,0
IND,BRA,Brazil,BR,76.0,Americas,Latin America and the Caribbean,BRL,Brazilian Real,90411,Pepper of genus Piper; neither crushed nor ground,2024,15024860.19,1958902.77,13065957.42,-11107054.65,2565761.08,2565761.08,5.8559,2,652386591914.62,15657.28,3.4,3.0,54684263.0,54.5,15.0,MFN_APPLIED,PARTNER_SPECIFIC,1.0,India - MERCOSUR PTA,In Force,PSA,Goods,1,5635,206,430,5576,0,0,0
IND,BRA,Brazil,BR,76.0,Americas,Latin America and the Caribbean,BRL,Brazilian Real,90411,Pepper of genus Piper; neither crushed nor ground,2025,23182951.28,11669082.79,11513868.49,155214.3,4283665.16,4283665.16,5.4119,2,671958189672.06,16127.0,2.7,3.0,55231106.0,55.0,15.0,MFN_APPLIED,PARTNER_SPECIFIC,1.0,India - MERCOSUR PTA,In Force,PSA,Goods,1,5635,206,430,5576,0,0,0
IND,BRA,Brazil,BR,76.0,Americas,Latin America and the Caribbean,BRL,Brazilian Real,100630,Semi-milled or wholly milled rice (Basmati),2015,1700651.27,185408.63,1515242.64,-1329834.01,1359786.19,1359786.19,1.2507,2,500000000000.0,12000.0,2.7,3.0,50000000.0,50.0,10.0,MFN_APPLIED,PARTNER_SPECIFIC,1.0,India - MERCOSUR PTA,In Force,PSA,Goods,1,5635,206,430,5576,0,0,0
IND,BRA,Brazil,BR,76.0,Americas,Latin America and the Caribbean,BRL,Brazilian Real,100630,Semi-milled or wholly milled rice (Basmati),2016,4108690.95,1113540.29,2995150.66,-1881610.37,3095751.48,3095751.48,1.3272,2,515000000000.0,12360.0,3.4,3.0,50500000.0,50.5,10.0,MFN_APPLIED,PARTNER_SPECIFIC,1.0,India - MERCOSUR PTA,In Force,PSA,Goods,1,5635,206,430,5576,0,0,0
IND,BRA,Brazil,BR,76.0,Americas,Latin America and the Caribbean,BRL,Brazilian Real,100630,Semi-milled or wholly milled rice (Basmati),2017,3219241.11,1781409.29,1437831.82,343577.47,2477612.77,2477612.77,1.2993,2,530450000000.0,12730.8,2.7,3.0,51005000.0,51.0,10.0,MFN_APPLIED,PARTNER_SPECIFIC,1.0,India - MERCOSUR PTA,In Force,PSA,Goods,1,5635,206,430,5576,0,0,0
IND,BRA,Brazil,BR,76.0,Americas,Latin America and the Caribbean,BRL,Brazilian Real,100630,Semi-milled or wholly milled rice (Basmati),2018,5972728.19,2572089.85,3400638.34,-828548.49,4709209.31,4709209.31,1.2683,2,546363500000.0,13112.72,3.4,3.0,51515050.0,51.5,10.0,MFN_APPLIED,PARTNER_SPECIFIC,1.0,India - MERCOSUR PTA,In Force,PSA,Goods,1,5635,206,430,5576,0,0,0
IND,BRA,Brazil,BR,76.0,Americas,Latin America and the Caribbean,BRL,Brazilian Real,100630,Semi-milled or wholly milled rice (Basmati),2019,3150271.15,2317860.53,832410.62,1485449.91,2397601.48,2397601.48,1.3139,2,562754405000.0,13506.11,2.7,3.0,52030200.0,52.0,10.0,MFN_APPLIED,PARTNER_SPECIFIC,1.0,India - MERCOSUR PTA,In Force,PSA,Goods,1,5635,206,430,5576,0,0,0
IND,BRA,Brazil,BR,76.0,Americas,Latin America and the Caribbean,BRL,Brazilian Real,100630,Semi-milled or wholly milled rice (Basmati),2020,3049892.65,2365723.54,684169.11,1681554.43,2318446.71,2318446.71,1.3155,2,579637037150.0,13911.29,3.4,3.0,52550502.0,52.5,10.0,MFN_APPLIED,PARTNER_SPECIFIC,1.0,India - MERCOSUR PTA,In Force,PSA,Goods,1,5635,206,430,5576,0,0,0
IND,BRA,Brazil,BR,76.0,Americas,Latin America and the Caribbean,BRL,Brazilian Real,100630,Semi-milled or wholly milled rice (Basmati),2021,1845349.83,1226488.66,618861.17,607627.49,1477392.76,1477392.76,1.2491,2,597026148264.5,14328.63,2.7,3.0,53076007.0,53.0,10.0,MFN_APPLIED,PARTNER_SPECIFIC,1.0,India - MERCOSUR PTA,In Force,PSA,Goods,1,5635,206,430,5576,0,0,0
IND,BRA,Brazil,BR,76.0,Americas,Latin America and the Caribbean,BRL,Brazilian Real,100630,Semi-milled or wholly milled rice (Basmati),2022,2690377.91,1885933.81,804444.1,1081489.71,2127276.49,2127276.49,1.2647,2,614936932712.44,14758.49,3.4,4.1,53606767.0,53.5,10.0,MFN_APPLIED,PARTNER_SPECIFIC,1.0,India - MERCOSUR PTA,In Force,PSA,Goods,1,5635,206,430,5576,0,0,0
IND,BRA,Brazil,BR,76.0,Americas,Latin America and the Caribbean,BRL,Brazilian Real,100630,Semi-milled or wholly milled rice (Basmati),2023,2839990.91,2589828.73,250162.18,2339666.55,2335820.94,2335820.94,1.2158,2,633385040693.81,15201.24,2.7,4.1,54142835.0,54.0,10.0,MFN_APPLIED,PARTNER_SPECIFIC,1.0,India - MERCOSUR PTA,In Force,PSA,Goods,1,5635,206,430,5576,0,0,0
IND,BRA,Brazil,BR,76.0,Americas,Latin America and the Caribbean,BRL,Brazilian Real,100630,Semi-milled or wholly milled rice (Basmati),2024,4255158.77,1791855.52,2463303.25,-671447.73,3203643.91,3203643.91,1.3282,2,652386591914.62,15657.28,3.4,3.0,54684263.0,54.5,10.0,MFN_APPLIED,PARTNER_SPECIFIC,1.0,India - MERCOSUR PTA,In Force,PSA,Goods,1,5635,206,430,5576,0,0,0
IND,BRA,Brazil,BR,76.0,Americas,Latin America and the Caribbean,BRL,Brazilian Real,100630,Semi-milled or wholly milled rice (Basmati),2025,7377513.72,3821640.61,3555873.11,265767.5,6111245.27,6111245.27,1.2072,2,671958189672.06,16127.0,2.7,3.0,55231106.0,55.0,10.0,MFN_APPLIED,PARTNER_SPECIFIC,1.0,India - MERCOSUR PTA,In Force,PSA,Goods,1,5635,206,430,5576,0,0,0
IND,BRA,Brazil,BR,76.0,Americas,Latin America and the Caribbean,BRL,Brazilian Real,271019,Medium oils & petroleum preparations,2015,2879327.34,1721566.72,1157760.62,563806.1,3276908.53,3276908.53,0.8787,2,500000000000.0,12000.0,2.7,3.0,50000000.0,50.0,5.0,MFN_APPLIED,PARTNER_SPECIFIC,1.0,India - MERCOSUR PTA,In Force,PSA,Goods,1,5635,206,430,5576,0,0,0
IND,BRA,Brazil,BR,76.0,Americas,Latin America and the Caribbean,BRL,Brazilian Real,271019,Medium oils & petroleum preparations,2016,363686.42,177198.11,186488.31,-9290.2,417803.7,417803.7,0.8705,2,515000000000.0,12360.0,3.4,3.0,50500000.0,50.5,5.0,MFN_APPLIED,PARTNER_SPECIFIC,1.0,India - MERCOSUR PTA,In Force,PSA,Goods,1,5635,206,430,5576,0,0,0
IND,BRA,Brazil,BR,76.0,Americas,Latin America and the Caribbean,BRL,Brazilian Real,271019,Medium oils & petroleum preparations,2017,806192.92,731509.41,74683.51,656825.9,905603.04,905603.04,0.8902,2,530450000000.0,12730.8,2.7,3.0,51005000.0,51.0,5.0,MFN_APPLIED,PARTNER_SPECIFIC,1.0,India - MERCOSUR PTA,In Force,PSA,Goods,1,5635,206,430,5576,0,0,0
IND,BRA,Brazil,BR,76.0,Americas,Latin America and the Caribbean,BRL,Brazilian Real,271019,Medium oils & petroleum preparations,2018,1657641.86,809307.84,848334.02,-39026.18,1899991.43,1899991.43,0.8724,2,546363500000.0,13112.72,3.4,3.0,51515050.0,51.5,5.0,MFN_APPLIED,PARTNER_SPECIFIC,1.0,India - MERCOSUR PTA,In Force,PSA,Goods,1,5635,206,430,5576,0,0,0
IND,BRA,Brazil,BR,76.0,Americas,Latin America and the Caribbean,BRL,Brazilian Real,271019,Medium oils & petroleum preparations,2019,808184.3,136975.69,671208.61,-534232.92,969967.71,969967.71,0.8332,2,562754405000.0,13506.11,2.7,3.0,52030200.0,52.0,5.0,MFN_APPLIED,PARTNER_SPECIFIC,1.0,India - MERCOSUR PTA,In Force,PSA,Goods,1,5635,206,430,5576,0,0,0
IND,BRA,Brazil,BR,76.0,Americas,Latin America and the Caribbean,BRL,Brazilian Real,271019,Medium oils & petroleum preparations,2020,2187908.38,705295.78,1482612.6,-777316.82,2526157.72,2526157.72,0.8661,2,579637037150.0,13911.29,3.4,3.0,52550502.0,52.5,5.0,MFN_APPLIED,PARTNER_SPECIFIC,1.0,India - MERCOSUR PTA,In Force,PSA,Goods,1,5635,206,430,5576,0,0,0
IND,BRA,Brazil,BR,76.0,Americas,Latin America and the Caribbean,BRL,Brazilian Real,271019,Medium oils & petroleum preparations,2021,1549856.65,1005322.21,544534.44,460787.77,1805303.46,1805303.46,0.8585,2,597026148264.5,14328.63,2.7,3.0,53076007.0,53.0,5.0,MFN_APPLIED,PARTNER_SPECIFIC,1.0,India - MERCOSUR PTA,In Force,PSA,Goods,1,5635,206,430,5576,0,0,0
IND,BRA,Brazil,BR,76.0,Americas,Latin America and the Caribbean,BRL,Brazilian Real,271019,Medium oils & petroleum preparations,2022,1786033.81,837988.05,948045.76,-110057.71,2000449.2,2000449.2,0.8928,2,614936932712.44,14758.49,3.4,4.1,53606767.0,53.5,5.0,MFN_APPLIED,PARTNER_SPECIFIC,1.0,India - MERCOSUR PTA,In Force,PSA,Goods,1,5635,206,430,5576,0,0,0
IND,BRA,Brazil,BR,76.0,Americas,Latin America and the Caribbean,BRL,Brazilian Real,271019,Medium oils & petroleum preparations,2023,3712423.44,2213166.32,1499257.12,713909.2,4149541.43,4149541.43,0.8947,2,633385040693.81,15201.24,2.7,4.1,54142835.0,54.0,5.0,MFN_APPLIED,PARTNER_SPECIFIC,1.0,India - MERCOSUR PTA,In Force,PSA,Goods,1,5635,206,430,5576,0,0,0
IND,BRA,Brazil,BR,76.0,Americas,Latin America and the Caribbean,BRL,Brazilian Real,271019,Medium oils & petroleum preparations,2024,1387457.35,838964.82,548492.53,290472.29,1587606.08,1587606.08,0.8739,2,652386591914.62,15657.28,3.4,3.0,54684263.0,54.5,5.0,MFN_APPLIED,PARTNER_SPECIFIC,1.0,India - MERCOSUR PTA,In Force,PSA,Goods,1,5635,206,430,5576,0,0,0
IND,BRA,Brazil,BR,76.0,Americas,Latin America and the Caribbean,BRL,Brazilian Real,271019,Medium oils & petroleum preparations,2025,1364859.01,333913.26,1030945.75,-697032.49,1617839.06,1617839.06,0.8436,2,671958189672.06,16127.0,2.7,3.0,55231106.0,55.0,5.0,MFN_APPLIED,PARTNER_SPECIFIC,1.0,India - MERCOSUR PTA,In Force,PSA,Goods,1,5635,206,430,5576,0,0,0
IND,BRA,Brazil,BR,76.0,Americas,Latin America and the Caribbean,BRL,Brazilian Real,300490,Medicaments for therapeutic/prophylactic uses,2015,37344758.45,23091284.38,14253474.07,8837810.31,3336070.34,3336070.34,11.1942,2,500000000000.0,12000.0,2.7,3.0,50000000.0,50.0,5.0,MFN_APPLIED,PARTNER_SPECIFIC,1.0,India - MERCOSUR PTA,In Force,PSA,Goods,1,5635,206,430,5576,0,0,0
IND,BRA,Brazil,BR,76.0,Americas,Latin America and the Caribbean,BRL,Brazilian Real,300490,Medicaments for therapeutic/prophylactic uses,2016,38565547.81,22137315.39,16428232.42,5709082.97,3041921.06,3041921.06,12.678,2,515000000000.0,12360.0,3.4,3.0,50500000.0,50.5,5.0,MFN_APPLIED,PARTNER_SPECIFIC,1.0,India - MERCOSUR PTA,In Force,PSA,Goods,1,5635,206,430,5576,0,0,0
IND,BRA,Brazil,BR,76.0,Americas,Latin America and the Caribbean,BRL,Brazilian Real,300490,Medicaments for therapeutic/prophylactic uses,2017,58603964.88,24816980.6,33786984.28,-8970003.68,5042080.43,5042080.43,11.623,2,530450000000.0,12730.8,2.7,3.0,51005000.0,51.0,5.0,MFN_APPLIED,PARTNER_SPECIFIC,1.0,India - MERCOSUR PTA,In Force,PSA,Goods,1,5635,206,430,5576,0,0,0
IND,BRA,Brazil,BR,76.0,Americas,Latin America and the Caribbean,BRL,Brazilian Real,300490,Medicaments for therapeutic/prophylactic uses,2018,6728656.83,5385716.99,1342939.84,4042777.15,573443.97,573443.97,11.7338,2,546363500000.0,13112.72,3.4,3.0,51515050.0,51.5,5.0,MFN_APPLIED,PARTNER_SPECIFIC,1.0,India - MERCOSUR PTA,In Force,PSA,Goods,1,5635,206,430,5576,0,0,0
IND,BRA,Brazil,BR,76.0,Americas,Latin America and the Caribbean,BRL,Brazilian Real,300490,Medicaments for therapeutic/prophylactic uses,2019,4225261.05,1902927.71,2322333.34,-419405.63,427296.04,427296.04,9.8884,2,562754405000.0,13506.11,2.7,3.0,52030200.0,52.0,5.0,MFN_APPLIED,PARTNER_SPECIFIC,1.0,India - MERCOSUR PTA,In Force,PSA,Goods,1,5635,206,430,5576,0,0,0
IND,BRA,Brazil,BR,76.0,Americas,Latin America and the Caribbean,BRL,Brazilian Real,300490,Medicaments for therapeutic/prophylactic uses,2020,6559529.82,2889826.76,3669703.06,-779876.3,623720.97,623720.97,10.5168,2,579637037150.0,13911.29,3.4,3.0,52550502.0,52.5,5.0,MFN_APPLIED,PARTNER_SPECIFIC,1.0,India - MERCOSUR PTA,In Force,PSA,Goods,1,5635,206,430,5576,0,0,0
IND,BRA,Brazil,BR,76.0,Americas,Latin America and the Caribbean,BRL,Brazilian Real,300490,Medicaments for therapeutic/prophylactic uses,2021,50056575.96,30664518.28,19392057.68,11272460.6,4618757.65,4618757.65,10.8377,2,597026148264.5,14328.63,2.7,3.0,53076007.0,53.0,5.0,MFN_APPLIED,PARTNER_SPECIFIC,1.0,India - MERCOSUR PTA,In Force,PSA,Goods,1,5635,206,430,5576,0,0,0
IND,BRA,Brazil,BR,76.0,Americas,Latin America and the Caribbean,BRL,Brazilian Real,300490,Medicaments for therapeutic/prophylactic uses,2022,72090188.82,17477778.4,54612410.42,-37134632.02,6360278.28,6360278.28,11.3344,2,614936932712.44,14758.49,3.4,4.1,53606767.0,53.5,5.0,MFN_APPLIED,PARTNER_SPECIFIC,1.0,India - MERCOSUR PTA,In Force,PSA,Goods,1,5635,206,430,5576,0,0,0
IND,BRA,Brazil,BR,76.0,Americas,Latin America and the Caribbean,BRL,Brazilian Real,300490,Medicaments for therapeutic/prophylactic uses,2023,60050572.8,13255050.72,46795522.08,-33540471.36,4870658.51,4870658.51,12.329,2,633385040693.81,15201.24,2.7,4.1,54142835.0,54.0,5.0,MFN_APPLIED,PARTNER_SPECIFIC,1.0,India - MERCOSUR PTA,In Force,PSA,Goods,1,5635,206,430,5576,0,0,0
IND,BRA,Brazil,BR,76.0,Americas,Latin America and the Caribbean,BRL,Brazilian Real,300490,Medicaments for therapeutic/prophylactic uses,2024,33365387.83,17214784.74,16150603.09,1064181.65,3121961.36,3121961.36,10.6873,2,652386591914.62,15657.28,3.4,3.0,54684263.0,54.5,5.0,MFN_APPLIED,PARTNER_SPECIFIC,1.0,India - MERCOSUR PTA,In Force,PSA,Goods,1,5635,206,430,5576,0,0,0
IND,BRA,Brazil,BR,76.0,Americas,Latin America and the Caribbean,BRL,Brazilian Real,300490,Medicaments for therapeutic/prophylactic uses,2025,34457543.08,28125865.36,6331677.72,21794187.64,2633129.6,2633129.6,13.0862,2,671958189672.06,16127.0,2.7,3.0,55231106.0,55.0,5.0,MFN_APPLIED,PARTNER_SPECIFIC,1.0,India - MERCOSUR PTA,In Force,PSA,Goods,1,5635,206,430,5576,0,0,0
IND,BRA,Brazil,BR,76.0,Americas,Latin America and the Caribbean,BRL,Brazilian Real,520512,"Single cotton yarn, uncombed fibres",2015,12635518.77,6764236.73,5871282.04,892954.69,3634476.18,3634476.18,3.4766,2,500000000000.0,12000.0,2.7,3.0,50000000.0,50.0,7.5,MFN_APPLIED,PARTNER_SPECIFIC,1.0,India - MERCOSUR PTA,In Force,PSA,Goods,1,5635,206,430,5576,0,0,0
IND,BRA,Brazil,BR,76.0,Americas,Latin America and the Caribbean,BRL,Brazilian Real,520512,"Single cotton yarn, uncombed fibres",2016,6807112.87,3207059.05,3600053.82,-392994.77,1908390.14,1908390.14,3.5669,2,515000000000.0,12360.0,3.4,3.0,50500000.0,50.5,7.5,MFN_APPLIED,PARTNER_SPECIFIC,1.0,India - MERCOSUR PTA,In Force,PSA,Goods,1,5635,206,430,5576,0,0,0
IND,BRA,Brazil,BR,76.0,Americas,Latin America and the Caribbean,BRL,Brazilian Real,520512,"Single cotton yarn, uncombed fibres",2017,2463215.34,1167436.46,1295778.88,-128342.42,682062.06,682062.06,3.6114,2,530450000000.0,12730.8,2.7,3.0,51005000.0,51.0,7.5,MFN_APPLIED,PARTNER_SPECIFIC,1.0,India - MERCOSUR PTA,In Force,PSA,Goods,1,5635,206,430,5576,0,0,0
IND,BRA,Brazil,BR,76.0,Americas,Latin America and the Caribbean,BRL,Brazilian Real,520512,"Single cotton yarn, uncombed fibres",2018,9034976.76,4076723.87,4958252.89,-881529.02,2427490.6,2427490.6,3.7219,2,546363500000.0,13112.72,3.4,3.0,51515050.0,51.5,7.5,MFN_APPLIED,PARTNER_SPECIFIC,1.0,India - MERCOSUR PTA,In Force,PSA,Goods,1,5635,206,430,5576,0,0,0
IND,BRA,Brazil,BR,76.0,Americas,Latin America and the Caribbean,BRL,Brazilian Real,520512,"Single cotton yarn, uncombed fibres",2019,22287888.22,6532732.49,15755155.73,-9222423.24,6229986.54,6229986.54,3.5775,2,562754405000.0,13506.11,2.7,3.0,52030200.0,52.0,7.5,MFN_APPLIED,PARTNER_SPECIFIC,1.0,India - MERCOSUR PTA,In Force,PSA,Goods,1,5635,206,430,5576,0,0,0
IND,BRA,Brazil,BR,76.0,Americas,Latin America and the Caribbean,BRL,Brazilian Real,520512,"Single cotton yarn, uncombed fibres",2020,6639610.31,5337921.46,1301688.85,4036232.61,1786954.37,1786954.37,3.7156,2,579637037150.0,13911.29,3.4,3.0,52550502.0,52.5,7.5,MFN_APPLIED,PARTNER_SPECIFIC,1.0,India - MERCOSUR PTA,In Force,PSA,Goods,1,5635,206,430,5576,0,0,0
IND,BRA,Brazil,BR,76.0,Americas,Latin America and the Caribbean,BRL,Brazilian Real,520512,"Single cotton yarn, uncombed fibres",2021,11716324.32,7519666.13,4196658.19,3323007.94,3184188.66,3184188.66,3.6795,2,597026148264.5,14328.63,2.7,3.0,53076007.0,53.0,7.5,MFN_APPLIED,PARTNER_SPECIFIC,1.0,India - MERCOSUR PTA,In Force,PSA,Goods,1,5635,206,430,5576,0,0,0
IND,BRA,Brazil,BR,76.0,Americas,Latin America and the Caribbean,BRL,Brazilian Real,520512,"Single cotton yarn, uncombed fibres",2022,15078007.46,6010204.2,9067803.26,-3057599.06,4343525.32,4343525.32,3.4714,2,614936932712.44,14758.49,3.4,4.1,53606767.0,53.5,7.5,MFN_APPLIED,PARTNER_SPECIFIC,1.0,India - MERCOSUR PTA,In Force,PSA,Goods,1,5635,206,430,5576,0,0,0
IND,BRA,Brazil,BR,76.0,Americas,Latin America and the Caribbean,BRL,Brazilian Real,520512,"Single cotton yarn, uncombed fibres",2023,3976202.82,1819254.68,2156948.14,-337693.46,1087394.07,1087394.07,3.6566,2,633385040693.81,15201.24,2.7,4.1,54142835.0,54.0,7.5,MFN_APPLIED,PARTNER_SPECIFIC,1.0,India - MERCOSUR PTA,In Force,PSA,Goods,1,5635,206,430,5576,0,0,0
IND,BRA,Brazil,BR,76.0,Americas,Latin America and the Caribbean,BRL,Brazilian Real,520512,"Single cotton yarn, uncombed fibres",2024,9143555.46,6938829.89,2204725.57,4734104.32,2835303.59,2835303.59,3.2249,2,652386591914.62,15657.28,3.4,3.0,54684263.0,54.5,7.5,MFN_APPLIED,PARTNER_SPECIFIC,1.0,India - MERCOSUR PTA,In Force,PSA,Goods,1,5635,206,430,5576,0,0,0
IND,BRA,Brazil,BR,76.0,Americas,Latin America and the Caribbean,BRL,Brazilian Real,520512,"Single cotton yarn, uncombed fibres",2025,21998184.94,13443143.76,8555041.18,4888102.58,5449416.02,5449416.02,4.0368,2,671958189672.06,16127.0,2.7,3.0,55231106.0,55.0,7.5,MFN_APPLIED,PARTNER_SPECIFIC,1.0,India - MERCOSUR PTA,In Force,PSA,Goods,1,5635,206,430,5576,0,0,0
IND,BRA,Brazil,BR,76.0,Americas,Latin America and the Caribbean,BRL,Brazilian Real,711319,Articles of jewellery of precious metal (Gold),2015,91193046619.53,78664530010.58,12528516608.95,66136013401.63,2047264.48,2047264.48,44543.8523,2,500000000000.0,12000.0,2.7,3.0,50000000.0,50.0,12.5,MFN_APPLIED,PARTNER_SPECIFIC,1.0,India - MERCOSUR PTA,In Force,PSA,Goods,1,5635,206,430,5576,0,0,0
IND,BRA,Brazil,BR,76.0,Americas,Latin America and the Caribbean,BRL,Brazilian Real,711319,Articles of jewellery of precious metal (Gold),2016,50136071846.97,39718136365.51,10417935481.46,29300200884.05,992855.65,992855.65,50496.8389,2,515000000000.0,12360.0,3.4,3.0,50500000.0,50.5,12.5,MFN_APPLIED,PARTNER_SPECIFIC,1.0,India - MERCOSUR PTA,In Force,PSA,Goods,1,5635,206,430,5576,0,0,0
IND,BRA,Brazil,BR,76.0,Americas,Latin America and the Caribbean,BRL,Brazilian Real,711319,Articles of jewellery of precious metal (Gold),2017,122189343532.35,63719679626.26,58469663906.09,5250015720.17,2884022.15,2884022.15,42367.6855,2,530450000000.0,12730.8,2.7,3.0,51005000.0,51.0,12.5,MFN_APPLIED,PARTNER_SPECIFIC,1.0,India - MERCOSUR PTA,In Force,PSA,Goods,1,5635,206,430,5576,0,0,0
IND,BRA,Brazil,BR,76.0,Americas,Latin America and the Caribbean,BRL,Brazilian Real,711319,Articles of jewellery of precious metal (Gold),2018,114375361628.86,70778089730.71,43597271898.15,27180817832.56,2857887.16,2857887.16,40020.9509,2,546363500000.0,13112.72,3.4,3.0,51515050.0,51.5,12.5,MFN_APPLIED,PARTNER_SPECIFIC,1.0,India - MERCOSUR PTA,In Force,PSA,Goods,1,5635,206,430,5576,0,0,0
IND,BRA,Brazil,BR,76.0,Americas,Latin America and the Caribbean,BRL,Brazilian Real,711319,Articles of jewellery of precious metal (Gold),2019,49029171679.22,41407170345.88,7622001333.34,33785169012.54,1036972.74,1036972.74,47281.0613,2,562754405000.0,13506.11,2.7,3.0,52030200.0,52.0,12.5,MFN_APPLIED,PARTNER_SPECIFIC,1.0,India - MERCOSUR PTA,In Force,PSA,Goods,1,5635,206,430,5576,0,0,0
IND,BRA,Brazil,BR,76.0,Americas,Latin America and the Caribbean,BRL,Brazilian Real,711319,Articles of jewellery of precious metal (Gold),2020,86074375434.78,56669631913.57,29404743521.21,27264888392.36,1956516.19,1956516.19,43993.6944,2,579637037150.0,13911.29,3.4,3.0,52550502.0,52.5,12.5,MFN_APPLIED,PARTNER_SPECIFIC,1.0,India - MERCOSUR PTA,In Force,PSA,Goods,1,5635,206,430,5576,0,0,0
IND,BRA,Brazil,BR,76.0,Americas,Latin America and the Caribbean,BRL,Brazilian Real,711319,Articles of jewellery of precious metal (Gold),2021,118427976841.26,5843743877.23,112584232964.03,-106740489086.8,2828583.95,2828583.95,41868.2913,2,597026148264.5,14328.63,2.7,3.0,53076007.0,53.0,12.5,MFN_APPLIED,PARTNER_SPECIFIC,1.0,India - MERCOSUR PTA,In Force,PSA,Goods,1,5635,206,430,5576,0,0,0
IND,BRA,Brazil,BR,76.0,Americas,Latin America and the Caribbean,BRL,Brazilian Real,711319,Articles of jewellery of precious metal (Gold),2022,35382857247.01,32772696431.15,2610160815.86,30162535615.29,792896.81,792896.81,44624.7946,2,614936932712.44,14758.49,3.4,4.1,53606767.0,53.5,12.5,MFN_APPLIED,PARTNER_SPECIFIC,1.0,India - MERCOSUR PTA,In Force,PSA,Goods,1,5635,206,430,5576,0,0,0
IND,BRA,Brazil,BR,76.0,Americas,Latin America and the Caribbean,BRL,Brazilian Real,711319,Articles of jewellery of precious metal (Gold),2023,286579738464.36,162687975313.32,123891763151.04,38796212162.28,5976452.09,5976452.09,47951.4826,2,633385040693.81,15201.24,2.7,4.1,54142835.0,54.0,12.5,MFN_APPLIED,PARTNER_SPECIFIC,1.0,India - MERCOSUR PTA,In Force,PSA,Goods,1,5635,206,430,5576,0,0,0
IND,BRA,Brazil,BR,76.0,Americas,Latin America and the Caribbean,BRL,Brazilian Real,711319,Articles of jewellery of precious metal (Gold),2024,132158976709.88,62959178681.55,69199798028.33,-6240619346.78,2918976.03,2918976.03,45275.8006,2,652386591914.62,15657.28,3.4,3.0,54684263.0,54.5,12.5,MFN_APPLIED,PARTNER_SPECIFIC,1.0,India - MERCOSUR PTA,In Force,PSA,Goods,1,5635,206,430,5576,0,0,0
IND,BRA,Brazil,BR,76.0,Americas,Latin America and the Caribbean,BRL,Brazilian Real,711319,Articles of jewellery of precious metal (Gold),2025,131242961096.79,53840715640.31,77402245456.48,-23561529816.17,2978381.8,2978381.8,44065.1904,2,671958189672.06,16127.0,2.7,3.0,55231106.0,55.0,12.5,MFN_APPLIED,PARTNER_SPECIFIC,1.0,India - MERCOSUR PTA,In Force,PSA,Goods,1,5635,206,430,5576,0,0,0
IND,BRA,Brazil,BR,76.0,Americas,Latin America and the Caribbean,BRL,Brazilian Real,847130,Portable automatic data processing machines (Laptops),2015,249493089.45,112987023.47,136506065.98,-23519042.51,963447.63,963447.63,258.9586,2,500000000000.0,12000.0,2.7,3.0,50000000.0,50.0,0.0,MFN_APPLIED,PARTNER_SPECIFIC,1.0,India - MERCOSUR PTA,In Force,PSA,Goods,1,5635,206,430,5576,0,0,0
IND,BRA,Brazil,BR,76.0,Americas,Latin America and the Caribbean,BRL,Brazilian Real,847130,Portable automatic data processing machines (Laptops),2016,420247320.17,91213013.94,329034306.23,-237821292.29,2292807.4,2292807.4,183.2894,2,515000000000.0,12360.0,3.4,3.0,50500000.0,50.5,0.0,MFN_APPLIED,PARTNER_SPECIFIC,1.0,India - MERCOSUR PTA,In Force,PSA,Goods,1,5635,206,430,5576,0,0,0
IND,BRA,Brazil,BR,76.0,Americas,Latin America and the Caribbean,BRL,Brazilian Real,847130,Portable automatic data processing machines (Laptops),2017,726486189.43,492222984.04,234263205.39,257959778.65,2952788.7,2952788.7,246.0339,2,530450000000.0,12730.8,2.7,3.0,51005000.0,51.0,0.0,MFN_APPLIED,PARTNER_SPECIFIC,1.0,India - MERCOSUR PTA,In Force,PSA,Goods,1,5635,206,430,5576,0,0,0
IND,BRA,Brazil,BR,76.0,Americas,Latin America and the Caribbean,BRL,Brazilian Real,847130,Portable automatic data processing machines (Laptops),2018,1153912690.17,580434346.03,573478344.14,6956001.89,4359142.45,4359142.45,264.7109,2,546363500000.0,13112.72,3.4,3.0,51515050.0,51.5,0.0,MFN_APPLIED,PARTNER_SPECIFIC,1.0,India - MERCOSUR PTA,In Force,PSA,Goods,1,5635,206,430,5576,0,0,0
IND,BRA,Brazil,BR,76.0,Americas,Latin America and the Caribbean,BRL,Brazilian Real,847130,Portable automatic data processing machines (Laptops),2019,313601205.16,113634832.54,199966372.62,-86331540.08,1756621.71,1756621.71,178.5252,2,562754405000.0,13506.11,2.7,3.0,52030200.0,52.0,0.0,MFN_APPLIED,PARTNER_SPECIFIC,1.0,India - MERCOSUR PTA,In Force,PSA,Goods,1,5635,206,430,5576,0,0,0
IND,BRA,Brazil,BR,76.0,Americas,Latin America and the Caribbean,BRL,Brazilian Real,847130,Portable automatic data processing machines (Laptops),2020,484436988.1,121233502.23,363203485.87,-241969983.64,2875483.79,2875483.79,168.4715,2,579637037150.0,13911.29,3.4,3.0,52550502.0,52.5,0.0,MFN_APPLIED,PARTNER_SPECIFIC,1.0,India - MERCOSUR PTA,In Force,PSA,Goods,1,5635,206,430,5576,0,0,0
IND,BRA,Brazil,BR,76.0,Americas,Latin America and the Caribbean,BRL,Brazilian Real,847130,Portable automatic data processing machines (Laptops),2021,489861943.11,367937860.37,121924082.74,246013777.63,2031999.5,2031999.5,241.0739,2,597026148264.5,14328.63,2.7,3.0,53076007.0,53.0,0.0,MFN_APPLIED,PARTNER_SPECIFIC,1.0,India - MERCOSUR PTA,In Force,PSA,Goods,1,5635,206,430,5576,0,0,0
IND,BRA,Brazil,BR,76.0,Americas,Latin America and the Caribbean,BRL,Brazilian Real,847130,Portable automatic data processing machines (Laptops),2022,219377325.78,182045944.14,37331381.64,144714562.5,1061850.09,1061850.09,206.5991,2,614936932712.44,14758.49,3.4,4.1,53606767.0,53.5,0.0,MFN_APPLIED,PARTNER_SPECIFIC,1.0,India - MERCOSUR PTA,In Force,PSA,Goods,1,5635,206,430,5576,0,0,0
IND,BRA,Brazil,BR,76.0,Americas,Latin America and the Caribbean,BRL,Brazilian Real,847130,Portable automatic data processing machines (Laptops),2023,686821663.99,356590232.54,330231431.45,26358801.09,3135491.29,3135491.29,219.0475,2,633385040693.81,15201.24,2.7,4.1,54142835.0,54.0,0.0,MFN_APPLIED,PARTNER_SPECIFIC,1.0,India - MERCOSUR PTA,In Force,PSA,Goods,1,5635,206,430,5576,0,0,0
IND,BRA,Brazil,BR,76.0,Americas,Latin America and the Caribbean,BRL,Brazilian Real,847130,Portable automatic data processing machines (Laptops),2024,355858645.19,261806428.21,94052216.98,167754211.23,1963711.11,1963711.11,181.2174,2,652386591914.62,15657.28,3.4,3.0,54684263.0,54.5,0.0,MFN_APPLIED,PARTNER_SPECIFIC,1.0,India - MERCOSUR PTA,In Force,PSA,Goods,1,5635,206,430,5576,0,0,0
IND,BRA,Brazil,BR,76.0,Americas,Latin America and the Caribbean,BRL,Brazilian Real,847130,Portable automatic data processing machines (Laptops),2025,731354603.78,440107609.45,291246994.33,148860615.12,4453165.04,4453165.04,164.2325,2,671958189672.06,16127.0,2.7,3.0,55231106.0,55.0,0.0,MFN_APPLIED,PARTNER_SPECIFIC,1.0,India - MERCOSUR PTA,In Force,PSA,Goods,1,5635,206,430,5576,0,0,0
IND,BRA,Brazil,BR,76.0,Americas,Latin America and the Caribbean,BRL,Brazilian Real,851712,Telephones for cellular networks / smartphones,2015,130599735.27,32727236.92,97872498.35,-65145261.43,3093105.77,3093105.77,42.2228,2,500000000000.0,12000.0,2.7,3.0,50000000.0,50.0,0.0,MFN_APPLIED,PARTNER_SPECIFIC,1.0,India - MERCOSUR PTA,In Force,PSA,Goods,1,5635,206,430,5576,0,0,0
IND,BRA,Brazil,BR,76.0,Americas,Latin America and the Caribbean,BRL,Brazilian Real,851712,Telephones for cellular networks / smartphones,2016,126878819.63,23925444.15,102953375.48,-79027931.33,3717161.25,3717161.25,34.1333,2,515000000000.0,12360.0,3.4,3.0,50500000.0,50.5,0.0,MFN_APPLIED,PARTNER_SPECIFIC,1.0,India - MERCOSUR PTA,In Force,PSA,Goods,1,5635,206,430,5576,0,0,0
IND,BRA,Brazil,BR,76.0,Americas,Latin America and the Caribbean,BRL,Brazilian Real,851712,Telephones for cellular networks / smartphones,2017,96745744.81,6310252.94,90435491.87,-84125238.93,4161261.65,4161261.65,23.2491,2,530450000000.0,12730.8,2.7,3.0,51005000.0,51.0,0.0,MFN_APPLIED,PARTNER_SPECIFIC,1.0,India - MERCOSUR PTA,In Force,PSA,Goods,1,5635,206,430,5576,0,0,0
IND,BRA,Brazil,BR,76.0,Americas,Latin America and the Caribbean,BRL,Brazilian Real,851712,Telephones for cellular networks / smartphones,2018,89011927.96,41362987.81,47648940.15,-6285952.34,3188224.36,3188224.36,27.919,2,546363500000.0,13112.72,3.4,3.0,51515050.0,51.5,0.0,MFN_APPLIED,PARTNER_SPECIFIC,1.0,India - MERCOSUR PTA,In Force,PSA,Goods,1,5635,206,430,5576,0,0,0
IND,BRA,Brazil,BR,76.0,Americas,Latin America and the Caribbean,BRL,Brazilian Real,851712,Telephones for cellular networks / smartphones,2019,61734583.06,7020429.09,54714153.97,-47693724.88,2566262.92,2566262.92,24.0562,2,562754405000.0,13506.11,2.7,3.0,52030200.0,52.0,0.0,MFN_APPLIED,PARTNER_SPECIFIC,1.0,India - MERCOSUR PTA,In Force,PSA,Goods,1,5635,206,430,5576,0,0,0
IND,BRA,Brazil,BR,76.0,Americas,Latin America and the Caribbean,BRL,Brazilian Real,851712,Telephones for cellular networks / smartphones,2020,8924250.86,4941865.47,3982385.39,959480.08,342544.62,342544.62,26.0528,2,579637037150.0,13911.29,3.4,3.0,52550502.0,52.5,0.0,MFN_APPLIED,PARTNER_SPECIFIC,1.0,India - MERCOSUR PTA,In Force,PSA,Goods,1,5635,206,430,5576,0,0,0
IND,BRA,Brazil,BR,76.0,Americas,Latin America and the Caribbean,BRL,Brazilian Real,851712,Telephones for cellular networks / smartphones,2021,72364069.44,20803697.02,51560372.42,-30756675.4,2588178.88,2588178.88,27.9595,2,597026148264.5,14328.63,2.7,3.0,53076007.0,53.0,0.0,MFN_APPLIED,PARTNER_SPECIFIC,1.0,India - MERCOSUR PTA,In Force,PSA,Goods,1,5635,206,430,5576,0,0,0
IND,BRA,Brazil,BR,76.0,Americas,Latin America and the Caribbean,BRL,Brazilian Real,851712,Telephones for cellular networks / smartphones,2022,165362510.0,71582390.16,93780119.84,-22197729.68,4140819.6,4140819.6,39.9347,2,614936932712.44,14758.49,3.4,4.1,53606767.0,53.5,0.0,MFN_APPLIED,PARTNER_SPECIFIC,1.0,India - MERCOSUR PTA,In Force,PSA,Goods,1,5635,206,430,5576,0,0,0
IND,BRA,Brazil,BR,76.0,Americas,Latin America and the Caribbean,BRL,Brazilian Real,851712,Telephones for cellular networks / smartphones,2023,114063146.67,25078150.23,88984996.44,-63906846.21,3068277.9,3068277.9,37.175,2,633385040693.81,15201.24,2.7,4.1,54142835.0,54.0,0.0,MFN_APPLIED,PARTNER_SPECIFIC,1.0,India - MERCOSUR PTA,In Force,PSA,Goods,1,5635,206,430,5576,0,0,0
IND,BRA,Brazil,BR,76.0,Americas,Latin America and the Caribbean,BRL,Brazilian Real,851712,Telephones for cellular networks / smartphones,2024,90939366.79,11274340.26,79665026.53,-68390686.27,3157895.56,3157895.56,28.7975,2,652386591914.62,15657.28,3.4,3.0,54684263.0,54.5,0.0,MFN_APPLIED,PARTNER_SPECIFIC,1.0,India - MERCOSUR PTA,In Force,PSA,Goods,1,5635,206,430,5576,0,0,0
IND,BRA,Brazil,BR,76.0,Americas,Latin America and the Caribbean,BRL,Brazilian Real,851712,Telephones for cellular networks / smartphones,2025,84308721.74,44192688.79,40116032.95,4076655.84,3039609.97,3039609.97,27.7367,2,671958189672.06,16127.0,2.7,3.0,55231106.0,55.0,0.0,MFN_APPLIED,PARTNER_SPECIFIC,1.0,India - MERCOSUR PTA,In Force,PSA,Goods,1,5635,206,430,5576,0,0,0
IND,CHN,China,CN,156.0,Asia,Eastern Asia,CNY,Yuan Renminbi,90411,Pepper of the genus Piper; neither crushed nor ground (Black Pepper),2015,131015856.09,80671729.35,50344126.74,30327602.61,24241400.51,24241400.51,5.4046,16,11000000000000.0,8000.0,5.2,2.1,1400000000.0,38.0,15.0,MFN_APPLIED,PARTNER_SPECIFIC,1.0,Asia Pacific Trade Agreement (APTA),In Force,PSA & EIA,Goods & Services,1,1676,765,191,996,0,0,0
IND,CHN,China,CN,156.0,Asia,Eastern Asia,CNY,Yuan Renminbi,90411,Pepper of the genus Piper; neither crushed nor ground (Black Pepper),2016,113605364.39,51361553.99,62243810.4,-10882256.41,21033601.29,21033601.29,5.4011,16,11605000000000.0,8240.0,5.9,2.1,1414000000.0,38.5,15.0,MFN_APPLIED,PARTNER_SPECIFIC,1.0,Asia Pacific Trade Agreement (APTA),In Force,PSA & EIA,Goods & Services,1,1676,765,191,996,0,0,0
IND,CHN,China,CN,156.0,Asia,Eastern Asia,CNY,Yuan Renminbi,90411,Pepper of the genus Piper; neither crushed nor ground (Black Pepper),2017,147930720.8,70195316.01,77735404.79,-7540088.78,27666777.52,27666777.52,5.3469,16,12243275000000.0,8487.2,5.2,2.1,1428140000.0,39.0,15.0,MFN_APPLIED,PARTNER_SPECIFIC,1.0,Asia Pacific Trade Agreement (APTA),In Force,PSA & EIA,Goods & Services,1,1676,765,191,996,0,0,0
IND,CHN,China,CN,156.0,Asia,Eastern Asia,CNY,Yuan Renminbi,90411,Pepper of the genus Piper; neither crushed nor ground (Black Pepper),2018,125278439.53,58106994.03,67171445.5,-9064451.47,24203983.54,24203983.54,5.1759,16,12916655125000.0,8741.82,5.9,2.1,1442421400.0,39.5,15.0,MFN_APPLIED,PARTNER_SPECIFIC,1.0,Asia Pacific Trade Agreement (APTA),In Force,PSA & EIA,Goods & Services,1,1676,765,191,996,0,0,0
IND,CHN,China,CN,156.0,Asia,Eastern Asia,CNY,Yuan Renminbi,90411,Pepper of the genus Piper; neither crushed nor ground (Black Pepper),2019,119808873.19,64942048.67,54866824.52,10075224.15,21987249.75,21987249.75,5.449,16,13627071156875.0,9004.07,5.2,2.1,1456845614.0,40.0,15.0,MFN_APPLIED,PARTNER_SPECIFIC,1.0,Asia Pacific Trade Agreement (APTA),In Force,PSA & EIA,Goods & Services,1,1676,765,191,996,0,0,0
IND,CHN,China,CN,156.0,Asia,Eastern Asia,CNY,Yuan Renminbi,90411,Pepper of the genus Piper; neither crushed nor ground (Black Pepper),2020,101117797.4,53695531.46,47422265.94,6273265.52,19073114.24,19073114.24,5.3016,16,14376560070503.12,9274.19,5.9,2.1,1471414070.0,40.5,15.0,MFN_APPLIED,PARTNER_SPECIFIC,1.0,Asia Pacific Trade Agreement (APTA),In Force,PSA & EIA,Goods & Services,1,1676,765,191,996,0,0,0
IND,CHN,China,CN,156.0,Asia,Eastern Asia,CNY,Yuan Renminbi,90411,Pepper of the genus Piper; neither crushed nor ground (Black Pepper),2021,165856979.86,74949977.42,90907002.44,-15957025.02,31582771.5,31582771.5,5.2515,16,15167270874380.79,9552.42,5.2,2.1,1486128210.0,41.0,15.0,MFN_APPLIED,PARTNER_SPECIFIC,1.0,Asia Pacific Trade Agreement (APTA),In Force,PSA & EIA,Goods & Services,1,1676,765,191,996,0,0,0
IND,CHN,China,CN,156.0,Asia,Eastern Asia,CNY,Yuan Renminbi,90411,Pepper of the genus Piper; neither crushed nor ground (Black Pepper),2022,137565990.56,77532483.25999999,60033507.3,17498975.96,26754692.89,26754692.89,5.1418,16,16001470772471.73,9838.99,5.9,3.2,1500989492.0,41.5,15.0,MFN_APPLIED,PARTNER_SPECIFIC,1.0,Asia Pacific Trade Agreement (APTA),In Force,PSA & EIA,Goods & Services,1,1676,765,191,996,0,0,0
IND,CHN,China,CN,156.0,Asia,Eastern Asia,CNY,Yuan Renminbi,90411,Pepper of the genus Piper; neither crushed nor ground (Black Pepper),2023,136234702.41,69577337.28,66657365.13,2919972.15,25105096.29,25105096.29,5.4266,16,16881551664957.68,10134.16,5.2,3.2,1515999387.0,42.0,15.0,MFN_APPLIED,PARTNER_SPECIFIC,1.0,Asia Pacific Trade Agreement (APTA),In Force,PSA & EIA,Goods & Services,1,1676,765,191,996,0,0,0
IND,CHN,China,CN,156.0,Asia,Eastern Asia,CNY,Yuan Renminbi,90411,Pepper of the genus Piper; neither crushed nor ground (Black Pepper),2024,156800690.14,79109299.18,77691390.96,1417908.22,29408657.12,29408657.12,5.3318,16,17810037006530.35,10438.19,5.9,2.1,1531159381.0,42.5,15.0,MFN_APPLIED,PARTNER_SPECIFIC,1.0,Asia Pacific Trade Agreement (APTA),In Force,PSA & EIA,Goods & Services,1,1676,765,191,996,0,0,0
IND,CHN,China,CN,156.0,Asia,Eastern Asia,CNY,Yuan Renminbi,90411,Pepper of the genus Piper; neither crushed nor ground (Black Pepper),2025,167227896.98,81740848.81,85487048.17,-3746199.36,30881547.87,30881547.87,5.4151,16,18789589041889.52,10751.33,5.2,2.1,1546470975.0,43.0,15.0,MFN_APPLIED,PARTNER_SPECIFIC,1.0,Asia Pacific Trade Agreement (APTA),In Force,PSA & EIA,Goods & Services,1,1676,765,191,996,0,0,0
IND,CHN,China,CN,156.0,Asia,Eastern Asia,CNY,Yuan Renminbi,100630,"Semi-milled or wholly milled rice, whether or not polished or glazed (Basmati)",2015,27349848.18,14430849.75,12918998.43,1511851.32,21212110.79,21212110.79,1.2894,16,11000000000000.0,8000.0,5.2,2.1,1400000000.0,38.0,10.0,MFN_APPLIED,PARTNER_SPECIFIC,1.0,Asia Pacific Trade Agreement (APTA),In Force,PSA & EIA,Goods & Services,1,1676,765,191,996,0,0,0
IND,CHN,China,CN,156.0,Asia,Eastern Asia,CNY,Yuan Renminbi,100630,"Semi-milled or wholly milled rice, whether or not polished or glazed (Basmati)",2016,35734096.53,19254927.3,16479169.23,2775758.07,27565986.22,27565986.22,1.2963,16,11605000000000.0,8240.0,5.9,2.1,1414000000.0,38.5,10.0,MFN_APPLIED,PARTNER_SPECIFIC,1.0,Asia Pacific Trade Agreement (APTA),In Force,PSA & EIA,Goods & Services,1,1676,765,191,996,0,0,0
IND,CHN,China,CN,156.0,Asia,Eastern Asia,CNY,Yuan Renminbi,100630,"Semi-milled or wholly milled rice, whether or not polished or glazed (Basmati)",2017,30416294.41,13156139.03,17260155.38,-4104016.35,24582000.44,24582000.44,1.2373,16,12243275000000.0,8487.2,5.2,2.1,1428140000.0,39.0,10.0,MFN_APPLIED,PARTNER_SPECIFIC,1.0,Asia Pacific Trade Agreement (APTA),In Force,PSA & EIA,Goods & Services,1,1676,765,191,996,0,0,0
IND,CHN,China,CN,156.0,Asia,Eastern Asia,CNY,Yuan Renminbi,100630,"Semi-milled or wholly milled rice, whether or not polished or glazed (Basmati)",2018,29616241.74,9675966.23,19940275.51,-10264309.28,22593948.04,22593948.04,1.3108,16,12916655125000.0,8741.82,5.9,2.1,1442421400.0,39.5,10.0,MFN_APPLIED,PARTNER_SPECIFIC,1.0,Asia Pacific Trade Agreement (APTA),In Force,PSA & EIA,Goods & Services,1,1676,765,191,996,0,0,0
IND,CHN,China,CN,156.0,Asia,Eastern Asia,CNY,Yuan Renminbi,100630,"Semi-milled or wholly milled rice, whether or not polished or glazed (Basmati)",2019,32475712.62,15558334.72,16917377.9,-1359043.18,26295774.86,26295774.86,1.235,16,13627071156875.0,9004.07,5.2,2.1,1456845614.0,40.0,10.0,MFN_APPLIED,PARTNER_SPECIFIC,1.0,Asia Pacific Trade Agreement (APTA),In Force,PSA & EIA,Goods & Services,1,1676,765,191,996,0,0,0
IND,CHN,China,CN,156.0,Asia,Eastern Asia,CNY,Yuan Renminbi,100630,"Semi-milled or wholly milled rice, whether or not polished or glazed (Basmati)",2020,26353277.77,10693440.23,15659837.54,-4966397.31,20389112.8,20389112.8,1.2925,16,14376560070503.12,9274.19,5.9,2.1,1471414070.0,40.5,10.0,MFN_APPLIED,PARTNER_SPECIFIC,1.0,Asia Pacific Trade Agreement (APTA),In Force,PSA & EIA,Goods & Services,1,1676,765,191,996,0,0,0
IND,CHN,China,CN,156.0,Asia,Eastern Asia,CNY,Yuan Renminbi,100630,"Semi-milled or wholly milled rice, whether or not polished or glazed (Basmati)",2021,37490430.71,15246433.38,22243997.33,-6997563.95,29906772.41,29906772.41,1.2536,16,15167270874380.79,9552.42,5.2,2.1,1486128210.0,41.0,10.0,MFN_APPLIED,PARTNER_SPECIFIC,1.0,Asia Pacific Trade Agreement (APTA),In Force,PSA & EIA,Goods & Services,1,1676,765,191,996,0,0,0
IND,CHN,China,CN,156.0,Asia,Eastern Asia,CNY,Yuan Renminbi,100630,"Semi-milled or wholly milled rice, whether or not polished or glazed (Basmati)",2022,32391331.1,17529150.35,14862180.75,2666969.6,25493377.47,25493377.47,1.2706,16,16001470772471.73,9838.99,5.9,3.2,1500989492.0,41.5,10.0,MFN_APPLIED,PARTNER_SPECIFIC,1.0,Asia Pacific Trade Agreement (APTA),In Force,PSA & EIA,Goods & Services,1,1676,765,191,996,0,0,0
IND,CHN,China,CN,156.0,Asia,Eastern Asia,CNY,Yuan Renminbi,100630,"Semi-milled or wholly milled rice, whether or not polished or glazed (Basmati)",2023,44827711.4,23649437.39,21178274.01,2471163.38,34885555.72,34885555.72,1.285,16,16881551664957.68,10134.16,5.2,3.2,1515999387.0,42.0,10.0,MFN_APPLIED,PARTNER_SPECIFIC,1.0,Asia Pacific Trade Agreement (APTA),In Force,PSA & EIA,Goods & Services,1,1676,765,191,996,0,0,0
IND,CHN,China,CN,156.0,Asia,Eastern Asia,CNY,Yuan Renminbi,100630,"Semi-milled or wholly milled rice, whether or not polished or glazed (Basmati)",2024,50402299.34,24531686.9,25870612.44,-1338925.54,38221660.52,38221660.52,1.3187,16,17810037006530.35,10438.19,5.9,2.1,1531159381.0,42.5,10.0,MFN_APPLIED,PARTNER_SPECIFIC,1.0,Asia Pacific Trade Agreement (APTA),In Force,PSA & EIA,Goods & Services,1,1676,765,191,996,0,0,0
IND,CHN,China,CN,156.0,Asia,Eastern Asia,CNY,Yuan Renminbi,100630,"Semi-milled or wholly milled rice, whether or not polished or glazed (Basmati)",2025,41555846.74,21889199.04,19666647.7,2222551.34,32737076.45,32737076.45,1.2694,16,18789589041889.52,10751.33,5.2,2.1,1546470975.0,43.0,10.0,MFN_APPLIED,PARTNER_SPECIFIC,1.0,Asia Pacific Trade Agreement (APTA),In Force,PSA & EIA,Goods & Services,1,1676,765,191,996,0,0,0
IND,CHN,China,CN,156.0,Asia,Eastern Asia,CNY,Yuan Renminbi,271019,"Medium oils and preparations, of petroleum or bituminous minerals",2015,20146602.1,11280313.77,8866288.33,2414025.44,23483171.01,23483171.01,0.8579,16,11000000000000.0,8000.0,5.2,2.1,1400000000.0,38.0,5.0,MFN_APPLIED,PARTNER_SPECIFIC,1.0,Asia Pacific Trade Agreement (APTA),In Force,PSA & EIA,Goods & Services,1,1676,765,191,996,0,0,0
IND,CHN,China,CN,156.0,Asia,Eastern Asia,CNY,Yuan Renminbi,271019,"Medium oils and preparations, of petroleum or bituminous minerals",2016,15765470.78,11269722.75,4495748.029999999,6773974.72,18782013.74,18782013.74,0.8394,16,11605000000000.0,8240.0,5.9,2.1,1414000000.0,38.5,5.0,MFN_APPLIED,PARTNER_SPECIFIC,1.0,Asia Pacific Trade Agreement (APTA),In Force,PSA & EIA,Goods & Services,1,1676,765,191,996,0,0,0
IND,CHN,China,CN,156.0,Asia,Eastern Asia,CNY,Yuan Renminbi,271019,"Medium oils and preparations, of petroleum or bituminous minerals",2017,15052247.97,8960219.63,6092028.34,2868191.29,17233675.42,17233675.42,0.8734,16,12243275000000.0,8487.2,5.2,2.1,1428140000.0,39.0,5.0,MFN_APPLIED,PARTNER_SPECIFIC,1.0,Asia Pacific Trade Agreement (APTA),In Force,PSA & EIA,Goods & Services,1,1676,765,191,996,0,0,0
IND,CHN,China,CN,156.0,Asia,Eastern Asia,CNY,Yuan Renminbi,271019,"Medium oils and preparations, of petroleum or bituminous minerals",2018,23228563.78,12614470.53,10614093.25,2000377.28,27201103.79,27201103.79,0.854,16,12916655125000.0,8741.82,5.9,2.1,1442421400.0,39.5,5.0,MFN_APPLIED,PARTNER_SPECIFIC,1.0,Asia Pacific Trade Agreement (APTA),In Force,PSA & EIA,Goods & Services,1,1676,765,191,996,0,0,0
IND,CHN,China,CN,156.0,Asia,Eastern Asia,CNY,Yuan Renminbi,271019,"Medium oils and preparations, of petroleum or bituminous minerals",2019,24707682.15,10917273.67,13790408.48,-2873134.81,28781563.47,28781563.47,0.8585,16,13627071156875.0,9004.07,5.2,2.1,1456845614.0,40.0,5.0,MFN_APPLIED,PARTNER_SPECIFIC,1.0,Asia Pacific Trade Agreement (APTA),In Force,PSA & EIA,Goods & Services,1,1676,765,191,996,0,0,0
IND,CHN,China,CN,156.0,Asia,Eastern Asia,CNY,Yuan Renminbi,271019,"Medium oils and preparations, of petroleum or bituminous minerals",2020,18323757.32,10091929.09,8231828.23,1860100.86,21258361.91,21258361.91,0.862,16,14376560070503.12,9274.19,5.9,2.1,1471414070.0,40.5,5.0,MFN_APPLIED,PARTNER_SPECIFIC,1.0,Asia Pacific Trade Agreement (APTA),In Force,PSA & EIA,Goods & Services,1,1676,765,191,996,0,0,0
IND,CHN,China,CN,156.0,Asia,Eastern Asia,CNY,Yuan Renminbi,271019,"Medium oils and preparations, of petroleum or bituminous minerals",2021,25563323.23,13777953.38,11785369.85,1992583.53,29882998.88,29882998.88,0.8554,16,15167270874380.79,9552.42,5.2,2.1,1486128210.0,41.0,5.0,MFN_APPLIED,PARTNER_SPECIFIC,1.0,Asia Pacific Trade Agreement (APTA),In Force,PSA & EIA,Goods & Services,1,1676,765,191,996,0,0,0
IND,CHN,China,CN,156.0,Asia,Eastern Asia,CNY,Yuan Renminbi,271019,"Medium oils and preparations, of petroleum or bituminous minerals",2022,27491486.27,15364812.1,12126674.17,3238137.93,32247930.41,32247930.41,0.8525,16,16001470772471.73,9838.99,5.9,3.2,1500989492.0,41.5,5.0,MFN_APPLIED,PARTNER_SPECIFIC,1.0,Asia Pacific Trade Agreement (APTA),In Force,PSA & EIA,Goods & Services,1,1676,765,191,996,0,0,0
IND,CHN,China,CN,156.0,Asia,Eastern Asia,CNY,Yuan Renminbi,271019,"Medium oils and preparations, of petroleum or bituminous minerals",2023,30648282.57,13133293.64,17514988.93,-4381695.29,35557312.28,35557312.28,0.8619,16,16881551664957.68,10134.16,5.2,3.2,1515999387.0,42.0,5.0,MFN_APPLIED,PARTNER_SPECIFIC,1.0,Asia Pacific Trade Agreement (APTA),In Force,PSA & EIA,Goods & Services,1,1676,765,191,996,0,0,0
IND,CHN,China,CN,156.0,Asia,Eastern Asia,CNY,Yuan Renminbi,271019,"Medium oils and preparations, of petroleum or bituminous minerals",2024,25859494.48,13572205.64,12287288.84,1284916.8,29756496.61,29756496.61,0.869,16,17810037006530.35,10438.19,5.9,2.1,1531159381.0,42.5,5.0,MFN_APPLIED,PARTNER_SPECIFIC,1.0,Asia Pacific Trade Agreement (APTA),In Force,PSA & EIA,Goods & Services,1,1676,765,191,996,0,0,0
IND,CHN,China,CN,156.0,Asia,Eastern Asia,CNY,Yuan Renminbi,271019,"Medium oils and preparations, of petroleum or bituminous minerals",2025,28224487.67,11402538.75,16821948.92,-5419410.17,34592496.28,34592496.28,0.8159,16,18789589041889.52,10751.33,5.2,2.1,1546470975.0,43.0,5.0,MFN_APPLIED,PARTNER_SPECIFIC,1.0,Asia Pacific Trade Agreement (APTA),In Force,PSA & EIA,Goods & Services,1,1676,765,191,996,0,0,0
IND,CHN,China,CN,156.0,Asia,Eastern Asia,CNY,Yuan Renminbi,300490,Medicaments consisting of mixed or unmixed products for therapeutic uses,2015,277475915.7,108861234.77,168614680.93,-59753446.16,24471424.13,24471424.13,11.3388,16,11000000000000.0,8000.0,5.2,2.1,1400000000.0,38.0,5.0,MFN_APPLIED,PARTNER_SPECIFIC,1.0,Asia Pacific Trade Agreement (APTA),In Force,PSA & EIA,Goods & Services,1,1676,765,191,996,0,0,0
IND,CHN,China,CN,156.0,Asia,Eastern Asia,CNY,Yuan Renminbi,300490,Medicaments consisting of mixed or unmixed products for therapeutic uses,2016,287198027.13,182176122.68,105021904.45,77154218.23,24662426.35,24662426.35,11.6452,16,11605000000000.0,8240.0,5.9,2.1,1414000000.0,38.5,5.0,MFN_APPLIED,PARTNER_SPECIFIC,1.0,Asia Pacific Trade Agreement (APTA),In Force,PSA & EIA,Goods & Services,1,1676,765,191,996,0,0,0
IND,CHN,China,CN,156.0,Asia,Eastern Asia,CNY,Yuan Renminbi,300490,Medicaments consisting of mixed or unmixed products for therapeutic uses,2017,244857153.87,161598761.55,83258392.32000001,78340369.23,22084844.04,22084844.04,11.0871,16,12243275000000.0,8487.2,5.2,2.1,1428140000.0,39.0,5.0,MFN_APPLIED,PARTNER_SPECIFIC,1.0,Asia Pacific Trade Agreement (APTA),In Force,PSA & EIA,Goods & Services,1,1676,765,191,996,0,0,0
IND,CHN,China,CN,156.0,Asia,Eastern Asia,CNY,Yuan Renminbi,300490,Medicaments consisting of mixed or unmixed products for therapeutic uses,2018,251101739.44,81398225.61,169703513.83,-88305288.22,22654328.09,22654328.09,11.0841,16,12916655125000.0,8741.82,5.9,2.1,1442421400.0,39.5,5.0,MFN_APPLIED,PARTNER_SPECIFIC,1.0,Asia Pacific Trade Agreement (APTA),In Force,PSA & EIA,Goods & Services,1,1676,765,191,996,0,0,0
IND,CHN,China,CN,156.0,Asia,Eastern Asia,CNY,Yuan Renminbi,300490,Medicaments consisting of mixed or unmixed products for therapeutic uses,2019,272333502.63,113213563.43,159119939.2,-45906375.77,25878926.96,25878926.96,10.5234,16,13627071156875.0,9004.07,5.2,2.1,1456845614.0,40.0,5.0,MFN_APPLIED,PARTNER_SPECIFIC,1.0,Asia Pacific Trade Agreement (APTA),In Force,PSA & EIA,Goods & Services,1,1676,765,191,996,0,0,0
IND,CHN,China,CN,156.0,Asia,Eastern Asia,CNY,Yuan Renminbi,300490,Medicaments consisting of mixed or unmixed products for therapeutic uses,2020,241205856.84,100586179.78,140619677.06,-40033497.28,21065111.91,21065111.91,11.4505,16,14376560070503.12,9274.19,5.9,2.1,1471414070.0,40.5,5.0,MFN_APPLIED,PARTNER_SPECIFIC,1.0,Asia Pacific Trade Agreement (APTA),In Force,PSA & EIA,Goods & Services,1,1676,765,191,996,0,0,0
IND,CHN,China,CN,156.0,Asia,Eastern Asia,CNY,Yuan Renminbi,300490,Medicaments consisting of mixed or unmixed products for therapeutic uses,2021,307752550.0,132230712.55,175521837.45,-43291124.9,27170128.41,27170128.41,11.3269,16,15167270874380.79,9552.42,5.2,2.1,1486128210.0,41.0,5.0,MFN_APPLIED,PARTNER_SPECIFIC,1.0,Asia Pacific Trade Agreement (APTA),In Force,PSA & EIA,Goods & Services,1,1676,765,191,996,0,0,0
IND,CHN,China,CN,156.0,Asia,Eastern Asia,CNY,Yuan Renminbi,300490,Medicaments consisting of mixed or unmixed products for therapeutic uses,2022,292795123.63,157436249.0,135358874.63,22077374.37,24520342.45,24520342.45,11.9409,16,16001470772471.73,9838.99,5.9,3.2,1500989492.0,41.5,5.0,MFN_APPLIED,PARTNER_SPECIFIC,1.0,Asia Pacific Trade Agreement (APTA),In Force,PSA & EIA,Goods & Services,1,1676,765,191,996,0,0,0
IND,CHN,China,CN,156.0,Asia,Eastern Asia,CNY,Yuan Renminbi,300490,Medicaments consisting of mixed or unmixed products for therapeutic uses,2023,278187838.6,154894552.77,123293285.83,31601266.94,25019744.25,25019744.25,11.1187,16,16881551664957.68,10134.16,5.2,3.2,1515999387.0,42.0,5.0,MFN_APPLIED,PARTNER_SPECIFIC,1.0,Asia Pacific Trade Agreement (APTA),In Force,PSA & EIA,Goods & Services,1,1676,765,191,996,0,0,0
IND,CHN,China,CN,156.0,Asia,Eastern Asia,CNY,Yuan Renminbi,300490,Medicaments consisting of mixed or unmixed products for therapeutic uses,2024,382133130.22,210921391.42,171211738.8,39709652.62,34551902.36,34551902.36,11.0597,16,17810037006530.35,10438.19,5.9,2.1,1531159381.0,42.5,5.0,MFN_APPLIED,PARTNER_SPECIFIC,1.0,Asia Pacific Trade Agreement (APTA),In Force,PSA & EIA,Goods & Services,1,1676,765,191,996,0,0,0
IND,CHN,China,CN,156.0,Asia,Eastern Asia,CNY,Yuan Renminbi,300490,Medicaments consisting of mixed or unmixed products for therapeutic uses,2025,341731272.19,200570944.68,141160327.51,59410617.17,30533105.5,30533105.5,11.1922,16,18789589041889.52,10751.33,5.2,2.1,1546470975.0,43.0,5.0,MFN_APPLIED,PARTNER_SPECIFIC,1.0,Asia Pacific Trade Agreement (APTA),In Force,PSA & EIA,Goods & Services,1,1676,765,191,996,0,0,0
IND,CHN,China,CN,156.0,Asia,Eastern Asia,CNY,Yuan Renminbi,520512,"Single cotton yarn, of uncombed fibres, measuring < 714.29 dtex but >= 232.56 dtex",2015,74367043.35,36196214.53,38170828.82,-1974614.29,21148452.35,21148452.35,3.5164,16,11000000000000.0,8000.0,5.2,2.1,1400000000.0,38.0,7.5,MFN_APPLIED,PARTNER_SPECIFIC,1.0,Asia Pacific Trade Agreement (APTA),In Force,PSA & EIA,Goods & Services,1,1676,765,191,996,0,0,0
IND,CHN,China,CN,156.0,Asia,Eastern Asia,CNY,Yuan Renminbi,520512,"Single cotton yarn, of uncombed fibres, measuring < 714.29 dtex but >= 232.56 dtex",2016,81120151.79,35104092.55,46016059.24,-10911966.69,22050630.82,22050630.82,3.6788,16,11605000000000.0,8240.0,5.9,2.1,1414000000.0,38.5,7.5,MFN_APPLIED,PARTNER_SPECIFIC,1.0,Asia Pacific Trade Agreement (APTA),In Force,PSA & EIA,Goods & Services,1,1676,765,191,996,0,0,0
IND,CHN,China,CN,156.0,Asia,Eastern Asia,CNY,Yuan Renminbi,520512,"Single cotton yarn, of uncombed fibres, measuring < 714.29 dtex but >= 232.56 dtex",2017,93382259.08,50551057.13,42831201.95,7719855.18,26396199.0,26396199.0,3.5377,16,12243275000000.0,8487.2,5.2,2.1,1428140000.0,39.0,7.5,MFN_APPLIED,PARTNER_SPECIFIC,1.0,Asia Pacific Trade Agreement (APTA),In Force,PSA & EIA,Goods & Services,1,1676,765,191,996,0,0,0
IND,CHN,China,CN,156.0,Asia,Eastern Asia,CNY,Yuan Renminbi,520512,"Single cotton yarn, of uncombed fibres, measuring < 714.29 dtex but >= 232.56 dtex",2018,69728835.34,39591746.16,30137089.18,9454656.98,19580199.26,19580199.26,3.5612,16,12916655125000.0,8741.82,5.9,2.1,1442421400.0,39.5,7.5,MFN_APPLIED,PARTNER_SPECIFIC,1.0,Asia Pacific Trade Agreement (APTA),In Force,PSA & EIA,Goods & Services,1,1676,765,191,996,0,0,0
IND,CHN,China,CN,156.0,Asia,Eastern Asia,CNY,Yuan Renminbi,520512,"Single cotton yarn, of uncombed fibres, measuring < 714.29 dtex but >= 232.56 dtex",2019,109738839.03,49767420.760000005,59971418.27,-10203997.51,31054914.75,31054914.75,3.5337,16,13627071156875.0,9004.07,5.2,2.1,1456845614.0,40.0,7.5,MFN_APPLIED,PARTNER_SPECIFIC,1.0,Asia Pacific Trade Agreement (APTA),In Force,PSA & EIA,Goods & Services,1,1676,765,191,996,0,0,0
IND,CHN,China,CN,156.0,Asia,Eastern Asia,CNY,Yuan Renminbi,520512,"Single cotton yarn, of uncombed fibres, measuring < 714.29 dtex but >= 232.56 dtex",2020,122178325.66,61756981.98,60421343.68,1335638.3,33275688.6,33275688.6,3.6717,16,14376560070503.12,9274.19,5.9,2.1,1471414070.0,40.5,7.5,MFN_APPLIED,PARTNER_SPECIFIC,1.0,Asia Pacific Trade Agreement (APTA),In Force,PSA & EIA,Goods & Services,1,1676,765,191,996,0,0,0
IND,CHN,China,CN,156.0,Asia,Eastern Asia,CNY,Yuan Renminbi,520512,"Single cotton yarn, of uncombed fibres, measuring < 714.29 dtex but >= 232.56 dtex",2021,111093024.74,48100575.36,62992449.38,-14891874.02,30158210.81,30158210.81,3.6837,16,15167270874380.79,9552.42,5.2,2.1,1486128210.0,41.0,7.5,MFN_APPLIED,PARTNER_SPECIFIC,1.0,Asia Pacific Trade Agreement (APTA),In Force,PSA & EIA,Goods & Services,1,1676,765,191,996,0,0,0
IND,CHN,China,CN,156.0,Asia,Eastern Asia,CNY,Yuan Renminbi,520512,"Single cotton yarn, of uncombed fibres, measuring < 714.29 dtex but >= 232.56 dtex",2022,126761403.87,73999212.39,52762191.48,21237020.91,35011779.92,35011779.92,3.6205,16,16001470772471.73,9838.99,5.9,3.2,1500989492.0,41.5,7.5,MFN_APPLIED,PARTNER_SPECIFIC,1.0,Asia Pacific Trade Agreement (APTA),In Force,PSA & EIA,Goods & Services,1,1676,765,191,996,0,0,0
IND,CHN,China,CN,156.0,Asia,Eastern Asia,CNY,Yuan Renminbi,520512,"Single cotton yarn, of uncombed fibres, measuring < 714.29 dtex but >= 232.56 dtex",2023,140034221.77,75364205.82000001,64670015.95,10694189.87,37617223.73,37617223.73,3.7226,16,16881551664957.68,10134.16,5.2,3.2,1515999387.0,42.0,7.5,MFN_APPLIED,PARTNER_SPECIFIC,1.0,Asia Pacific Trade Agreement (APTA),In Force,PSA & EIA,Goods & Services,1,1676,765,191,996,0,0,0
IND,CHN,China,CN,156.0,Asia,Eastern Asia,CNY,Yuan Renminbi,520512,"Single cotton yarn, of uncombed fibres, measuring < 714.29 dtex but >= 232.56 dtex",2024,94963600.52,36719283.61,58244316.91,-21525033.3,26126466.81,26126466.81,3.6348,16,17810037006530.35,10438.19,5.9,2.1,1531159381.0,42.5,7.5,MFN_APPLIED,PARTNER_SPECIFIC,1.0,Asia Pacific Trade Agreement (APTA),In Force,PSA & EIA,Goods & Services,1,1676,765,191,996,0,0,0
IND,CHN,China,CN,156.0,Asia,Eastern Asia,CNY,Yuan Renminbi,520512,"Single cotton yarn, of uncombed fibres, measuring < 714.29 dtex but >= 232.56 dtex",2025,149769604.19,75465962.66,74303641.53,1162321.13,40849719.35,40849719.35,3.6664,16,18789589041889.52,10751.33,5.2,2.1,1546470975.0,43.0,7.5,MFN_APPLIED,PARTNER_SPECIFIC,1.0,Asia Pacific Trade Agreement (APTA),In Force,PSA & EIA,Goods & Services,1,1676,765,191,996,0,0,0
IND,CHN,China,CN,156.0,Asia,Eastern Asia,CNY,Yuan Renminbi,711319,"Articles of jewellery and parts thereof, of precious metal other than silver",2015,962224508454.14,524081213653.27,438143294800.87,85937918852.4,22485229.7,22485229.7,42793.6259,16,11000000000000.0,8000.0,5.2,2.1,1400000000.0,38.0,12.5,MFN_APPLIED,PARTNER_SPECIFIC,1.0,Asia Pacific Trade Agreement (APTA),In Force,PSA & EIA,Goods & Services,1,1676,765,191,996,0,0,0
IND,CHN,China,CN,156.0,Asia,Eastern Asia,CNY,Yuan Renminbi,711319,"Articles of jewellery and parts thereof, of precious metal other than silver",2016,993996242190.74,401473037031.39,592523205159.35,-191050168127.96,21214324.3,21214324.3,46854.9565,16,11605000000000.0,8240.0,5.9,2.1,1414000000.0,38.5,12.5,MFN_APPLIED,PARTNER_SPECIFIC,1.0,Asia Pacific Trade Agreement (APTA),In Force,PSA & EIA,Goods & Services,1,1676,765,191,996,0,0,0
IND,CHN,China,CN,156.0,Asia,Eastern Asia,CNY,Yuan Renminbi,711319,"Articles of jewellery and parts thereof, of precious metal other than silver",2017,1245049001505.1,668932652611.3201,576116348893.78,92816303717.54,27656156.12,27656156.12,45018.8738,16,12243275000000.0,8487.2,5.2,2.1,1428140000.0,39.0,12.5,MFN_APPLIED,PARTNER_SPECIFIC,1.0,Asia Pacific Trade Agreement (APTA),In Force,PSA & EIA,Goods & Services,1,1676,765,191,996,0,0,0
IND,CHN,China,CN,156.0,Asia,Eastern Asia,CNY,Yuan Renminbi,711319,"Articles of jewellery and parts thereof, of precious metal other than silver",2018,1421895646149.55,744056180434.68,677839465714.87,66216714719.81,32846289.55,32846289.55,43289.3841,16,12916655125000.0,8741.82,5.9,2.1,1442421400.0,39.5,12.5,MFN_APPLIED,PARTNER_SPECIFIC,1.0,Asia Pacific Trade Agreement (APTA),In Force,PSA & EIA,Goods & Services,1,1676,765,191,996,0,0,0
IND,CHN,China,CN,156.0,Asia,Eastern Asia,CNY,Yuan Renminbi,711319,"Articles of jewellery and parts thereof, of precious metal other than silver",2019,1305582000800.3,714760853499.75,590821147300.55,123939706199.2,29086240.93,29086240.93,44886.5841,16,13627071156875.0,9004.07,5.2,2.1,1456845614.0,40.0,12.5,MFN_APPLIED,PARTNER_SPECIFIC,1.0,Asia Pacific Trade Agreement (APTA),In Force,PSA & EIA,Goods & Services,1,1676,765,191,996,0,0,0
IND,CHN,China,CN,156.0,Asia,Eastern Asia,CNY,Yuan Renminbi,711319,"Articles of jewellery and parts thereof, of precious metal other than silver",2020,1235048957012.9,815799584585.4199,419249372427.48,396550212157.94,26949995.91,26949995.91,45827.4265,16,14376560070503.12,9274.19,5.9,2.1,1471414070.0,40.5,12.5,MFN_APPLIED,PARTNER_SPECIFIC,1.0,Asia Pacific Trade Agreement (APTA),In Force,PSA & EIA,Goods & Services,1,1676,765,191,996,0,0,0
IND,CHN,China,CN,156.0,Asia,Eastern Asia,CNY,Yuan Renminbi,711319,"Articles of jewellery and parts thereof, of precious metal other than silver",2021,1424387595485.95,661545112462.08,762842483023.87,-101297370561.79,32478734.11,32478734.11,43856.0072,16,15167270874380.79,9552.42,5.2,2.1,1486128210.0,41.0,12.5,MFN_APPLIED,PARTNER_SPECIFIC,1.0,Asia Pacific Trade Agreement (APTA),In Force,PSA & EIA,Goods & Services,1,1676,765,191,996,0,0,0
IND,CHN,China,CN,156.0,Asia,Eastern Asia,CNY,Yuan Renminbi,711319,"Articles of jewellery and parts thereof, of precious metal other than silver",2022,1303988759701.57,631958339305.9299,672030420395.64,-40072081089.71,29151468.84,29151468.84,44731.4942,16,16001470772471.73,9838.99,5.9,3.2,1500989492.0,41.5,12.5,MFN_APPLIED,PARTNER_SPECIFIC,1.0,Asia Pacific Trade Agreement (APTA),In Force,PSA & EIA,Goods & Services,1,1676,765,191,996,0,0,0
IND,CHN,China,CN,156.0,Asia,Eastern Asia,CNY,Yuan Renminbi,711319,"Articles of jewellery and parts thereof, of precious metal other than silver",2023,1403908232936.62,822950053484.14,580958179452.48,241991874031.66,30925845.24,30925845.24,45395.9535,16,16881551664957.68,10134.16,5.2,3.2,1515999387.0,42.0,12.5,MFN_APPLIED,PARTNER_SPECIFIC,1.0,Asia Pacific Trade Agreement (APTA),In Force,PSA & EIA,Goods & Services,1,1676,765,191,996,0,0,0
IND,CHN,China,CN,156.0,Asia,Eastern Asia,CNY,Yuan Renminbi,711319,"Articles of jewellery and parts thereof, of precious metal other than silver",2024,1391150799608.63,825850636424.21,565300163184.42,260550473239.79,33583732.48,33583732.48,41423.3528,16,17810037006530.35,10438.19,5.9,2.1,1531159381.0,42.5,12.5,MFN_APPLIED,PARTNER_SPECIFIC,1.0,Asia Pacific Trade Agreement (APTA),In Force,PSA & EIA,Goods & Services,1,1676,765,191,996,0,0,0
IND,CHN,China,CN,156.0,Asia,Eastern Asia,CNY,Yuan Renminbi,711319,"Articles of jewellery and parts thereof, of precious metal other than silver",2025,1444561422921.42,800301474442.75,644259948478.67,156041525964.08,34476305.05,34476305.05,41900.123,16,18789589041889.52,10751.33,5.2,2.1,1546470975.0,43.0,12.5,MFN_APPLIED,PARTNER_SPECIFIC,1.0,Asia Pacific Trade Agreement (APTA),In Force,PSA & EIA,Goods & Services,1,1676,765,191,996,0,0,0
IND,CHN,China,CN,156.0,Asia,Eastern Asia,CNY,Yuan Renminbi,847130,"Portable automatic data processing machines, weighing not more than 10 kg (Laptops)",2015,4574749848.88,2200322666.67,2374427182.21,-174104515.54,23369784.66,23369784.66,195.7549,16,11000000000000.0,8000.0,5.2,2.1,1400000000.0,38.0,0.0,MFN_APPLIED,PARTNER_SPECIFIC,1.0,Asia Pacific Trade Agreement (APTA),In Force,PSA & EIA,Goods & Services,1,1676,765,191,996,0,0,0
IND,CHN,China,CN,156.0,Asia,Eastern Asia,CNY,Yuan Renminbi,847130,"Portable automatic data processing machines, weighing not more than 10 kg (Laptops)",2016,5071239779.0,2869568259.95,2201671519.05,667896740.9,22616832.85,22616832.85,224.2241,16,11605000000000.0,8240.0,5.9,2.1,1414000000.0,38.5,0.0,MFN_APPLIED,PARTNER_SPECIFIC,1.0,Asia Pacific Trade Agreement (APTA),In Force,PSA & EIA,Goods & Services,1,1676,765,191,996,0,0,0
IND,CHN,China,CN,156.0,Asia,Eastern Asia,CNY,Yuan Renminbi,847130,"Portable automatic data processing machines, weighing not more than 10 kg (Laptops)",2017,3886976619.02,1332471156.3,2554505462.72,-1222034306.42,20887592.99,20887592.99,186.0902,16,12243275000000.0,8487.2,5.2,2.1,1428140000.0,39.0,0.0,MFN_APPLIED,PARTNER_SPECIFIC,1.0,Asia Pacific Trade Agreement (APTA),In Force,PSA & EIA,Goods & Services,1,1676,765,191,996,0,0,0
IND,CHN,China,CN,156.0,Asia,Eastern Asia,CNY,Yuan Renminbi,847130,"Portable automatic data processing machines, weighing not more than 10 kg (Laptops)",2018,4776369533.66,3326142821.41,1450226712.25,1875916109.16,24825911.59,24825911.59,192.3945,16,12916655125000.0,8741.82,5.9,2.1,1442421400.0,39.5,0.0,MFN_APPLIED,PARTNER_SPECIFIC,1.0,Asia Pacific Trade Agreement (APTA),In Force,PSA & EIA,Goods & Services,1,1676,765,191,996,0,0,0
IND,CHN,China,CN,156.0,Asia,Eastern Asia,CNY,Yuan Renminbi,847130,"Portable automatic data processing machines, weighing not more than 10 kg (Laptops)",2019,4914048309.79,3144143466.17,1769904843.62,1374238622.55,23243598.87,23243598.87,211.4151,16,13627071156875.0,9004.07,5.2,2.1,1456845614.0,40.0,0.0,MFN_APPLIED,PARTNER_SPECIFIC,1.0,Asia Pacific Trade Agreement (APTA),In Force,PSA & EIA,Goods & Services,1,1676,765,191,996,0,0,0
IND,CHN,China,CN,156.0,Asia,Eastern Asia,CNY,Yuan Renminbi,847130,"Portable automatic data processing machines, weighing not more than 10 kg (Laptops)",2020,5844171270.61,2706058312.63,3138112957.98,-432054645.35,30127484.44,30127484.44,193.9814,16,14376560070503.12,9274.19,5.9,2.1,1471414070.0,40.5,0.0,MFN_APPLIED,PARTNER_SPECIFIC,1.0,Asia Pacific Trade Agreement (APTA),In Force,PSA & EIA,Goods & Services,1,1676,765,191,996,0,0,0
IND,CHN,China,CN,156.0,Asia,Eastern Asia,CNY,Yuan Renminbi,847130,"Portable automatic data processing machines, weighing not more than 10 kg (Laptops)",2021,6269659498.52,2650523431.36,3619136067.16,-968612635.8,27733585.02,27733585.02,226.0674,16,15167270874380.79,9552.42,5.2,2.1,1486128210.0,41.0,0.0,MFN_APPLIED,PARTNER_SPECIFIC,1.0,Asia Pacific Trade Agreement (APTA),In Force,PSA & EIA,Goods & Services,1,1676,765,191,996,0,0,0
IND,CHN,China,CN,156.0,Asia,Eastern Asia,CNY,Yuan Renminbi,847130,"Portable automatic data processing machines, weighing not more than 10 kg (Laptops)",2022,7994900958.91,3921811094.87,4073089864.04,-151278769.17,37920146.48,37920146.48,210.8352,16,16001470772471.73,9838.99,5.9,3.2,1500989492.0,41.5,0.0,MFN_APPLIED,PARTNER_SPECIFIC,1.0,Asia Pacific Trade Agreement (APTA),In Force,PSA & EIA,Goods & Services,1,1676,765,191,996,0,0,0
IND,CHN,China,CN,156.0,Asia,Eastern Asia,CNY,Yuan Renminbi,847130,"Portable automatic data processing machines, weighing not more than 10 kg (Laptops)",2023,6582032159.96,1920031684.76,4662000475.2,-2741968790.44,34697454.91,34697454.91,189.6978,16,16881551664957.68,10134.16,5.2,3.2,1515999387.0,42.0,0.0,MFN_APPLIED,PARTNER_SPECIFIC,1.0,Asia Pacific Trade Agreement (APTA),In Force,PSA & EIA,Goods & Services,1,1676,765,191,996,0,0,0
IND,CHN,China,CN,156.0,Asia,Eastern Asia,CNY,Yuan Renminbi,847130,"Portable automatic data processing machines, weighing not more than 10 kg (Laptops)",2024,7400624594.58,3146514372.25,4254110222.33,-1107595850.08,35064469.85,35064469.85,211.0576,16,17810037006530.35,10438.19,5.9,2.1,1531159381.0,42.5,0.0,MFN_APPLIED,PARTNER_SPECIFIC,1.0,Asia Pacific Trade Agreement (APTA),In Force,PSA & EIA,Goods & Services,1,1676,765,191,996,0,0,0
IND,CHN,China,CN,156.0,Asia,Eastern Asia,CNY,Yuan Renminbi,847130,"Portable automatic data processing machines, weighing not more than 10 kg (Laptops)",2025,5499258065.77,2472170399.16,3027087666.61,-554917267.45,28090913.17,28090913.17,195.7664,16,18789589041889.52,10751.33,5.2,2.1,1546470975.0,43.0,0.0,MFN_APPLIED,PARTNER_SPECIFIC,1.0,Asia Pacific Trade Agreement (APTA),In Force,PSA & EIA,Goods & Services,1,1676,765,191,996,0,0,0
IND,CHN,China,CN,156.0,Asia,Eastern Asia,CNY,Yuan Renminbi,851712,Telephones for cellular networks or for other wireless networks,2015,756975999.87,442524492.62,314451507.25,128072985.37,23646777.56,23646777.56,32.0118,16,11000000000000.0,8000.0,5.2,2.1,1400000000.0,38.0,0.0,MFN_APPLIED,PARTNER_SPECIFIC,1.0,Asia Pacific Trade Agreement (APTA),In Force,PSA & EIA,Goods & Services,1,1676,765,191,996,0,0,0
IND,CHN,China,CN,156.0,Asia,Eastern Asia,CNY,Yuan Renminbi,851712,Telephones for cellular networks or for other wireless networks,2016,719851368.18,419015336.06,300836032.12,118179303.94,22009247.18,22009247.18,32.7068,16,11605000000000.0,8240.0,5.9,2.1,1414000000.0,38.5,0.0,MFN_APPLIED,PARTNER_SPECIFIC,1.0,Asia Pacific Trade Agreement (APTA),In Force,PSA & EIA,Goods & Services,1,1676,765,191,996,0,0,0
IND,CHN,China,CN,156.0,Asia,Eastern Asia,CNY,Yuan Renminbi,851712,Telephones for cellular networks or for other wireless networks,2017,644454307.28,372812958.69,271641348.59000003,101171610.1,23175792.26,23175792.26,27.8072,16,12243275000000.0,8487.2,5.2,2.1,1428140000.0,39.0,0.0,MFN_APPLIED,PARTNER_SPECIFIC,1.0,Asia Pacific Trade Agreement (APTA),In Force,PSA & EIA,Goods & Services,1,1676,765,191,996,0,0,0
IND,CHN,China,CN,156.0,Asia,Eastern Asia,CNY,Yuan Renminbi,851712,Telephones for cellular networks or for other wireless networks,2018,1000322610.55,446109521.0,554213089.55,-108103568.55,30134538.46,30134538.46,33.1952,16,12916655125000.0,8741.82,5.9,2.1,1442421400.0,39.5,0.0,MFN_APPLIED,PARTNER_SPECIFIC,1.0,Asia Pacific Trade Agreement (APTA),In Force,PSA & EIA,Goods & Services,1,1676,765,191,996,0,0,0
IND,CHN,China,CN,156.0,Asia,Eastern Asia,CNY,Yuan Renminbi,851712,Telephones for cellular networks or for other wireless networks,2019,769118169.25,322625590.69,446492578.56,-123866987.87,24919878.98,24919878.98,30.8636,16,13627071156875.0,9004.07,5.2,2.1,1456845614.0,40.0,0.0,MFN_APPLIED,PARTNER_SPECIFIC,1.0,Asia Pacific Trade Agreement (APTA),In Force,PSA & EIA,Goods & Services,1,1676,765,191,996,0,0,0
IND,CHN,China,CN,156.0,Asia,Eastern Asia,CNY,Yuan Renminbi,851712,Telephones for cellular networks or for other wireless networks,2020,738218135.81,341788839.21000004,396429296.6,-54640457.39,24823207.67,24823207.67,29.739,16,14376560070503.12,9274.19,5.9,2.1,1471414070.0,40.5,0.0,MFN_APPLIED,PARTNER_SPECIFIC,1.0,Asia Pacific Trade Agreement (APTA),In Force,PSA & EIA,Goods & Services,1,1676,765,191,996,0,0,0
IND,CHN,China,CN,156.0,Asia,Eastern Asia,CNY,Yuan Renminbi,851712,Telephones for cellular networks or for other wireless networks,2021,901080604.52,577966169.97,323114434.55,254851735.42,26295174.68,26295174.68,34.2679,16,15167270874380.79,9552.42,5.2,2.1,1486128210.0,41.0,0.0,MFN_APPLIED,PARTNER_SPECIFIC,1.0,Asia Pacific Trade Agreement (APTA),In Force,PSA & EIA,Goods & Services,1,1676,765,191,996,0,0,0
IND,CHN,China,CN,156.0,Asia,Eastern Asia,CNY,Yuan Renminbi,851712,Telephones for cellular networks or for other wireless networks,2022,1097314601.35,581657971.84,515656629.51,66001342.33,35739290.28,35739290.28,30.7033,16,16001470772471.73,9838.99,5.9,3.2,1500989492.0,41.5,0.0,MFN_APPLIED,PARTNER_SPECIFIC,1.0,Asia Pacific Trade Agreement (APTA),In Force,PSA & EIA,Goods & Services,1,1676,765,191,996,0,0,0
IND,CHN,China,CN,156.0,Asia,Eastern Asia,CNY,Yuan Renminbi,851712,Telephones for cellular networks or for other wireless networks,2023,936089744.19,460392688.33,475697055.86,-15304367.53,29962146.69,29962146.69,31.2424,16,16881551664957.68,10134.16,5.2,3.2,1515999387.0,42.0,0.0,MFN_APPLIED,PARTNER_SPECIFIC,1.0,Asia Pacific Trade Agreement (APTA),In Force,PSA & EIA,Goods & Services,1,1676,765,191,996,0,0,0
IND,CHN,China,CN,156.0,Asia,Eastern Asia,CNY,Yuan Renminbi,851712,Telephones for cellular networks or for other wireless networks,2024,688199924.83,310938940.3,377260984.53,-66322044.23,25830286.09,25830286.09,26.6431,16,17810037006530.35,10438.19,5.9,2.1,1531159381.0,42.5,0.0,MFN_APPLIED,PARTNER_SPECIFIC,1.0,Asia Pacific Trade Agreement (APTA),In Force,PSA & EIA,Goods & Services,1,1676,765,191,996,0,0,0
IND,CHN,China,CN,156.0,Asia,Eastern Asia,CNY,Yuan Renminbi,851712,Telephones for cellular networks or for other wireless networks,2025,1369229932.23,554164652.8199999,815065279.4100001,-260900626.59,41820413.69,41820413.69,32.7407,16,18789589041889.52,10751.33,5.2,2.1,1546470975.0,43.0,0.0,MFN_APPLIED,PARTNER_SPECIFIC,1.0,Asia Pacific Trade Agreement (APTA),In Force,PSA & EIA,Goods & Services,1,1676,765,191,996,0,0,0
IND,DEU,Germany,DE,276.0,Europe,Western Europe,EUR,Euro,90411,Pepper of the genus Piper; neither crushed nor ground (Black Pepper),2015,112672910.52,69044660.27,43628250.25,25416410.02,21118559.24,21118559.24,5.3353,16,3380000000000.0,41200.0,0.9,2.8,82000000.0,88.0,0.0,PREFERENTIAL,PARTNER_SPECIFIC,0.0,EU - India,Under Negotiation,FTA & EIA,Goods & Services,0,10026,879,112,9939,0,0,0
IND,DEU,Germany,DE,276.0,Europe,Western Europe,EUR,Euro,90411,Pepper of the genus Piper; neither crushed nor ground (Black Pepper),2016,155480081.14,85520750.86,69959330.28,15561420.58,28244031.25,28244031.25,5.5049,16,3420560000000.0,42436.0,1.6,2.8,82820000.0,88.5,0.0,PREFERENTIAL,PARTNER_SPECIFIC,0.0,EU - India,Under Negotiation,FTA & EIA,Goods & Services,0,10026,879,112,9939,0,0,0
IND,DEU,Germany,DE,276.0,Europe,Western Europe,EUR,Euro,90411,Pepper of the genus Piper; neither crushed nor ground (Black Pepper),2017,147985241.6,68805667.57,79179574.03,-10373906.46,28436304.36,28436304.36,5.2041,16,3461606720000.0,43709.08,0.9,2.8,83648200.0,89.0,0.0,PREFERENTIAL,PARTNER_SPECIFIC,0.0,EU - India,Under Negotiation,FTA & EIA,Goods & Services,0,10026,879,112,9939,0,0,0
IND,DEU,Germany,DE,276.0,Europe,Western Europe,EUR,Euro,90411,Pepper of the genus Piper; neither crushed nor ground (Black Pepper),2018,104349899.37,50076970.97,54272928.4,-4195957.43,19914436.11,19914436.11,5.2399,16,3503146000640.0,45020.35,1.6,2.8,84484682.0,89.5,0.0,PREFERENTIAL,PARTNER_SPECIFIC,0.0,EU - India,Under Negotiation,FTA & EIA,Goods & Services,0,10026,879,112,9939,0,0,0
IND,DEU,Germany,DE,276.0,Europe,Western Europe,EUR,Euro,90411,Pepper of the genus Piper; neither crushed nor ground (Black Pepper),2019,170035933.22,79138711.4,90897221.82,-11758510.42,31952201.52,31952201.52,5.3216,16,3545183752647.68,46370.96,0.9,2.8,85329528.0,90.0,0.0,PREFERENTIAL,PARTNER_SPECIFIC,0.0,EU - India,Under Negotiation,FTA & EIA,Goods & Services,0,10026,879,112,9939,0,0,0
IND,DEU,Germany,DE,276.0,Europe,Western Europe,EUR,Euro,90411,Pepper of the genus Piper; neither crushed nor ground (Black Pepper),2020,147242711.23,53448527.94,93794183.29,-40345655.35,26867278.98,26867278.98,5.4804,16,3587725957679.45,47762.09,1.6,2.8,86182824.0,90.5,0.0,PREFERENTIAL,PARTNER_SPECIFIC,0.0,EU - India,Under Negotiation,FTA & EIA,Goods & Services,0,10026,879,112,9939,0,0,0
IND,DEU,Germany,DE,276.0,Europe,Western Europe,EUR,Euro,90411,Pepper of the genus Piper; neither crushed nor ground (Black Pepper),2021,167607688.18,75012673.5,92595014.68,-17582341.18,30777188.04,30777188.04,5.4458,16,3630778669171.61,49194.95,0.9,2.8,87044652.0,91.0,0.0,PREFERENTIAL,PARTNER_SPECIFIC,0.0,EU - India,Under Negotiation,FTA & EIA,Goods & Services,0,10026,879,112,9939,0,0,0
IND,DEU,Germany,DE,276.0,Europe,Western Europe,EUR,Euro,90411,Pepper of the genus Piper; neither crushed nor ground (Black Pepper),2022,157164485.5,96332311.25,60832174.25,35500137.0,29148426.87,29148426.87,5.3919,16,3674348013201.67,50670.8,1.6,3.9,87915098.0,91.5,0.0,PREFERENTIAL,PARTNER_SPECIFIC,0.0,EU - India,Under Negotiation,FTA & EIA,Goods & Services,0,10026,879,112,9939,0,0,0
IND,DEU,Germany,DE,276.0,Europe,Western Europe,EUR,Euro,90411,Pepper of the genus Piper; neither crushed nor ground (Black Pepper),2023,120354499.07,77061154.3,43293344.77,33767809.53,21710245.4,21710245.4,5.5437,16,3718440189360.09,52190.93,0.9,3.9,88794249.0,92.0,0.0,PREFERENTIAL,PARTNER_SPECIFIC,0.0,EU - India,Under Negotiation,FTA & EIA,Goods & Services,0,10026,879,112,9939,0,0,0
IND,DEU,Germany,DE,276.0,Europe,Western Europe,EUR,Euro,90411,Pepper of the genus Piper; neither crushed nor ground (Black Pepper),2024,160854259.67,73757374.95,87096884.72,-13339509.77,28725547.79,28725547.79,5.5997,16,3763061471632.41,53756.66,1.6,2.8,89682192.0,92.5,0.0,PREFERENTIAL,PARTNER_SPECIFIC,0.0,EU - India,Under Negotiation,FTA & EIA,Goods & Services,0,10026,879,112,9939,0,0,0
IND,DEU,Germany,DE,276.0,Europe,Western Europe,EUR,Euro,90411,Pepper of the genus Piper; neither crushed nor ground (Black Pepper),2025,177805657.18,115224422.02,62581235.16,52643186.86,32759652.72,32759652.72,5.4276,16,3808218209292.0,55369.35,0.9,2.8,90579014.0,93.0,0.0,PREFERENTIAL,PARTNER_SPECIFIC,0.0,EU - India,Under Negotiation,FTA & EIA,Goods & Services,0,10026,879,112,9939,0,0,0
IND,DEU,Germany,DE,276.0,Europe,Western Europe,EUR,Euro,100630,"Semi-milled or wholly milled rice, whether or not polished or glazed (Basmati)",2015,26006952.4,15661365.66,10345586.74,5315778.92,20823160.91,20823160.91,1.2489,16,3380000000000.0,41200.0,0.9,2.8,82000000.0,88.0,10.0,MFN_APPLIED,PARTNER_SPECIFIC,0.0,EU - India,Under Negotiation,FTA & EIA,Goods & Services,0,10026,879,112,9939,0,0,0
IND,DEU,Germany,DE,276.0,Europe,Western Europe,EUR,Euro,100630,"Semi-milled or wholly milled rice, whether or not polished or glazed (Basmati)",2016,37641529.65,14529669.16,23111860.49,-8582191.33,29373196.57,29373196.57,1.2815,16,3420560000000.0,42436.0,1.6,2.8,82820000.0,88.5,10.0,MFN_APPLIED,PARTNER_SPECIFIC,0.0,EU - India,Under Negotiation,FTA & EIA,Goods & Services,0,10026,879,112,9939,0,0,0
IND,DEU,Germany,DE,276.0,Europe,Western Europe,EUR,Euro,100630,"Semi-milled or wholly milled rice, whether or not polished or glazed (Basmati)",2017,23198911.48,10688554.15,12510357.33,-1821803.18,17788719.63,17788719.63,1.3041,16,3461606720000.0,43709.08,0.9,2.8,83648200.0,89.0,10.0,MFN_APPLIED,PARTNER_SPECIFIC,0.0,EU - India,Under Negotiation,FTA & EIA,Goods & Services,0,10026,879,112,9939,0,0,0
IND,DEU,Germany,DE,276.0,Europe,Western Europe,EUR,Euro,100630,"Semi-milled or wholly milled rice, whether or not polished or glazed (Basmati)",2018,26584697.11,12452459.98,14132237.13,-1679777.15,21306768.45,21306768.45,1.2477,16,3503146000640.0,45020.35,1.6,2.8,84484682.0,89.5,10.0,MFN_APPLIED,PARTNER_SPECIFIC,0.0,EU - India,Under Negotiation,FTA & EIA,Goods & Services,0,10026,879,112,9939,0,0,0
IND,DEU,Germany,DE,276.0,Europe,Western Europe,EUR,Euro,100630,"Semi-milled or wholly milled rice, whether or not polished or glazed (Basmati)",2019,37511717.97,16691606.68,20820111.29,-4128504.61,29620473.63,29620473.63,1.2664,16,3545183752647.68,46370.96,0.9,2.8,85329528.0,90.0,10.0,MFN_APPLIED,PARTNER_SPECIFIC,0.0,EU - India,Under Negotiation,FTA & EIA,Goods & Services,0,10026,879,112,9939,0,0,0
IND,DEU,Germany,DE,276.0,Europe,Western Europe,EUR,Euro,100630,"Semi-milled or wholly milled rice, whether or not polished or glazed (Basmati)",2020,32820036.07,15771525.05,17048511.02,-1276985.97,25425543.47,25425543.47,1.2908,16,3587725957679.45,47762.09,1.6,2.8,86182824.0,90.5,10.0,MFN_APPLIED,PARTNER_SPECIFIC,0.0,EU - India,Under Negotiation,FTA & EIA,Goods & Services,0,10026,879,112,9939,0,0,0
IND,DEU,Germany,DE,276.0,Europe,Western Europe,EUR,Euro,100630,"Semi-milled or wholly milled rice, whether or not polished or glazed (Basmati)",2021,32687179.7,19481942.03,13205237.67,6276704.36,26488456.28,26488456.28,1.234,16,3630778669171.61,49194.95,0.9,2.8,87044652.0,91.0,10.0,MFN_APPLIED,PARTNER_SPECIFIC,0.0,EU - India,Under Negotiation,FTA & EIA,Goods & Services,0,10026,879,112,9939,0,0,0
IND,DEU,Germany,DE,276.0,Europe,Western Europe,EUR,Euro,100630,"Semi-milled or wholly milled rice, whether or not polished or glazed (Basmati)",2022,42668266.31,21498399.19,21169867.12,328532.07,33338342.21,33338342.21,1.2799,16,3674348013201.67,50670.8,1.6,3.9,87915098.0,91.5,10.0,MFN_APPLIED,PARTNER_SPECIFIC,0.0,EU - India,Under Negotiation,FTA & EIA,Goods & Services,0,10026,879,112,9939,0,0,0
IND,DEU,Germany,DE,276.0,Europe,Western Europe,EUR,Euro,100630,"Semi-milled or wholly milled rice, whether or not polished or glazed (Basmati)",2023,48403103.75,24454768.01,23948335.74,506432.27,37228233.85,37228233.85,1.3002,16,3718440189360.09,52190.93,0.9,3.9,88794249.0,92.0,10.0,MFN_APPLIED,PARTNER_SPECIFIC,0.0,EU - India,Under Negotiation,FTA & EIA,Goods & Services,0,10026,879,112,9939,0,0,0
IND,DEU,Germany,DE,276.0,Europe,Western Europe,EUR,Euro,100630,"Semi-milled or wholly milled rice, whether or not polished or glazed (Basmati)",2024,43098087.43,27184099.23,15913988.2,11270111.03,33193287.68,33193287.68,1.2984,16,3763061471632.41,53756.66,1.6,2.8,89682192.0,92.5,10.0,MFN_APPLIED,PARTNER_SPECIFIC,0.0,EU - India,Under Negotiation,FTA & EIA,Goods & Services,0,10026,879,112,9939,0,0,0
IND,DEU,Germany,DE,276.0,Europe,Western Europe,EUR,Euro,100630,"Semi-milled or wholly milled rice, whether or not polished or glazed (Basmati)",2025,44534336.53,18167790.98,26366545.55,-8198754.57,33953927.74,33953927.74,1.3116,16,3808218209292.0,55369.35,0.9,2.8,90579014.0,93.0,10.0,MFN_APPLIED,PARTNER_SPECIFIC,0.0,EU - India,Under Negotiation,FTA & EIA,Goods & Services,0,10026,879,112,9939,0,0,0
IND,DEU,Germany,DE,276.0,Europe,Western Europe,EUR,Euro,271019,"Medium oils and preparations, of petroleum or bituminous minerals",2015,16013599.08,6007145.59,10006453.49,-3999307.9,18561646.65,18561646.65,0.8627,16,3380000000000.0,41200.0,0.9,2.8,82000000.0,88.0,5.0,MFN_APPLIED,PARTNER_SPECIFIC,0.0,EU - India,Under Negotiation,FTA & EIA,Goods & Services,0,10026,879,112,9939,0,0,0
IND,DEU,Germany,DE,276.0,Europe,Western Europe,EUR,Euro,271019,"Medium oils and preparations, of petroleum or bituminous minerals",2016,19325893.95,10693164.57,8632729.379999999,2060435.19,22742542.09,22742542.09,0.8498,16,3420560000000.0,42436.0,1.6,2.8,82820000.0,88.5,5.0,MFN_APPLIED,PARTNER_SPECIFIC,0.0,EU - India,Under Negotiation,FTA & EIA,Goods & Services,0,10026,879,112,9939,0,0,0
IND,DEU,Germany,DE,276.0,Europe,Western Europe,EUR,Euro,271019,"Medium oils and preparations, of petroleum or bituminous minerals",2017,18683415.21,8355065.850000001,10328349.36,-1973283.51,22312675.39,22312675.39,0.8373,16,3461606720000.0,43709.08,0.9,2.8,83648200.0,89.0,5.0,MFN_APPLIED,PARTNER_SPECIFIC,0.0,EU - India,Under Negotiation,FTA & EIA,Goods & Services,0,10026,879,112,9939,0,0,0
IND,DEU,Germany,DE,276.0,Europe,Western Europe,EUR,Euro,271019,"Medium oils and preparations, of petroleum or bituminous minerals",2018,16745789.12,7676012.5,9069776.62,-1393764.12,20057715.91,20057715.91,0.8349,16,3503146000640.0,45020.35,1.6,2.8,84484682.0,89.5,5.0,MFN_APPLIED,PARTNER_SPECIFIC,0.0,EU - India,Under Negotiation,FTA & EIA,Goods & Services,0,10026,879,112,9939,0,0,0
IND,DEU,Germany,DE,276.0,Europe,Western Europe,EUR,Euro,271019,"Medium oils and preparations, of petroleum or bituminous minerals",2019,17700308.78,8255961.69,9444347.09,-1188385.4,20979273.01,20979273.01,0.8437,16,3545183752647.68,46370.96,0.9,2.8,85329528.0,90.0,5.0,MFN_APPLIED,PARTNER_SPECIFIC,0.0,EU - India,Under Negotiation,FTA & EIA,Goods & Services,0,10026,879,112,9939,0,0,0
IND,DEU,Germany,DE,276.0,Europe,Western Europe,EUR,Euro,271019,"Medium oils and preparations, of petroleum or bituminous minerals",2020,28747260.27,15324339.04,13422921.23,1901417.81,33185309.34,33185309.34,0.8663,16,3587725957679.45,47762.09,1.6,2.8,86182824.0,90.5,5.0,MFN_APPLIED,PARTNER_SPECIFIC,0.0,EU - India,Under Negotiation,FTA & EIA,Goods & Services,0,10026,879,112,9939,0,0,0
IND,DEU,Germany,DE,276.0,Europe,Western Europe,EUR,Euro,271019,"Medium oils and preparations, of petroleum or bituminous minerals",2021,21693884.33,12182514.08,9511370.25,2671143.83,25525559.13,25525559.13,0.8499,16,3630778669171.61,49194.95,0.9,2.8,87044652.0,91.0,5.0,MFN_APPLIED,PARTNER_SPECIFIC,0.0,EU - India,Under Negotiation,FTA & EIA,Goods & Services,0,10026,879,112,9939,0,0,0
IND,DEU,Germany,DE,276.0,Europe,Western Europe,EUR,Euro,271019,"Medium oils and preparations, of petroleum or bituminous minerals",2022,19845205.67,9254348.33,10590857.34,-1336509.01,22610676.56,22610676.56,0.8777,16,3674348013201.67,50670.8,1.6,3.9,87915098.0,91.5,5.0,MFN_APPLIED,PARTNER_SPECIFIC,0.0,EU - India,Under Negotiation,FTA & EIA,Goods & Services,0,10026,879,112,9939,0,0,0
IND,DEU,Germany,DE,276.0,Europe,Western Europe,EUR,Euro,271019,"Medium oils and preparations, of petroleum or bituminous minerals",2023,26792113.92,14330650.38,12461463.54,1869186.84,31610051.78,31610051.78,0.8476,16,3718440189360.09,52190.93,0.9,3.9,88794249.0,92.0,5.0,MFN_APPLIED,PARTNER_SPECIFIC,0.0,EU - India,Under Negotiation,FTA & EIA,Goods & Services,0,10026,879,112,9939,0,0,0
IND,DEU,Germany,DE,276.0,Europe,Western Europe,EUR,Euro,271019,"Medium oils and preparations, of petroleum or bituminous minerals",2024,24567873.45,10870905.44,13696968.01,-2826062.57,29042494.43,29042494.43,0.8459,16,3763061471632.41,53756.66,1.6,2.8,89682192.0,92.5,5.0,MFN_APPLIED,PARTNER_SPECIFIC,0.0,EU - India,Under Negotiation,FTA & EIA,Goods & Services,0,10026,879,112,9939,0,0,0
IND,DEU,Germany,DE,276.0,Europe,Western Europe,EUR,Euro,271019,"Medium oils and preparations, of petroleum or bituminous minerals",2025,28601856.53,13485336.11,15116520.42,-1631184.31,33788173.42,33788173.42,0.8465,16,3808218209292.0,55369.35,0.9,2.8,90579014.0,93.0,5.0,MFN_APPLIED,PARTNER_SPECIFIC,0.0,EU - India,Under Negotiation,FTA & EIA,Goods & Services,0,10026,879,112,9939,0,0,0
IND,DEU,Germany,DE,276.0,Europe,Western Europe,EUR,Euro,300490,Medicaments consisting of mixed or unmixed products for therapeutic uses,2015,216670580.27,99348995.64,117321584.63,-17972588.99,19471287.7,19471287.7,11.1277,16,3380000000000.0,41200.0,0.9,2.8,82000000.0,88.0,0.0,PREFERENTIAL,PARTNER_SPECIFIC,0.0,EU - India,Under Negotiation,FTA & EIA,Goods & Services,0,10026,879,112,9939,0,0,0
IND,DEU,Germany,DE,276.0,Europe,Western Europe,EUR,Euro,300490,Medicaments consisting of mixed or unmixed products for therapeutic uses,2016,208706663.41,99467262.74,109239400.67,-9772137.93,18340026.98,18340026.98,11.3798,16,3420560000000.0,42436.0,1.6,2.8,82820000.0,88.5,0.0,PREFERENTIAL,PARTNER_SPECIFIC,0.0,EU - India,Under Negotiation,FTA & EIA,Goods & Services,0,10026,879,112,9939,0,0,0
IND,DEU,Germany,DE,276.0,Europe,Western Europe,EUR,Euro,300490,Medicaments consisting of mixed or unmixed products for therapeutic uses,2017,232036626.12,131551038.8,100485587.32,31065451.48,20985808.71,20985808.71,11.0568,16,3461606720000.0,43709.08,0.9,2.8,83648200.0,89.0,0.0,PREFERENTIAL,PARTNER_SPECIFIC,0.0,EU - India,Under Negotiation,FTA & EIA,Goods & Services,0,10026,879,112,9939,0,0,0
IND,DEU,Germany,DE,276.0,Europe,Western Europe,EUR,Euro,300490,Medicaments consisting of mixed or unmixed products for therapeutic uses,2018,292423128.79,151659720.01999998,140763408.77,10896311.25,24591172.81,24591172.81,11.8914,16,3503146000640.0,45020.35,1.6,2.8,84484682.0,89.5,0.0,PREFERENTIAL,PARTNER_SPECIFIC,0.0,EU - India,Under Negotiation,FTA & EIA,Goods & Services,0,10026,879,112,9939,0,0,0
IND,DEU,Germany,DE,276.0,Europe,Western Europe,EUR,Euro,300490,Medicaments consisting of mixed or unmixed products for therapeutic uses,2019,281945134.07,145338689.02,136606445.05,8732243.97,24171550.28,24171550.28,11.6643,16,3545183752647.68,46370.96,0.9,2.8,85329528.0,90.0,0.0,PREFERENTIAL,PARTNER_SPECIFIC,0.0,EU - India,Under Negotiation,FTA & EIA,Goods & Services,0,10026,879,112,9939,0,0,0
IND,DEU,Germany,DE,276.0,Europe,Western Europe,EUR,Euro,300490,Medicaments consisting of mixed or unmixed products for therapeutic uses,2020,417816443.03,170447377.14000002,247369065.89,-76921688.75,36324637.84,36324637.84,11.5023,16,3587725957679.45,47762.09,1.6,2.8,86182824.0,90.5,0.0,PREFERENTIAL,PARTNER_SPECIFIC,0.0,EU - India,Under Negotiation,FTA & EIA,Goods & Services,0,10026,879,112,9939,0,0,0
IND,DEU,Germany,DE,276.0,Europe,Western Europe,EUR,Euro,300490,Medicaments consisting of mixed or unmixed products for therapeutic uses,2021,246179713.15,113536526.47,132643186.68,-19106660.21,20803841.74,20803841.74,11.8334,16,3630778669171.61,49194.95,0.9,2.8,87044652.0,91.0,0.0,PREFERENTIAL,PARTNER_SPECIFIC,0.0,EU - India,Under Negotiation,FTA & EIA,Goods & Services,0,10026,879,112,9939,0,0,0
IND,DEU,Germany,DE,276.0,Europe,Western Europe,EUR,Euro,300490,Medicaments consisting of mixed or unmixed products for therapeutic uses,2022,375150201.56,177934255.36,197215946.2,-19281690.84,32346352.93,32346352.93,11.5979,16,3674348013201.67,50670.8,1.6,3.9,87915098.0,91.5,0.0,PREFERENTIAL,PARTNER_SPECIFIC,0.0,EU - India,Under Negotiation,FTA & EIA,Goods & Services,0,10026,879,112,9939,0,0,0
IND,DEU,Germany,DE,276.0,Europe,Western Europe,EUR,Euro,300490,Medicaments consisting of mixed or unmixed products for therapeutic uses,2023,342236785.07,203560690.2,138676094.87,64884595.33,29622114.8,29622114.8,11.5534,16,3718440189360.09,52190.93,0.9,3.9,88794249.0,92.0,0.0,PREFERENTIAL,PARTNER_SPECIFIC,0.0,EU - India,Under Negotiation,FTA & EIA,Goods & Services,0,10026,879,112,9939,0,0,0
IND,DEU,Germany,DE,276.0,Europe,Western Europe,EUR,Euro,300490,Medicaments consisting of mixed or unmixed products for therapeutic uses,2024,345321837.74,154433668.23000002,190888169.51,-36454501.28,28171557.29,28171557.29,12.2578,16,3763061471632.41,53756.66,1.6,2.8,89682192.0,92.5,0.0,PREFERENTIAL,PARTNER_SPECIFIC,0.0,EU - India,Under Negotiation,FTA & EIA,Goods & Services,0,10026,879,112,9939,0,0,0
IND,DEU,Germany,DE,276.0,Europe,Western Europe,EUR,Euro,300490,Medicaments consisting of mixed or unmixed products for therapeutic uses,2025,401123116.46,236791033.04,164332083.42000002,72458949.62,36631935.23,36631935.23,10.9501,16,3808218209292.0,55369.35,0.9,2.8,90579014.0,93.0,0.0,PREFERENTIAL,PARTNER_SPECIFIC,0.0,EU - India,Under Negotiation,FTA & EIA,Goods & Services,0,10026,879,112,9939,0,0,0
IND,DEU,Germany,DE,276.0,Europe,Western Europe,EUR,Euro,520512,"Single cotton yarn, of uncombed fibres, measuring < 714.29 dtex but >= 232.56 dtex",2015,97305309.07,43762568.92,53542740.15,-9780171.23,26895117.63,26895117.63,3.618,16,3380000000000.0,41200.0,0.9,2.8,82000000.0,88.0,3.2,PREFERENTIAL,PARTNER_SPECIFIC,0.0,EU - India,Under Negotiation,FTA & EIA,Goods & Services,0,10026,879,112,9939,0,0,0
IND,DEU,Germany,DE,276.0,Europe,Western Europe,EUR,Euro,520512,"Single cotton yarn, of uncombed fibres, measuring < 714.29 dtex but >= 232.56 dtex",2016,99667653.68,47127745.42,52539908.26,-5412162.84,27695172.15,27695172.15,3.5987,16,3420560000000.0,42436.0,1.6,2.8,82820000.0,88.5,3.2,PREFERENTIAL,PARTNER_SPECIFIC,0.0,EU - India,Under Negotiation,FTA & EIA,Goods & Services,0,10026,879,112,9939,0,0,0
IND,DEU,Germany,DE,276.0,Europe,Western Europe,EUR,Euro,520512,"Single cotton yarn, of uncombed fibres, measuring < 714.29 dtex but >= 232.56 dtex",2017,102283816.76,58778807.89,43505008.870000005,15273799.02,28831084.28,28831084.28,3.5477,16,3461606720000.0,43709.08,0.9,2.8,83648200.0,89.0,3.2,PREFERENTIAL,PARTNER_SPECIFIC,0.0,EU - India,Under Negotiation,FTA & EIA,Goods & Services,0,10026,879,112,9939,0,0,0
IND,DEU,Germany,DE,276.0,Europe,Western Europe,EUR,Euro,520512,"Single cotton yarn, of uncombed fibres, measuring < 714.29 dtex but >= 232.56 dtex",2018,94940518.25,44432459.31,50508058.94,-6075599.63,25966949.32,25966949.32,3.6562,16,3503146000640.0,45020.35,1.6,2.8,84484682.0,89.5,3.2,PREFERENTIAL,PARTNER_SPECIFIC,0.0,EU - India,Under Negotiation,FTA & EIA,Goods & Services,0,10026,879,112,9939,0,0,0
IND,DEU,Germany,DE,276.0,Europe,Western Europe,EUR,Euro,520512,"Single cotton yarn, of uncombed fibres, measuring < 714.29 dtex but >= 232.56 dtex",2019,117175253.33,62901945.8,54273307.53,8628638.27,32100651.21,32100651.21,3.6502,16,3545183752647.68,46370.96,0.9,2.8,85329528.0,90.0,3.2,PREFERENTIAL,PARTNER_SPECIFIC,0.0,EU - India,Under Negotiation,FTA & EIA,Goods & Services,0,10026,879,112,9939,0,0,0
IND,DEU,Germany,DE,276.0,Europe,Western Europe,EUR,Euro,520512,"Single cotton yarn, of uncombed fibres, measuring < 714.29 dtex but >= 232.56 dtex",2020,82459754.98,42747148.66,39712606.32,3034542.34,22611198.42,22611198.42,3.6469,16,3587725957679.45,47762.09,1.6,2.8,86182824.0,90.5,3.2,PREFERENTIAL,PARTNER_SPECIFIC,0.0,EU - India,Under Negotiation,FTA & EIA,Goods & Services,0,10026,879,112,9939,0,0,0
IND,DEU,Germany,DE,276.0,Europe,Western Europe,EUR,Euro,520512,"Single cotton yarn, of uncombed fibres, measuring < 714.29 dtex but >= 232.56 dtex",2021,108979717.62,49039686.28,59940031.34,-10900345.06,29570538.83,29570538.83,3.6854,16,3630778669171.61,49194.95,0.9,2.8,87044652.0,91.0,3.2,PREFERENTIAL,PARTNER_SPECIFIC,0.0,EU - India,Under Negotiation,FTA & EIA,Goods & Services,0,10026,879,112,9939,0,0,0
IND,DEU,Germany,DE,276.0,Europe,Western Europe,EUR,Euro,520512,"Single cotton yarn, of uncombed fibres, measuring < 714.29 dtex but >= 232.56 dtex",2022,113000780.05,57539755.79,55461024.26,2078731.53,30713925.31,30713925.31,3.6791,16,3674348013201.67,50670.8,1.6,3.9,87915098.0,91.5,3.2,PREFERENTIAL,PARTNER_SPECIFIC,0.0,EU - India,Under Negotiation,FTA & EIA,Goods & Services,0,10026,879,112,9939,0,0,0
IND,DEU,Germany,DE,276.0,Europe,Western Europe,EUR,Euro,520512,"Single cotton yarn, of uncombed fibres, measuring < 714.29 dtex but >= 232.56 dtex",2023,109188312.16,42736497.14,66451815.02,-23715317.88,30181516.94,30181516.94,3.6177,16,3718440189360.09,52190.93,0.9,3.9,88794249.0,92.0,3.2,PREFERENTIAL,PARTNER_SPECIFIC,0.0,EU - India,Under Negotiation,FTA & EIA,Goods & Services,0,10026,879,112,9939,0,0,0
IND,DEU,Germany,DE,276.0,Europe,Western Europe,EUR,Euro,520512,"Single cotton yarn, of uncombed fibres, measuring < 714.29 dtex but >= 232.56 dtex",2024,124238821.95,48466251.31,75772570.64,-27306319.33,33800741.29,33800741.29,3.6756,16,3763061471632.41,53756.66,1.6,2.8,89682192.0,92.5,3.2,PREFERENTIAL,PARTNER_SPECIFIC,0.0,EU - India,Under Negotiation,FTA & EIA,Goods & Services,0,10026,879,112,9939,0,0,0
IND,DEU,Germany,DE,276.0,Europe,Western Europe,EUR,Euro,520512,"Single cotton yarn, of uncombed fibres, measuring < 714.29 dtex but >= 232.56 dtex",2025,109455655.58,54496290.57,54959365.01,-463074.44,30109204.69,30109204.69,3.6353,16,3808218209292.0,55369.35,0.9,2.8,90579014.0,93.0,3.2,PREFERENTIAL,PARTNER_SPECIFIC,0.0,EU - India,Under Negotiation,FTA & EIA,Goods & Services,0,10026,879,112,9939,0,0,0
IND,DEU,Germany,DE,276.0,Europe,Western Europe,EUR,Euro,711319,"Articles of jewellery and parts thereof, of precious metal other than silver",2015,921376160112.88,458706180876.38,462669979236.5,-3963798360.12,21573674.41,21573674.41,42708.3557,16,3380000000000.0,41200.0,0.9,2.8,82000000.0,88.0,12.5,MFN_APPLIED,PARTNER_SPECIFIC,0.0,EU - India,Under Negotiation,FTA & EIA,Goods & Services,0,10026,879,112,9939,0,0,0
IND,DEU,Germany,DE,276.0,Europe,Western Europe,EUR,Euro,711319,"Articles of jewellery and parts thereof, of precious metal other than silver",2016,917511987866.94,412381255779.65,505130732087.2901,-92749476307.64,21789378.32,21789378.32,42108.2224,16,3420560000000.0,42436.0,1.6,2.8,82820000.0,88.5,12.5,MFN_APPLIED,PARTNER_SPECIFIC,0.0,EU - India,Under Negotiation,FTA & EIA,Goods & Services,0,10026,879,112,9939,0,0,0
IND,DEU,Germany,DE,276.0,Europe,Western Europe,EUR,Euro,711319,"Articles of jewellery and parts thereof, of precious metal other than silver",2017,1208788254511.67,474279017787.04,734509236724.63,-260230218937.59,29475652.13,29475652.13,41009.7205,16,3461606720000.0,43709.08,0.9,2.8,83648200.0,89.0,12.5,MFN_APPLIED,PARTNER_SPECIFIC,0.0,EU - India,Under Negotiation,FTA & EIA,Goods & Services,0,10026,879,112,9939,0,0,0
IND,DEU,Germany,DE,276.0,Europe,Western Europe,EUR,Euro,711319,"Articles of jewellery and parts thereof, of precious metal other than silver",2018,1115666961625.98,629996008071.9199,485670953554.06,144325054517.86,26181181.9,26181181.9,42613.3154,16,3503146000640.0,45020.35,1.6,2.8,84484682.0,89.5,12.5,MFN_APPLIED,PARTNER_SPECIFIC,0.0,EU - India,Under Negotiation,FTA & EIA,Goods & Services,0,10026,879,112,9939,0,0,0
IND,DEU,Germany,DE,276.0,Europe,Western Europe,EUR,Euro,711319,"Articles of jewellery and parts thereof, of precious metal other than silver",2019,1559528460707.63,825262117578.92,734266343128.71,90995774450.21,35364379.06,35364379.06,44098.8504,16,3545183752647.68,46370.96,0.9,2.8,85329528.0,90.0,12.5,MFN_APPLIED,PARTNER_SPECIFIC,0.0,EU - India,Under Negotiation,FTA & EIA,Goods & Services,0,10026,879,112,9939,0,0,0
IND,DEU,Germany,DE,276.0,Europe,Western Europe,EUR,Euro,711319,"Articles of jewellery and parts thereof, of precious metal other than silver",2020,1408174501378.35,573853007418.0701,834321493960.28,-260468486542.21,30324667.85,30324667.85,46436.601,16,3587725957679.45,47762.09,1.6,2.8,86182824.0,90.5,12.5,MFN_APPLIED,PARTNER_SPECIFIC,0.0,EU - India,Under Negotiation,FTA & EIA,Goods & Services,0,10026,879,112,9939,0,0,0
IND,DEU,Germany,DE,276.0,Europe,Western Europe,EUR,Euro,711319,"Articles of jewellery and parts thereof, of precious metal other than silver",2021,1039719006968.23,425411752997.74005,614307253970.49,-188895500972.75,25136718.07,25136718.07,41362.5599,16,3630778669171.61,49194.95,0.9,2.8,87044652.0,91.0,12.5,MFN_APPLIED,PARTNER_SPECIFIC,0.0,EU - India,Under Negotiation,FTA & EIA,Goods & Services,0,10026,879,112,9939,0,0,0
IND,DEU,Germany,DE,276.0,Europe,Western Europe,EUR,Euro,711319,"Articles of jewellery and parts thereof, of precious metal other than silver",2022,1216592362778.77,739196762168.68,477395600610.09,261801161558.59,25787520.57,25787520.57,47177.5625,16,3674348013201.67,50670.8,1.6,3.9,87915098.0,91.5,12.5,MFN_APPLIED,PARTNER_SPECIFIC,0.0,EU - India,Under Negotiation,FTA & EIA,Goods & Services,0,10026,879,112,9939,0,0,0
IND,DEU,Germany,DE,276.0,Europe,Western Europe,EUR,Euro,711319,"Articles of jewellery and parts thereof, of precious metal other than silver",2023,1483616865736.36,610015224859.95,873601640876.41,-263586416016.46,32542462.86,32542462.86,45590.1839,16,3718440189360.09,52190.93,0.9,3.9,88794249.0,92.0,12.5,MFN_APPLIED,PARTNER_SPECIFIC,0.0,EU - India,Under Negotiation,FTA & EIA,Goods & Services,0,10026,879,112,9939,0,0,0
IND,DEU,Germany,DE,276.0,Europe,Western Europe,EUR,Euro,711319,"Articles of jewellery and parts thereof, of precious metal other than silver",2024,1265437559493.96,754657551548.3201,510780007945.64,243877543602.68,29424730.78,29424730.78,43005.918,16,3763061471632.41,53756.66,1.6,2.8,89682192.0,92.5,12.5,MFN_APPLIED,PARTNER_SPECIFIC,0.0,EU - India,Under Negotiation,FTA & EIA,Goods & Services,0,10026,879,112,9939,0,0,0
IND,DEU,Germany,DE,276.0,Europe,Western Europe,EUR,Euro,711319,"Articles of jewellery and parts thereof, of precious metal other than silver",2025,1411656540774.96,569532533377.6,842124007397.36,-272591474019.76,32513093.56,32513093.56,43418.0936,16,3808218209292.0,55369.35,0.9,2.8,90579014.0,93.0,12.5,MFN_APPLIED,PARTNER_SPECIFIC,0.0,EU - India,Under Negotiation,FTA & EIA,Goods & Services,0,10026,879,112,9939,0,0,0
IND,DEU,Germany,DE,276.0,Europe,Western Europe,EUR,Euro,847130,"Portable automatic data processing machines, weighing not more than 10 kg (Laptops)",2015,4142638966.41,1645694179.33,2496944787.08,-851250607.75,18670207.43,18670207.43,221.885,16,3380000000000.0,41200.0,0.9,2.8,82000000.0,88.0,0.0,MFN_APPLIED,PARTNER_SPECIFIC,0.0,EU - India,Under Negotiation,FTA & EIA,Goods & Services,0,10026,879,112,9939,0,0,0
IND,DEU,Germany,DE,276.0,Europe,Western Europe,EUR,Euro,847130,"Portable automatic data processing machines, weighing not more than 10 kg (Laptops)",2016,4108605048.71,2293552754.17,1815052294.54,478500459.63,19863478.12,19863478.12,206.8422,16,3420560000000.0,42436.0,1.6,2.8,82820000.0,88.5,0.0,MFN_APPLIED,PARTNER_SPECIFIC,0.0,EU - India,Under Negotiation,FTA & EIA,Goods & Services,0,10026,879,112,9939,0,0,0
IND,DEU,Germany,DE,276.0,Europe,Western Europe,EUR,Euro,847130,"Portable automatic data processing machines, weighing not more than 10 kg (Laptops)",2017,3927613089.2,2040507155.34,1887105933.86,153401221.48,19341207.64,19341207.64,203.0697,16,3461606720000.0,43709.08,0.9,2.8,83648200.0,89.0,0.0,MFN_APPLIED,PARTNER_SPECIFIC,0.0,EU - India,Under Negotiation,FTA & EIA,Goods & Services,0,10026,879,112,9939,0,0,0
IND,DEU,Germany,DE,276.0,Europe,Western Europe,EUR,Euro,847130,"Portable automatic data processing machines, weighing not more than 10 kg (Laptops)",2018,5305909079.62,2628703263.9500003,2677205815.67,-48502551.72,25186087.39,25186087.39,210.6683,16,3503146000640.0,45020.35,1.6,2.8,84484682.0,89.5,0.0,MFN_APPLIED,PARTNER_SPECIFIC,0.0,EU - India,Under Negotiation,FTA & EIA,Goods & Services,0,10026,879,112,9939,0,0,0
IND,DEU,Germany,DE,276.0,Europe,Western Europe,EUR,Euro,847130,"Portable automatic data processing machines, weighing not more than 10 kg (Laptops)",2019,6056654963.25,3309101942.03,2747553021.22,561548920.81,31874083.09,31874083.09,190.0182,16,3545183752647.68,46370.96,0.9,2.8,85329528.0,90.0,0.0,MFN_APPLIED,PARTNER_SPECIFIC,0.0,EU - India,Under Negotiation,FTA & EIA,Goods & Services,0,10026,879,112,9939,0,0,0
IND,DEU,Germany,DE,276.0,Europe,Western Europe,EUR,Euro,847130,"Portable automatic data processing machines, weighing not more than 10 kg (Laptops)",2020,4113161087.11,2711084000.16,1402077086.95,1309006913.21,20018973.43,20018973.43,205.4631,16,3587725957679.45,47762.09,1.6,2.8,86182824.0,90.5,0.0,MFN_APPLIED,PARTNER_SPECIFIC,0.0,EU - India,Under Negotiation,FTA & EIA,Goods & Services,0,10026,879,112,9939,0,0,0
IND,DEU,Germany,DE,276.0,Europe,Western Europe,EUR,Euro,847130,"Portable automatic data processing machines, weighing not more than 10 kg (Laptops)",2021,5153121310.82,2213109229.64,2940012081.18,-726902851.54,27558968.66,27558968.66,186.9853,16,3630778669171.61,49194.95,0.9,2.8,87044652.0,91.0,0.0,MFN_APPLIED,PARTNER_SPECIFIC,0.0,EU - India,Under Negotiation,FTA & EIA,Goods & Services,0,10026,879,112,9939,0,0,0
IND,DEU,Germany,DE,276.0,Europe,Western Europe,EUR,Euro,847130,"Portable automatic data processing machines, weighing not more than 10 kg (Laptops)",2022,5164267194.61,3304312519.65,1859954674.96,1444357844.69,23696708.98,23696708.98,217.9318,16,3674348013201.67,50670.8,1.6,3.9,87915098.0,91.5,0.0,MFN_APPLIED,PARTNER_SPECIFIC,0.0,EU - India,Under Negotiation,FTA & EIA,Goods & Services,0,10026,879,112,9939,0,0,0
IND,DEU,Germany,DE,276.0,Europe,Western Europe,EUR,Euro,847130,"Portable automatic data processing machines, weighing not more than 10 kg (Laptops)",2023,7644617922.92,3970686772.43,3673931150.49,296755621.94,38780305.52,38780305.52,197.1263,16,3718440189360.09,52190.93,0.9,3.9,88794249.0,92.0,0.0,MFN_APPLIED,PARTNER_SPECIFIC,0.0,EU - India,Under Negotiation,FTA & EIA,Goods & Services,0,10026,879,112,9939,0,0,0
IND,DEU,Germany,DE,276.0,Europe,Western Europe,EUR,Euro,847130,"Portable automatic data processing machines, weighing not more than 10 kg (Laptops)",2024,3791081688.58,2178918619.16,1612163069.42,566755549.74,18846794.88,18846794.88,201.1526,16,3763061471632.41,53756.66,1.6,2.8,89682192.0,92.5,0.0,MFN_APPLIED,PARTNER_SPECIFIC,0.0,EU - India,Under Negotiation,FTA & EIA,Goods & Services,0,10026,879,112,9939,0,0,0
IND,DEU,Germany,DE,276.0,Europe,Western Europe,EUR,Euro,847130,"Portable automatic data processing machines, weighing not more than 10 kg (Laptops)",2025,7410782638.91,4640063987.24,2770718651.67,1869345335.57,33631611.08,33631611.08,220.3517,16,3808218209292.0,55369.35,0.9,2.8,90579014.0,93.0,0.0,MFN_APPLIED,PARTNER_SPECIFIC,0.0,EU - India,Under Negotiation,FTA & EIA,Goods & Services,0,10026,879,112,9939,0,0,0
IND,DEU,Germany,DE,276.0,Europe,Western Europe,EUR,Euro,851712,Telephones for cellular networks or for other wireless networks,2015,711212211.71,299800247.14,411411964.57,-111611717.43,22467617.4,22467617.4,31.655,16,3380000000000.0,41200.0,0.9,2.8,82000000.0,88.0,0.0,MFN_APPLIED,PARTNER_SPECIFIC,0.0,EU - India,Under Negotiation,FTA & EIA,Goods & Services,0,10026,879,112,9939,0,0,0
IND,DEU,Germany,DE,276.0,Europe,Western Europe,EUR,Euro,851712,Telephones for cellular networks or for other wireless networks,2016,789211367.17,368242564.3,420968802.87,-52726238.57,27003623.06,27003623.06,29.2261,16,3420560000000.0,42436.0,1.6,2.8,82820000.0,88.5,0.0,MFN_APPLIED,PARTNER_SPECIFIC,0.0,EU - India,Under Negotiation,FTA & EIA,Goods & Services,0,10026,879,112,9939,0,0,0
IND,DEU,Germany,DE,276.0,Europe,Western Europe,EUR,Euro,851712,Telephones for cellular networks or for other wireless networks,2017,741461429.01,423816061.64,317645367.37,106170694.27,25117999.47,25117999.47,29.5191,16,3461606720000.0,43709.08,0.9,2.8,83648200.0,89.0,0.0,MFN_APPLIED,PARTNER_SPECIFIC,0.0,EU - India,Under Negotiation,FTA & EIA,Goods & Services,0,10026,879,112,9939,0,0,0
IND,DEU,Germany,DE,276.0,Europe,Western Europe,EUR,Euro,851712,Telephones for cellular networks or for other wireless networks,2018,780151216.82,513940844.61,266210372.21,247730472.4,25639601.84,25639601.84,30.4276,16,3503146000640.0,45020.35,1.6,2.8,84484682.0,89.5,0.0,MFN_APPLIED,PARTNER_SPECIFIC,0.0,EU - India,Under Negotiation,FTA & EIA,Goods & Services,0,10026,879,112,9939,0,0,0
IND,DEU,Germany,DE,276.0,Europe,Western Europe,EUR,Euro,851712,Telephones for cellular networks or for other wireless networks,2019,1027195115.07,525905036.0,501290079.07,24614956.93,35644003.73,35644003.73,28.8182,16,3545183752647.68,46370.96,0.9,2.8,85329528.0,90.0,0.0,MFN_APPLIED,PARTNER_SPECIFIC,0.0,EU - India,Under Negotiation,FTA & EIA,Goods & Services,0,10026,879,112,9939,0,0,0
IND,DEU,Germany,DE,276.0,Europe,Western Europe,EUR,Euro,851712,Telephones for cellular networks or for other wireless networks,2020,805073903.7,464586349.73,340487553.97,124098795.76,28150753.37,28150753.37,28.5987,16,3587725957679.45,47762.09,1.6,2.8,86182824.0,90.5,0.0,MFN_APPLIED,PARTNER_SPECIFIC,0.0,EU - India,Under Negotiation,FTA & EIA,Goods & Services,0,10026,879,112,9939,0,0,0
IND,DEU,Germany,DE,276.0,Europe,Western Europe,EUR,Euro,851712,Telephones for cellular networks or for other wireless networks,2021,1035670471.51,554475336.42,481195135.09,73280201.33,33728267.55,33728267.55,30.7063,16,3630778669171.61,49194.95,0.9,2.8,87044652.0,91.0,0.0,MFN_APPLIED,PARTNER_SPECIFIC,0.0,EU - India,Under Negotiation,FTA & EIA,Goods & Services,0,10026,879,112,9939,0,0,0
IND,DEU,Germany,DE,276.0,Europe,Western Europe,EUR,Euro,851712,Telephones for cellular networks or for other wireless networks,2022,857475745.04,356298063.96,501177681.08,-144879617.12,29653345.1,29653345.1,28.9167,16,3674348013201.67,50670.8,1.6,3.9,87915098.0,91.5,0.0,MFN_APPLIED,PARTNER_SPECIFIC,0.0,EU - India,Under Negotiation,FTA & EIA,Goods & Services,0,10026,879,112,9939,0,0,0
IND,DEU,Germany,DE,276.0,Europe,Western Europe,EUR,Euro,851712,Telephones for cellular networks or for other wireless networks,2023,870407966.8,417620086.85,452787879.95,-35167793.1,33052754.12,33052754.12,26.3339,16,3718440189360.09,52190.93,0.9,3.9,88794249.0,92.0,0.0,MFN_APPLIED,PARTNER_SPECIFIC,0.0,EU - India,Under Negotiation,FTA & EIA,Goods & Services,0,10026,879,112,9939,0,0,0
IND,DEU,Germany,DE,276.0,Europe,Western Europe,EUR,Euro,851712,Telephones for cellular networks or for other wireless networks,2024,1123664719.52,643926519.8199999,479738199.7000001,164188320.12,34090009.44,34090009.44,32.9617,16,3763061471632.41,53756.66,1.6,2.8,89682192.0,92.5,0.0,MFN_APPLIED,PARTNER_SPECIFIC,0.0,EU - India,Under Negotiation,FTA & EIA,Goods & Services,0,10026,879,112,9939,0,0,0
IND,DEU,Germany,DE,276.0,Europe,Western Europe,EUR,Euro,851712,Telephones for cellular networks or for other wireless networks,2025,1102400215.68,538752166.14,563648049.54,-24895883.4,37089720.9,37089720.9,29.7225,16,3808218209292.0,55369.35,0.9,2.8,90579014.0,93.0,0.0,MFN_APPLIED,PARTNER_SPECIFIC,0.0,EU - India,Under Negotiation,FTA & EIA,Goods & Services,0,10026,879,112,9939,0,0,0
IND,GBR,United Kingdom of Great Britain and Northern Ireland,GB,826.0,Europe,Northern Europe,GBP,Pound Sterling,90411,Pepper of the genus Piper; neither crushed nor ground (Black Pepper),2015,113620858.87,51548598.56,62072260.31,-10523661.75,21356665.68,21356665.68,5.3202,16,2900000000000.0,44500.0,1.2,3.4,66000000.0,62.0,0.0,PREFERENTIAL,PARTNER_SPECIFIC,0.0,India - UK FTA,Under Negotiation,FTA & EIA,Goods & Services,0,5878,1350,144,4976,0,0,0
IND,GBR,United Kingdom of Great Britain and Northern Ireland,GB,826.0,Europe,Northern Europe,GBP,Pound Sterling,90411,Pepper of the genus Piper; neither crushed nor ground (Black Pepper),2016,106247845.66,41655326.28,64592519.38,-22937193.1,19299185.45,19299185.45,5.5053,16,2943500000000.0,45835.0,1.9,3.4,66660000.0,62.5,0.0,PREFERENTIAL,PARTNER_SPECIFIC,0.0,India - UK FTA,Under Negotiation,FTA & EIA,Goods & Services,0,5878,1350,144,4976,0,0,0
IND,GBR,United Kingdom of Great Britain and Northern Ireland,GB,826.0,Europe,Northern Europe,GBP,Pound Sterling,90411,Pepper of the genus Piper; neither crushed nor ground (Black Pepper),2017,162243643.63,96696252.22,65547391.41,31148860.81,29950128.74,29950128.74,5.4171,16,2987652500000.0,47210.05,1.2,3.4,67326600.0,63.0,0.0,PREFERENTIAL,PARTNER_SPECIFIC,0.0,India - UK FTA,Under Negotiation,FTA & EIA,Goods & Services,0,5878,1350,144,4976,0,0,0
IND,GBR,United Kingdom of Great Britain and Northern Ireland,GB,826.0,Europe,Northern Europe,GBP,Pound Sterling,90411,Pepper of the genus Piper; neither crushed nor ground (Black Pepper),2018,133584654.32,68261595.56,65323058.760000005,2938536.8,24611535.04,24611535.04,5.4277,16,3032467287500.0,48626.35,1.9,3.4,67999866.0,63.5,0.0,PREFERENTIAL,PARTNER_SPECIFIC,0.0,India - UK FTA,Under Negotiation,FTA & EIA,Goods & Services,0,5878,1350,144,4976,0,0,0
IND,GBR,United Kingdom of Great Britain and Northern Ireland,GB,826.0,Europe,Northern Europe,GBP,Pound Sterling,90411,Pepper of the genus Piper; neither crushed nor ground (Black Pepper),2019,127852436.01,83690547.87,44161888.14,39528659.73,23972218.81,23972218.81,5.3334,16,3077954296812.5,50085.14,1.2,3.4,68679864.0,64.0,0.0,PREFERENTIAL,PARTNER_SPECIFIC,0.0,India - UK FTA,Under Negotiation,FTA & EIA,Goods & Services,0,5878,1350,144,4976,0,0,0
IND,GBR,United Kingdom of Great Britain and Northern Ireland,GB,826.0,Europe,Northern Europe,GBP,Pound Sterling,90411,Pepper of the genus Piper; neither crushed nor ground (Black Pepper),2020,195853141.72,102186722.73,93666418.99,8520303.74,36819231.68,36819231.68,5.3193,16,3124123611264.69,51587.7,1.9,3.4,69366663.0,64.5,0.0,PREFERENTIAL,PARTNER_SPECIFIC,0.0,India - UK FTA,Under Negotiation,FTA & EIA,Goods & Services,0,5878,1350,144,4976,0,0,0
IND,GBR,United Kingdom of Great Britain and Northern Ireland,GB,826.0,Europe,Northern Europe,GBP,Pound Sterling,90411,Pepper of the genus Piper; neither crushed nor ground (Black Pepper),2021,113813101.65,43957708.79,69855392.86,-25897684.07,21444869.57,21444869.57,5.3072,16,3170985465433.66,53135.33,1.2,3.4,70060329.0,65.0,0.0,PREFERENTIAL,PARTNER_SPECIFIC,0.0,India - UK FTA,Under Negotiation,FTA & EIA,Goods & Services,0,5878,1350,144,4976,0,0,0
IND,GBR,United Kingdom of Great Britain and Northern Ireland,GB,826.0,Europe,Northern Europe,GBP,Pound Sterling,90411,Pepper of the genus Piper; neither crushed nor ground (Black Pepper),2022,163384894.24,73506575.73,89878318.51,-16371742.78,30699652.29,30699652.29,5.322,16,3218550247415.16,54729.39,1.9,4.5,70760933.0,65.5,0.0,PREFERENTIAL,PARTNER_SPECIFIC,0.0,India - UK FTA,Under Negotiation,FTA & EIA,Goods & Services,0,5878,1350,144,4976,0,0,0
IND,GBR,United Kingdom of Great Britain and Northern Ireland,GB,826.0,Europe,Northern Europe,GBP,Pound Sterling,90411,Pepper of the genus Piper; neither crushed nor ground (Black Pepper),2023,141174700.72,60955904.79,80218795.93,-19262891.14,25934447.89,25934447.89,5.4435,16,3266828501126.39,56371.27,1.2,4.5,71468542.0,66.0,0.0,PREFERENTIAL,PARTNER_SPECIFIC,0.0,India - UK FTA,Under Negotiation,FTA & EIA,Goods & Services,0,5878,1350,144,4976,0,0,0
IND,GBR,United Kingdom of Great Britain and Northern Ireland,GB,826.0,Europe,Northern Europe,GBP,Pound Sterling,90411,Pepper of the genus Piper; neither crushed nor ground (Black Pepper),2024,207020639.05,86739906.0,120280733.05,-33540827.05,36938371.7,36938371.7,5.6045,16,3315830928643.28,58062.41,1.9,3.4,72183227.0,66.5,0.0,PREFERENTIAL,PARTNER_SPECIFIC,0.0,India - UK FTA,Under Negotiation,FTA & EIA,Goods & Services,0,5878,1350,144,4976,0,0,0
IND,GBR,United Kingdom of Great Britain and Northern Ireland,GB,826.0,Europe,Northern Europe,GBP,Pound Sterling,90411,Pepper of the genus Piper; neither crushed nor ground (Black Pepper),2025,193845340.35,90123658.9,103721681.45,-13598022.55,35658686.66,35658686.66,5.4361,16,3365568392572.93,59804.28,1.2,3.4,72905060.0,67.0,0.0,PREFERENTIAL,PARTNER_SPECIFIC,0.0,India - UK FTA,Under Negotiation,FTA & EIA,Goods & Services,0,5878,1350,144,4976,0,0,0
IND,GBR,United Kingdom of Great Britain and Northern Ireland,GB,826.0,Europe,Northern Europe,GBP,Pound Sterling,100630,"Semi-milled or wholly milled rice, whether or not polished or glazed (Basmati)",2015,31322819.47,13594078.74,17728740.73,-4134661.99,24558881.72,24558881.72,1.2754,16,2900000000000.0,44500.0,1.2,3.4,66000000.0,62.0,10.0,MFN_APPLIED,PARTNER_SPECIFIC,0.0,India - UK FTA,Under Negotiation,FTA & EIA,Goods & Services,0,5878,1350,144,4976,0,0,0
IND,GBR,United Kingdom of Great Britain and Northern Ireland,GB,826.0,Europe,Northern Europe,GBP,Pound Sterling,100630,"Semi-milled or wholly milled rice, whether or not polished or glazed (Basmati)",2016,32658735.02,17206774.2,15451960.82,1754813.38,25280113.56,25280113.56,1.2919,16,2943500000000.0,45835.0,1.9,3.4,66660000.0,62.5,10.0,MFN_APPLIED,PARTNER_SPECIFIC,0.0,India - UK FTA,Under Negotiation,FTA & EIA,Goods & Services,0,5878,1350,144,4976,0,0,0
IND,GBR,United Kingdom of Great Britain and Northern Ireland,GB,826.0,Europe,Northern Europe,GBP,Pound Sterling,100630,"Semi-milled or wholly milled rice, whether or not polished or glazed (Basmati)",2017,31067496.34,14716847.36,16350648.98,-1633801.62,24327426.1,24327426.1,1.2771,16,2987652500000.0,47210.05,1.2,3.4,67326600.0,63.0,10.0,MFN_APPLIED,PARTNER_SPECIFIC,0.0,India - UK FTA,Under Negotiation,FTA & EIA,Goods & Services,0,5878,1350,144,4976,0,0,0
IND,GBR,United Kingdom of Great Britain and Northern Ireland,GB,826.0,Europe,Northern Europe,GBP,Pound Sterling,100630,"Semi-milled or wholly milled rice, whether or not polished or glazed (Basmati)",2018,39276354.27,17571664.21,21704690.06,-4133025.85,29846228.79,29846228.79,1.316,16,3032467287500.0,48626.35,1.9,3.4,67999866.0,63.5,10.0,MFN_APPLIED,PARTNER_SPECIFIC,0.0,India - UK FTA,Under Negotiation,FTA & EIA,Goods & Services,0,5878,1350,144,4976,0,0,0
IND,GBR,United Kingdom of Great Britain and Northern Ireland,GB,826.0,Europe,Northern Europe,GBP,Pound Sterling,100630,"Semi-milled or wholly milled rice, whether or not polished or glazed (Basmati)",2019,34062560.82,14889030.16,19173530.66,-4284500.5,26564157.84,26564157.84,1.2823,16,3077954296812.5,50085.14,1.2,3.4,68679864.0,64.0,10.0,MFN_APPLIED,PARTNER_SPECIFIC,0.0,India - UK FTA,Under Negotiation,FTA & EIA,Goods & Services,0,5878,1350,144,4976,0,0,0
IND,GBR,United Kingdom of Great Britain and Northern Ireland,GB,826.0,Europe,Northern Europe,GBP,Pound Sterling,100630,"Semi-milled or wholly milled rice, whether or not polished or glazed (Basmati)",2020,33873348.93,15408371.95,18464976.98,-3056605.03,26894954.39,26894954.39,1.2595,16,3124123611264.69,51587.7,1.9,3.4,69366663.0,64.5,10.0,MFN_APPLIED,PARTNER_SPECIFIC,0.0,India - UK FTA,Under Negotiation,FTA & EIA,Goods & Services,0,5878,1350,144,4976,0,0,0
IND,GBR,United Kingdom of Great Britain and Northern Ireland,GB,826.0,Europe,Northern Europe,GBP,Pound Sterling,100630,"Semi-milled or wholly milled rice, whether or not polished or glazed (Basmati)",2021,37809703.9,15394101.02,22415602.88,-7021501.86,30221475.51,30221475.51,1.2511,16,3170985465433.66,53135.33,1.2,3.4,70060329.0,65.0,10.0,MFN_APPLIED,PARTNER_SPECIFIC,0.0,India - UK FTA,Under Negotiation,FTA & EIA,Goods & Services,0,5878,1350,144,4976,0,0,0
IND,GBR,United Kingdom of Great Britain and Northern Ireland,GB,826.0,Europe,Northern Europe,GBP,Pound Sterling,100630,"Semi-milled or wholly milled rice, whether or not polished or glazed (Basmati)",2022,32583002.08,16603194.73,15979807.35,623387.38,24524808.89,24524808.89,1.3286,16,3218550247415.16,54729.39,1.9,4.5,70760933.0,65.5,10.0,MFN_APPLIED,PARTNER_SPECIFIC,0.0,India - UK FTA,Under Negotiation,FTA & EIA,Goods & Services,0,5878,1350,144,4976,0,0,0
IND,GBR,United Kingdom of Great Britain and Northern Ireland,GB,826.0,Europe,Northern Europe,GBP,Pound Sterling,100630,"Semi-milled or wholly milled rice, whether or not polished or glazed (Basmati)",2023,33323234.56,22127978.4,11195256.16,10932722.24,25492825.55,25492825.55,1.3072,16,3266828501126.39,56371.27,1.2,4.5,71468542.0,66.0,10.0,MFN_APPLIED,PARTNER_SPECIFIC,0.0,India - UK FTA,Under Negotiation,FTA & EIA,Goods & Services,0,5878,1350,144,4976,0,0,0
IND,GBR,United Kingdom of Great Britain and Northern Ireland,GB,826.0,Europe,Northern Europe,GBP,Pound Sterling,100630,"Semi-milled or wholly milled rice, whether or not polished or glazed (Basmati)",2024,38871028.75,19232662.28,19638366.47,-405704.19,30253214.85,30253214.85,1.2849,16,3315830928643.28,58062.41,1.9,3.4,72183227.0,66.5,10.0,MFN_APPLIED,PARTNER_SPECIFIC,0.0,India - UK FTA,Under Negotiation,FTA & EIA,Goods & Services,0,5878,1350,144,4976,0,0,0
IND,GBR,United Kingdom of Great Britain and Northern Ireland,GB,826.0,Europe,Northern Europe,GBP,Pound Sterling,100630,"Semi-milled or wholly milled rice, whether or not polished or glazed (Basmati)",2025,35585185.61,25220486.05,10364699.56,14855786.49,27642981.52,27642981.52,1.2873,16,3365568392572.93,59804.28,1.2,3.4,72905060.0,67.0,10.0,MFN_APPLIED,PARTNER_SPECIFIC,0.0,India - UK FTA,Under Negotiation,FTA & EIA,Goods & Services,0,5878,1350,144,4976,0,0,0
IND,GBR,United Kingdom of Great Britain and Northern Ireland,GB,826.0,Europe,Northern Europe,GBP,Pound Sterling,271019,"Medium oils and preparations, of petroleum or bituminous minerals",2015,25894944.73,13151357.85,12743586.88,407770.97,29961776.93,29961776.93,0.8643,16,2900000000000.0,44500.0,1.2,3.4,66000000.0,62.0,5.0,MFN_APPLIED,PARTNER_SPECIFIC,0.0,India - UK FTA,Under Negotiation,FTA & EIA,Goods & Services,0,5878,1350,144,4976,0,0,0
IND,GBR,United Kingdom of Great Britain and Northern Ireland,GB,826.0,Europe,Northern Europe,GBP,Pound Sterling,271019,"Medium oils and preparations, of petroleum or bituminous minerals",2016,16621506.83,8111885.67,8509621.16,-397735.49,19625488.11,19625488.11,0.8469,16,2943500000000.0,45835.0,1.9,3.4,66660000.0,62.5,5.0,MFN_APPLIED,PARTNER_SPECIFIC,0.0,India - UK FTA,Under Negotiation,FTA & EIA,Goods & Services,0,5878,1350,144,4976,0,0,0
IND,GBR,United Kingdom of Great Britain and Northern Ireland,GB,826.0,Europe,Northern Europe,GBP,Pound Sterling,271019,"Medium oils and preparations, of petroleum or bituminous minerals",2017,19721516.74,11387342.79,8334173.95,3053168.84,23715708.93,23715708.93,0.8316,16,2987652500000.0,47210.05,1.2,3.4,67326600.0,63.0,5.0,MFN_APPLIED,PARTNER_SPECIFIC,0.0,India - UK FTA,Under Negotiation,FTA & EIA,Goods & Services,0,5878,1350,144,4976,0,0,0
IND,GBR,United Kingdom of Great Britain and Northern Ireland,GB,826.0,Europe,Northern Europe,GBP,Pound Sterling,271019,"Medium oils and preparations, of petroleum or bituminous minerals",2018,21160920.77,9282924.64,11877996.13,-2595071.49,25116503.65,25116503.65,0.8425,16,3032467287500.0,48626.35,1.9,3.4,67999866.0,63.5,5.0,MFN_APPLIED,PARTNER_SPECIFIC,0.0,India - UK FTA,Under Negotiation,FTA & EIA,Goods & Services,0,5878,1350,144,4976,0,0,0
IND,GBR,United Kingdom of Great Britain and Northern Ireland,GB,826.0,Europe,Northern Europe,GBP,Pound Sterling,271019,"Medium oils and preparations, of petroleum or bituminous minerals",2019,16919939.19,7717093.569999999,9202845.62,-1485752.05,19965043.15,19965043.15,0.8475,16,3077954296812.5,50085.14,1.2,3.4,68679864.0,64.0,5.0,MFN_APPLIED,PARTNER_SPECIFIC,0.0,India - UK FTA,Under Negotiation,FTA & EIA,Goods & Services,0,5878,1350,144,4976,0,0,0
IND,GBR,United Kingdom of Great Britain and Northern Ireland,GB,826.0,Europe,Northern Europe,GBP,Pound Sterling,271019,"Medium oils and preparations, of petroleum or bituminous minerals",2020,25916487.61,11816068.7,14100418.91,-2284350.21,30764885.2,30764885.2,0.8424,16,3124123611264.69,51587.7,1.9,3.4,69366663.0,64.5,5.0,MFN_APPLIED,PARTNER_SPECIFIC,0.0,India - UK FTA,Under Negotiation,FTA & EIA,Goods & Services,0,5878,1350,144,4976,0,0,0
IND,GBR,United Kingdom of Great Britain and Northern Ireland,GB,826.0,Europe,Northern Europe,GBP,Pound Sterling,271019,"Medium oils and preparations, of petroleum or bituminous minerals",2021,24662303.51,10849852.41,13812451.1,-2962598.69,29417385.75,29417385.75,0.8384,16,3170985465433.66,53135.33,1.2,3.4,70060329.0,65.0,5.0,MFN_APPLIED,PARTNER_SPECIFIC,0.0,India - UK FTA,Under Negotiation,FTA & EIA,Goods & Services,0,5878,1350,144,4976,0,0,0
IND,GBR,United Kingdom of Great Britain and Northern Ireland,GB,826.0,Europe,Northern Europe,GBP,Pound Sterling,271019,"Medium oils and preparations, of petroleum or bituminous minerals",2022,26413620.05,14135689.56,12277930.49,1857759.07,29645758.22,29645758.22,0.891,16,3218550247415.16,54729.39,1.9,4.5,70760933.0,65.5,5.0,MFN_APPLIED,PARTNER_SPECIFIC,0.0,India - UK FTA,Under Negotiation,FTA & EIA,Goods & Services,0,5878,1350,144,4976,0,0,0
IND,GBR,United Kingdom of Great Britain and Northern Ireland,GB,826.0,Europe,Northern Europe,GBP,Pound Sterling,271019,"Medium oils and preparations, of petroleum or bituminous minerals",2023,20642008.69,11716068.42,8925940.27,2790128.15,24603997.58,24603997.58,0.839,16,3266828501126.39,56371.27,1.2,4.5,71468542.0,66.0,5.0,MFN_APPLIED,PARTNER_SPECIFIC,0.0,India - UK FTA,Under Negotiation,FTA & EIA,Goods & Services,0,5878,1350,144,4976,0,0,0
IND,GBR,United Kingdom of Great Britain and Northern Ireland,GB,826.0,Europe,Northern Europe,GBP,Pound Sterling,271019,"Medium oils and preparations, of petroleum or bituminous minerals",2024,27349279.78,10336029.25,17013250.53,-6677221.28,32824879.32,32824879.32,0.8332,16,3315830928643.28,58062.41,1.9,3.4,72183227.0,66.5,5.0,MFN_APPLIED,PARTNER_SPECIFIC,0.0,India - UK FTA,Under Negotiation,FTA & EIA,Goods & Services,0,5878,1350,144,4976,0,0,0
IND,GBR,United Kingdom of Great Britain and Northern Ireland,GB,826.0,Europe,Northern Europe,GBP,Pound Sterling,271019,"Medium oils and preparations, of petroleum or bituminous minerals",2025,23481950.0,12801512.25,10680437.75,2121074.5,28133335.79,28133335.79,0.8347,16,3365568392572.93,59804.28,1.2,3.4,72905060.0,67.0,5.0,MFN_APPLIED,PARTNER_SPECIFIC,0.0,India - UK FTA,Under Negotiation,FTA & EIA,Goods & Services,0,5878,1350,144,4976,0,0,0
IND,GBR,United Kingdom of Great Britain and Northern Ireland,GB,826.0,Europe,Northern Europe,GBP,Pound Sterling,300490,Medicaments consisting of mixed or unmixed products for therapeutic uses,2015,275616777.72,140885041.59,134731736.13,6153305.46,23978788.26,23978788.26,11.4942,16,2900000000000.0,44500.0,1.2,3.4,66000000.0,62.0,0.0,PREFERENTIAL,PARTNER_SPECIFIC,0.0,India - UK FTA,Under Negotiation,FTA & EIA,Goods & Services,0,5878,1350,144,4976,0,0,0
IND,GBR,United Kingdom of Great Britain and Northern Ireland,GB,826.0,Europe,Northern Europe,GBP,Pound Sterling,300490,Medicaments consisting of mixed or unmixed products for therapeutic uses,2016,174250604.35,74750646.97,99499957.38,-24749310.41,15701500.77,15701500.77,11.0977,16,2943500000000.0,45835.0,1.9,3.4,66660000.0,62.5,0.0,PREFERENTIAL,PARTNER_SPECIFIC,0.0,India - UK FTA,Under Negotiation,FTA & EIA,Goods & Services,0,5878,1350,144,4976,0,0,0
IND,GBR,United Kingdom of Great Britain and Northern Ireland,GB,826.0,Europe,Northern Europe,GBP,Pound Sterling,300490,Medicaments consisting of mixed or unmixed products for therapeutic uses,2017,259886809.39,130950882.63,128935926.76,2014955.87,24830469.06,24830469.06,10.4664,16,2987652500000.0,47210.05,1.2,3.4,67326600.0,63.0,0.0,PREFERENTIAL,PARTNER_SPECIFIC,0.0,India - UK FTA,Under Negotiation,FTA & EIA,Goods & Services,0,5878,1350,144,4976,0,0,0
IND,GBR,United Kingdom of Great Britain and Northern Ireland,GB,826.0,Europe,Northern Europe,GBP,Pound Sterling,300490,Medicaments consisting of mixed or unmixed products for therapeutic uses,2018,166109427.16,106117570.49,59991856.67,46125713.82,14931694.07,14931694.07,11.1246,16,3032467287500.0,48626.35,1.9,3.4,67999866.0,63.5,0.0,PREFERENTIAL,PARTNER_SPECIFIC,0.0,India - UK FTA,Under Negotiation,FTA & EIA,Goods & Services,0,5878,1350,144,4976,0,0,0
IND,GBR,United Kingdom of Great Britain and Northern Ireland,GB,826.0,Europe,Northern Europe,GBP,Pound Sterling,300490,Medicaments consisting of mixed or unmixed products for therapeutic uses,2019,322023684.28,175041766.04,146981918.24,28059847.8,30081071.97,30081071.97,10.7052,16,3077954296812.5,50085.14,1.2,3.4,68679864.0,64.0,0.0,PREFERENTIAL,PARTNER_SPECIFIC,0.0,India - UK FTA,Under Negotiation,FTA & EIA,Goods & Services,0,5878,1350,144,4976,0,0,0
IND,GBR,United Kingdom of Great Britain and Northern Ireland,GB,826.0,Europe,Northern Europe,GBP,Pound Sterling,300490,Medicaments consisting of mixed or unmixed products for therapeutic uses,2020,337548757.0,171028038.58,166520718.42000002,4507320.16,29520825.86,29520825.86,11.4343,16,3124123611264.69,51587.7,1.9,3.4,69366663.0,64.5,0.0,PREFERENTIAL,PARTNER_SPECIFIC,0.0,India - UK FTA,Under Negotiation,FTA & EIA,Goods & Services,0,5878,1350,144,4976,0,0,0
IND,GBR,United Kingdom of Great Britain and Northern Ireland,GB,826.0,Europe,Northern Europe,GBP,Pound Sterling,300490,Medicaments consisting of mixed or unmixed products for therapeutic uses,2021,299757879.53,164665654.53,135092225.0,29573429.53,28180515.98,28180515.98,10.6371,16,3170985465433.66,53135.33,1.2,3.4,70060329.0,65.0,0.0,PREFERENTIAL,PARTNER_SPECIFIC,0.0,India - UK FTA,Under Negotiation,FTA & EIA,Goods & Services,0,5878,1350,144,4976,0,0,0
IND,GBR,United Kingdom of Great Britain and Northern Ireland,GB,826.0,Europe,Northern Europe,GBP,Pound Sterling,300490,Medicaments consisting of mixed or unmixed products for therapeutic uses,2022,312417913.29,174538457.54,137879455.75,36659001.79,26441804.29,26441804.29,11.8153,16,3218550247415.16,54729.39,1.9,4.5,70760933.0,65.5,0.0,PREFERENTIAL,PARTNER_SPECIFIC,0.0,India - UK FTA,Under Negotiation,FTA & EIA,Goods & Services,0,5878,1350,144,4976,0,0,0
IND,GBR,United Kingdom of Great Britain and Northern Ireland,GB,826.0,Europe,Northern Europe,GBP,Pound Sterling,300490,Medicaments consisting of mixed or unmixed products for therapeutic uses,2023,270894536.0,103052605.32,167841930.68,-64789325.36,24000765.03,24000765.03,11.2869,16,3266828501126.39,56371.27,1.2,4.5,71468542.0,66.0,0.0,PREFERENTIAL,PARTNER_SPECIFIC,0.0,India - UK FTA,Under Negotiation,FTA & EIA,Goods & Services,0,5878,1350,144,4976,0,0,0
IND,GBR,United Kingdom of Great Britain and Northern Ireland,GB,826.0,Europe,Northern Europe,GBP,Pound Sterling,300490,Medicaments consisting of mixed or unmixed products for therapeutic uses,2024,366232605.38,180780252.13,185452353.25,-4672101.12,32555981.86,32555981.86,11.2493,16,3315830928643.28,58062.41,1.9,3.4,72183227.0,66.5,0.0,PREFERENTIAL,PARTNER_SPECIFIC,0.0,India - UK FTA,Under Negotiation,FTA & EIA,Goods & Services,0,5878,1350,144,4976,0,0,0
IND,GBR,United Kingdom of Great Britain and Northern Ireland,GB,826.0,Europe,Northern Europe,GBP,Pound Sterling,300490,Medicaments consisting of mixed or unmixed products for therapeutic uses,2025,366452996.21,195354834.43,171098161.78,24256672.65,34346157.76,34346157.76,10.6694,16,3365568392572.93,59804.28,1.2,3.4,72905060.0,67.0,0.0,PREFERENTIAL,PARTNER_SPECIFIC,0.0,India - UK FTA,Under Negotiation,FTA & EIA,Goods & Services,0,5878,1350,144,4976,0,0,0
IND,GBR,United Kingdom of Great Britain and Northern Ireland,GB,826.0,Europe,Northern Europe,GBP,Pound Sterling,520512,"Single cotton yarn, of uncombed fibres, measuring < 714.29 dtex but >= 232.56 dtex",2015,59853721.05,32848503.05,27005218.0,5843285.05,16376413.07,16376413.07,3.6549,16,2900000000000.0,44500.0,1.2,3.4,66000000.0,62.0,7.5,MFN_APPLIED,PARTNER_SPECIFIC,0.0,India - UK FTA,Under Negotiation,FTA & EIA,Goods & Services,0,5878,1350,144,4976,0,0,0
IND,GBR,United Kingdom of Great Britain and Northern Ireland,GB,826.0,Europe,Northern Europe,GBP,Pound Sterling,520512,"Single cotton yarn, of uncombed fibres, measuring < 714.29 dtex but >= 232.56 dtex",2016,109156863.88,53740988.75,55415875.13,-1674886.38,29417922.99,29417922.99,3.7106,16,2943500000000.0,45835.0,1.9,3.4,66660000.0,62.5,7.5,MFN_APPLIED,PARTNER_SPECIFIC,0.0,India - UK FTA,Under Negotiation,FTA & EIA,Goods & Services,0,5878,1350,144,4976,0,0,0
IND,GBR,United Kingdom of Great Britain and Northern Ireland,GB,826.0,Europe,Northern Europe,GBP,Pound Sterling,520512,"Single cotton yarn, of uncombed fibres, measuring < 714.29 dtex but >= 232.56 dtex",2017,108522863.97,54820667.93,53702196.04,1118471.89,29158099.95,29158099.95,3.7219,16,2987652500000.0,47210.05,1.2,3.4,67326600.0,63.0,7.5,MFN_APPLIED,PARTNER_SPECIFIC,0.0,India - UK FTA,Under Negotiation,FTA & EIA,Goods & Services,0,5878,1350,144,4976,0,0,0
IND,GBR,United Kingdom of Great Britain and Northern Ireland,GB,826.0,Europe,Northern Europe,GBP,Pound Sterling,520512,"Single cotton yarn, of uncombed fibres, measuring < 714.29 dtex but >= 232.56 dtex",2018,96889837.16,42911061.48,53978775.68,-11067714.2,27390310.32,27390310.32,3.5374,16,3032467287500.0,48626.35,1.9,3.4,67999866.0,63.5,7.5,MFN_APPLIED,PARTNER_SPECIFIC,0.0,India - UK FTA,Under Negotiation,FTA & EIA,Goods & Services,0,5878,1350,144,4976,0,0,0
IND,GBR,United Kingdom of Great Britain and Northern Ireland,GB,826.0,Europe,Northern Europe,GBP,Pound Sterling,520512,"Single cotton yarn, of uncombed fibres, measuring < 714.29 dtex but >= 232.56 dtex",2019,91057053.86,42651798.71,48405255.15,-5753456.44,25424208.34,25424208.34,3.5815,16,3077954296812.5,50085.14,1.2,3.4,68679864.0,64.0,7.5,MFN_APPLIED,PARTNER_SPECIFIC,0.0,India - UK FTA,Under Negotiation,FTA & EIA,Goods & Services,0,5878,1350,144,4976,0,0,0
IND,GBR,United Kingdom of Great Britain and Northern Ireland,GB,826.0,Europe,Northern Europe,GBP,Pound Sterling,520512,"Single cotton yarn, of uncombed fibres, measuring < 714.29 dtex but >= 232.56 dtex",2020,92409463.15,47435282.91,44974180.24,2461102.67,25694463.32,25694463.32,3.5965,16,3124123611264.69,51587.7,1.9,3.4,69366663.0,64.5,7.5,MFN_APPLIED,PARTNER_SPECIFIC,0.0,India - UK FTA,Under Negotiation,FTA & EIA,Goods & Services,0,5878,1350,144,4976,0,0,0
IND,GBR,United Kingdom of Great Britain and Northern Ireland,GB,826.0,Europe,Northern Europe,GBP,Pound Sterling,520512,"Single cotton yarn, of uncombed fibres, measuring < 714.29 dtex but >= 232.56 dtex",2021,94074083.48,52057648.53,42016434.95,10041213.58,25942026.02,25942026.02,3.6263,16,3170985465433.66,53135.33,1.2,3.4,70060329.0,65.0,7.5,MFN_APPLIED,PARTNER_SPECIFIC,0.0,India - UK FTA,Under Negotiation,FTA & EIA,Goods & Services,0,5878,1350,144,4976,0,0,0
IND,GBR,United Kingdom of Great Britain and Northern Ireland,GB,826.0,Europe,Northern Europe,GBP,Pound Sterling,520512,"Single cotton yarn, of uncombed fibres, measuring < 714.29 dtex but >= 232.56 dtex",2022,89889881.62,42988051.18,46901830.44,-3913779.26,23999638.08,23999638.08,3.7455,16,3218550247415.16,54729.39,1.9,4.5,70760933.0,65.5,7.5,MFN_APPLIED,PARTNER_SPECIFIC,0.0,India - UK FTA,Under Negotiation,FTA & EIA,Goods & Services,0,5878,1350,144,4976,0,0,0
IND,GBR,United Kingdom of Great Britain and Northern Ireland,GB,826.0,Europe,Northern Europe,GBP,Pound Sterling,520512,"Single cotton yarn, of uncombed fibres, measuring < 714.29 dtex but >= 232.56 dtex",2023,123669684.74,62553677.77,61116006.97,1437670.8,34083461.27,34083461.27,3.6284,16,3266828501126.39,56371.27,1.2,4.5,71468542.0,66.0,7.5,MFN_APPLIED,PARTNER_SPECIFIC,0.0,India - UK FTA,Under Negotiation,FTA & EIA,Goods & Services,0,5878,1350,144,4976,0,0,0
IND,GBR,United Kingdom of Great Britain and Northern Ireland,GB,826.0,Europe,Northern Europe,GBP,Pound Sterling,520512,"Single cotton yarn, of uncombed fibres, measuring < 714.29 dtex but >= 232.56 dtex",2024,116481041.56,66119993.82,50361047.74,15758946.08,31798182.43,31798182.43,3.6631,16,3315830928643.28,58062.41,1.9,3.4,72183227.0,66.5,7.5,MFN_APPLIED,PARTNER_SPECIFIC,0.0,India - UK FTA,Under Negotiation,FTA & EIA,Goods & Services,0,5878,1350,144,4976,0,0,0
IND,GBR,United Kingdom of Great Britain and Northern Ireland,GB,826.0,Europe,Northern Europe,GBP,Pound Sterling,520512,"Single cotton yarn, of uncombed fibres, measuring < 714.29 dtex but >= 232.56 dtex",2025,119127518.31,38719540.16,80407978.15,-41688437.99,33381015.09,33381015.09,3.5687,16,3365568392572.93,59804.28,1.2,3.4,72905060.0,67.0,7.5,MFN_APPLIED,PARTNER_SPECIFIC,0.0,India - UK FTA,Under Negotiation,FTA & EIA,Goods & Services,0,5878,1350,144,4976,0,0,0
IND,GBR,United Kingdom of Great Britain and Northern Ireland,GB,826.0,Europe,Northern Europe,GBP,Pound Sterling,711319,"Articles of jewellery and parts thereof, of precious metal other than silver",2015,1261860733867.22,604098229061.62,657762504805.6,-53664275743.98,29414859.61,29414859.61,42898.7509,16,2900000000000.0,44500.0,1.2,3.4,66000000.0,62.0,4.0,PREFERENTIAL,PARTNER_SPECIFIC,0.0,India - UK FTA,Under Negotiation,FTA & EIA,Goods & Services,0,5878,1350,144,4976,0,0,0
IND,GBR,United Kingdom of Great Britain and Northern Ireland,GB,826.0,Europe,Northern Europe,GBP,Pound Sterling,711319,"Articles of jewellery and parts thereof, of precious metal other than silver",2016,961551987193.69,556150276796.89,405401710396.8,150748566400.09,20417613.94,20417613.94,47094.2388,16,2943500000000.0,45835.0,1.9,3.4,66660000.0,62.5,4.0,PREFERENTIAL,PARTNER_SPECIFIC,0.0,India - UK FTA,Under Negotiation,FTA & EIA,Goods & Services,0,5878,1350,144,4976,0,0,0
IND,GBR,United Kingdom of Great Britain and Northern Ireland,GB,826.0,Europe,Northern Europe,GBP,Pound Sterling,711319,"Articles of jewellery and parts thereof, of precious metal other than silver",2017,989094358912.64,459258806962.14,529835551950.5,-70576744988.36,23442160.35,23442160.35,42192.9696,16,2987652500000.0,47210.05,1.2,3.4,67326600.0,63.0,4.0,PREFERENTIAL,PARTNER_SPECIFIC,0.0,India - UK FTA,Under Negotiation,FTA & EIA,Goods & Services,0,5878,1350,144,4976,0,0,0
IND,GBR,United Kingdom of Great Britain and Northern Ireland,GB,826.0,Europe,Northern Europe,GBP,Pound Sterling,711319,"Articles of jewellery and parts thereof, of precious metal other than silver",2018,873530118198.92,520606608462.35,352923509736.57,167683098725.78,20841546.46,20841546.46,41912.9223,16,3032467287500.0,48626.35,1.9,3.4,67999866.0,63.5,4.0,PREFERENTIAL,PARTNER_SPECIFIC,0.0,India - UK FTA,Under Negotiation,FTA & EIA,Goods & Services,0,5878,1350,144,4976,0,0,0
IND,GBR,United Kingdom of Great Britain and Northern Ireland,GB,826.0,Europe,Northern Europe,GBP,Pound Sterling,711319,"Articles of jewellery and parts thereof, of precious metal other than silver",2019,1131756110807.67,582085723261.71,549670387545.96,32415335715.75,27200488.58,27200488.58,41607.9332,16,3077954296812.5,50085.14,1.2,3.4,68679864.0,64.0,4.0,PREFERENTIAL,PARTNER_SPECIFIC,0.0,India - UK FTA,Under Negotiation,FTA & EIA,Goods & Services,0,5878,1350,144,4976,0,0,0
IND,GBR,United Kingdom of Great Britain and Northern Ireland,GB,826.0,Europe,Northern Europe,GBP,Pound Sterling,711319,"Articles of jewellery and parts thereof, of precious metal other than silver",2020,1332708385315.93,780555849529.78,552152535786.15,228403313743.63,29642325.13,29642325.13,44959.644,16,3124123611264.69,51587.7,1.9,3.4,69366663.0,64.5,4.0,PREFERENTIAL,PARTNER_SPECIFIC,0.0,India - UK FTA,Under Negotiation,FTA & EIA,Goods & Services,0,5878,1350,144,4976,0,0,0
IND,GBR,United Kingdom of Great Britain and Northern Ireland,GB,826.0,Europe,Northern Europe,GBP,Pound Sterling,711319,"Articles of jewellery and parts thereof, of precious metal other than silver",2021,1277451427759.33,718771258941.11,558680168818.22,160091090122.89,30259150.14,30259150.14,42217.0293,16,3170985465433.66,53135.33,1.2,3.4,70060329.0,65.0,4.0,PREFERENTIAL,PARTNER_SPECIFIC,0.0,India - UK FTA,Under Negotiation,FTA & EIA,Goods & Services,0,5878,1350,144,4976,0,0,0
IND,GBR,United Kingdom of Great Britain and Northern Ireland,GB,826.0,Europe,Northern Europe,GBP,Pound Sterling,711319,"Articles of jewellery and parts thereof, of precious metal other than silver",2022,922234854268.78,492314824318.86,429920029949.92,62394794368.94,22149761.81,22149761.81,41636.3328,16,3218550247415.16,54729.39,1.9,4.5,70760933.0,65.5,4.0,PREFERENTIAL,PARTNER_SPECIFIC,0.0,India - UK FTA,Under Negotiation,FTA & EIA,Goods & Services,0,5878,1350,144,4976,0,0,0
IND,GBR,United Kingdom of Great Britain and Northern Ireland,GB,826.0,Europe,Northern Europe,GBP,Pound Sterling,711319,"Articles of jewellery and parts thereof, of precious metal other than silver",2023,1351120247030.65,664545885653.0801,686574361377.57,-22028475724.49,29451518.06,29451518.06,45876.0816,16,3266828501126.39,56371.27,1.2,4.5,71468542.0,66.0,4.0,PREFERENTIAL,PARTNER_SPECIFIC,0.0,India - UK FTA,Under Negotiation,FTA & EIA,Goods & Services,0,5878,1350,144,4976,0,0,0
IND,GBR,United Kingdom of Great Britain and Northern Ireland,GB,826.0,Europe,Northern Europe,GBP,Pound Sterling,711319,"Articles of jewellery and parts thereof, of precious metal other than silver",2024,1347350758282.46,598656388763.36,748694369519.1,-150037980755.74,29354941.11,29354941.11,45898.602,16,3315830928643.28,58062.41,1.9,3.4,72183227.0,66.5,4.0,PREFERENTIAL,PARTNER_SPECIFIC,0.0,India - UK FTA,Under Negotiation,FTA & EIA,Goods & Services,0,5878,1350,144,4976,0,0,0
IND,GBR,United Kingdom of Great Britain and Northern Ireland,GB,826.0,Europe,Northern Europe,GBP,Pound Sterling,711319,"Articles of jewellery and parts thereof, of precious metal other than silver",2025,1313754189053.34,565875838396.5,747878350656.84,-182002512260.34,30251583.17,30251583.17,43427.6177,16,3365568392572.93,59804.28,1.2,3.4,72905060.0,67.0,4.0,PREFERENTIAL,PARTNER_SPECIFIC,0.0,India - UK FTA,Under Negotiation,FTA & EIA,Goods & Services,0,5878,1350,144,4976,0,0,0
IND,GBR,United Kingdom of Great Britain and Northern Ireland,GB,826.0,Europe,Northern Europe,GBP,Pound Sterling,847130,"Portable automatic data processing machines, weighing not more than 10 kg (Laptops)",2015,5231042419.92,1859081109.12,3371961310.8,-1512880201.68,28668385.22,28668385.22,182.4673,16,2900000000000.0,44500.0,1.2,3.4,66000000.0,62.0,0.0,MFN_APPLIED,PARTNER_SPECIFIC,0.0,India - UK FTA,Under Negotiation,FTA & EIA,Goods & Services,0,5878,1350,144,4976,0,0,0
IND,GBR,United Kingdom of Great Britain and Northern Ireland,GB,826.0,Europe,Northern Europe,GBP,Pound Sterling,847130,"Portable automatic data processing machines, weighing not more than 10 kg (Laptops)",2016,5653729996.85,2822995246.36,2830734750.49,-7739504.13,27059400.7,27059400.7,208.9377,16,2943500000000.0,45835.0,1.9,3.4,66660000.0,62.5,0.0,MFN_APPLIED,PARTNER_SPECIFIC,0.0,India - UK FTA,Under Negotiation,FTA & EIA,Goods & Services,0,5878,1350,144,4976,0,0,0
IND,GBR,United Kingdom of Great Britain and Northern Ireland,GB,826.0,Europe,Northern Europe,GBP,Pound Sterling,847130,"Portable automatic data processing machines, weighing not more than 10 kg (Laptops)",2017,5121668180.93,2742614688.58,2379053492.35,363561196.23,23291620.12,23291620.12,219.8932,16,2987652500000.0,47210.05,1.2,3.4,67326600.0,63.0,0.0,MFN_APPLIED,PARTNER_SPECIFIC,0.0,India - UK FTA,Under Negotiation,FTA & EIA,Goods & Services,0,5878,1350,144,4976,0,0,0
IND,GBR,United Kingdom of Great Britain and Northern Ireland,GB,826.0,Europe,Northern Europe,GBP,Pound Sterling,847130,"Portable automatic data processing machines, weighing not more than 10 kg (Laptops)",2018,5673940313.85,2552708458.41,3121231855.44,-568523397.03,27609399.98,27609399.98,205.5076,16,3032467287500.0,48626.35,1.9,3.4,67999866.0,63.5,0.0,MFN_APPLIED,PARTNER_SPECIFIC,0.0,India - UK FTA,Under Negotiation,FTA & EIA,Goods & Services,0,5878,1350,144,4976,0,0,0
IND,GBR,United Kingdom of Great Britain and Northern Ireland,GB,826.0,Europe,Northern Europe,GBP,Pound Sterling,847130,"Portable automatic data processing machines, weighing not more than 10 kg (Laptops)",2019,4402708707.82,2705583141.44,1697125566.38,1008457575.06,21997748.87,21997748.87,200.1436,16,3077954296812.5,50085.14,1.2,3.4,68679864.0,64.0,0.0,MFN_APPLIED,PARTNER_SPECIFIC,0.0,India - UK FTA,Under Negotiation,FTA & EIA,Goods & Services,0,5878,1350,144,4976,0,0,0
IND,GBR,United Kingdom of Great Britain and Northern Ireland,GB,826.0,Europe,Northern Europe,GBP,Pound Sterling,847130,"Portable automatic data processing machines, weighing not more than 10 kg (Laptops)",2020,6422404565.61,3317790738.85,3104613826.76,213176912.09,30220137.52,30220137.52,212.5207,16,3124123611264.69,51587.7,1.9,3.4,69366663.0,64.5,0.0,MFN_APPLIED,PARTNER_SPECIFIC,0.0,India - UK FTA,Under Negotiation,FTA & EIA,Goods & Services,0,5878,1350,144,4976,0,0,0
IND,GBR,United Kingdom of Great Britain and Northern Ireland,GB,826.0,Europe,Northern Europe,GBP,Pound Sterling,847130,"Portable automatic data processing machines, weighing not more than 10 kg (Laptops)",2021,5439371318.36,3560329950.09,1879041368.27,1681288581.82,30731089.78,30731089.78,176.999,16,3170985465433.66,53135.33,1.2,3.4,70060329.0,65.0,0.0,MFN_APPLIED,PARTNER_SPECIFIC,0.0,India - UK FTA,Under Negotiation,FTA & EIA,Goods & Services,0,5878,1350,144,4976,0,0,0
IND,GBR,United Kingdom of Great Britain and Northern Ireland,GB,826.0,Europe,Northern Europe,GBP,Pound Sterling,847130,"Portable automatic data processing machines, weighing not more than 10 kg (Laptops)",2022,7287953319.44,3477424097.91,3810529221.53,-333105123.62,35470305.03,35470305.03,205.4663,16,3218550247415.16,54729.39,1.9,4.5,70760933.0,65.5,0.0,MFN_APPLIED,PARTNER_SPECIFIC,0.0,India - UK FTA,Under Negotiation,FTA & EIA,Goods & Services,0,5878,1350,144,4976,0,0,0
IND,GBR,United Kingdom of Great Britain and Northern Ireland,GB,826.0,Europe,Northern Europe,GBP,Pound Sterling,847130,"Portable automatic data processing machines, weighing not more than 10 kg (Laptops)",2023,7508267428.26,3691675776.59,3816591651.67,-124915875.08,35967322.13,35967322.13,208.7525,16,3266828501126.39,56371.27,1.2,4.5,71468542.0,66.0,0.0,MFN_APPLIED,PARTNER_SPECIFIC,0.0,India - UK FTA,Under Negotiation,FTA & EIA,Goods & Services,0,5878,1350,144,4976,0,0,0
IND,GBR,United Kingdom of Great Britain and Northern Ireland,GB,826.0,Europe,Northern Europe,GBP,Pound Sterling,847130,"Portable automatic data processing machines, weighing not more than 10 kg (Laptops)",2024,5958139183.44,3712995966.48,2245143216.96,1467852749.52,26541897.98,26541897.98,224.4805,16,3315830928643.28,58062.41,1.9,3.4,72183227.0,66.5,0.0,MFN_APPLIED,PARTNER_SPECIFIC,0.0,India - UK FTA,Under Negotiation,FTA & EIA,Goods & Services,0,5878,1350,144,4976,0,0,0
IND,GBR,United Kingdom of Great Britain and Northern Ireland,GB,826.0,Europe,Northern Europe,GBP,Pound Sterling,847130,"Portable automatic data processing machines, weighing not more than 10 kg (Laptops)",2025,7400573619.19,3271335591.52,4129238027.67,-857902436.15,36779382.8,36779382.8,201.2153,16,3365568392572.93,59804.28,1.2,3.4,72905060.0,67.0,0.0,MFN_APPLIED,PARTNER_SPECIFIC,0.0,India - UK FTA,Under Negotiation,FTA & EIA,Goods & Services,0,5878,1350,144,4976,0,0,0
IND,GBR,United Kingdom of Great Britain and Northern Ireland,GB,826.0,Europe,Northern Europe,GBP,Pound Sterling,851712,Telephones for cellular networks or for other wireless networks,2015,480087651.07,272323528.41,207764122.66,64559405.75,17440815.63,17440815.63,27.5267,16,2900000000000.0,44500.0,1.2,3.4,66000000.0,62.0,0.0,MFN_APPLIED,PARTNER_SPECIFIC,0.0,India - UK FTA,Under Negotiation,FTA & EIA,Goods & Services,0,5878,1350,144,4976,0,0,0
IND,GBR,United Kingdom of Great Britain and Northern Ireland,GB,826.0,Europe,Northern Europe,GBP,Pound Sterling,851712,Telephones for cellular networks or for other wireless networks,2016,812189000.89,422291047.08,389897953.81,32393093.27,25686196.31,25686196.31,31.6197,16,2943500000000.0,45835.0,1.9,3.4,66660000.0,62.5,0.0,MFN_APPLIED,PARTNER_SPECIFIC,0.0,India - UK FTA,Under Negotiation,FTA & EIA,Goods & Services,0,5878,1350,144,4976,0,0,0
IND,GBR,United Kingdom of Great Britain and Northern Ireland,GB,826.0,Europe,Northern Europe,GBP,Pound Sterling,851712,Telephones for cellular networks or for other wireless networks,2017,1008332209.76,533768256.07,474563953.69,59204302.38,29305245.4,29305245.4,34.4079,16,2987652500000.0,47210.05,1.2,3.4,67326600.0,63.0,0.0,MFN_APPLIED,PARTNER_SPECIFIC,0.0,India - UK FTA,Under Negotiation,FTA & EIA,Goods & Services,0,5878,1350,144,4976,0,0,0
IND,GBR,United Kingdom of Great Britain and Northern Ireland,GB,826.0,Europe,Northern Europe,GBP,Pound Sterling,851712,Telephones for cellular networks or for other wireless networks,2018,970365424.3,518872177.3,451493247.0,67378930.3,31565310.6,31565310.6,30.7415,16,3032467287500.0,48626.35,1.9,3.4,67999866.0,63.5,0.0,MFN_APPLIED,PARTNER_SPECIFIC,0.0,India - UK FTA,Under Negotiation,FTA & EIA,Goods & Services,0,5878,1350,144,4976,0,0,0
IND,GBR,United Kingdom of Great Britain and Northern Ireland,GB,826.0,Europe,Northern Europe,GBP,Pound Sterling,851712,Telephones for cellular networks or for other wireless networks,2019,935998167.09,416535253.94,519462913.15,-102927659.21,27612877.96,27612877.96,33.8972,16,3077954296812.5,50085.14,1.2,3.4,68679864.0,64.0,0.0,MFN_APPLIED,PARTNER_SPECIFIC,0.0,India - UK FTA,Under Negotiation,FTA & EIA,Goods & Services,0,5878,1350,144,4976,0,0,0
IND,GBR,United Kingdom of Great Britain and Northern Ireland,GB,826.0,Europe,Northern Europe,GBP,Pound Sterling,851712,Telephones for cellular networks or for other wireless networks,2020,851821877.64,420386935.47,431434942.17,-11048006.7,28488007.86,28488007.86,29.9011,16,3124123611264.69,51587.7,1.9,3.4,69366663.0,64.5,0.0,MFN_APPLIED,PARTNER_SPECIFIC,0.0,India - UK FTA,Under Negotiation,FTA & EIA,Goods & Services,0,5878,1350,144,4976,0,0,0
IND,GBR,United Kingdom of Great Britain and Northern Ireland,GB,826.0,Europe,Northern Europe,GBP,Pound Sterling,851712,Telephones for cellular networks or for other wireless networks,2021,1128925545.95,494597302.03,634328243.92,-139730941.89,36051332.63,36051332.63,31.3144,16,3170985465433.66,53135.33,1.2,3.4,70060329.0,65.0,0.0,MFN_APPLIED,PARTNER_SPECIFIC,0.0,India - UK FTA,Under Negotiation,FTA & EIA,Goods & Services,0,5878,1350,144,4976,0,0,0
IND,GBR,United Kingdom of Great Britain and Northern Ireland,GB,826.0,Europe,Northern Europe,GBP,Pound Sterling,851712,Telephones for cellular networks or for other wireless networks,2022,1110559368.2,573938244.06,536621124.14,37317119.92,37085658.95,37085658.95,29.9458,16,3218550247415.16,54729.39,1.9,4.5,70760933.0,65.5,0.0,MFN_APPLIED,PARTNER_SPECIFIC,0.0,India - UK FTA,Under Negotiation,FTA & EIA,Goods & Services,0,5878,1350,144,4976,0,0,0
IND,GBR,United Kingdom of Great Britain and Northern Ireland,GB,826.0,Europe,Northern Europe,GBP,Pound Sterling,851712,Telephones for cellular networks or for other wireless networks,2023,1230687243.05,567471978.13,663215264.9200001,-95743286.79,43757765.48,43757765.48,28.125,16,3266828501126.39,56371.27,1.2,4.5,71468542.0,66.0,0.0,MFN_APPLIED,PARTNER_SPECIFIC,0.0,India - UK FTA,Under Negotiation,FTA & EIA,Goods & Services,0,5878,1350,144,4976,0,0,0
IND,GBR,United Kingdom of Great Britain and Northern Ireland,GB,826.0,Europe,Northern Europe,GBP,Pound Sterling,851712,Telephones for cellular networks or for other wireless networks,2024,724981715.29,381007553.34,343974161.95,37033391.39,30229421.25,30229421.25,23.9827,16,3315830928643.28,58062.41,1.9,3.4,72183227.0,66.5,0.0,MFN_APPLIED,PARTNER_SPECIFIC,0.0,India - UK FTA,Under Negotiation,FTA & EIA,Goods & Services,0,5878,1350,144,4976,0,0,0
IND,GBR,United Kingdom of Great Britain and Northern Ireland,GB,826.0,Europe,Northern Europe,GBP,Pound Sterling,851712,Telephones for cellular networks or for other wireless networks,2025,782752146.27,474538753.13,308213393.14,166325359.99,29019869.07,29019869.07,26.973,16,3365568392572.93,59804.28,1.2,3.4,72905060.0,67.0,0.0,MFN_APPLIED,PARTNER_SPECIFIC,0.0,India - UK FTA,Under Negotiation,FTA & EIA,Goods & Services,0,5878,1350,144,4976,0,0,0
IND,IDN,Indonesia,ID,360.0,Asia,South-eastern Asia,IDR,Rupiah,90411,Pepper of genus Piper; neither crushed nor ground,2015,5766967.61,5411110.53,355857.08,5055253.45,1067451.56,1067451.56,5.4026,2,500000000000.0,12000.0,2.7,3.0,50000000.0,50.0,15.0,MFN_APPLIED,PARTNER_SPECIFIC,1.0,ASEAN - India,In Force,FTA & EIA,Goods & Services,1,748,297,187,365,0,0,0
IND,IDN,Indonesia,ID,360.0,Asia,South-eastern Asia,IDR,Rupiah,90411,Pepper of genus Piper; neither crushed nor ground,2016,14718375.94,5145471.63,9572904.31,-4427432.68,2691499.52,2691499.52,5.4685,2,515000000000.0,12360.0,3.4,3.0,50500000.0,50.5,15.0,MFN_APPLIED,PARTNER_SPECIFIC,1.0,ASEAN - India,In Force,FTA & EIA,Goods & Services,1,748,297,187,365,0,0,0
IND,IDN,Indonesia,ID,360.0,Asia,South-eastern Asia,IDR,Rupiah,90411,Pepper of genus Piper; neither crushed nor ground,2017,15331324.15,12319737.54,3011586.61,9308150.93,3004138.36,3004138.36,5.1034,2,530450000000.0,12730.8,2.7,3.0,51005000.0,51.0,15.0,MFN_APPLIED,PARTNER_SPECIFIC,1.0,ASEAN - India,In Force,FTA & EIA,Goods & Services,1,748,297,187,365,0,0,0
IND,IDN,Indonesia,ID,360.0,Asia,South-eastern Asia,IDR,Rupiah,90411,Pepper of genus Piper; neither crushed nor ground,2018,6292243.99,1300710.17,4991533.82,-3690823.65,1080641.84,1080641.84,5.8227,2,546363500000.0,13112.72,3.4,3.0,51515050.0,51.5,15.0,MFN_APPLIED,PARTNER_SPECIFIC,1.0,ASEAN - India,In Force,FTA & EIA,Goods & Services,1,748,297,187,365,0,0,0
IND,IDN,Indonesia,ID,360.0,Asia,South-eastern Asia,IDR,Rupiah,90411,Pepper of genus Piper; neither crushed nor ground,2019,9764132.07,5047192.52,4716939.55,330252.97,1744007.23,1744007.23,5.5987,2,562754405000.0,13506.11,2.7,3.0,52030200.0,52.0,15.0,MFN_APPLIED,PARTNER_SPECIFIC,1.0,ASEAN - India,In Force,FTA & EIA,Goods & Services,1,748,297,187,365,0,0,0
IND,IDN,Indonesia,ID,360.0,Asia,South-eastern Asia,IDR,Rupiah,90411,Pepper of genus Piper; neither crushed nor ground,2020,22493535.43,1168771.69,21324763.74,-20155992.05,4042305.62,4042305.62,5.5645,2,579637037150.0,13911.29,3.4,3.0,52550502.0,52.5,15.0,MFN_APPLIED,PARTNER_SPECIFIC,1.0,ASEAN - India,In Force,FTA & EIA,Goods & Services,1,748,297,187,365,0,0,0
IND,IDN,Indonesia,ID,360.0,Asia,South-eastern Asia,IDR,Rupiah,90411,Pepper of genus Piper; neither crushed nor ground,2021,20947344.47,9337556.11,11609788.36,-2272232.25,3971779.76,3971779.76,5.274,2,597026148264.5,14328.63,2.7,3.0,53076007.0,53.0,15.0,MFN_APPLIED,PARTNER_SPECIFIC,1.0,ASEAN - India,In Force,FTA & EIA,Goods & Services,1,748,297,187,365,0,0,0
IND,IDN,Indonesia,ID,360.0,Asia,South-eastern Asia,IDR,Rupiah,90411,Pepper of genus Piper; neither crushed nor ground,2022,19740000.34,13209961.06,6530039.28,6679921.78,3080176.15,3080176.15,6.4087,2,614936932712.44,14758.49,3.4,4.1,53606767.0,53.5,15.0,MFN_APPLIED,PARTNER_SPECIFIC,1.0,ASEAN - India,In Force,FTA & EIA,Goods & Services,1,748,297,187,365,0,0,0
IND,IDN,Indonesia,ID,360.0,Asia,South-eastern Asia,IDR,Rupiah,90411,Pepper of genus Piper; neither crushed nor ground,2023,28491550.32,7561027.35,20930522.97,-13369495.62,5435572.48,5435572.48,5.2417,2,633385040693.81,15201.24,2.7,4.1,54142835.0,54.0,15.0,MFN_APPLIED,PARTNER_SPECIFIC,1.0,ASEAN - India,In Force,FTA & EIA,Goods & Services,1,748,297,187,365,0,0,0
IND,IDN,Indonesia,ID,360.0,Asia,South-eastern Asia,IDR,Rupiah,90411,Pepper of genus Piper; neither crushed nor ground,2024,21474229.46,14588581.07,6885648.39,7702932.68,3843245.03,3843245.03,5.5875,2,652386591914.62,15657.28,3.4,3.0,54684263.0,54.5,15.0,MFN_APPLIED,PARTNER_SPECIFIC,1.0,ASEAN - India,In Force,FTA & EIA,Goods & Services,1,748,297,187,365,0,0,0
IND,IDN,Indonesia,ID,360.0,Asia,South-eastern Asia,IDR,Rupiah,90411,Pepper of genus Piper; neither crushed nor ground,2025,18984555.04,4847956.92,14136598.12,-9288641.2,3141690.02,3141690.02,6.0428,2,671958189672.06,16127.0,2.7,3.0,55231106.0,55.0,15.0,MFN_APPLIED,PARTNER_SPECIFIC,1.0,ASEAN - India,In Force,FTA & EIA,Goods & Services,1,748,297,187,365,0,0,0
IND,IDN,Indonesia,ID,360.0,Asia,South-eastern Asia,IDR,Rupiah,100630,Semi-milled or wholly milled rice (Basmati),2015,5006328.76,1311867.25,3694461.51,-2382594.26,3785807.97,3785807.97,1.3224,2,500000000000.0,12000.0,2.7,3.0,50000000.0,50.0,10.0,MFN_APPLIED,PARTNER_SPECIFIC,1.0,ASEAN - India,In Force,FTA & EIA,Goods & Services,1,748,297,187,365,0,0,0
IND,IDN,Indonesia,ID,360.0,Asia,South-eastern Asia,IDR,Rupiah,100630,Semi-milled or wholly milled rice (Basmati),2016,3659419.54,2579359.7,1080059.84,1499299.86,2774019.27,2774019.27,1.3192,2,515000000000.0,12360.0,3.4,3.0,50500000.0,50.5,10.0,MFN_APPLIED,PARTNER_SPECIFIC,1.0,ASEAN - India,In Force,FTA & EIA,Goods & Services,1,748,297,187,365,0,0,0
IND,IDN,Indonesia,ID,360.0,Asia,South-eastern Asia,IDR,Rupiah,100630,Semi-milled or wholly milled rice (Basmati),2017,4237305.26,1468792.5,2768512.76,-1299720.26,3299496.04,3299496.04,1.2842,2,530450000000.0,12730.8,2.7,3.0,51005000.0,51.0,10.0,MFN_APPLIED,PARTNER_SPECIFIC,1.0,ASEAN - India,In Force,FTA & EIA,Goods & Services,1,748,297,187,365,0,0,0
IND,IDN,Indonesia,ID,360.0,Asia,South-eastern Asia,IDR,Rupiah,100630,Semi-milled or wholly milled rice (Basmati),2018,3348650.42,1877287.17,1471363.25,405923.92,2774501.62,2774501.62,1.2069,2,546363500000.0,13112.72,3.4,3.0,51515050.0,51.5,10.0,MFN_APPLIED,PARTNER_SPECIFIC,1.0,ASEAN - India,In Force,FTA & EIA,Goods & Services,1,748,297,187,365,0,0,0
IND,IDN,Indonesia,ID,360.0,Asia,South-eastern Asia,IDR,Rupiah,100630,Semi-milled or wholly milled rice (Basmati),2019,6818069.63,3101600.82,3716468.81,-614867.99,5425696.49,5425696.49,1.2566,2,562754405000.0,13506.11,2.7,3.0,52030200.0,52.0,10.0,MFN_APPLIED,PARTNER_SPECIFIC,1.0,ASEAN - India,In Force,FTA & EIA,Goods & Services,1,748,297,187,365,0,0,0
IND,IDN,Indonesia,ID,360.0,Asia,South-eastern Asia,IDR,Rupiah,100630,Semi-milled or wholly milled rice (Basmati),2020,2396708.14,1575217.26,821490.88,753726.38,1996254.53,1996254.53,1.2006,2,579637037150.0,13911.29,3.4,3.0,52550502.0,52.5,10.0,MFN_APPLIED,PARTNER_SPECIFIC,1.0,ASEAN - India,In Force,FTA & EIA,Goods & Services,1,748,297,187,365,0,0,0
IND,IDN,Indonesia,ID,360.0,Asia,South-eastern Asia,IDR,Rupiah,100630,Semi-milled or wholly milled rice (Basmati),2021,3217080.03,876771.5,2340308.53,-1463537.03,2456405.96,2456405.96,1.3097,2,597026148264.5,14328.63,2.7,3.0,53076007.0,53.0,10.0,MFN_APPLIED,PARTNER_SPECIFIC,1.0,ASEAN - India,In Force,FTA & EIA,Goods & Services,1,748,297,187,365,0,0,0
IND,IDN,Indonesia,ID,360.0,Asia,South-eastern Asia,IDR,Rupiah,100630,Semi-milled or wholly milled rice (Basmati),2022,1153052.37,729853.95,423198.42,306655.53,883633.76,883633.76,1.3049,2,614936932712.44,14758.49,3.4,4.1,53606767.0,53.5,10.0,MFN_APPLIED,PARTNER_SPECIFIC,1.0,ASEAN - India,In Force,FTA & EIA,Goods & Services,1,748,297,187,365,0,0,0
IND,IDN,Indonesia,ID,360.0,Asia,South-eastern Asia,IDR,Rupiah,100630,Semi-milled or wholly milled rice (Basmati),2023,4349050.15,749834.3,3599215.85,-2849381.55,3477113.74,3477113.74,1.2508,2,633385040693.81,15201.24,2.7,4.1,54142835.0,54.0,10.0,MFN_APPLIED,PARTNER_SPECIFIC,1.0,ASEAN - India,In Force,FTA & EIA,Goods & Services,1,748,297,187,365,0,0,0
IND,IDN,Indonesia,ID,360.0,Asia,South-eastern Asia,IDR,Rupiah,100630,Semi-milled or wholly milled rice (Basmati),2024,2106261.45,684478.77,1421782.68,-737303.91,1662008.74,1662008.74,1.2673,2,652386591914.62,15657.28,3.4,3.0,54684263.0,54.5,10.0,MFN_APPLIED,PARTNER_SPECIFIC,1.0,ASEAN - India,In Force,FTA & EIA,Goods & Services,1,748,297,187,365,0,0,0
IND,IDN,Indonesia,ID,360.0,Asia,South-eastern Asia,IDR,Rupiah,100630,Semi-milled or wholly milled rice (Basmati),2025,7506240.52,3831813.04,3674427.48,157385.56,5606247.67,5606247.67,1.3389,2,671958189672.06,16127.0,2.7,3.0,55231106.0,55.0,10.0,MFN_APPLIED,PARTNER_SPECIFIC,1.0,ASEAN - India,In Force,FTA & EIA,Goods & Services,1,748,297,187,365,0,0,0
IND,IDN,Indonesia,ID,360.0,Asia,South-eastern Asia,IDR,Rupiah,271019,Medium oils & petroleum preparations,2015,2605178.43,1675389.96,929788.47,745601.49,3102895.09,3102895.09,0.8396,2,500000000000.0,12000.0,2.7,3.0,50000000.0,50.0,5.0,MFN_APPLIED,PARTNER_SPECIFIC,1.0,ASEAN - India,In Force,FTA & EIA,Goods & Services,1,748,297,187,365,0,0,0
IND,IDN,Indonesia,ID,360.0,Asia,South-eastern Asia,IDR,Rupiah,271019,Medium oils & petroleum preparations,2016,593520.07,480599.74,112920.33,367679.41,709673.24,709673.24,0.8363,2,515000000000.0,12360.0,3.4,3.0,50500000.0,50.5,5.0,MFN_APPLIED,PARTNER_SPECIFIC,1.0,ASEAN - India,In Force,FTA & EIA,Goods & Services,1,748,297,187,365,0,0,0
IND,IDN,Indonesia,ID,360.0,Asia,South-eastern Asia,IDR,Rupiah,271019,Medium oils & petroleum preparations,2017,1685042.61,763965.73,921076.88,-157111.15,1929512.31,1929512.31,0.8733,2,530450000000.0,12730.8,2.7,3.0,51005000.0,51.0,5.0,MFN_APPLIED,PARTNER_SPECIFIC,1.0,ASEAN - India,In Force,FTA & EIA,Goods & Services,1,748,297,187,365,0,0,0
IND,IDN,Indonesia,ID,360.0,Asia,South-eastern Asia,IDR,Rupiah,271019,Medium oils & petroleum preparations,2018,3675437.18,1788081.36,1887355.82,-99274.46,3945124.08,3945124.08,0.9316,2,546363500000.0,13112.72,3.4,3.0,51515050.0,51.5,5.0,MFN_APPLIED,PARTNER_SPECIFIC,1.0,ASEAN - India,In Force,FTA & EIA,Goods & Services,1,748,297,187,365,0,0,0
IND,IDN,Indonesia,ID,360.0,Asia,South-eastern Asia,IDR,Rupiah,271019,Medium oils & petroleum preparations,2019,2240976.56,1670978.16,569998.4,1100979.76,2635560.71,2635560.71,0.8503,2,562754405000.0,13506.11,2.7,3.0,52030200.0,52.0,5.0,MFN_APPLIED,PARTNER_SPECIFIC,1.0,ASEAN - India,In Force,FTA & EIA,Goods & Services,1,748,297,187,365,0,0,0
IND,IDN,Indonesia,ID,360.0,Asia,South-eastern Asia,IDR,Rupiah,271019,Medium oils & petroleum preparations,2020,3395662.79,313865.99,3081796.8,-2767930.81,4249991.85,4249991.85,0.799,2,579637037150.0,13911.29,3.4,3.0,52550502.0,52.5,5.0,MFN_APPLIED,PARTNER_SPECIFIC,1.0,ASEAN - India,In Force,FTA & EIA,Goods & Services,1,748,297,187,365,0,0,0
IND,IDN,Indonesia,ID,360.0,Asia,South-eastern Asia,IDR,Rupiah,271019,Medium oils & petroleum preparations,2021,2236627.59,635691.74,1600935.85,-965244.11,2580848.0,2580848.0,0.8666,2,597026148264.5,14328.63,2.7,3.0,53076007.0,53.0,5.0,MFN_APPLIED,PARTNER_SPECIFIC,1.0,ASEAN - India,In Force,FTA & EIA,Goods & Services,1,748,297,187,365,0,0,0
IND,IDN,Indonesia,ID,360.0,Asia,South-eastern Asia,IDR,Rupiah,271019,Medium oils & petroleum preparations,2022,1462337.15,257259.52,1205077.63,-947818.11,1800805.35,1800805.35,0.812,2,614936932712.44,14758.49,3.4,4.1,53606767.0,53.5,5.0,MFN_APPLIED,PARTNER_SPECIFIC,1.0,ASEAN - India,In Force,FTA & EIA,Goods & Services,1,748,297,187,365,0,0,0
IND,IDN,Indonesia,ID,360.0,Asia,South-eastern Asia,IDR,Rupiah,271019,Medium oils & petroleum preparations,2023,364666.13,237377.97,127288.16,110089.81,393402.15,393402.15,0.927,2,633385040693.81,15201.24,2.7,4.1,54142835.0,54.0,5.0,MFN_APPLIED,PARTNER_SPECIFIC,1.0,ASEAN - India,In Force,FTA & EIA,Goods & Services,1,748,297,187,365,0,0,0
IND,IDN,Indonesia,ID,360.0,Asia,South-eastern Asia,IDR,Rupiah,271019,Medium oils & petroleum preparations,2024,1890638.38,389927.48,1500710.9,-1110783.42,2366981.18,2366981.18,0.7988,2,652386591914.62,15657.28,3.4,3.0,54684263.0,54.5,5.0,MFN_APPLIED,PARTNER_SPECIFIC,1.0,ASEAN - India,In Force,FTA & EIA,Goods & Services,1,748,297,187,365,0,0,0
IND,IDN,Indonesia,ID,360.0,Asia,South-eastern Asia,IDR,Rupiah,271019,Medium oils & petroleum preparations,2025,3559824.15,800047.31,2759776.84,-1959729.53,4211387.13,4211387.13,0.8453,2,671958189672.06,16127.0,2.7,3.0,55231106.0,55.0,5.0,MFN_APPLIED,PARTNER_SPECIFIC,1.0,ASEAN - India,In Force,FTA & EIA,Goods & Services,1,748,297,187,365,0,0,0
IND,IDN,Indonesia,ID,360.0,Asia,South-eastern Asia,IDR,Rupiah,300490,Medicaments for therapeutic/prophylactic uses,2015,13361047.28,9360374.89,4000672.39,5359702.5,1104375.01,1104375.01,12.0983,2,500000000000.0,12000.0,2.7,3.0,50000000.0,50.0,5.0,MFN_APPLIED,PARTNER_SPECIFIC,1.0,ASEAN - India,In Force,FTA & EIA,Goods & Services,1,748,297,187,365,0,0,0
IND,IDN,Indonesia,ID,360.0,Asia,South-eastern Asia,IDR,Rupiah,300490,Medicaments for therapeutic/prophylactic uses,2016,25791550.48,11282824.94,14508725.54,-3225900.6,2150167.81,2150167.81,11.9951,2,515000000000.0,12360.0,3.4,3.0,50500000.0,50.5,5.0,MFN_APPLIED,PARTNER_SPECIFIC,1.0,ASEAN - India,In Force,FTA & EIA,Goods & Services,1,748,297,187,365,0,0,0
IND,IDN,Indonesia,ID,360.0,Asia,South-eastern Asia,IDR,Rupiah,300490,Medicaments for therapeutic/prophylactic uses,2017,50050897.92,9336264.81,40714633.11,-31378368.3,3919978.25,3919978.25,12.7682,2,530450000000.0,12730.8,2.7,3.0,51005000.0,51.0,5.0,MFN_APPLIED,PARTNER_SPECIFIC,1.0,ASEAN - India,In Force,FTA & EIA,Goods & Services,1,748,297,187,365,0,0,0
IND,IDN,Indonesia,ID,360.0,Asia,South-eastern Asia,IDR,Rupiah,300490,Medicaments for therapeutic/prophylactic uses,2018,32314782.21,16282378.86,16032403.35,249975.51,2569201.83,2569201.83,12.5778,2,546363500000.0,13112.72,3.4,3.0,51515050.0,51.5,5.0,MFN_APPLIED,PARTNER_SPECIFIC,1.0,ASEAN - India,In Force,FTA & EIA,Goods & Services,1,748,297,187,365,0,0,0
IND,IDN,Indonesia,ID,360.0,Asia,South-eastern Asia,IDR,Rupiah,300490,Medicaments for therapeutic/prophylactic uses,2019,28988710.84,25014475.1,3974235.74,21040239.36,2147962.03,2147962.03,13.4959,2,562754405000.0,13506.11,2.7,3.0,52030200.0,52.0,5.0,MFN_APPLIED,PARTNER_SPECIFIC,1.0,ASEAN - India,In Force,FTA & EIA,Goods & Services,1,748,297,187,365,0,0,0
IND,IDN,Indonesia,ID,360.0,Asia,South-eastern Asia,IDR,Rupiah,300490,Medicaments for therapeutic/prophylactic uses,2020,50472460.67,37903684.08,12568776.59,25334907.49,4062987.37,4062987.37,12.4225,2,579637037150.0,13911.29,3.4,3.0,52550502.0,52.5,5.0,MFN_APPLIED,PARTNER_SPECIFIC,1.0,ASEAN - India,In Force,FTA & EIA,Goods & Services,1,748,297,187,365,0,0,0
IND,IDN,Indonesia,ID,360.0,Asia,South-eastern Asia,IDR,Rupiah,300490,Medicaments for therapeutic/prophylactic uses,2021,29941971.86,19382915.73,10559056.13,8823859.6,2708440.34,2708440.34,11.0551,2,597026148264.5,14328.63,2.7,3.0,53076007.0,53.0,5.0,MFN_APPLIED,PARTNER_SPECIFIC,1.0,ASEAN - India,In Force,FTA & EIA,Goods & Services,1,748,297,187,365,0,0,0
IND,IDN,Indonesia,ID,360.0,Asia,South-eastern Asia,IDR,Rupiah,300490,Medicaments for therapeutic/prophylactic uses,2022,33371511.47,3744310.23,29627201.24,-25882891.01,2927870.85,2927870.85,11.3979,2,614936932712.44,14758.49,3.4,4.1,53606767.0,53.5,5.0,MFN_APPLIED,PARTNER_SPECIFIC,1.0,ASEAN - India,In Force,FTA & EIA,Goods & Services,1,748,297,187,365,0,0,0
IND,IDN,Indonesia,ID,360.0,Asia,South-eastern Asia,IDR,Rupiah,300490,Medicaments for therapeutic/prophylactic uses,2023,26131840.37,12894383.57,13237456.8,-343073.23,2321851.25,2321851.25,11.2547,2,633385040693.81,15201.24,2.7,4.1,54142835.0,54.0,5.0,MFN_APPLIED,PARTNER_SPECIFIC,1.0,ASEAN - India,In Force,FTA & EIA,Goods & Services,1,748,297,187,365,0,0,0
IND,IDN,Indonesia,ID,360.0,Asia,South-eastern Asia,IDR,Rupiah,300490,Medicaments for therapeutic/prophylactic uses,2024,29223470.3,22601259.66,6622210.64,15979049.02,2871360.94,2871360.94,10.1776,2,652386591914.62,15657.28,3.4,3.0,54684263.0,54.5,5.0,MFN_APPLIED,PARTNER_SPECIFIC,1.0,ASEAN - India,In Force,FTA & EIA,Goods & Services,1,748,297,187,365,0,0,0
IND,IDN,Indonesia,ID,360.0,Asia,South-eastern Asia,IDR,Rupiah,300490,Medicaments for therapeutic/prophylactic uses,2025,28983938.27,19505542.3,9478395.97,10027146.33,2340361.93,2340361.93,12.3844,2,671958189672.06,16127.0,2.7,3.0,55231106.0,55.0,5.0,MFN_APPLIED,PARTNER_SPECIFIC,1.0,ASEAN - India,In Force,FTA & EIA,Goods & Services,1,748,297,187,365,0,0,0
IND,IDN,Indonesia,ID,360.0,Asia,South-eastern Asia,IDR,Rupiah,520512,"Single cotton yarn, uncombed fibres",2015,2055253.29,563763.94,1491489.35,-927725.41,622854.33,622854.33,3.2997,2,500000000000.0,12000.0,2.7,3.0,50000000.0,50.0,7.5,MFN_APPLIED,PARTNER_SPECIFIC,1.0,ASEAN - India,In Force,FTA & EIA,Goods & Services,1,748,297,187,365,0,0,0
IND,IDN,Indonesia,ID,360.0,Asia,South-eastern Asia,IDR,Rupiah,520512,"Single cotton yarn, uncombed fibres",2016,5679255.4,5124380.99,554874.41,4569506.58,1501792.5,1501792.5,3.7817,2,515000000000.0,12360.0,3.4,3.0,50500000.0,50.5,7.5,MFN_APPLIED,PARTNER_SPECIFIC,1.0,ASEAN - India,In Force,FTA & EIA,Goods & Services,1,748,297,187,365,0,0,0
IND,IDN,Indonesia,ID,360.0,Asia,South-eastern Asia,IDR,Rupiah,520512,"Single cotton yarn, uncombed fibres",2017,5320781.93,2681776.88,2639005.05,42771.83,1482119.03,1482119.03,3.59,2,530450000000.0,12730.8,2.7,3.0,51005000.0,51.0,7.5,MFN_APPLIED,PARTNER_SPECIFIC,1.0,ASEAN - India,In Force,FTA & EIA,Goods & Services,1,748,297,187,365,0,0,0
IND,IDN,Indonesia,ID,360.0,Asia,South-eastern Asia,IDR,Rupiah,520512,"Single cotton yarn, uncombed fibres",2018,6637321.75,4912404.01,1724917.74,3187486.27,1770882.24,1770882.24,3.748,2,546363500000.0,13112.72,3.4,3.0,51515050.0,51.5,7.5,MFN_APPLIED,PARTNER_SPECIFIC,1.0,ASEAN - India,In Force,FTA & EIA,Goods & Services,1,748,297,187,365,0,0,0
IND,IDN,Indonesia,ID,360.0,Asia,South-eastern Asia,IDR,Rupiah,520512,"Single cotton yarn, uncombed fibres",2019,11889484.09,8172654.45,3716829.64,4455824.81,3186431.65,3186431.65,3.7313,2,562754405000.0,13506.11,2.7,3.0,52030200.0,52.0,7.5,MFN_APPLIED,PARTNER_SPECIFIC,1.0,ASEAN - India,In Force,FTA & EIA,Goods & Services,1,748,297,187,365,0,0,0
IND,IDN,Indonesia,ID,360.0,Asia,South-eastern Asia,IDR,Rupiah,520512,"Single cotton yarn, uncombed fibres",2020,12785023.73,10076068.48,2708955.25,7367113.23,3457277.19,3457277.19,3.698,2,579637037150.0,13911.29,3.4,3.0,52550502.0,52.5,7.5,MFN_APPLIED,PARTNER_SPECIFIC,1.0,ASEAN - India,In Force,FTA & EIA,Goods & Services,1,748,297,187,365,0,0,0
IND,IDN,Indonesia,ID,360.0,Asia,South-eastern Asia,IDR,Rupiah,520512,"Single cotton yarn, uncombed fibres",2021,7680557.11,2527806.25,5152750.86,-2624944.61,1892190.32,1892190.32,4.0591,2,597026148264.5,14328.63,2.7,3.0,53076007.0,53.0,7.5,MFN_APPLIED,PARTNER_SPECIFIC,1.0,ASEAN - India,In Force,FTA & EIA,Goods & Services,1,748,297,187,365,0,0,0
IND,IDN,Indonesia,ID,360.0,Asia,South-eastern Asia,IDR,Rupiah,520512,"Single cotton yarn, uncombed fibres",2022,5848634.62,3178570.18,2670064.44,508505.74,1517041.08,1517041.08,3.8553,2,614936932712.44,14758.49,3.4,4.1,53606767.0,53.5,7.5,MFN_APPLIED,PARTNER_SPECIFIC,1.0,ASEAN - India,In Force,FTA & EIA,Goods & Services,1,748,297,187,365,0,0,0
IND,IDN,Indonesia,ID,360.0,Asia,South-eastern Asia,IDR,Rupiah,520512,"Single cotton yarn, uncombed fibres",2023,8709741.93,6177490.66,2532251.27,3645239.39,2590132.44,2590132.44,3.3627,2,633385040693.81,15201.24,2.7,4.1,54142835.0,54.0,7.5,MFN_APPLIED,PARTNER_SPECIFIC,1.0,ASEAN - India,In Force,FTA & EIA,Goods & Services,1,748,297,187,365,0,0,0
IND,IDN,Indonesia,ID,360.0,Asia,South-eastern Asia,IDR,Rupiah,520512,"Single cotton yarn, uncombed fibres",2024,17252457.35,13832008.79,3420448.56,10411560.23,4457048.39,4457048.39,3.8708,2,652386591914.62,15657.28,3.4,3.0,54684263.0,54.5,7.5,MFN_APPLIED,PARTNER_SPECIFIC,1.0,ASEAN - India,In Force,FTA & EIA,Goods & Services,1,748,297,187,365,0,0,0
IND,IDN,Indonesia,ID,360.0,Asia,South-eastern Asia,IDR,Rupiah,520512,"Single cotton yarn, uncombed fibres",2025,29133090.13,13586519.51,15546570.62,-1960051.11,7465802.38,7465802.38,3.9022,2,671958189672.06,16127.0,2.7,3.0,55231106.0,55.0,7.5,MFN_APPLIED,PARTNER_SPECIFIC,1.0,ASEAN - India,In Force,FTA & EIA,Goods & Services,1,748,297,187,365,0,0,0
IND,IDN,Indonesia,ID,360.0,Asia,South-eastern Asia,IDR,Rupiah,711319,Articles of jewellery of precious metal (Gold),2015,66203637041.25,19333339434.53,46870297606.72,-27536958172.19,1366759.08,1366759.08,48438.4103,2,500000000000.0,12000.0,2.7,3.0,50000000.0,50.0,12.5,MFN_APPLIED,PARTNER_SPECIFIC,1.0,ASEAN - India,In Force,FTA & EIA,Goods & Services,1,748,297,187,365,0,0,0
IND,IDN,Indonesia,ID,360.0,Asia,South-eastern Asia,IDR,Rupiah,711319,Articles of jewellery of precious metal (Gold),2016,81999721970.95,49897778872.89,32101943098.06,17795835774.83,2119797.25,2119797.25,38682.8136,2,515000000000.0,12360.0,3.4,3.0,50500000.0,50.5,12.5,MFN_APPLIED,PARTNER_SPECIFIC,1.0,ASEAN - India,In Force,FTA & EIA,Goods & Services,1,748,297,187,365,0,0,0
IND,IDN,Indonesia,ID,360.0,Asia,South-eastern Asia,IDR,Rupiah,711319,Articles of jewellery of precious metal (Gold),2017,51109860892.77,7495778570.71,43614082322.06,-36118303751.35,1338280.16,1338280.16,38190.7036,2,530450000000.0,12730.8,2.7,3.0,51005000.0,51.0,12.5,MFN_APPLIED,PARTNER_SPECIFIC,1.0,ASEAN - India,In Force,FTA & EIA,Goods & Services,1,748,297,187,365,0,0,0
IND,IDN,Indonesia,ID,360.0,Asia,South-eastern Asia,IDR,Rupiah,711319,Articles of jewellery of precious metal (Gold),2018,206428816317.49,39778300550.27,166650515767.22,-126872215216.95,4387078.45,4387078.45,47053.8238,2,546363500000.0,13112.72,3.4,3.0,51515050.0,51.5,12.5,MFN_APPLIED,PARTNER_SPECIFIC,1.0,ASEAN - India,In Force,FTA & EIA,Goods & Services,1,748,297,187,365,0,0,0
IND,IDN,Indonesia,ID,360.0,Asia,South-eastern Asia,IDR,Rupiah,711319,Articles of jewellery of precious metal (Gold),2019,158510316321.58,87669575110.59,70840741210.99,16828833899.6,3640147.29,3640147.29,43545.0282,2,562754405000.0,13506.11,2.7,3.0,52030200.0,52.0,12.5,MFN_APPLIED,PARTNER_SPECIFIC,1.0,ASEAN - India,In Force,FTA & EIA,Goods & Services,1,748,297,187,365,0,0,0
IND,IDN,Indonesia,ID,360.0,Asia,South-eastern Asia,IDR,Rupiah,711319,Articles of jewellery of precious metal (Gold),2020,157678022230.27,40951399231.25,116726622999.02,-75775223767.77,4116175.02,4116175.02,38306.9285,2,579637037150.0,13911.29,3.4,3.0,52550502.0,52.5,12.5,MFN_APPLIED,PARTNER_SPECIFIC,1.0,ASEAN - India,In Force,FTA & EIA,Goods & Services,1,748,297,187,365,0,0,0
IND,IDN,Indonesia,ID,360.0,Asia,South-eastern Asia,IDR,Rupiah,711319,Articles of jewellery of precious metal (Gold),2021,136007547574.35,23741771676.66,112265775897.69,-88524004221.03,2839909.96,2839909.96,47891.4999,2,597026148264.5,14328.63,2.7,3.0,53076007.0,53.0,12.5,MFN_APPLIED,PARTNER_SPECIFIC,1.0,ASEAN - India,In Force,FTA & EIA,Goods & Services,1,748,297,187,365,0,0,0
IND,IDN,Indonesia,ID,360.0,Asia,South-eastern Asia,IDR,Rupiah,711319,Articles of jewellery of precious metal (Gold),2022,160955835340.37,113616878283.61,47338957056.76,66277921226.85,3982878.12,3982878.12,40411.9409,2,614936932712.44,14758.49,3.4,4.1,53606767.0,53.5,12.5,MFN_APPLIED,PARTNER_SPECIFIC,1.0,ASEAN - India,In Force,FTA & EIA,Goods & Services,1,748,297,187,365,0,0,0
IND,IDN,Indonesia,ID,360.0,Asia,South-eastern Asia,IDR,Rupiah,711319,Articles of jewellery of precious metal (Gold),2023,52973035996.33,12156188535.25,40816847461.08,-28660658925.83,1276770.63,1276770.63,41489.861,2,633385040693.81,15201.24,2.7,4.1,54142835.0,54.0,12.5,MFN_APPLIED,PARTNER_SPECIFIC,1.0,ASEAN - India,In Force,FTA & EIA,Goods & Services,1,748,297,187,365,0,0,0
IND,IDN,Indonesia,ID,360.0,Asia,South-eastern Asia,IDR,Rupiah,711319,Articles of jewellery of precious metal (Gold),2024,149281562287.62,81755276666.19,67526285621.43,14228991044.76,3365949.9,3365949.9,44350.5004,2,652386591914.62,15657.28,3.4,3.0,54684263.0,54.5,12.5,MFN_APPLIED,PARTNER_SPECIFIC,1.0,ASEAN - India,In Force,FTA & EIA,Goods & Services,1,748,297,187,365,0,0,0
IND,IDN,Indonesia,ID,360.0,Asia,South-eastern Asia,IDR,Rupiah,711319,Articles of jewellery of precious metal (Gold),2025,122161419564.76,86202532733.53,35958886831.23,50243645902.3,2431995.61,2431995.61,50230.9375,2,671958189672.06,16127.0,2.7,3.0,55231106.0,55.0,12.5,MFN_APPLIED,PARTNER_SPECIFIC,1.0,ASEAN - India,In Force,FTA & EIA,Goods & Services,1,748,297,187,365,0,0,0
IND,IDN,Indonesia,ID,360.0,Asia,South-eastern Asia,IDR,Rupiah,847130,Portable automatic data processing machines (Laptops),2015,444313603.68,263833400.09,180480203.59,83353196.5,1956446.24,1956446.24,227.1024,2,500000000000.0,12000.0,2.7,3.0,50000000.0,50.0,0.0,MFN_APPLIED,PARTNER_SPECIFIC,1.0,ASEAN - India,In Force,FTA & EIA,Goods & Services,1,748,297,187,365,0,0,0
IND,IDN,Indonesia,ID,360.0,Asia,South-eastern Asia,IDR,Rupiah,847130,Portable automatic data processing machines (Laptops),2016,541804985.95,63848176.8,477956809.15,-414108632.35,2598733.02,2598733.02,208.4881,2,515000000000.0,12360.0,3.4,3.0,50500000.0,50.5,0.0,MFN_APPLIED,PARTNER_SPECIFIC,1.0,ASEAN - India,In Force,FTA & EIA,Goods & Services,1,748,297,187,365,0,0,0
IND,IDN,Indonesia,ID,360.0,Asia,South-eastern Asia,IDR,Rupiah,847130,Portable automatic data processing machines (Laptops),2017,670863122.36,324309094.66,346554027.7,-22244933.04,3041950.86,3041950.86,220.5371,2,530450000000.0,12730.8,2.7,3.0,51005000.0,51.0,0.0,MFN_APPLIED,PARTNER_SPECIFIC,1.0,ASEAN - India,In Force,FTA & EIA,Goods & Services,1,748,297,187,365,0,0,0
IND,IDN,Indonesia,ID,360.0,Asia,South-eastern Asia,IDR,Rupiah,847130,Portable automatic data processing machines (Laptops),2018,608889716.83,461780742.06,147108974.77,314671767.29,2809183.6,2809183.6,216.7497,2,546363500000.0,13112.72,3.4,3.0,51515050.0,51.5,0.0,MFN_APPLIED,PARTNER_SPECIFIC,1.0,ASEAN - India,In Force,FTA & EIA,Goods & Services,1,748,297,187,365,0,0,0
IND,IDN,Indonesia,ID,360.0,Asia,South-eastern Asia,IDR,Rupiah,847130,Portable automatic data processing machines (Laptops),2019,199938502.01,20557906.12,179380595.89,-158822689.77,951273.03,951273.03,210.1799,2,562754405000.0,13506.11,2.7,3.0,52030200.0,52.0,0.0,MFN_APPLIED,PARTNER_SPECIFIC,1.0,ASEAN - India,In Force,FTA & EIA,Goods & Services,1,748,297,187,365,0,0,0
IND,IDN,Indonesia,ID,360.0,Asia,South-eastern Asia,IDR,Rupiah,847130,Portable automatic data processing machines (Laptops),2020,487332609.9,224046069.3,263286540.6,-39240471.3,2409759.66,2409759.66,202.2329,2,579637037150.0,13911.29,3.4,3.0,52550502.0,52.5,0.0,MFN_APPLIED,PARTNER_SPECIFIC,1.0,ASEAN - India,In Force,FTA & EIA,Goods & Services,1,748,297,187,365,0,0,0
IND,IDN,Indonesia,ID,360.0,Asia,South-eastern Asia,IDR,Rupiah,847130,Portable automatic data processing machines (Laptops),2021,638507293.6,506929390.22,131577903.38,375351486.84,2560058.34,2560058.34,249.4112,2,597026148264.5,14328.63,2.7,3.0,53076007.0,53.0,0.0,MFN_APPLIED,PARTNER_SPECIFIC,1.0,ASEAN - India,In Force,FTA & EIA,Goods & Services,1,748,297,187,365,0,0,0
IND,IDN,Indonesia,ID,360.0,Asia,South-eastern Asia,IDR,Rupiah,847130,Portable automatic data processing machines (Laptops),2022,1232298147.44,395309346.47,836988800.97,-441679454.5,6112019.14,6112019.14,201.6188,2,614936932712.44,14758.49,3.4,4.1,53606767.0,53.5,0.0,MFN_APPLIED,PARTNER_SPECIFIC,1.0,ASEAN - India,In Force,FTA & EIA,Goods & Services,1,748,297,187,365,0,0,0
IND,IDN,Indonesia,ID,360.0,Asia,South-eastern Asia,IDR,Rupiah,847130,Portable automatic data processing machines (Laptops),2023,1144970512.53,715942053.34,429028459.19,286913594.15,3898418.07,3898418.07,293.7013,2,633385040693.81,15201.24,2.7,4.1,54142835.0,54.0,0.0,MFN_APPLIED,PARTNER_SPECIFIC,1.0,ASEAN - India,In Force,FTA & EIA,Goods & Services,1,748,297,187,365,0,0,0
IND,IDN,Indonesia,ID,360.0,Asia,South-eastern Asia,IDR,Rupiah,847130,Portable automatic data processing machines (Laptops),2024,1261075965.89,640004911.69,621071054.2,18933857.49,6135651.49,6135651.49,205.5325,2,652386591914.62,15657.28,3.4,3.0,54684263.0,54.5,0.0,MFN_APPLIED,PARTNER_SPECIFIC,1.0,ASEAN - India,In Force,FTA & EIA,Goods & Services,1,748,297,187,365,0,0,0
IND,IDN,Indonesia,ID,360.0,Asia,South-eastern Asia,IDR,Rupiah,847130,Portable automatic data processing machines (Laptops),2025,121815790.31,20996144.37,100819645.94,-79823501.57,773723.55,773723.55,157.441,2,671958189672.06,16127.0,2.7,3.0,55231106.0,55.0,0.0,MFN_APPLIED,PARTNER_SPECIFIC,1.0,ASEAN - India,In Force,FTA & EIA,Goods & Services,1,748,297,187,365,0,0,0
IND,IDN,Indonesia,ID,360.0,Asia,South-eastern Asia,IDR,Rupiah,851712,Telephones for cellular networks / smartphones,2015,34596318.75,9257859.0,25338459.75,-16080600.75,1204794.97,1204794.97,28.7155,2,500000000000.0,12000.0,2.7,3.0,50000000.0,50.0,0.0,MFN_APPLIED,PARTNER_SPECIFIC,1.0,ASEAN - India,In Force,FTA & EIA,Goods & Services,1,748,297,187,365,0,0,0
IND,IDN,Indonesia,ID,360.0,Asia,South-eastern Asia,IDR,Rupiah,851712,Telephones for cellular networks / smartphones,2016,126284038.81,88112189.18,38171849.63,49940339.55,3377891.9,3377891.9,37.3855,2,515000000000.0,12360.0,3.4,3.0,50500000.0,50.5,0.0,MFN_APPLIED,PARTNER_SPECIFIC,1.0,ASEAN - India,In Force,FTA & EIA,Goods & Services,1,748,297,187,365,0,0,0
IND,IDN,Indonesia,ID,360.0,Asia,South-eastern Asia,IDR,Rupiah,851712,Telephones for cellular networks / smartphones,2017,71670995.52,43932410.24,27738585.28,16193824.96,2840253.92,2840253.92,25.234,2,530450000000.0,12730.8,2.7,3.0,51005000.0,51.0,0.0,MFN_APPLIED,PARTNER_SPECIFIC,1.0,ASEAN - India,In Force,FTA & EIA,Goods & Services,1,748,297,187,365,0,0,0
IND,IDN,Indonesia,ID,360.0,Asia,South-eastern Asia,IDR,Rupiah,851712,Telephones for cellular networks / smartphones,2018,32994136.85,30272908.5,2721228.35,27551680.15,877516.2,877516.2,37.5995,2,546363500000.0,13112.72,3.4,3.0,51515050.0,51.5,0.0,MFN_APPLIED,PARTNER_SPECIFIC,1.0,ASEAN - India,In Force,FTA & EIA,Goods & Services,1,748,297,187,365,0,0,0
IND,IDN,Indonesia,ID,360.0,Asia,South-eastern Asia,IDR,Rupiah,851712,Telephones for cellular networks / smartphones,2019,54083161.49,28456283.24,25626878.25,2829404.99,1502322.77,1502322.77,35.9997,2,562754405000.0,13506.11,2.7,3.0,52030200.0,52.0,0.0,MFN_APPLIED,PARTNER_SPECIFIC,1.0,ASEAN - India,In Force,FTA & EIA,Goods & Services,1,748,297,187,365,0,0,0
IND,IDN,Indonesia,ID,360.0,Asia,South-eastern Asia,IDR,Rupiah,851712,Telephones for cellular networks / smartphones,2020,84967815.61,50180289.58,34787526.03,15392763.55,2540344.71,2540344.71,33.4474,2,579637037150.0,13911.29,3.4,3.0,52550502.0,52.5,0.0,MFN_APPLIED,PARTNER_SPECIFIC,1.0,ASEAN - India,In Force,FTA & EIA,Goods & Services,1,748,297,187,365,0,0,0
IND,IDN,Indonesia,ID,360.0,Asia,South-eastern Asia,IDR,Rupiah,851712,Telephones for cellular networks / smartphones,2021,24073766.24,9762280.0,14311486.24,-4549206.24,951264.55,951264.55,25.3071,2,597026148264.5,14328.63,2.7,3.0,53076007.0,53.0,0.0,MFN_APPLIED,PARTNER_SPECIFIC,1.0,ASEAN - India,In Force,FTA & EIA,Goods & Services,1,748,297,187,365,0,0,0
IND,IDN,Indonesia,ID,360.0,Asia,South-eastern Asia,IDR,Rupiah,851712,Telephones for cellular networks / smartphones,2022,179558664.63,63612117.36,115946547.27,-52334429.91,4528937.77,4528937.77,39.647,2,614936932712.44,14758.49,3.4,4.1,53606767.0,53.5,0.0,MFN_APPLIED,PARTNER_SPECIFIC,1.0,ASEAN - India,In Force,FTA & EIA,Goods & Services,1,748,297,187,365,0,0,0
IND,IDN,Indonesia,ID,360.0,Asia,South-eastern Asia,IDR,Rupiah,851712,Telephones for cellular networks / smartphones,2023,128616332.25,64695178.48,63921153.77,774024.71,2884675.88,2884675.88,44.5861,2,633385040693.81,15201.24,2.7,4.1,54142835.0,54.0,0.0,MFN_APPLIED,PARTNER_SPECIFIC,1.0,ASEAN - India,In Force,FTA & EIA,Goods & Services,1,748,297,187,365,0,0,0
IND,IDN,Indonesia,ID,360.0,Asia,South-eastern Asia,IDR,Rupiah,851712,Telephones for cellular networks / smartphones,2024,83597583.13,7136667.27,76460915.86,-69324248.59,2346479.54,2346479.54,35.6268,2,652386591914.62,15657.28,3.4,3.0,54684263.0,54.5,0.0,MFN_APPLIED,PARTNER_SPECIFIC,1.0,ASEAN - India,In Force,FTA & EIA,Goods & Services,1,748,297,187,365,0,0,0
IND,IDN,Indonesia,ID,360.0,Asia,South-eastern Asia,IDR,Rupiah,851712,Telephones for cellular networks / smartphones,2025,91386159.41,88071385.22,3314774.19,84756611.03,3807357.36,3807357.36,24.0025,2,671958189672.06,16127.0,2.7,3.0,55231106.0,55.0,0.0,MFN_APPLIED,PARTNER_SPECIFIC,1.0,ASEAN - India,In Force,FTA & EIA,Goods & Services,1,748,297,187,365,0,0,0
IND,IND,India,IN,356.0,Asia,Southern Asia,INR,Indian Rupee,90411,Pepper of the genus Piper; neither crushed nor ground (Black Pepper),2015,71977848.67,36779902.4,35197946.27,1581956.13,13158425.36,13158425.36,5.4701,14,2100000000000.0,1600.0,6.5,5.2,1320000000.0,42.0,,,,,,,,,0,1337,282,135,964,0,0,0
IND,IND,India,IN,356.0,Asia,Southern Asia,INR,Indian Rupee,90411,Pepper of the genus Piper; neither crushed nor ground (Black Pepper),2016,103110645.19,42405053.91,60705591.28,-18300537.37,18795616.41,18795616.41,5.4859,14,2242800000000.0,1648.0,7.2,5.2,1333200000.0,42.5,,,,,,,,,0,1337,282,135,964,0,0,0
IND,IND,India,IN,356.0,Asia,Southern Asia,INR,Indian Rupee,90411,Pepper of the genus Piper; neither crushed nor ground (Black Pepper),2017,99781714.0,59209801.48,40571912.52,18637888.96,18160248.98,18160248.98,5.4945,14,2395310400000.0,1697.44,6.5,5.2,1346532000.0,43.0,,,,,,,,,0,1337,282,135,964,0,0,0
IND,IND,India,IN,356.0,Asia,Southern Asia,INR,Indian Rupee,90411,Pepper of the genus Piper; neither crushed nor ground (Black Pepper),2018,117547240.61,73044027.71,44503212.9,28540814.81,21963480.22,21963480.22,5.3519,14,2558191507200.0,1748.36,7.2,5.2,1359997320.0,43.5,,,,,,,,,0,1337,282,135,964,0,0,0
IND,IND,India,IN,356.0,Asia,Southern Asia,INR,Indian Rupee,90411,Pepper of the genus Piper; neither crushed nor ground (Black Pepper),2019,112521310.97,66470580.36,46050730.61000001,20419849.75,21009376.97,21009376.97,5.3558,14,2732148529689.6,1800.81,6.5,5.2,1373597293.0,44.0,,,,,,,,,0,1337,282,135,964,0,0,0
IND,IND,India,IN,356.0,Asia,Southern Asia,INR,Indian Rupee,90411,Pepper of the genus Piper; neither crushed nor ground (Black Pepper),2020,148136239.82,54601203.13,93535036.69,-38933833.56,26994441.0,26994441.0,5.4877,14,2917934629708.49,1854.84,7.2,5.2,1387333266.0,44.5,,,,,,,,,0,1337,282,135,964,0,0,0
IND,IND,India,IN,356.0,Asia,Southern Asia,INR,Indian Rupee,90411,Pepper of the genus Piper; neither crushed nor ground (Black Pepper),2021,121918160.01,45620191.79,76297968.22,-30677776.43,23380960.96,23380960.96,5.2144,14,3116354184528.67,1910.48,6.5,5.2,1401206598.0,45.0,,,,,,,,,0,1337,282,135,964,0,0,0
IND,IND,India,IN,356.0,Asia,Southern Asia,INR,Indian Rupee,90411,Pepper of the genus Piper; neither crushed nor ground (Black Pepper),2022,138546020.18,75969129.05,62576891.13,13392237.92,26290921.38,26290921.38,5.2697,14,3328266269076.62,1967.8,7.2,6.3,1415218664.0,45.5,,,,,,,,,0,1337,282,135,964,0,0,0
IND,IND,India,IN,356.0,Asia,Southern Asia,INR,Indian Rupee,90411,Pepper of the genus Piper; neither crushed nor ground (Black Pepper),2023,138918603.56,65863227.14,73055376.42,-7192149.28,25318512.11,25318512.11,5.4868,14,3554588375373.83,2026.83,6.5,6.3,1429370851.0,46.0,,,,,,,,,0,1337,282,135,964,0,0,0
IND,IND,India,IN,356.0,Asia,Southern Asia,INR,Indian Rupee,90411,Pepper of the genus Piper; neither crushed nor ground (Black Pepper),2024,172305422.23,80246607.74000001,92058814.49,-11812206.75,31361697.59,31361697.59,5.4941,14,3796300384899.25,2087.64,7.2,5.2,1443664559.0,46.5,,,,,,,,,0,1337,282,135,964,0,0,0
IND,IND,India,IN,356.0,Asia,Southern Asia,INR,Indian Rupee,90411,Pepper of the genus Piper; neither crushed nor ground (Black Pepper),2025,159274928.06,83808994.0,75465934.06,8343059.94,29562030.76,29562030.76,5.3878,14,4054448811072.4,2150.27,6.5,5.2,1458101205.0,47.0,,,,,,,,,0,1337,282,135,964,0,0,0
IND,IND,India,IN,356.0,Asia,Southern Asia,INR,Indian Rupee,100630,"Semi-milled or wholly milled rice, whether or not polished or glazed (Basmati)",2015,16732452.82,7799304.54,8933148.28,-1133843.74,12800805.25,12800805.25,1.3071,14,2100000000000.0,1600.0,6.5,5.2,1320000000.0,42.0,,,,,,,,,0,1337,282,135,964,0,0,0
IND,IND,India,IN,356.0,Asia,Southern Asia,INR,Indian Rupee,100630,"Semi-milled or wholly milled rice, whether or not polished or glazed (Basmati)",2016,27765912.94,12271351.52,15494561.419999998,-3223209.9,22184046.81,22184046.81,1.2516,14,2242800000000.0,1648.0,7.2,5.2,1333200000.0,42.5,,,,,,,,,0,1337,282,135,964,0,0,0
IND,IND,India,IN,356.0,Asia,Southern Asia,INR,Indian Rupee,100630,"Semi-milled or wholly milled rice, whether or not polished or glazed (Basmati)",2017,23733367.99,13219251.54,10514116.45,2705135.09,18150901.14,18150901.14,1.3076,14,2395310400000.0,1697.44,6.5,5.2,1346532000.0,43.0,,,,,,,,,0,1337,282,135,964,0,0,0
IND,IND,India,IN,356.0,Asia,Southern Asia,INR,Indian Rupee,100630,"Semi-milled or wholly milled rice, whether or not polished or glazed (Basmati)",2018,32803798.71,20539259.45,12264539.26,8274720.19,24968925.5,24968925.5,1.3138,14,2558191507200.0,1748.36,7.2,5.2,1359997320.0,43.5,,,,,,,,,0,1337,282,135,964,0,0,0
IND,IND,India,IN,356.0,Asia,Southern Asia,INR,Indian Rupee,100630,"Semi-milled or wholly milled rice, whether or not polished or glazed (Basmati)",2019,37227302.54,17480330.48,19746972.06,-2266641.58,28534256.49,28534256.49,1.3047,14,2732148529689.6,1800.81,6.5,5.2,1373597293.0,44.0,,,,,,,,,0,1337,282,135,964,0,0,0
IND,IND,India,IN,356.0,Asia,Southern Asia,INR,Indian Rupee,100630,"Semi-milled or wholly milled rice, whether or not polished or glazed (Basmati)",2020,31896619.37,22938473.61,8958145.76,13980327.85,23779804.97,23779804.97,1.3413,14,2917934629708.49,1854.84,7.2,5.2,1387333266.0,44.5,,,,,,,,,0,1337,282,135,964,0,0,0
IND,IND,India,IN,356.0,Asia,Southern Asia,INR,Indian Rupee,100630,"Semi-milled or wholly milled rice, whether or not polished or glazed (Basmati)",2021,33811823.85,17295689.94,16516133.91,779556.03,26393603.93,26393603.93,1.2811,14,3116354184528.67,1910.48,6.5,5.2,1401206598.0,45.0,,,,,,,,,0,1337,282,135,964,0,0,0
IND,IND,India,IN,356.0,Asia,Southern Asia,INR,Indian Rupee,100630,"Semi-milled or wholly milled rice, whether or not polished or glazed (Basmati)",2022,31169998.85,15381065.24,15788933.61,-407868.37,24307557.26,24307557.26,1.2823,14,3328266269076.62,1967.8,7.2,6.3,1415218664.0,45.5,,,,,,,,,0,1337,282,135,964,0,0,0
IND,IND,India,IN,356.0,Asia,Southern Asia,INR,Indian Rupee,100630,"Semi-milled or wholly milled rice, whether or not polished or glazed (Basmati)",2023,41753365.47,21629296.02,20124069.45,1505226.57,33330456.73,33330456.73,1.2527,14,3554588375373.83,2026.83,6.5,6.3,1429370851.0,46.0,,,,,,,,,0,1337,282,135,964,0,0,0
IND,IND,India,IN,356.0,Asia,Southern Asia,INR,Indian Rupee,100630,"Semi-milled or wholly milled rice, whether or not polished or glazed (Basmati)",2024,37301107.4,18689617.12,18611490.28,78126.84,29233561.33,29233561.33,1.276,14,3796300384899.25,2087.64,7.2,5.2,1443664559.0,46.5,,,,,,,,,0,1337,282,135,964,0,0,0
IND,IND,India,IN,356.0,Asia,Southern Asia,INR,Indian Rupee,100630,"Semi-milled or wholly milled rice, whether or not polished or glazed (Basmati)",2025,33905633.86,12418161.78,21487472.08,-9069310.3,26036850.28,26036850.28,1.3022,14,4054448811072.4,2150.27,6.5,5.2,1458101205.0,47.0,,,,,,,,,0,1337,282,135,964,0,0,0
IND,IND,India,IN,356.0,Asia,Southern Asia,INR,Indian Rupee,271019,"Medium oils and preparations, of petroleum or bituminous minerals",2015,15276094.4,9443644.02,5832450.38,3611193.64,17456490.2,17456490.2,0.8751,14,2100000000000.0,1600.0,6.5,5.2,1320000000.0,42.0,,,,,,,,,0,1337,282,135,964,0,0,0
IND,IND,India,IN,356.0,Asia,Southern Asia,INR,Indian Rupee,271019,"Medium oils and preparations, of petroleum or bituminous minerals",2016,17595365.09,7757623.27,9837741.82,-2080118.55,21535981.67,21535981.67,0.817,14,2242800000000.0,1648.0,7.2,5.2,1333200000.0,42.5,,,,,,,,,0,1337,282,135,964,0,0,0
IND,IND,India,IN,356.0,Asia,Southern Asia,INR,Indian Rupee,271019,"Medium oils and preparations, of petroleum or bituminous minerals",2017,15753038.61,7748828.52,8004210.090000001,-255381.57,18367106.3,18367106.3,0.8577,14,2395310400000.0,1697.44,6.5,5.2,1346532000.0,43.0,,,,,,,,,0,1337,282,135,964,0,0,0
IND,IND,India,IN,356.0,Asia,Southern Asia,INR,Indian Rupee,271019,"Medium oils and preparations, of petroleum or bituminous minerals",2018,18423733.16,11071043.51,7352689.65,3718353.86,21916664.76,21916664.76,0.8406,14,2558191507200.0,1748.36,7.2,5.2,1359997320.0,43.5,,,,,,,,,0,1337,282,135,964,0,0,0
IND,IND,India,IN,356.0,Asia,Southern Asia,INR,Indian Rupee,271019,"Medium oils and preparations, of petroleum or bituminous minerals",2019,29858329.19,15016213.94,14842115.25,174098.69,33884808.66,33884808.66,0.8812,14,2732148529689.6,1800.81,6.5,5.2,1373597293.0,44.0,,,,,,,,,0,1337,282,135,964,0,0,0
IND,IND,India,IN,356.0,Asia,Southern Asia,INR,Indian Rupee,271019,"Medium oils and preparations, of petroleum or bituminous minerals",2020,24791488.28,13618267.24,11173221.04,2445046.2,28347691.43,28347691.43,0.8746,14,2917934629708.49,1854.84,7.2,5.2,1387333266.0,44.5,,,,,,,,,0,1337,282,135,964,0,0,0
IND,IND,India,IN,356.0,Asia,Southern Asia,INR,Indian Rupee,271019,"Medium oils and preparations, of petroleum or bituminous minerals",2021,22484802.32,11358989.72,11125812.6,233177.12,26212009.68,26212009.68,0.8578,14,3116354184528.67,1910.48,6.5,5.2,1401206598.0,45.0,,,,,,,,,0,1337,282,135,964,0,0,0
IND,IND,India,IN,356.0,Asia,Southern Asia,INR,Indian Rupee,271019,"Medium oils and preparations, of petroleum or bituminous minerals",2022,21419018.59,10471244.3,10947774.29,-476529.99,25898939.39,25898939.39,0.827,14,3328266269076.62,1967.8,7.2,6.3,1415218664.0,45.5,,,,,,,,,0,1337,282,135,964,0,0,0
IND,IND,India,IN,356.0,Asia,Southern Asia,INR,Indian Rupee,271019,"Medium oils and preparations, of petroleum or bituminous minerals",2023,20835422.33,10398382.06,10437040.27,-38658.21,25203772.43,25203772.43,0.8267,14,3554588375373.83,2026.83,6.5,6.3,1429370851.0,46.0,,,,,,,,,0,1337,282,135,964,0,0,0
IND,IND,India,IN,356.0,Asia,Southern Asia,INR,Indian Rupee,271019,"Medium oils and preparations, of petroleum or bituminous minerals",2024,26948715.54,11570935.92,15377779.62,-3806843.7,31483252.82,31483252.82,0.856,14,3796300384899.25,2087.64,7.2,5.2,1443664559.0,46.5,,,,,,,,,0,1337,282,135,964,0,0,0
IND,IND,India,IN,356.0,Asia,Southern Asia,INR,Indian Rupee,271019,"Medium oils and preparations, of petroleum or bituminous minerals",2025,23281557.34,13878671.08,9402886.26,4475784.82,26955905.69,26955905.69,0.8637,14,4054448811072.4,2150.27,6.5,5.2,1458101205.0,47.0,,,,,,,,,0,1337,282,135,964,0,0,0
IND,IND,India,IN,356.0,Asia,Southern Asia,INR,Indian Rupee,300490,Medicaments consisting of mixed or unmixed products for therapeutic uses,2015,282548162.9,161293551.45999998,121254611.44,40038940.02,23845760.28,23845760.28,11.849,14,2100000000000.0,1600.0,6.5,5.2,1320000000.0,42.0,,,,,,,,,0,1337,282,135,964,0,0,0
IND,IND,India,IN,356.0,Asia,Southern Asia,INR,Indian Rupee,300490,Medicaments consisting of mixed or unmixed products for therapeutic uses,2016,290295706.33,123653345.74,166642360.59,-42989014.85,24400846.94,24400846.94,11.897,14,2242800000000.0,1648.0,7.2,5.2,1333200000.0,42.5,,,,,,,,,0,1337,282,135,964,0,0,0
IND,IND,India,IN,356.0,Asia,Southern Asia,INR,Indian Rupee,300490,Medicaments consisting of mixed or unmixed products for therapeutic uses,2017,254091338.12,144073712.36,110017625.76,34056086.6,22354444.62,22354444.62,11.3665,14,2395310400000.0,1697.44,6.5,5.2,1346532000.0,43.0,,,,,,,,,0,1337,282,135,964,0,0,0
IND,IND,India,IN,356.0,Asia,Southern Asia,INR,Indian Rupee,300490,Medicaments consisting of mixed or unmixed products for therapeutic uses,2018,257742591.88,133512006.84,124230585.04,9281421.8,24216263.49,24216263.49,10.6434,14,2558191507200.0,1748.36,7.2,5.2,1359997320.0,43.5,,,,,,,,,0,1337,282,135,964,0,0,0
IND,IND,India,IN,356.0,Asia,Southern Asia,INR,Indian Rupee,300490,Medicaments consisting of mixed or unmixed products for therapeutic uses,2019,273438779.04,145719861.79,127718917.25,18000944.54,23228301.61,23228301.61,11.7718,14,2732148529689.6,1800.81,6.5,5.2,1373597293.0,44.0,,,,,,,,,0,1337,282,135,964,0,0,0
IND,IND,India,IN,356.0,Asia,Southern Asia,INR,Indian Rupee,300490,Medicaments consisting of mixed or unmixed products for therapeutic uses,2020,300437270.77,157914967.84,142522302.93,15392664.91,25085516.76,25085516.76,11.9765,14,2917934629708.49,1854.84,7.2,5.2,1387333266.0,44.5,,,,,,,,,0,1337,282,135,964,0,0,0
IND,IND,India,IN,356.0,Asia,Southern Asia,INR,Indian Rupee,300490,Medicaments consisting of mixed or unmixed products for therapeutic uses,2021,249982427.32,98358958.6,151623468.72,-53264510.12,23028507.79,23028507.79,10.8553,14,3116354184528.67,1910.48,6.5,5.2,1401206598.0,45.0,,,,,,,,,0,1337,282,135,964,0,0,0
IND,IND,India,IN,356.0,Asia,Southern Asia,INR,Indian Rupee,300490,Medicaments consisting of mixed or unmixed products for therapeutic uses,2022,352422278.31,120751115.3,231671163.01,-110920047.71,31296908.56,31296908.56,11.2606,14,3328266269076.62,1967.8,7.2,6.3,1415218664.0,45.5,,,,,,,,,0,1337,282,135,964,0,0,0
IND,IND,India,IN,356.0,Asia,Southern Asia,INR,Indian Rupee,300490,Medicaments consisting of mixed or unmixed products for therapeutic uses,2023,264288267.54,77689527.02,186598740.52,-108909213.5,23726519.84,23726519.84,11.1389,14,3554588375373.83,2026.83,6.5,6.3,1429370851.0,46.0,,,,,,,,,0,1337,282,135,964,0,0,0
IND,IND,India,IN,356.0,Asia,Southern Asia,INR,Indian Rupee,300490,Medicaments consisting of mixed or unmixed products for therapeutic uses,2024,417682702.63,207153831.68,210528870.95,-3375039.27,39027363.71,39027363.71,10.7023,14,3796300384899.25,2087.64,7.2,5.2,1443664559.0,46.5,,,,,,,,,0,1337,282,135,964,0,0,0
IND,IND,India,IN,356.0,Asia,Southern Asia,INR,Indian Rupee,300490,Medicaments consisting of mixed or unmixed products for therapeutic uses,2025,374667087.71,159013213.31,215653874.4,-56640661.09,32943588.72,32943588.72,11.373,14,4054448811072.4,2150.27,6.5,5.2,1458101205.0,47.0,,,,,,,,,0,1337,282,135,964,0,0,0
IND,IND,India,IN,356.0,Asia,Southern Asia,INR,Indian Rupee,520512,"Single cotton yarn, of uncombed fibres, measuring < 714.29 dtex but >= 232.56 dtex",2015,61153425.58,27332639.39,33820786.19,-6488146.8,16965796.54,16965796.54,3.6045,14,2100000000000.0,1600.0,6.5,5.2,1320000000.0,42.0,,,,,,,,,0,1337,282,135,964,0,0,0
IND,IND,India,IN,356.0,Asia,Southern Asia,INR,Indian Rupee,520512,"Single cotton yarn, of uncombed fibres, measuring < 714.29 dtex but >= 232.56 dtex",2016,81498204.25,32545263.29,48952940.96,-16407677.67,21976969.26,21976969.26,3.7083,14,2242800000000.0,1648.0,7.2,5.2,1333200000.0,42.5,,,,,,,,,0,1337,282,135,964,0,0,0
IND,IND,India,IN,356.0,Asia,Southern Asia,INR,Indian Rupee,520512,"Single cotton yarn, of uncombed fibres, measuring < 714.29 dtex but >= 232.56 dtex",2017,78935198.21,44241696.68,34693501.53,9548195.15,21149409.23,21149409.23,3.7323,14,2395310400000.0,1697.44,6.5,5.2,1346532000.0,43.0,,,,,,,,,0,1337,282,135,964,0,0,0
IND,IND,India,IN,356.0,Asia,Southern Asia,INR,Indian Rupee,520512,"Single cotton yarn, of uncombed fibres, measuring < 714.29 dtex but >= 232.56 dtex",2018,88610690.44,39963692.67,48646997.77,-8683305.1,23856977.8,23856977.8,3.7142,14,2558191507200.0,1748.36,7.2,5.2,1359997320.0,43.5,,,,,,,,,0,1337,282,135,964,0,0,0
IND,IND,India,IN,356.0,Asia,Southern Asia,INR,Indian Rupee,520512,"Single cotton yarn, of uncombed fibres, measuring < 714.29 dtex but >= 232.56 dtex",2019,83383571.9,48733963.14,34649608.76,14084354.38,22564010.44,22564010.44,3.6954,14,2732148529689.6,1800.81,6.5,5.2,1373597293.0,44.0,,,,,,,,,0,1337,282,135,964,0,0,0
IND,IND,India,IN,356.0,Asia,Southern Asia,INR,Indian Rupee,520512,"Single cotton yarn, of uncombed fibres, measuring < 714.29 dtex but >= 232.56 dtex",2020,92304812.63,46743701.57,45561111.06,1182590.51,25293793.09,25293793.09,3.6493,14,2917934629708.49,1854.84,7.2,5.2,1387333266.0,44.5,,,,,,,,,0,1337,282,135,964,0,0,0
IND,IND,India,IN,356.0,Asia,Southern Asia,INR,Indian Rupee,520512,"Single cotton yarn, of uncombed fibres, measuring < 714.29 dtex but >= 232.56 dtex",2021,68112753.84,20912636.39,47200117.45,-26287481.06,19262385.09,19262385.09,3.536,14,3116354184528.67,1910.48,6.5,5.2,1401206598.0,45.0,,,,,,,,,0,1337,282,135,964,0,0,0
IND,IND,India,IN,356.0,Asia,Southern Asia,INR,Indian Rupee,520512,"Single cotton yarn, of uncombed fibres, measuring < 714.29 dtex but >= 232.56 dtex",2022,86725633.8,50809153.61,35916480.19,14892673.42,24068812.65,24068812.65,3.6032,14,3328266269076.62,1967.8,7.2,6.3,1415218664.0,45.5,,,,,,,,,0,1337,282,135,964,0,0,0
IND,IND,India,IN,356.0,Asia,Southern Asia,INR,Indian Rupee,520512,"Single cotton yarn, of uncombed fibres, measuring < 714.29 dtex but >= 232.56 dtex",2023,100034658.0,63943649.08,36091008.92,27852640.16,26844016.5,26844016.5,3.7265,14,3554588375373.83,2026.83,6.5,6.3,1429370851.0,46.0,,,,,,,,,0,1337,282,135,964,0,0,0
IND,IND,India,IN,356.0,Asia,Southern Asia,INR,Indian Rupee,520512,"Single cotton yarn, of uncombed fibres, measuring < 714.29 dtex but >= 232.56 dtex",2024,113222383.69,57198732.14,56023651.55,1175080.59,30950898.54,30950898.54,3.6581,14,3796300384899.25,2087.64,7.2,5.2,1443664559.0,46.5,,,,,,,,,0,1337,282,135,964,0,0,0
IND,IND,India,IN,356.0,Asia,Southern Asia,INR,Indian Rupee,520512,"Single cotton yarn, of uncombed fibres, measuring < 714.29 dtex but >= 232.56 dtex",2025,85539688.69,41387871.95,44151816.74,-2763944.79,22753886.97,22753886.97,3.7593,14,4054448811072.4,2150.27,6.5,5.2,1458101205.0,47.0,,,,,,,,,0,1337,282,135,964,0,0,0
IND,IND,India,IN,356.0,Asia,Southern Asia,INR,Indian Rupee,711319,"Articles of jewellery and parts thereof, of precious metal other than silver",2015,990468018448.17,535401721572.68005,455066296875.49,80335424697.19,22830446.5,22830446.5,43383.6464,14,2100000000000.0,1600.0,6.5,5.2,1320000000.0,42.0,,,,,,,,,0,1337,282,135,964,0,0,0
IND,IND,India,IN,356.0,Asia,Southern Asia,INR,Indian Rupee,711319,"Articles of jewellery and parts thereof, of precious metal other than silver",2016,968800184582.12,519921739310.24,448878445271.88,71043294038.36,21766678.89,21766678.89,44508.4062,14,2242800000000.0,1648.0,7.2,5.2,1333200000.0,42.5,,,,,,,,,0,1337,282,135,964,0,0,0
IND,IND,India,IN,356.0,Asia,Southern Asia,INR,Indian Rupee,711319,"Articles of jewellery and parts thereof, of precious metal other than silver",2017,660913366054.41,441949709212.44,218963656841.97,222986052370.47,15460309.25,15460309.25,42749.0392,14,2395310400000.0,1697.44,6.5,5.2,1346532000.0,43.0,,,,,,,,,0,1337,282,135,964,0,0,0
IND,IND,India,IN,356.0,Asia,Southern Asia,INR,Indian Rupee,711319,"Articles of jewellery and parts thereof, of precious metal other than silver",2018,964044341413.17,503158016103.22,460886325309.95,42271690793.27,23271464.75,23271464.75,41426.0276,14,2558191507200.0,1748.36,7.2,5.2,1359997320.0,43.5,,,,,,,,,0,1337,282,135,964,0,0,0
IND,IND,India,IN,356.0,Asia,Southern Asia,INR,Indian Rupee,711319,"Articles of jewellery and parts thereof, of precious metal other than silver",2019,1271042910410.38,673618437334.16,597424473076.22,76193964257.94,30480332.76,30480332.76,41700.4276,14,2732148529689.6,1800.81,6.5,5.2,1373597293.0,44.0,,,,,,,,,0,1337,282,135,964,0,0,0
IND,IND,India,IN,356.0,Asia,Southern Asia,INR,Indian Rupee,711319,"Articles of jewellery and parts thereof, of precious metal other than silver",2020,1210874821960.87,672492321967.49,538382499993.38,134109821974.11,27995354.29,27995354.29,43252.7058,14,2917934629708.49,1854.84,7.2,5.2,1387333266.0,44.5,,,,,,,,,0,1337,282,135,964,0,0,0
IND,IND,India,IN,356.0,Asia,Southern Asia,INR,Indian Rupee,711319,"Articles of jewellery and parts thereof, of precious metal other than silver",2021,915473768954.91,397672712655.7301,517801056299.18,-120128343643.45,20702609.37,20702609.37,44220.2117,14,3116354184528.67,1910.48,6.5,5.2,1401206598.0,45.0,,,,,,,,,0,1337,282,135,964,0,0,0
IND,IND,India,IN,356.0,Asia,Southern Asia,INR,Indian Rupee,711319,"Articles of jewellery and parts thereof, of precious metal other than silver",2022,880422507021.2,418178223237.6101,462244283783.59,-44066060545.98,20410778.35,20410778.35,43135.1755,14,3328266269076.62,1967.8,7.2,6.3,1415218664.0,45.5,,,,,,,,,0,1337,282,135,964,0,0,0
IND,IND,India,IN,356.0,Asia,Southern Asia,INR,Indian Rupee,711319,"Articles of jewellery and parts thereof, of precious metal other than silver",2023,925140114047.83,481560067295.18,443580046752.65,37980020542.53,22388998.59,22388998.59,41321.1922,14,3554588375373.83,2026.83,6.5,6.3,1429370851.0,46.0,,,,,,,,,0,1337,282,135,964,0,0,0
IND,IND,India,IN,356.0,Asia,Southern Asia,INR,Indian Rupee,711319,"Articles of jewellery and parts thereof, of precious metal other than silver",2024,1353487569956.07,437257077834.01,916230492122.06,-478973414288.05,32359458.97,32359458.97,41826.644,14,3796300384899.25,2087.64,7.2,5.2,1443664559.0,46.5,,,,,,,,,0,1337,282,135,964,0,0,0
IND,IND,India,IN,356.0,Asia,Southern Asia,INR,Indian Rupee,711319,"Articles of jewellery and parts thereof, of precious metal other than silver",2025,1177173271892.16,592756386324.46,584416885567.7,8339500756.76,26957368.52,26957368.52,43667.9593,14,4054448811072.4,2150.27,6.5,5.2,1458101205.0,47.0,,,,,,,,,0,1337,282,135,964,0,0,0
IND,IND,India,IN,356.0,Asia,Southern Asia,INR,Indian Rupee,847130,"Portable automatic data processing machines, weighing not more than 10 kg (Laptops)",2015,3737190101.1,1593840259.28,2143349841.82,-549509582.54,21816580.39,21816580.39,171.3005,14,2100000000000.0,1600.0,6.5,5.2,1320000000.0,42.0,,,,,,,,,0,1337,282,135,964,0,0,0
IND,IND,India,IN,356.0,Asia,Southern Asia,INR,Indian Rupee,847130,"Portable automatic data processing machines, weighing not more than 10 kg (Laptops)",2016,5506579792.45,3094383721.4700003,2412196070.98,682187650.49,27180990.43,27180990.43,202.5894,14,2242800000000.0,1648.0,7.2,5.2,1333200000.0,42.5,,,,,,,,,0,1337,282,135,964,0,0,0
IND,IND,India,IN,356.0,Asia,Southern Asia,INR,Indian Rupee,847130,"Portable automatic data processing machines, weighing not more than 10 kg (Laptops)",2017,5523962649.39,2656001678.48,2867960970.91,-211959292.43,25162995.98,25162995.98,219.5272,14,2395310400000.0,1697.44,6.5,5.2,1346532000.0,43.0,,,,,,,,,0,1337,282,135,964,0,0,0
IND,IND,India,IN,356.0,Asia,Southern Asia,INR,Indian Rupee,847130,"Portable automatic data processing machines, weighing not more than 10 kg (Laptops)",2018,3851673064.83,1949438702.82,1902234362.01,47204340.81,19887603.9,19887603.9,193.6721,14,2558191507200.0,1748.36,7.2,5.2,1359997320.0,43.5,,,,,,,,,0,1337,282,135,964,0,0,0
IND,IND,India,IN,356.0,Asia,Southern Asia,INR,Indian Rupee,847130,"Portable automatic data processing machines, weighing not more than 10 kg (Laptops)",2019,5676120229.44,2520747392.4700003,3155372836.9700003,-634625444.5,24784831.98,24784831.98,229.0159,14,2732148529689.6,1800.81,6.5,5.2,1373597293.0,44.0,,,,,,,,,0,1337,282,135,964,0,0,0
IND,IND,India,IN,356.0,Asia,Southern Asia,INR,Indian Rupee,847130,"Portable automatic data processing machines, weighing not more than 10 kg (Laptops)",2020,4555498004.46,2447215219.52,2108282784.94,338932434.58,23824688.27,23824688.27,191.2091,14,2917934629708.49,1854.84,7.2,5.2,1387333266.0,44.5,,,,,,,,,0,1337,282,135,964,0,0,0
IND,IND,India,IN,356.0,Asia,Southern Asia,INR,Indian Rupee,847130,"Portable automatic data processing machines, weighing not more than 10 kg (Laptops)",2021,5156115508.89,2401263112.54,2754852396.35,-353589283.81,26358161.59,26358161.59,195.6174,14,3116354184528.67,1910.48,6.5,5.2,1401206598.0,45.0,,,,,,,,,0,1337,282,135,964,0,0,0
IND,IND,India,IN,356.0,Asia,Southern Asia,INR,Indian Rupee,847130,"Portable automatic data processing machines, weighing not more than 10 kg (Laptops)",2022,4525837688.95,1640348681.46,2885489007.49,-1245140326.03,26136133.27,26136133.27,173.164,14,3328266269076.62,1967.8,7.2,6.3,1415218664.0,45.5,,,,,,,,,0,1337,282,135,964,0,0,0
IND,IND,India,IN,356.0,Asia,Southern Asia,INR,Indian Rupee,847130,"Portable automatic data processing machines, weighing not more than 10 kg (Laptops)",2023,6870776900.61,2584827352.75,4285949547.86,-1701122195.11,35949027.82,35949027.82,191.1255,14,3554588375373.83,2026.83,6.5,6.3,1429370851.0,46.0,,,,,,,,,0,1337,282,135,964,0,0,0
IND,IND,India,IN,356.0,Asia,Southern Asia,INR,Indian Rupee,847130,"Portable automatic data processing machines, weighing not more than 10 kg (Laptops)",2024,4819837838.41,1817437463.41,3002400375.0,-1184962911.59,25232646.56,25232646.56,191.0159,14,3796300384899.25,2087.64,7.2,5.2,1443664559.0,46.5,,,,,,,,,0,1337,282,135,964,0,0,0
IND,IND,India,IN,356.0,Asia,Southern Asia,INR,Indian Rupee,847130,"Portable automatic data processing machines, weighing not more than 10 kg (Laptops)",2025,6627080026.65,2444372071.63,4182707955.02,-1738335883.39,30301591.24,30301591.24,218.704,14,4054448811072.4,2150.27,6.5,5.2,1458101205.0,47.0,,,,,,,,,0,1337,282,135,964,0,0,0
IND,IND,India,IN,356.0,Asia,Southern Asia,INR,Indian Rupee,851712,Telephones for cellular networks or for other wireless networks,2015,683694431.46,342114902.96,341579528.5,535374.46,22523843.76,22523843.76,30.3543,14,2100000000000.0,1600.0,6.5,5.2,1320000000.0,42.0,,,,,,,,,0,1337,282,135,964,0,0,0
IND,IND,India,IN,356.0,Asia,Southern Asia,INR,Indian Rupee,851712,Telephones for cellular networks or for other wireless networks,2016,847929202.07,427119930.25,420809271.82000005,6310658.43,25452440.98,25452440.98,33.3143,14,2242800000000.0,1648.0,7.2,5.2,1333200000.0,42.5,,,,,,,,,0,1337,282,135,964,0,0,0
IND,IND,India,IN,356.0,Asia,Southern Asia,INR,Indian Rupee,851712,Telephones for cellular networks or for other wireless networks,2017,550712166.52,334915011.96000004,215797154.56,119117857.4,21904405.98,21904405.98,25.1416,14,2395310400000.0,1697.44,6.5,5.2,1346532000.0,43.0,,,,,,,,,0,1337,282,135,964,0,0,0
IND,IND,India,IN,356.0,Asia,Southern Asia,INR,Indian Rupee,851712,Telephones for cellular networks or for other wireless networks,2018,711487029.07,334385972.07,377101057.0,-42715084.93,24677933.3,24677933.3,28.8309,14,2558191507200.0,1748.36,7.2,5.2,1359997320.0,43.5,,,,,,,,,0,1337,282,135,964,0,0,0
IND,IND,India,IN,356.0,Asia,Southern Asia,INR,Indian Rupee,851712,Telephones for cellular networks or for other wireless networks,2019,708129276.84,360231612.45,347897664.39,12333948.06,20980772.03,20980772.03,33.7513,14,2732148529689.6,1800.81,6.5,5.2,1373597293.0,44.0,,,,,,,,,0,1337,282,135,964,0,0,0
IND,IND,India,IN,356.0,Asia,Southern Asia,INR,Indian Rupee,851712,Telephones for cellular networks or for other wireless networks,2020,847629290.88,296130072.36,551499218.52,-255369146.16,29700002.03,29700002.03,28.5397,14,2917934629708.49,1854.84,7.2,5.2,1387333266.0,44.5,,,,,,,,,0,1337,282,135,964,0,0,0
IND,IND,India,IN,356.0,Asia,Southern Asia,INR,Indian Rupee,851712,Telephones for cellular networks or for other wireless networks,2021,874188922.14,344953193.24,529235728.9,-184282535.66,30651901.52,30651901.52,28.5199,14,3116354184528.67,1910.48,6.5,5.2,1401206598.0,45.0,,,,,,,,,0,1337,282,135,964,0,0,0
IND,IND,India,IN,356.0,Asia,Southern Asia,INR,Indian Rupee,851712,Telephones for cellular networks or for other wireless networks,2022,601348829.6,264711512.49,336637317.11,-71925804.62,22911764.15,22911764.15,26.2463,14,3328266269076.62,1967.8,7.2,6.3,1415218664.0,45.5,,,,,,,,,0,1337,282,135,964,0,0,0
IND,IND,India,IN,356.0,Asia,Southern Asia,INR,Indian Rupee,851712,Telephones for cellular networks or for other wireless networks,2023,880198109.78,415923888.54,464274221.24,-48350332.7,27084517.12,27084517.12,32.4982,14,3554588375373.83,2026.83,6.5,6.3,1429370851.0,46.0,,,,,,,,,0,1337,282,135,964,0,0,0
IND,IND,India,IN,356.0,Asia,Southern Asia,INR,Indian Rupee,851712,Telephones for cellular networks or for other wireless networks,2024,709462582.21,289939159.64,419523422.57,-129584262.93,23710857.41,23710857.41,29.9214,14,3796300384899.25,2087.64,7.2,5.2,1443664559.0,46.5,,,,,,,,,0,1337,282,135,964,0,0,0
IND,IND,India,IN,356.0,Asia,Southern Asia,INR,Indian Rupee,851712,Telephones for cellular networks or for other wireless networks,2025,961917508.29,455302736.34,506614771.95,-51312035.61,34685419.36,34685419.36,27.7326,14,4054448811072.4,2150.27,6.5,5.2,1458101205.0,47.0,,,,,,,,,0,1337,282,135,964,0,0,0
IND,JPN,Japan,JP,392.0,Asia,Eastern Asia,JPY,Yen,90411,Pepper of genus Piper; neither crushed nor ground,2015,19037165.07,5641216.67,13395948.4,-7754731.73,3609752.96,3609752.96,5.2738,2,500000000000.0,12000.0,2.7,3.0,50000000.0,50.0,15.0,MFN_APPLIED,PARTNER_SPECIFIC,1.0,India - Japan CEPA,In Force,FTA & EIA,Goods & Services,1,2170,1562,102,621,0,0,0
IND,JPN,Japan,JP,392.0,Asia,Eastern Asia,JPY,Yen,90411,Pepper of genus Piper; neither crushed nor ground,2016,7204176.65,6331003.58,873173.07,5457830.51,1268050.34,1268050.34,5.6813,2,515000000000.0,12360.0,3.4,3.0,50500000.0,50.5,15.0,MFN_APPLIED,PARTNER_SPECIFIC,1.0,India - Japan CEPA,In Force,FTA & EIA,Goods & Services,1,2170,1562,102,621,0,0,0
IND,JPN,Japan,JP,392.0,Asia,Eastern Asia,JPY,Yen,90411,Pepper of genus Piper; neither crushed nor ground,2017,14528649.12,4745236.51,9783412.61,-5038176.1,2537136.1,2537136.1,5.7264,2,530450000000.0,12730.8,2.7,3.0,51005000.0,51.0,15.0,MFN_APPLIED,PARTNER_SPECIFIC,1.0,India - Japan CEPA,In Force,FTA & EIA,Goods & Services,1,2170,1562,102,621,0,0,0
IND,JPN,Japan,JP,392.0,Asia,Eastern Asia,JPY,Yen,90411,Pepper of genus Piper; neither crushed nor ground,2018,17429370.25,10663496.16,6765874.09,3897622.07,2848716.68,2848716.68,6.1183,2,546363500000.0,13112.72,3.4,3.0,51515050.0,51.5,15.0,MFN_APPLIED,PARTNER_SPECIFIC,1.0,India - Japan CEPA,In Force,FTA & EIA,Goods & Services,1,2170,1562,102,621,0,0,0
IND,JPN,Japan,JP,392.0,Asia,Eastern Asia,JPY,Yen,90411,Pepper of genus Piper; neither crushed nor ground,2019,15840003.69,6784525.15,9055478.54,-2270953.39,2949431.54,2949431.54,5.3705,2,562754405000.0,13506.11,2.7,3.0,52030200.0,52.0,15.0,MFN_APPLIED,PARTNER_SPECIFIC,1.0,India - Japan CEPA,In Force,FTA & EIA,Goods & Services,1,2170,1562,102,621,0,0,0
IND,JPN,Japan,JP,392.0,Asia,Eastern Asia,JPY,Yen,90411,Pepper of genus Piper; neither crushed nor ground,2020,6465261.31,4899314.78,1565946.53,3333368.25,1020612.86,1020612.86,6.3347,2,579637037150.0,13911.29,3.4,3.0,52550502.0,52.5,15.0,MFN_APPLIED,PARTNER_SPECIFIC,1.0,India - Japan CEPA,In Force,FTA & EIA,Goods & Services,1,2170,1562,102,621,0,0,0
IND,JPN,Japan,JP,392.0,Asia,Eastern Asia,JPY,Yen,90411,Pepper of genus Piper; neither crushed nor ground,2021,18360035.82,6980998.57,11379037.25,-4398038.68,3169587.84,3169587.84,5.7926,2,597026148264.5,14328.63,2.7,3.0,53076007.0,53.0,15.0,MFN_APPLIED,PARTNER_SPECIFIC,1.0,India - Japan CEPA,In Force,FTA & EIA,Goods & Services,1,2170,1562,102,621,0,0,0
IND,JPN,Japan,JP,392.0,Asia,Eastern Asia,JPY,Yen,90411,Pepper of genus Piper; neither crushed nor ground,2022,28703261.01,15755371.67,12947889.34,2807482.33,5196304.74,5196304.74,5.5238,2,614936932712.44,14758.49,3.4,4.1,53606767.0,53.5,15.0,MFN_APPLIED,PARTNER_SPECIFIC,1.0,India - Japan CEPA,In Force,FTA & EIA,Goods & Services,1,2170,1562,102,621,0,0,0
IND,JPN,Japan,JP,392.0,Asia,Eastern Asia,JPY,Yen,90411,Pepper of genus Piper; neither crushed nor ground,2023,19879294.56,14398050.34,5481244.22,8916806.12,3482489.45,3482489.45,5.7084,2,633385040693.81,15201.24,2.7,4.1,54142835.0,54.0,15.0,MFN_APPLIED,PARTNER_SPECIFIC,1.0,India - Japan CEPA,In Force,FTA & EIA,Goods & Services,1,2170,1562,102,621,0,0,0
IND,JPN,Japan,JP,392.0,Asia,Eastern Asia,JPY,Yen,90411,Pepper of genus Piper; neither crushed nor ground,2024,18136810.83,7217202.13,10919608.7,-3702406.57,3192701.24,3192701.24,5.6807,2,652386591914.62,15657.28,3.4,3.0,54684263.0,54.5,15.0,MFN_APPLIED,PARTNER_SPECIFIC,1.0,India - Japan CEPA,In Force,FTA & EIA,Goods & Services,1,2170,1562,102,621,0,0,0
IND,JPN,Japan,JP,392.0,Asia,Eastern Asia,JPY,Yen,90411,Pepper of genus Piper; neither crushed nor ground,2025,13638289.29,6007692.0,7630597.29,-1622905.29,2285160.05,2285160.05,5.9682,2,671958189672.06,16127.0,2.7,3.0,55231106.0,55.0,15.0,MFN_APPLIED,PARTNER_SPECIFIC,1.0,India - Japan CEPA,In Force,FTA & EIA,Goods & Services,1,2170,1562,102,621,0,0,0
IND,JPN,Japan,JP,392.0,Asia,Eastern Asia,JPY,Yen,100630,Semi-milled or wholly milled rice (Basmati),2015,2709522.66,1540603.24,1168919.42,371683.82,2051993.02,2051993.02,1.3204,2,500000000000.0,12000.0,2.7,3.0,50000000.0,50.0,10.0,MFN_APPLIED,PARTNER_SPECIFIC,1.0,India - Japan CEPA,In Force,FTA & EIA,Goods & Services,1,2170,1562,102,621,0,0,0
IND,JPN,Japan,JP,392.0,Asia,Eastern Asia,JPY,Yen,100630,Semi-milled or wholly milled rice (Basmati),2016,2051918.94,448979.61,1602939.33,-1153959.72,1584040.57,1584040.57,1.2954,2,515000000000.0,12360.0,3.4,3.0,50500000.0,50.5,10.0,MFN_APPLIED,PARTNER_SPECIFIC,1.0,India - Japan CEPA,In Force,FTA & EIA,Goods & Services,1,2170,1562,102,621,0,0,0
IND,JPN,Japan,JP,392.0,Asia,Eastern Asia,JPY,Yen,100630,Semi-milled or wholly milled rice (Basmati),2017,2103486.07,1151396.01,952090.06,199305.95,1517904.04,1517904.04,1.3858,2,530450000000.0,12730.8,2.7,3.0,51005000.0,51.0,10.0,MFN_APPLIED,PARTNER_SPECIFIC,1.0,India - Japan CEPA,In Force,FTA & EIA,Goods & Services,1,2170,1562,102,621,0,0,0
IND,JPN,Japan,JP,392.0,Asia,Eastern Asia,JPY,Yen,100630,Semi-milled or wholly milled rice (Basmati),2018,2859768.62,1197822.22,1661946.4,-464124.18,2220568.12,2220568.12,1.2879,2,546363500000.0,13112.72,3.4,3.0,51515050.0,51.5,10.0,MFN_APPLIED,PARTNER_SPECIFIC,1.0,India - Japan CEPA,In Force,FTA & EIA,Goods & Services,1,2170,1562,102,621,0,0,0
IND,JPN,Japan,JP,392.0,Asia,Eastern Asia,JPY,Yen,100630,Semi-milled or wholly milled rice (Basmati),2019,3457959.61,3323506.53,134453.08,3189053.45,2764290.48,2764290.48,1.2509,2,562754405000.0,13506.11,2.7,3.0,52030200.0,52.0,10.0,MFN_APPLIED,PARTNER_SPECIFIC,1.0,India - Japan CEPA,In Force,FTA & EIA,Goods & Services,1,2170,1562,102,621,0,0,0
IND,JPN,Japan,JP,392.0,Asia,Eastern Asia,JPY,Yen,100630,Semi-milled or wholly milled rice (Basmati),2020,2605240.18,778215.49,1827024.69,-1048809.2,1877060.08,1877060.08,1.3879,2,579637037150.0,13911.29,3.4,3.0,52550502.0,52.5,10.0,MFN_APPLIED,PARTNER_SPECIFIC,1.0,India - Japan CEPA,In Force,FTA & EIA,Goods & Services,1,2170,1562,102,621,0,0,0
IND,JPN,Japan,JP,392.0,Asia,Eastern Asia,JPY,Yen,100630,Semi-milled or wholly milled rice (Basmati),2021,2926519.19,1713107.22,1213411.97,499695.25,2376088.32,2376088.32,1.2317,2,597026148264.5,14328.63,2.7,3.0,53076007.0,53.0,10.0,MFN_APPLIED,PARTNER_SPECIFIC,1.0,India - Japan CEPA,In Force,FTA & EIA,Goods & Services,1,2170,1562,102,621,0,0,0
IND,JPN,Japan,JP,392.0,Asia,Eastern Asia,JPY,Yen,100630,Semi-milled or wholly milled rice (Basmati),2022,3533303.02,2238532.09,1294770.93,943761.16,2876262.0,2876262.0,1.2284,2,614936932712.44,14758.49,3.4,4.1,53606767.0,53.5,10.0,MFN_APPLIED,PARTNER_SPECIFIC,1.0,India - Japan CEPA,In Force,FTA & EIA,Goods & Services,1,2170,1562,102,621,0,0,0
IND,JPN,Japan,JP,392.0,Asia,Eastern Asia,JPY,Yen,100630,Semi-milled or wholly milled rice (Basmati),2023,3536114.61,780195.03,2755919.58,-1975724.55,2729860.9,2729860.9,1.2953,2,633385040693.81,15201.24,2.7,4.1,54142835.0,54.0,10.0,MFN_APPLIED,PARTNER_SPECIFIC,1.0,India - Japan CEPA,In Force,FTA & EIA,Goods & Services,1,2170,1562,102,621,0,0,0
IND,JPN,Japan,JP,392.0,Asia,Eastern Asia,JPY,Yen,100630,Semi-milled or wholly milled rice (Basmati),2024,3724445.97,272921.72,3451524.25,-3178602.53,2958011.34,2958011.34,1.2591,2,652386591914.62,15657.28,3.4,3.0,54684263.0,54.5,10.0,MFN_APPLIED,PARTNER_SPECIFIC,1.0,India - Japan CEPA,In Force,FTA & EIA,Goods & Services,1,2170,1562,102,621,0,0,0
IND,JPN,Japan,JP,392.0,Asia,Eastern Asia,JPY,Yen,100630,Semi-milled or wholly milled rice (Basmati),2025,6178347.12,3387784.35,2790562.77,597221.58,4857983.43,4857983.43,1.2718,2,671958189672.06,16127.0,2.7,3.0,55231106.0,55.0,10.0,MFN_APPLIED,PARTNER_SPECIFIC,1.0,India - Japan CEPA,In Force,FTA & EIA,Goods & Services,1,2170,1562,102,621,0,0,0
IND,JPN,Japan,JP,392.0,Asia,Eastern Asia,JPY,Yen,271019,Medium oils & petroleum preparations,2015,1409926.13,659619.02,750307.11,-90688.09,1731504.09,1731504.09,0.8143,2,500000000000.0,12000.0,2.7,3.0,50000000.0,50.0,5.0,MFN_APPLIED,PARTNER_SPECIFIC,1.0,India - Japan CEPA,In Force,FTA & EIA,Goods & Services,1,2170,1562,102,621,0,0,0
IND,JPN,Japan,JP,392.0,Asia,Eastern Asia,JPY,Yen,271019,Medium oils & petroleum preparations,2016,3339757.33,1400613.79,1939143.54,-538529.75,3801824.46,3801824.46,0.8785,2,515000000000.0,12360.0,3.4,3.0,50500000.0,50.5,5.0,MFN_APPLIED,PARTNER_SPECIFIC,1.0,India - Japan CEPA,In Force,FTA & EIA,Goods & Services,1,2170,1562,102,621,0,0,0
IND,JPN,Japan,JP,392.0,Asia,Eastern Asia,JPY,Yen,271019,Medium oils & petroleum preparations,2017,1914924.17,196629.07,1718295.1,-1521666.03,2431069.55,2431069.55,0.7877,2,530450000000.0,12730.8,2.7,3.0,51005000.0,51.0,5.0,MFN_APPLIED,PARTNER_SPECIFIC,1.0,India - Japan CEPA,In Force,FTA & EIA,Goods & Services,1,2170,1562,102,621,0,0,0
IND,JPN,Japan,JP,392.0,Asia,Eastern Asia,JPY,Yen,271019,Medium oils & petroleum preparations,2018,2777004.27,1652669.56,1124334.71,528334.85,3302981.8,3302981.8,0.8408,2,546363500000.0,13112.72,3.4,3.0,51515050.0,51.5,5.0,MFN_APPLIED,PARTNER_SPECIFIC,1.0,India - Japan CEPA,In Force,FTA & EIA,Goods & Services,1,2170,1562,102,621,0,0,0
IND,JPN,Japan,JP,392.0,Asia,Eastern Asia,JPY,Yen,271019,Medium oils & petroleum preparations,2019,4986731.46,2824051.82,2162679.64,661372.18,5508106.02,5508106.02,0.9053,2,562754405000.0,13506.11,2.7,3.0,52030200.0,52.0,5.0,MFN_APPLIED,PARTNER_SPECIFIC,1.0,India - Japan CEPA,In Force,FTA & EIA,Goods & Services,1,2170,1562,102,621,0,0,0
IND,JPN,Japan,JP,392.0,Asia,Eastern Asia,JPY,Yen,271019,Medium oils & petroleum preparations,2020,3642420.25,2099613.97,1542806.28,556807.69,4326181.77,4326181.77,0.8419,2,579637037150.0,13911.29,3.4,3.0,52550502.0,52.5,5.0,MFN_APPLIED,PARTNER_SPECIFIC,1.0,India - Japan CEPA,In Force,FTA & EIA,Goods & Services,1,2170,1562,102,621,0,0,0
IND,JPN,Japan,JP,392.0,Asia,Eastern Asia,JPY,Yen,271019,Medium oils & petroleum preparations,2021,1684252.52,1646060.32,38192.2,1607868.12,2016063.49,2016063.49,0.8354,2,597026148264.5,14328.63,2.7,3.0,53076007.0,53.0,5.0,MFN_APPLIED,PARTNER_SPECIFIC,1.0,India - Japan CEPA,In Force,FTA & EIA,Goods & Services,1,2170,1562,102,621,0,0,0
IND,JPN,Japan,JP,392.0,Asia,Eastern Asia,JPY,Yen,271019,Medium oils & petroleum preparations,2022,2864600.93,2083445.48,781155.45,1302290.03,3380069.33,3380069.33,0.8475,2,614936932712.44,14758.49,3.4,4.1,53606767.0,53.5,5.0,MFN_APPLIED,PARTNER_SPECIFIC,1.0,India - Japan CEPA,In Force,FTA & EIA,Goods & Services,1,2170,1562,102,621,0,0,0
IND,JPN,Japan,JP,392.0,Asia,Eastern Asia,JPY,Yen,271019,Medium oils & petroleum preparations,2023,1631460.05,1426523.84,204936.21,1221587.63,1778957.3,1778957.3,0.9171,2,633385040693.81,15201.24,2.7,4.1,54142835.0,54.0,5.0,MFN_APPLIED,PARTNER_SPECIFIC,1.0,India - Japan CEPA,In Force,FTA & EIA,Goods & Services,1,2170,1562,102,621,0,0,0
IND,JPN,Japan,JP,392.0,Asia,Eastern Asia,JPY,Yen,271019,Medium oils & petroleum preparations,2024,4064243.05,2530700.27,1533542.78,997157.49,4537836.46,4537836.46,0.8956,2,652386591914.62,15657.28,3.4,3.0,54684263.0,54.5,5.0,MFN_APPLIED,PARTNER_SPECIFIC,1.0,India - Japan CEPA,In Force,FTA & EIA,Goods & Services,1,2170,1562,102,621,0,0,0
IND,JPN,Japan,JP,392.0,Asia,Eastern Asia,JPY,Yen,271019,Medium oils & petroleum preparations,2025,4699508.55,2357164.45,2342344.1,14820.35,5554607.46,5554607.46,0.8461,2,671958189672.06,16127.0,2.7,3.0,55231106.0,55.0,5.0,MFN_APPLIED,PARTNER_SPECIFIC,1.0,India - Japan CEPA,In Force,FTA & EIA,Goods & Services,1,2170,1562,102,621,0,0,0
IND,JPN,Japan,JP,392.0,Asia,Eastern Asia,JPY,Yen,300490,Medicaments for therapeutic/prophylactic uses,2015,33639110.88,22125233.88,11513877.0,10611356.88,3389608.69,3389608.69,9.9242,2,500000000000.0,12000.0,2.7,3.0,50000000.0,50.0,5.0,MFN_APPLIED,PARTNER_SPECIFIC,1.0,India - Japan CEPA,In Force,FTA & EIA,Goods & Services,1,2170,1562,102,621,0,0,0
IND,JPN,Japan,JP,392.0,Asia,Eastern Asia,JPY,Yen,300490,Medicaments for therapeutic/prophylactic uses,2016,16089166.53,7557384.81,8531781.72,-974396.91,1377121.0,1377121.0,11.6832,2,515000000000.0,12360.0,3.4,3.0,50500000.0,50.5,5.0,MFN_APPLIED,PARTNER_SPECIFIC,1.0,India - Japan CEPA,In Force,FTA & EIA,Goods & Services,1,2170,1562,102,621,0,0,0
IND,JPN,Japan,JP,392.0,Asia,Eastern Asia,JPY,Yen,300490,Medicaments for therapeutic/prophylactic uses,2017,27138552.79,24235494.44,2903058.35,21332436.09,2408301.36,2408301.36,11.2688,2,530450000000.0,12730.8,2.7,3.0,51005000.0,51.0,5.0,MFN_APPLIED,PARTNER_SPECIFIC,1.0,India - Japan CEPA,In Force,FTA & EIA,Goods & Services,1,2170,1562,102,621,0,0,0
IND,JPN,Japan,JP,392.0,Asia,Eastern Asia,JPY,Yen,300490,Medicaments for therapeutic/prophylactic uses,2018,14190775.08,3827505.8,10363269.28,-6535763.48,1398071.12,1398071.12,10.1503,2,546363500000.0,13112.72,3.4,3.0,51515050.0,51.5,5.0,MFN_APPLIED,PARTNER_SPECIFIC,1.0,India - Japan CEPA,In Force,FTA & EIA,Goods & Services,1,2170,1562,102,621,0,0,0
IND,JPN,Japan,JP,392.0,Asia,Eastern Asia,JPY,Yen,300490,Medicaments for therapeutic/prophylactic uses,2019,25017980.52,24344179.23,673801.29,23670377.94,1829151.57,1829151.57,13.6774,2,562754405000.0,13506.11,2.7,3.0,52030200.0,52.0,5.0,MFN_APPLIED,PARTNER_SPECIFIC,1.0,India - Japan CEPA,In Force,FTA & EIA,Goods & Services,1,2170,1562,102,621,0,0,0
IND,JPN,Japan,JP,392.0,Asia,Eastern Asia,JPY,Yen,300490,Medicaments for therapeutic/prophylactic uses,2020,32049824.03,18020898.41,14028925.62,3991972.79,2722481.28,2722481.28,11.7723,2,579637037150.0,13911.29,3.4,3.0,52550502.0,52.5,5.0,MFN_APPLIED,PARTNER_SPECIFIC,1.0,India - Japan CEPA,In Force,FTA & EIA,Goods & Services,1,2170,1562,102,621,0,0,0
IND,JPN,Japan,JP,392.0,Asia,Eastern Asia,JPY,Yen,300490,Medicaments for therapeutic/prophylactic uses,2021,27189707.82,20158854.23,7030853.59,13128000.64,2349325.28,2349325.28,11.5734,2,597026148264.5,14328.63,2.7,3.0,53076007.0,53.0,5.0,MFN_APPLIED,PARTNER_SPECIFIC,1.0,India - Japan CEPA,In Force,FTA & EIA,Goods & Services,1,2170,1562,102,621,0,0,0
IND,JPN,Japan,JP,392.0,Asia,Eastern Asia,JPY,Yen,300490,Medicaments for therapeutic/prophylactic uses,2022,29487314.82,23952049.67,5535265.15,18416784.52,3031705.97,3031705.97,9.7263,2,614936932712.44,14758.49,3.4,4.1,53606767.0,53.5,5.0,MFN_APPLIED,PARTNER_SPECIFIC,1.0,India - Japan CEPA,In Force,FTA & EIA,Goods & Services,1,2170,1562,102,621,0,0,0
IND,JPN,Japan,JP,392.0,Asia,Eastern Asia,JPY,Yen,300490,Medicaments for therapeutic/prophylactic uses,2023,75267216.81,38142339.21,37124877.6,1017461.61,5712200.07,5712200.07,13.1766,2,633385040693.81,15201.24,2.7,4.1,54142835.0,54.0,5.0,MFN_APPLIED,PARTNER_SPECIFIC,1.0,India - Japan CEPA,In Force,FTA & EIA,Goods & Services,1,2170,1562,102,621,0,0,0
IND,JPN,Japan,JP,392.0,Asia,Eastern Asia,JPY,Yen,300490,Medicaments for therapeutic/prophylactic uses,2024,26000374.69,14817932.19,11182442.5,3635489.69,2051461.37,2051461.37,12.6741,2,652386591914.62,15657.28,3.4,3.0,54684263.0,54.5,5.0,MFN_APPLIED,PARTNER_SPECIFIC,1.0,India - Japan CEPA,In Force,FTA & EIA,Goods & Services,1,2170,1562,102,621,0,0,0
IND,JPN,Japan,JP,392.0,Asia,Eastern Asia,JPY,Yen,300490,Medicaments for therapeutic/prophylactic uses,2025,28579265.67,24848202.97,3731062.7,21117140.27,3156757.91,3156757.91,9.0534,2,671958189672.06,16127.0,2.7,3.0,55231106.0,55.0,5.0,MFN_APPLIED,PARTNER_SPECIFIC,1.0,India - Japan CEPA,In Force,FTA & EIA,Goods & Services,1,2170,1562,102,621,0,0,0
IND,JPN,Japan,JP,392.0,Asia,Eastern Asia,JPY,Yen,520512,"Single cotton yarn, uncombed fibres",2015,10093184.24,4077561.62,6015622.62,-1938061.0,2828955.43,2828955.43,3.5678,2,500000000000.0,12000.0,2.7,3.0,50000000.0,50.0,7.5,MFN_APPLIED,PARTNER_SPECIFIC,1.0,India - Japan CEPA,In Force,FTA & EIA,Goods & Services,1,2170,1562,102,621,0,0,0
IND,JPN,Japan,JP,392.0,Asia,Eastern Asia,JPY,Yen,520512,"Single cotton yarn, uncombed fibres",2016,11892014.55,5889504.5,6002510.05,-113005.55,3291067.95,3291067.95,3.6134,2,515000000000.0,12360.0,3.4,3.0,50500000.0,50.5,7.5,MFN_APPLIED,PARTNER_SPECIFIC,1.0,India - Japan CEPA,In Force,FTA & EIA,Goods & Services,1,2170,1562,102,621,0,0,0
IND,JPN,Japan,JP,392.0,Asia,Eastern Asia,JPY,Yen,520512,"Single cotton yarn, uncombed fibres",2017,6180169.62,1485813.96,4694355.66,-3208541.7,1594098.36,1594098.36,3.8769,2,530450000000.0,12730.8,2.7,3.0,51005000.0,51.0,7.5,MFN_APPLIED,PARTNER_SPECIFIC,1.0,India - Japan CEPA,In Force,FTA & EIA,Goods & Services,1,2170,1562,102,621,0,0,0
IND,JPN,Japan,JP,392.0,Asia,Eastern Asia,JPY,Yen,520512,"Single cotton yarn, uncombed fibres",2018,12774158.79,7792495.03,4981663.76,2810831.27,3435094.31,3435094.31,3.7187,2,546363500000.0,13112.72,3.4,3.0,51515050.0,51.5,7.5,MFN_APPLIED,PARTNER_SPECIFIC,1.0,India - Japan CEPA,In Force,FTA & EIA,Goods & Services,1,2170,1562,102,621,0,0,0
IND,JPN,Japan,JP,392.0,Asia,Eastern Asia,JPY,Yen,520512,"Single cotton yarn, uncombed fibres",2019,10856163.67,7808931.83,3047231.84,4761699.99,2880762.08,2880762.08,3.7685,2,562754405000.0,13506.11,2.7,3.0,52030200.0,52.0,7.5,MFN_APPLIED,PARTNER_SPECIFIC,1.0,India - Japan CEPA,In Force,FTA & EIA,Goods & Services,1,2170,1562,102,621,0,0,0
IND,JPN,Japan,JP,392.0,Asia,Eastern Asia,JPY,Yen,520512,"Single cotton yarn, uncombed fibres",2020,3861646.52,1013903.06,2847743.46,-1833840.4,1003767.96,1003767.96,3.8472,2,579637037150.0,13911.29,3.4,3.0,52550502.0,52.5,7.5,MFN_APPLIED,PARTNER_SPECIFIC,1.0,India - Japan CEPA,In Force,FTA & EIA,Goods & Services,1,2170,1562,102,621,0,0,0
IND,JPN,Japan,JP,392.0,Asia,Eastern Asia,JPY,Yen,520512,"Single cotton yarn, uncombed fibres",2021,10858513.02,8612153.82,2246359.2,6365794.62,2939956.72,2939956.72,3.6934,2,597026148264.5,14328.63,2.7,3.0,53076007.0,53.0,7.5,MFN_APPLIED,PARTNER_SPECIFIC,1.0,India - Japan CEPA,In Force,FTA & EIA,Goods & Services,1,2170,1562,102,621,0,0,0
IND,JPN,Japan,JP,392.0,Asia,Eastern Asia,JPY,Yen,520512,"Single cotton yarn, uncombed fibres",2022,2341315.84,1626324.73,714991.11,911333.62,600215.86,600215.86,3.9008,2,614936932712.44,14758.49,3.4,4.1,53606767.0,53.5,7.5,MFN_APPLIED,PARTNER_SPECIFIC,1.0,India - Japan CEPA,In Force,FTA & EIA,Goods & Services,1,2170,1562,102,621,0,0,0
IND,JPN,Japan,JP,392.0,Asia,Eastern Asia,JPY,Yen,520512,"Single cotton yarn, uncombed fibres",2023,6802466.66,2884988.08,3917478.58,-1032490.5,1951462.42,1951462.42,3.4858,2,633385040693.81,15201.24,2.7,4.1,54142835.0,54.0,7.5,MFN_APPLIED,PARTNER_SPECIFIC,1.0,India - Japan CEPA,In Force,FTA & EIA,Goods & Services,1,2170,1562,102,621,0,0,0
IND,JPN,Japan,JP,392.0,Asia,Eastern Asia,JPY,Yen,520512,"Single cotton yarn, uncombed fibres",2024,15989008.02,5666140.28,10322867.74,-4656727.46,4686877.76,4686877.76,3.4114,2,652386591914.62,15657.28,3.4,3.0,54684263.0,54.5,7.5,MFN_APPLIED,PARTNER_SPECIFIC,1.0,India - Japan CEPA,In Force,FTA & EIA,Goods & Services,1,2170,1562,102,621,0,0,0
IND,JPN,Japan,JP,392.0,Asia,Eastern Asia,JPY,Yen,520512,"Single cotton yarn, uncombed fibres",2025,11763982.15,9073469.75,2690512.4,6382957.35,2875444.58,2875444.58,4.0912,2,671958189672.06,16127.0,2.7,3.0,55231106.0,55.0,7.5,MFN_APPLIED,PARTNER_SPECIFIC,1.0,India - Japan CEPA,In Force,FTA & EIA,Goods & Services,1,2170,1562,102,621,0,0,0
IND,JPN,Japan,JP,392.0,Asia,Eastern Asia,JPY,Yen,711319,Articles of jewellery of precious metal (Gold),2015,51390443960.01,6046663142.39,45343780817.62,-39297117675.23,1238111.41,1238111.41,41507.1241,2,500000000000.0,12000.0,2.7,3.0,50000000.0,50.0,12.5,MFN_APPLIED,PARTNER_SPECIFIC,1.0,India - Japan CEPA,In Force,FTA & EIA,Goods & Services,1,2170,1562,102,621,0,0,0
IND,JPN,Japan,JP,392.0,Asia,Eastern Asia,JPY,Yen,711319,Articles of jewellery of precious metal (Gold),2016,25656086106.45,20215289969.26,5440796137.19,14774493832.07,657023.37,657023.37,39048.9704,2,515000000000.0,12360.0,3.4,3.0,50500000.0,50.5,12.5,MFN_APPLIED,PARTNER_SPECIFIC,1.0,India - Japan CEPA,In Force,FTA & EIA,Goods & Services,1,2170,1562,102,621,0,0,0
IND,JPN,Japan,JP,392.0,Asia,Eastern Asia,JPY,Yen,711319,Articles of jewellery of precious metal (Gold),2017,188281007024.97,83401489445.36,104879517579.61,-21478028134.25,4041780.35,4041780.35,46583.6811,2,530450000000.0,12730.8,2.7,3.0,51005000.0,51.0,12.5,MFN_APPLIED,PARTNER_SPECIFIC,1.0,India - Japan CEPA,In Force,FTA & EIA,Goods & Services,1,2170,1562,102,621,0,0,0
IND,JPN,Japan,JP,392.0,Asia,Eastern Asia,JPY,Yen,711319,Articles of jewellery of precious metal (Gold),2018,67071706492.31,13266863720.13,53804842772.18,-40537979052.05,1509543.5,1509543.5,44431.7812,2,546363500000.0,13112.72,3.4,3.0,51515050.0,51.5,12.5,MFN_APPLIED,PARTNER_SPECIFIC,1.0,India - Japan CEPA,In Force,FTA & EIA,Goods & Services,1,2170,1562,102,621,0,0,0
IND,JPN,Japan,JP,392.0,Asia,Eastern Asia,JPY,Yen,711319,Articles of jewellery of precious metal (Gold),2019,181683535219.34,138690552402.31,42992982817.03,95697569585.28,3420697.92,3420697.92,53113.0019,2,562754405000.0,13506.11,2.7,3.0,52030200.0,52.0,12.5,MFN_APPLIED,PARTNER_SPECIFIC,1.0,India - Japan CEPA,In Force,FTA & EIA,Goods & Services,1,2170,1562,102,621,0,0,0
IND,JPN,Japan,JP,392.0,Asia,Eastern Asia,JPY,Yen,711319,Articles of jewellery of precious metal (Gold),2020,220769113886.65,32460214677.73,188308899208.92,-155848684531.19,4470178.18,4470178.18,49387.0949,2,579637037150.0,13911.29,3.4,3.0,52550502.0,52.5,12.5,MFN_APPLIED,PARTNER_SPECIFIC,1.0,India - Japan CEPA,In Force,FTA & EIA,Goods & Services,1,2170,1562,102,621,0,0,0
IND,JPN,Japan,JP,392.0,Asia,Eastern Asia,JPY,Yen,711319,Articles of jewellery of precious metal (Gold),2021,119773985238.38,25720672965.71,94053312272.67,-68332639306.96,2608821.23,2608821.23,45911.1509,2,597026148264.5,14328.63,2.7,3.0,53076007.0,53.0,12.5,MFN_APPLIED,PARTNER_SPECIFIC,1.0,India - Japan CEPA,In Force,FTA & EIA,Goods & Services,1,2170,1562,102,621,0,0,0
IND,JPN,Japan,JP,392.0,Asia,Eastern Asia,JPY,Yen,711319,Articles of jewellery of precious metal (Gold),2022,91335871291.67,86258638319.53,5077232972.14,81181405347.39,1967040.69,1967040.69,46433.1377,2,614936932712.44,14758.49,3.4,4.1,53606767.0,53.5,12.5,MFN_APPLIED,PARTNER_SPECIFIC,1.0,India - Japan CEPA,In Force,FTA & EIA,Goods & Services,1,2170,1562,102,621,0,0,0
IND,JPN,Japan,JP,392.0,Asia,Eastern Asia,JPY,Yen,711319,Articles of jewellery of precious metal (Gold),2023,124547562193.86,53378751888.79,71168810305.07,-17790058416.28,2754321.59,2754321.59,45218.9616,2,633385040693.81,15201.24,2.7,4.1,54142835.0,54.0,12.5,MFN_APPLIED,PARTNER_SPECIFIC,1.0,India - Japan CEPA,In Force,FTA & EIA,Goods & Services,1,2170,1562,102,621,0,0,0
IND,JPN,Japan,JP,392.0,Asia,Eastern Asia,JPY,Yen,711319,Articles of jewellery of precious metal (Gold),2024,144906562405.17,87651299083.15,57255263322.02,30396035761.13,3106282.99,3106282.99,46649.5045,2,652386591914.62,15657.28,3.4,3.0,54684263.0,54.5,12.5,MFN_APPLIED,PARTNER_SPECIFIC,1.0,India - Japan CEPA,In Force,FTA & EIA,Goods & Services,1,2170,1562,102,621,0,0,0
IND,JPN,Japan,JP,392.0,Asia,Eastern Asia,JPY,Yen,711319,Articles of jewellery of precious metal (Gold),2025,206005570851.68,14998059007.92,191007511843.76,-176009452835.84,3997658.11,3997658.11,51531.563,2,671958189672.06,16127.0,2.7,3.0,55231106.0,55.0,12.5,MFN_APPLIED,PARTNER_SPECIFIC,1.0,India - Japan CEPA,In Force,FTA & EIA,Goods & Services,1,2170,1562,102,621,0,0,0
IND,JPN,Japan,JP,392.0,Asia,Eastern Asia,JPY,Yen,847130,Portable automatic data processing machines (Laptops),2015,379306946.01,91334766.67,287972179.34,-196637412.67,1638465.63,1638465.63,231.5013,2,500000000000.0,12000.0,2.7,3.0,50000000.0,50.0,0.0,MFN_APPLIED,PARTNER_SPECIFIC,1.0,India - Japan CEPA,In Force,FTA & EIA,Goods & Services,1,2170,1562,102,621,0,0,0
IND,JPN,Japan,JP,392.0,Asia,Eastern Asia,JPY,Yen,847130,Portable automatic data processing machines (Laptops),2016,628540466.45,310889079.8,317651386.65,-6762306.85,2805688.5,2805688.5,224.0236,2,515000000000.0,12360.0,3.4,3.0,50500000.0,50.5,0.0,MFN_APPLIED,PARTNER_SPECIFIC,1.0,India - Japan CEPA,In Force,FTA & EIA,Goods & Services,1,2170,1562,102,621,0,0,0
IND,JPN,Japan,JP,392.0,Asia,Eastern Asia,JPY,Yen,847130,Portable automatic data processing machines (Laptops),2017,756761116.15,205082263.48,551678852.67,-346596589.19,3787692.02,3787692.02,199.7948,2,530450000000.0,12730.8,2.7,3.0,51005000.0,51.0,0.0,MFN_APPLIED,PARTNER_SPECIFIC,1.0,India - Japan CEPA,In Force,FTA & EIA,Goods & Services,1,2170,1562,102,621,0,0,0
IND,JPN,Japan,JP,392.0,Asia,Eastern Asia,JPY,Yen,847130,Portable automatic data processing machines (Laptops),2018,405128232.97,221124094.35,184004138.62,37119955.73,2140687.25,2140687.25,189.2515,2,546363500000.0,13112.72,3.4,3.0,51515050.0,51.5,0.0,MFN_APPLIED,PARTNER_SPECIFIC,1.0,India - Japan CEPA,In Force,FTA & EIA,Goods & Services,1,2170,1562,102,621,0,0,0
IND,JPN,Japan,JP,392.0,Asia,Eastern Asia,JPY,Yen,847130,Portable automatic data processing machines (Laptops),2019,650114024.4,235498745.17,414615279.23,-179116534.06,2730598.68,2730598.68,238.0848,2,562754405000.0,13506.11,2.7,3.0,52030200.0,52.0,0.0,MFN_APPLIED,PARTNER_SPECIFIC,1.0,India - Japan CEPA,In Force,FTA & EIA,Goods & Services,1,2170,1562,102,621,0,0,0
IND,JPN,Japan,JP,392.0,Asia,Eastern Asia,JPY,Yen,847130,Portable automatic data processing machines (Laptops),2020,452261796.27,291942096.16,160319700.11,131622396.05,2635846.94,2635846.94,171.5812,2,579637037150.0,13911.29,3.4,3.0,52550502.0,52.5,0.0,MFN_APPLIED,PARTNER_SPECIFIC,1.0,India - Japan CEPA,In Force,FTA & EIA,Goods & Services,1,2170,1562,102,621,0,0,0
IND,JPN,Japan,JP,392.0,Asia,Eastern Asia,JPY,Yen,847130,Portable automatic data processing machines (Laptops),2021,1193255245.32,309703356.86,883551888.46,-573848531.6,4419095.77,4419095.77,270.0225,2,597026148264.5,14328.63,2.7,3.0,53076007.0,53.0,0.0,MFN_APPLIED,PARTNER_SPECIFIC,1.0,India - Japan CEPA,In Force,FTA & EIA,Goods & Services,1,2170,1562,102,621,0,0,0
IND,JPN,Japan,JP,392.0,Asia,Eastern Asia,JPY,Yen,847130,Portable automatic data processing machines (Laptops),2022,989714173.42,795061840.0,194652333.42,600409506.58,4020109.31,4020109.31,246.1909,2,614936932712.44,14758.49,3.4,4.1,53606767.0,53.5,0.0,MFN_APPLIED,PARTNER_SPECIFIC,1.0,India - Japan CEPA,In Force,FTA & EIA,Goods & Services,1,2170,1562,102,621,0,0,0
IND,JPN,Japan,JP,392.0,Asia,Eastern Asia,JPY,Yen,847130,Portable automatic data processing machines (Laptops),2023,529963706.05,419972714.63,109990991.42,309981723.21,3110086.83,3110086.83,170.4016,2,633385040693.81,15201.24,2.7,4.1,54142835.0,54.0,0.0,MFN_APPLIED,PARTNER_SPECIFIC,1.0,India - Japan CEPA,In Force,FTA & EIA,Goods & Services,1,2170,1562,102,621,0,0,0
IND,JPN,Japan,JP,392.0,Asia,Eastern Asia,JPY,Yen,847130,Portable automatic data processing machines (Laptops),2024,282365846.6,94853602.1,187512244.5,-92658642.4,1308776.25,1308776.25,215.748,2,652386591914.62,15657.28,3.4,3.0,54684263.0,54.5,0.0,MFN_APPLIED,PARTNER_SPECIFIC,1.0,India - Japan CEPA,In Force,FTA & EIA,Goods & Services,1,2170,1562,102,621,0,0,0
IND,JPN,Japan,JP,392.0,Asia,Eastern Asia,JPY,Yen,847130,Portable automatic data processing machines (Laptops),2025,590141057.16,366906701.45,223234355.71,143672345.74,3360077.53,3360077.53,175.6332,2,671958189672.06,16127.0,2.7,3.0,55231106.0,55.0,0.0,MFN_APPLIED,PARTNER_SPECIFIC,1.0,India - Japan CEPA,In Force,FTA & EIA,Goods & Services,1,2170,1562,102,621,0,0,0
IND,JPN,Japan,JP,392.0,Asia,Eastern Asia,JPY,Yen,851712,Telephones for cellular networks / smartphones,2015,174088915.06,55895743.66,118193171.4,-62297427.74,5291380.86,5291380.86,32.9005,2,500000000000.0,12000.0,2.7,3.0,50000000.0,50.0,0.0,MFN_APPLIED,PARTNER_SPECIFIC,1.0,India - Japan CEPA,In Force,FTA & EIA,Goods & Services,1,2170,1562,102,621,0,0,0
IND,JPN,Japan,JP,392.0,Asia,Eastern Asia,JPY,Yen,851712,Telephones for cellular networks / smartphones,2016,33102309.13,20558345.78,12543963.35,8014382.43,1154061.97,1154061.97,28.6833,2,515000000000.0,12360.0,3.4,3.0,50500000.0,50.5,0.0,MFN_APPLIED,PARTNER_SPECIFIC,1.0,India - Japan CEPA,In Force,FTA & EIA,Goods & Services,1,2170,1562,102,621,0,0,0
IND,JPN,Japan,JP,392.0,Asia,Eastern Asia,JPY,Yen,851712,Telephones for cellular networks / smartphones,2017,194021610.31,96832161.45,97189448.86,-357287.41,4529080.13,4529080.13,42.8391,2,530450000000.0,12730.8,2.7,3.0,51005000.0,51.0,0.0,MFN_APPLIED,PARTNER_SPECIFIC,1.0,India - Japan CEPA,In Force,FTA & EIA,Goods & Services,1,2170,1562,102,621,0,0,0
IND,JPN,Japan,JP,392.0,Asia,Eastern Asia,JPY,Yen,851712,Telephones for cellular networks / smartphones,2018,61711787.07,40174753.72,21537033.35,18637720.37,2293828.05,2293828.05,26.9034,2,546363500000.0,13112.72,3.4,3.0,51515050.0,51.5,0.0,MFN_APPLIED,PARTNER_SPECIFIC,1.0,India - Japan CEPA,In Force,FTA & EIA,Goods & Services,1,2170,1562,102,621,0,0,0
IND,JPN,Japan,JP,392.0,Asia,Eastern Asia,JPY,Yen,851712,Telephones for cellular networks / smartphones,2019,119919673.25,54244166.76,65675506.49,-11431339.73,3781347.36,3781347.36,31.7135,2,562754405000.0,13506.11,2.7,3.0,52030200.0,52.0,0.0,MFN_APPLIED,PARTNER_SPECIFIC,1.0,India - Japan CEPA,In Force,FTA & EIA,Goods & Services,1,2170,1562,102,621,0,0,0
IND,JPN,Japan,JP,392.0,Asia,Eastern Asia,JPY,Yen,851712,Telephones for cellular networks / smartphones,2020,81272122.96,50037704.76,31234418.2,18803286.56,3435685.13,3435685.13,23.6553,2,579637037150.0,13911.29,3.4,3.0,52550502.0,52.5,0.0,MFN_APPLIED,PARTNER_SPECIFIC,1.0,India - Japan CEPA,In Force,FTA & EIA,Goods & Services,1,2170,1562,102,621,0,0,0
IND,JPN,Japan,JP,392.0,Asia,Eastern Asia,JPY,Yen,851712,Telephones for cellular networks / smartphones,2021,124517399.59,23745874.1,100771525.49,-77025651.39,4200144.91,4200144.91,29.646,2,597026148264.5,14328.63,2.7,3.0,53076007.0,53.0,0.0,MFN_APPLIED,PARTNER_SPECIFIC,1.0,India - Japan CEPA,In Force,FTA & EIA,Goods & Services,1,2170,1562,102,621,0,0,0
IND,JPN,Japan,JP,392.0,Asia,Eastern Asia,JPY,Yen,851712,Telephones for cellular networks / smartphones,2022,14362699.74,2841609.84,11521089.9,-8679480.06,435370.48,435370.48,32.9896,2,614936932712.44,14758.49,3.4,4.1,53606767.0,53.5,0.0,MFN_APPLIED,PARTNER_SPECIFIC,1.0,India - Japan CEPA,In Force,FTA & EIA,Goods & Services,1,2170,1562,102,621,0,0,0
IND,JPN,Japan,JP,392.0,Asia,Eastern Asia,JPY,Yen,851712,Telephones for cellular networks / smartphones,2023,301995675.29,147077161.23,154918514.06,-7841352.83,6718498.58,6718498.58,44.9499,2,633385040693.81,15201.24,2.7,4.1,54142835.0,54.0,0.0,MFN_APPLIED,PARTNER_SPECIFIC,1.0,India - Japan CEPA,In Force,FTA & EIA,Goods & Services,1,2170,1562,102,621,0,0,0
IND,JPN,Japan,JP,392.0,Asia,Eastern Asia,JPY,Yen,851712,Telephones for cellular networks / smartphones,2024,122719372.62,114413065.28,8306307.34,106106757.94,2589771.31,2589771.31,47.3862,2,652386591914.62,15657.28,3.4,3.0,54684263.0,54.5,0.0,MFN_APPLIED,PARTNER_SPECIFIC,1.0,India - Japan CEPA,In Force,FTA & EIA,Goods & Services,1,2170,1562,102,621,0,0,0
IND,JPN,Japan,JP,392.0,Asia,Eastern Asia,JPY,Yen,851712,Telephones for cellular networks / smartphones,2025,97924792.04,62451821.45,35472970.59,26978850.86,2581159.25,2581159.25,37.9383,2,671958189672.06,16127.0,2.7,3.0,55231106.0,55.0,0.0,MFN_APPLIED,PARTNER_SPECIFIC,1.0,India - Japan CEPA,In Force,FTA & EIA,Goods & Services,1,2170,1562,102,621,0,0,0
IND,KOR,Republic of Korea,KR,410.0,Asia,Eastern Asia,KRW,Won,90411,Pepper of genus Piper; neither crushed nor ground,2015,10386365.5,3236243.05,7150122.45,-3913879.4,1945409.23,1945409.23,5.3389,2,500000000000.0,12000.0,2.7,3.0,50000000.0,50.0,15.0,MFN_APPLIED,PARTNER_SPECIFIC,1.0,India - Korea CEPA,In Force,FTA & EIA,Goods & Services,1,279,76,29,232,0,0,0
IND,KOR,Republic of Korea,KR,410.0,Asia,Eastern Asia,KRW,Won,90411,Pepper of genus Piper; neither crushed nor ground,2016,7860271.7,6332363.15,1527908.55,4804454.6,1405111.44,1405111.44,5.5941,2,515000000000.0,12360.0,3.4,3.0,50500000.0,50.5,15.0,MFN_APPLIED,PARTNER_SPECIFIC,1.0,India - Korea CEPA,In Force,FTA & EIA,Goods & Services,1,279,76,29,232,0,0,0
IND,KOR,Republic of Korea,KR,410.0,Asia,Eastern Asia,KRW,Won,90411,Pepper of genus Piper; neither crushed nor ground,2017,22888112.83,12551724.89,10336387.94,2215336.95,4038092.55,4038092.55,5.6681,2,530450000000.0,12730.8,2.7,3.0,51005000.0,51.0,15.0,MFN_APPLIED,PARTNER_SPECIFIC,1.0,India - Korea CEPA,In Force,FTA & EIA,Goods & Services,1,279,76,29,232,0,0,0
IND,KOR,Republic of Korea,KR,410.0,Asia,Eastern Asia,KRW,Won,90411,Pepper of genus Piper; neither crushed nor ground,2018,17875203.11,14933052.09,2942151.02,11990901.07,3211263.72,3211263.72,5.5664,2,546363500000.0,13112.72,3.4,3.0,51515050.0,51.5,15.0,MFN_APPLIED,PARTNER_SPECIFIC,1.0,India - Korea CEPA,In Force,FTA & EIA,Goods & Services,1,279,76,29,232,0,0,0
IND,KOR,Republic of Korea,KR,410.0,Asia,Eastern Asia,KRW,Won,90411,Pepper of genus Piper; neither crushed nor ground,2019,18516632.1,7255946.92,11260685.18,-4004738.26,3442202.44,3442202.44,5.3793,2,562754405000.0,13506.11,2.7,3.0,52030200.0,52.0,15.0,MFN_APPLIED,PARTNER_SPECIFIC,1.0,India - Korea CEPA,In Force,FTA & EIA,Goods & Services,1,279,76,29,232,0,0,0
IND,KOR,Republic of Korea,KR,410.0,Asia,Eastern Asia,KRW,Won,90411,Pepper of genus Piper; neither crushed nor ground,2020,3608978.11,2380362.63,1228615.48,1151747.15,694754.31,694754.31,5.1946,2,579637037150.0,13911.29,3.4,3.0,52550502.0,52.5,15.0,MFN_APPLIED,PARTNER_SPECIFIC,1.0,India - Korea CEPA,In Force,FTA & EIA,Goods & Services,1,279,76,29,232,0,0,0
IND,KOR,Republic of Korea,KR,410.0,Asia,Eastern Asia,KRW,Won,90411,Pepper of genus Piper; neither crushed nor ground,2021,10774183.28,10110969.22,663214.06,9447755.16,1712762.07,1712762.07,6.2905,2,597026148264.5,14328.63,2.7,3.0,53076007.0,53.0,15.0,MFN_APPLIED,PARTNER_SPECIFIC,1.0,India - Korea CEPA,In Force,FTA & EIA,Goods & Services,1,279,76,29,232,0,0,0
IND,KOR,Republic of Korea,KR,410.0,Asia,Eastern Asia,KRW,Won,90411,Pepper of genus Piper; neither crushed nor ground,2022,18302566.91,16850865.49,1451701.42,15399164.07,3067474.1,3067474.1,5.9667,2,614936932712.44,14758.49,3.4,4.1,53606767.0,53.5,15.0,MFN_APPLIED,PARTNER_SPECIFIC,1.0,India - Korea CEPA,In Force,FTA & EIA,Goods & Services,1,279,76,29,232,0,0,0
IND,KOR,Republic of Korea,KR,410.0,Asia,Eastern Asia,KRW,Won,90411,Pepper of genus Piper; neither crushed nor ground,2023,8091493.68,2029570.16,6061923.52,-4032353.36,1363273.06,1363273.06,5.9353,2,633385040693.81,15201.24,2.7,4.1,54142835.0,54.0,15.0,MFN_APPLIED,PARTNER_SPECIFIC,1.0,India - Korea CEPA,In Force,FTA & EIA,Goods & Services,1,279,76,29,232,0,0,0
IND,KOR,Republic of Korea,KR,410.0,Asia,Eastern Asia,KRW,Won,90411,Pepper of genus Piper; neither crushed nor ground,2024,18150821.73,8427570.62,9723251.11,-1295680.49,3303957.16,3303957.16,5.4937,2,652386591914.62,15657.28,3.4,3.0,54684263.0,54.5,15.0,MFN_APPLIED,PARTNER_SPECIFIC,1.0,India - Korea CEPA,In Force,FTA & EIA,Goods & Services,1,279,76,29,232,0,0,0
IND,KOR,Republic of Korea,KR,410.0,Asia,Eastern Asia,KRW,Won,90411,Pepper of genus Piper; neither crushed nor ground,2025,5775028.76,4767813.77,1007214.99,3760598.78,990172.4,990172.4,5.8323,2,671958189672.06,16127.0,2.7,3.0,55231106.0,55.0,15.0,MFN_APPLIED,PARTNER_SPECIFIC,1.0,India - Korea CEPA,In Force,FTA & EIA,Goods & Services,1,279,76,29,232,0,0,0
IND,KOR,Republic of Korea,KR,410.0,Asia,Eastern Asia,KRW,Won,100630,Semi-milled or wholly milled rice (Basmati),2015,2952335.99,1101897.01,1850438.98,-748541.97,2280283.5,2280283.5,1.2947,2,500000000000.0,12000.0,2.7,3.0,50000000.0,50.0,10.0,MFN_APPLIED,PARTNER_SPECIFIC,1.0,India - Korea CEPA,In Force,FTA & EIA,Goods & Services,1,279,76,29,232,0,0,0
IND,KOR,Republic of Korea,KR,410.0,Asia,Eastern Asia,KRW,Won,100630,Semi-milled or wholly milled rice (Basmati),2016,1631604.98,1186201.34,445403.64,740797.7,1255473.21,1255473.21,1.2996,2,515000000000.0,12360.0,3.4,3.0,50500000.0,50.5,10.0,MFN_APPLIED,PARTNER_SPECIFIC,1.0,India - Korea CEPA,In Force,FTA & EIA,Goods & Services,1,279,76,29,232,0,0,0
IND,KOR,Republic of Korea,KR,410.0,Asia,Eastern Asia,KRW,Won,100630,Semi-milled or wholly milled rice (Basmati),2017,4675174.49,1869636.88,2805537.61,-935900.73,3587981.28,3587981.28,1.303,2,530450000000.0,12730.8,2.7,3.0,51005000.0,51.0,10.0,MFN_APPLIED,PARTNER_SPECIFIC,1.0,India - Korea CEPA,In Force,FTA & EIA,Goods & Services,1,279,76,29,232,0,0,0
IND,KOR,Republic of Korea,KR,410.0,Asia,Eastern Asia,KRW,Won,100630,Semi-milled or wholly milled rice (Basmati),2018,2932922.12,2072323.08,860599.04,1211724.04,2179334.73,2179334.73,1.3458,2,546363500000.0,13112.72,3.4,3.0,51515050.0,51.5,10.0,MFN_APPLIED,PARTNER_SPECIFIC,1.0,India - Korea CEPA,In Force,FTA & EIA,Goods & Services,1,279,76,29,232,0,0,0
IND,KOR,Republic of Korea,KR,410.0,Asia,Eastern Asia,KRW,Won,100630,Semi-milled or wholly milled rice (Basmati),2019,2495562.56,1790404.73,705157.83,1085246.9,1933493.58,1933493.58,1.2907,2,562754405000.0,13506.11,2.7,3.0,52030200.0,52.0,10.0,MFN_APPLIED,PARTNER_SPECIFIC,1.0,India - Korea CEPA,In Force,FTA & EIA,Goods & Services,1,279,76,29,232,0,0,0
IND,KOR,Republic of Korea,KR,410.0,Asia,Eastern Asia,KRW,Won,100630,Semi-milled or wholly milled rice (Basmati),2020,4415485.99,1740572.17,2674913.82,-934341.65,3293583.07,3293583.07,1.3406,2,579637037150.0,13911.29,3.4,3.0,52550502.0,52.5,10.0,MFN_APPLIED,PARTNER_SPECIFIC,1.0,India - Korea CEPA,In Force,FTA & EIA,Goods & Services,1,279,76,29,232,0,0,0
IND,KOR,Republic of Korea,KR,410.0,Asia,Eastern Asia,KRW,Won,100630,Semi-milled or wholly milled rice (Basmati),2021,2529246.31,216350.32,2312895.99,-2096545.67,2173565.53,2173565.53,1.1636,2,597026148264.5,14328.63,2.7,3.0,53076007.0,53.0,10.0,MFN_APPLIED,PARTNER_SPECIFIC,1.0,India - Korea CEPA,In Force,FTA & EIA,Goods & Services,1,279,76,29,232,0,0,0
IND,KOR,Republic of Korea,KR,410.0,Asia,Eastern Asia,KRW,Won,100630,Semi-milled or wholly milled rice (Basmati),2022,2835344.38,1419214.83,1416129.55,3085.28,2205493.13,2205493.13,1.2856,2,614936932712.44,14758.49,3.4,4.1,53606767.0,53.5,10.0,MFN_APPLIED,PARTNER_SPECIFIC,1.0,India - Korea CEPA,In Force,FTA & EIA,Goods & Services,1,279,76,29,232,0,0,0
IND,KOR,Republic of Korea,KR,410.0,Asia,Eastern Asia,KRW,Won,100630,Semi-milled or wholly milled rice (Basmati),2023,8512451.54,4054107.67,4458343.87,-404236.2,6685086.86,6685086.86,1.2733,2,633385040693.81,15201.24,2.7,4.1,54142835.0,54.0,10.0,MFN_APPLIED,PARTNER_SPECIFIC,1.0,India - Korea CEPA,In Force,FTA & EIA,Goods & Services,1,279,76,29,232,0,0,0
IND,KOR,Republic of Korea,KR,410.0,Asia,Eastern Asia,KRW,Won,100630,Semi-milled or wholly milled rice (Basmati),2024,4662262.23,3568770.78,1093491.45,2475279.33,3427597.73,3427597.73,1.3602,2,652386591914.62,15657.28,3.4,3.0,54684263.0,54.5,10.0,MFN_APPLIED,PARTNER_SPECIFIC,1.0,India - Korea CEPA,In Force,FTA & EIA,Goods & Services,1,279,76,29,232,0,0,0
IND,KOR,Republic of Korea,KR,410.0,Asia,Eastern Asia,KRW,Won,100630,Semi-milled or wholly milled rice (Basmati),2025,3875959.58,1827917.73,2048041.85,-220124.12,3006200.41,3006200.41,1.2893,2,671958189672.06,16127.0,2.7,3.0,55231106.0,55.0,10.0,MFN_APPLIED,PARTNER_SPECIFIC,1.0,India - Korea CEPA,In Force,FTA & EIA,Goods & Services,1,279,76,29,232,0,0,0
IND,KOR,Republic of Korea,KR,410.0,Asia,Eastern Asia,KRW,Won,271019,Medium oils & petroleum preparations,2015,1767320.77,1153574.18,613746.59,539827.59,2149680.39,2149680.39,0.8221,2,500000000000.0,12000.0,2.7,3.0,50000000.0,50.0,5.0,MFN_APPLIED,PARTNER_SPECIFIC,1.0,India - Korea CEPA,In Force,FTA & EIA,Goods & Services,1,279,76,29,232,0,0,0
IND,KOR,Republic of Korea,KR,410.0,Asia,Eastern Asia,KRW,Won,271019,Medium oils & petroleum preparations,2016,2445060.57,1478919.48,966141.09,512778.39,2685638.9,2685638.9,0.9104,2,515000000000.0,12360.0,3.4,3.0,50500000.0,50.5,5.0,MFN_APPLIED,PARTNER_SPECIFIC,1.0,India - Korea CEPA,In Force,FTA & EIA,Goods & Services,1,279,76,29,232,0,0,0
IND,KOR,Republic of Korea,KR,410.0,Asia,Eastern Asia,KRW,Won,271019,Medium oils & petroleum preparations,2017,1375426.78,555778.32,819648.46,-263870.14,1559990.48,1559990.48,0.8817,2,530450000000.0,12730.8,2.7,3.0,51005000.0,51.0,5.0,MFN_APPLIED,PARTNER_SPECIFIC,1.0,India - Korea CEPA,In Force,FTA & EIA,Goods & Services,1,279,76,29,232,0,0,0
IND,KOR,Republic of Korea,KR,410.0,Asia,Eastern Asia,KRW,Won,271019,Medium oils & petroleum preparations,2018,720337.35,327947.87,392389.48,-64441.61,840088.88,840088.88,0.8575,2,546363500000.0,13112.72,3.4,3.0,51515050.0,51.5,5.0,MFN_APPLIED,PARTNER_SPECIFIC,1.0,India - Korea CEPA,In Force,FTA & EIA,Goods & Services,1,279,76,29,232,0,0,0
IND,KOR,Republic of Korea,KR,410.0,Asia,Eastern Asia,KRW,Won,271019,Medium oils & petroleum preparations,2019,4019580.75,1575789.46,2443791.29,-868001.83,4689643.22,4689643.22,0.8571,2,562754405000.0,13506.11,2.7,3.0,52030200.0,52.0,5.0,MFN_APPLIED,PARTNER_SPECIFIC,1.0,India - Korea CEPA,In Force,FTA & EIA,Goods & Services,1,279,76,29,232,0,0,0
IND,KOR,Republic of Korea,KR,410.0,Asia,Eastern Asia,KRW,Won,271019,Medium oils & petroleum preparations,2020,1485914.49,837216.93,648697.56,188519.37,1612510.07,1612510.07,0.9215,2,579637037150.0,13911.29,3.4,3.0,52550502.0,52.5,5.0,MFN_APPLIED,PARTNER_SPECIFIC,1.0,India - Korea CEPA,In Force,FTA & EIA,Goods & Services,1,279,76,29,232,0,0,0
IND,KOR,Republic of Korea,KR,410.0,Asia,Eastern Asia,KRW,Won,271019,Medium oils & petroleum preparations,2021,2019522.57,659081.05,1360441.52,-701360.47,2538734.25,2538734.25,0.7955,2,597026148264.5,14328.63,2.7,3.0,53076007.0,53.0,5.0,MFN_APPLIED,PARTNER_SPECIFIC,1.0,India - Korea CEPA,In Force,FTA & EIA,Goods & Services,1,279,76,29,232,0,0,0
IND,KOR,Republic of Korea,KR,410.0,Asia,Eastern Asia,KRW,Won,271019,Medium oils & petroleum preparations,2022,7341947.0,2979545.91,4362401.09,-1382855.18,8062194.03,8062194.03,0.9107,2,614936932712.44,14758.49,3.4,4.1,53606767.0,53.5,5.0,MFN_APPLIED,PARTNER_SPECIFIC,1.0,India - Korea CEPA,In Force,FTA & EIA,Goods & Services,1,279,76,29,232,0,0,0
IND,KOR,Republic of Korea,KR,410.0,Asia,Eastern Asia,KRW,Won,271019,Medium oils & petroleum preparations,2023,4649436.33,2171557.54,2477878.79,-306321.25,5592072.08,5592072.08,0.8314,2,633385040693.81,15201.24,2.7,4.1,54142835.0,54.0,5.0,MFN_APPLIED,PARTNER_SPECIFIC,1.0,India - Korea CEPA,In Force,FTA & EIA,Goods & Services,1,279,76,29,232,0,0,0
IND,KOR,Republic of Korea,KR,410.0,Asia,Eastern Asia,KRW,Won,271019,Medium oils & petroleum preparations,2024,1599080.34,471730.45,1127349.89,-655619.44,1805444.71,1805444.71,0.8857,2,652386591914.62,15657.28,3.4,3.0,54684263.0,54.5,5.0,MFN_APPLIED,PARTNER_SPECIFIC,1.0,India - Korea CEPA,In Force,FTA & EIA,Goods & Services,1,279,76,29,232,0,0,0
IND,KOR,Republic of Korea,KR,410.0,Asia,Eastern Asia,KRW,Won,271019,Medium oils & petroleum preparations,2025,2560148.43,1747832.82,812315.61,935517.21,3260186.06,3260186.06,0.7853,2,671958189672.06,16127.0,2.7,3.0,55231106.0,55.0,5.0,MFN_APPLIED,PARTNER_SPECIFIC,1.0,India - Korea CEPA,In Force,FTA & EIA,Goods & Services,1,279,76,29,232,0,0,0
IND,KOR,Republic of Korea,KR,410.0,Asia,Eastern Asia,KRW,Won,300490,Medicaments for therapeutic/prophylactic uses,2015,27705231.79,16425889.38,11279342.41,5146546.97,3126482.01,3126482.01,8.8615,2,500000000000.0,12000.0,2.7,3.0,50000000.0,50.0,5.0,MFN_APPLIED,PARTNER_SPECIFIC,1.0,India - Korea CEPA,In Force,FTA & EIA,Goods & Services,1,279,76,29,232,0,0,0
IND,KOR,Republic of Korea,KR,410.0,Asia,Eastern Asia,KRW,Won,300490,Medicaments for therapeutic/prophylactic uses,2016,24409185.17,13865550.69,10543634.48,3321916.21,1982802.28,1982802.28,12.3104,2,515000000000.0,12360.0,3.4,3.0,50500000.0,50.5,5.0,MFN_APPLIED,PARTNER_SPECIFIC,1.0,India - Korea CEPA,In Force,FTA & EIA,Goods & Services,1,279,76,29,232,0,0,0
IND,KOR,Republic of Korea,KR,410.0,Asia,Eastern Asia,KRW,Won,300490,Medicaments for therapeutic/prophylactic uses,2017,14011002.99,8626008.72,5384994.27,3241014.45,1155135.8,1155135.8,12.1293,2,530450000000.0,12730.8,2.7,3.0,51005000.0,51.0,5.0,MFN_APPLIED,PARTNER_SPECIFIC,1.0,India - Korea CEPA,In Force,FTA & EIA,Goods & Services,1,279,76,29,232,0,0,0
IND,KOR,Republic of Korea,KR,410.0,Asia,Eastern Asia,KRW,Won,300490,Medicaments for therapeutic/prophylactic uses,2018,60430926.5,32222508.2,28208418.3,4014089.9,4879846.41,4879846.41,12.3838,2,546363500000.0,13112.72,3.4,3.0,51515050.0,51.5,5.0,MFN_APPLIED,PARTNER_SPECIFIC,1.0,India - Korea CEPA,In Force,FTA & EIA,Goods & Services,1,279,76,29,232,0,0,0
IND,KOR,Republic of Korea,KR,410.0,Asia,Eastern Asia,KRW,Won,300490,Medicaments for therapeutic/prophylactic uses,2019,36803468.21,12499086.75,24304381.46,-11805294.71,3757721.12,3757721.12,9.7941,2,562754405000.0,13506.11,2.7,3.0,52030200.0,52.0,5.0,MFN_APPLIED,PARTNER_SPECIFIC,1.0,India - Korea CEPA,In Force,FTA & EIA,Goods & Services,1,279,76,29,232,0,0,0
IND,KOR,Republic of Korea,KR,410.0,Asia,Eastern Asia,KRW,Won,300490,Medicaments for therapeutic/prophylactic uses,2020,15598797.99,10791994.87,4806803.12,5985191.75,1513690.63,1513690.63,10.3051,2,579637037150.0,13911.29,3.4,3.0,52550502.0,52.5,5.0,MFN_APPLIED,PARTNER_SPECIFIC,1.0,India - Korea CEPA,In Force,FTA & EIA,Goods & Services,1,279,76,29,232,0,0,0
IND,KOR,Republic of Korea,KR,410.0,Asia,Eastern Asia,KRW,Won,300490,Medicaments for therapeutic/prophylactic uses,2021,55264730.4,32313894.2,22950836.2,9363058.0,5440075.75,5440075.75,10.1588,2,597026148264.5,14328.63,2.7,3.0,53076007.0,53.0,5.0,MFN_APPLIED,PARTNER_SPECIFIC,1.0,India - Korea CEPA,In Force,FTA & EIA,Goods & Services,1,279,76,29,232,0,0,0
IND,KOR,Republic of Korea,KR,410.0,Asia,Eastern Asia,KRW,Won,300490,Medicaments for therapeutic/prophylactic uses,2022,25158550.61,16418519.54,8740031.07,7678488.47,1980731.55,1980731.55,12.7016,2,614936932712.44,14758.49,3.4,4.1,53606767.0,53.5,5.0,MFN_APPLIED,PARTNER_SPECIFIC,1.0,India - Korea CEPA,In Force,FTA & EIA,Goods & Services,1,279,76,29,232,0,0,0
IND,KOR,Republic of Korea,KR,410.0,Asia,Eastern Asia,KRW,Won,300490,Medicaments for therapeutic/prophylactic uses,2023,41821225.81,25801176.92,16020048.89,9781128.03,4438021.48,4438021.48,9.4234,2,633385040693.81,15201.24,2.7,4.1,54142835.0,54.0,5.0,MFN_APPLIED,PARTNER_SPECIFIC,1.0,India - Korea CEPA,In Force,FTA & EIA,Goods & Services,1,279,76,29,232,0,0,0
IND,KOR,Republic of Korea,KR,410.0,Asia,Eastern Asia,KRW,Won,300490,Medicaments for therapeutic/prophylactic uses,2024,56937537.23,41998087.45,14939449.78,27058637.67,4774235.2,4774235.2,11.926,2,652386591914.62,15657.28,3.4,3.0,54684263.0,54.5,5.0,MFN_APPLIED,PARTNER_SPECIFIC,1.0,India - Korea CEPA,In Force,FTA & EIA,Goods & Services,1,279,76,29,232,0,0,0
IND,KOR,Republic of Korea,KR,410.0,Asia,Eastern Asia,KRW,Won,300490,Medicaments for therapeutic/prophylactic uses,2025,45305551.74,37663236.9,7642314.84,30020922.06,3560382.64,3560382.64,12.7249,2,671958189672.06,16127.0,2.7,3.0,55231106.0,55.0,5.0,MFN_APPLIED,PARTNER_SPECIFIC,1.0,India - Korea CEPA,In Force,FTA & EIA,Goods & Services,1,279,76,29,232,0,0,0
IND,KOR,Republic of Korea,KR,410.0,Asia,Eastern Asia,KRW,Won,520512,"Single cotton yarn, uncombed fibres",2015,3876296.94,3640204.64,236092.3,3404112.34,1180887.69,1180887.69,3.2825,2,500000000000.0,12000.0,2.7,3.0,50000000.0,50.0,7.5,MFN_APPLIED,PARTNER_SPECIFIC,1.0,India - Korea CEPA,In Force,FTA & EIA,Goods & Services,1,279,76,29,232,0,0,0
IND,KOR,Republic of Korea,KR,410.0,Asia,Eastern Asia,KRW,Won,520512,"Single cotton yarn, uncombed fibres",2016,8158950.67,5616422.04,2542528.63,3073893.41,2262388.22,2262388.22,3.6063,2,515000000000.0,12360.0,3.4,3.0,50500000.0,50.5,7.5,MFN_APPLIED,PARTNER_SPECIFIC,1.0,India - Korea CEPA,In Force,FTA & EIA,Goods & Services,1,279,76,29,232,0,0,0
IND,KOR,Republic of Korea,KR,410.0,Asia,Eastern Asia,KRW,Won,520512,"Single cotton yarn, uncombed fibres",2017,14112734.63,8620666.14,5492068.49,3128597.65,3621121.31,3621121.31,3.8973,2,530450000000.0,12730.8,2.7,3.0,51005000.0,51.0,7.5,MFN_APPLIED,PARTNER_SPECIFIC,1.0,India - Korea CEPA,In Force,FTA & EIA,Goods & Services,1,279,76,29,232,0,0,0
IND,KOR,Republic of Korea,KR,410.0,Asia,Eastern Asia,KRW,Won,520512,"Single cotton yarn, uncombed fibres",2018,14181145.1,3036428.36,11144716.74,-8108288.38,3966433.74,3966433.74,3.5753,2,546363500000.0,13112.72,3.4,3.0,51515050.0,51.5,7.5,MFN_APPLIED,PARTNER_SPECIFIC,1.0,India - Korea CEPA,In Force,FTA & EIA,Goods & Services,1,279,76,29,232,0,0,0
IND,KOR,Republic of Korea,KR,410.0,Asia,Eastern Asia,KRW,Won,520512,"Single cotton yarn, uncombed fibres",2019,1071605.83,766455.24,305150.59,461304.65,284956.26,284956.26,3.7606,2,562754405000.0,13506.11,2.7,3.0,52030200.0,52.0,7.5,MFN_APPLIED,PARTNER_SPECIFIC,1.0,India - Korea CEPA,In Force,FTA & EIA,Goods & Services,1,279,76,29,232,0,0,0
IND,KOR,Republic of Korea,KR,410.0,Asia,Eastern Asia,KRW,Won,520512,"Single cotton yarn, uncombed fibres",2020,11572785.59,3345419.87,8227365.72,-4881945.85,2865265.06,2865265.06,4.039,2,579637037150.0,13911.29,3.4,3.0,52550502.0,52.5,7.5,MFN_APPLIED,PARTNER_SPECIFIC,1.0,India - Korea CEPA,In Force,FTA & EIA,Goods & Services,1,279,76,29,232,0,0,0
IND,KOR,Republic of Korea,KR,410.0,Asia,Eastern Asia,KRW,Won,520512,"Single cotton yarn, uncombed fibres",2021,23443747.2,10725609.71,12718137.49,-1992527.78,6360424.89,6360424.89,3.6859,2,597026148264.5,14328.63,2.7,3.0,53076007.0,53.0,7.5,MFN_APPLIED,PARTNER_SPECIFIC,1.0,India - Korea CEPA,In Force,FTA & EIA,Goods & Services,1,279,76,29,232,0,0,0
IND,KOR,Republic of Korea,KR,410.0,Asia,Eastern Asia,KRW,Won,520512,"Single cotton yarn, uncombed fibres",2022,14474775.68,9825912.66,4648863.02,5177049.64,4092767.67,4092767.67,3.5367,2,614936932712.44,14758.49,3.4,4.1,53606767.0,53.5,7.5,MFN_APPLIED,PARTNER_SPECIFIC,1.0,India - Korea CEPA,In Force,FTA & EIA,Goods & Services,1,279,76,29,232,0,0,0
IND,KOR,Republic of Korea,KR,410.0,Asia,Eastern Asia,KRW,Won,520512,"Single cotton yarn, uncombed fibres",2023,13056837.47,10959071.57,2097765.9,8861305.67,3288121.44,3288121.44,3.9709,2,633385040693.81,15201.24,2.7,4.1,54142835.0,54.0,7.5,MFN_APPLIED,PARTNER_SPECIFIC,1.0,India - Korea CEPA,In Force,FTA & EIA,Goods & Services,1,279,76,29,232,0,0,0
IND,KOR,Republic of Korea,KR,410.0,Asia,Eastern Asia,KRW,Won,520512,"Single cotton yarn, uncombed fibres",2024,14165440.42,4928775.75,9236664.67,-4307888.92,3820907.01,3820907.01,3.7074,2,652386591914.62,15657.28,3.4,3.0,54684263.0,54.5,7.5,MFN_APPLIED,PARTNER_SPECIFIC,1.0,India - Korea CEPA,In Force,FTA & EIA,Goods & Services,1,279,76,29,232,0,0,0
IND,KOR,Republic of Korea,KR,410.0,Asia,Eastern Asia,KRW,Won,520512,"Single cotton yarn, uncombed fibres",2025,12689557.96,12067962.59,621595.37,11446367.22,3221305.52,3221305.52,3.9393,2,671958189672.06,16127.0,2.7,3.0,55231106.0,55.0,7.5,MFN_APPLIED,PARTNER_SPECIFIC,1.0,India - Korea CEPA,In Force,FTA & EIA,Goods & Services,1,279,76,29,232,0,0,0
IND,KOR,Republic of Korea,KR,410.0,Asia,Eastern Asia,KRW,Won,711319,Articles of jewellery of precious metal (Gold),2015,6604932494.0,3208862103.91,3396070390.09,-187208286.18,157110.81,157110.81,42039.9621,2,500000000000.0,12000.0,2.7,3.0,50000000.0,50.0,12.5,MFN_APPLIED,PARTNER_SPECIFIC,1.0,India - Korea CEPA,In Force,FTA & EIA,Goods & Services,1,279,76,29,232,0,0,0
IND,KOR,Republic of Korea,KR,410.0,Asia,Eastern Asia,KRW,Won,711319,Articles of jewellery of precious metal (Gold),2016,164970474863.67,61021488006.66,103948986857.01,-42927498850.35,3536003.14,3536003.14,46654.5046,2,515000000000.0,12360.0,3.4,3.0,50500000.0,50.5,12.5,MFN_APPLIED,PARTNER_SPECIFIC,1.0,India - Korea CEPA,In Force,FTA & EIA,Goods & Services,1,279,76,29,232,0,0,0
IND,KOR,Republic of Korea,KR,410.0,Asia,Eastern Asia,KRW,Won,711319,Articles of jewellery of precious metal (Gold),2017,123023562270.65,33375917340.04,89647644930.61,-56271727590.57,2977654.94,2977654.94,41315.5872,2,530450000000.0,12730.8,2.7,3.0,51005000.0,51.0,12.5,MFN_APPLIED,PARTNER_SPECIFIC,1.0,India - Korea CEPA,In Force,FTA & EIA,Goods & Services,1,279,76,29,232,0,0,0
IND,KOR,Republic of Korea,KR,410.0,Asia,Eastern Asia,KRW,Won,711319,Articles of jewellery of precious metal (Gold),2018,91113321680.48,78584348095.5,12528973584.98,66055374510.52,2191948.77,2191948.77,41567.2679,2,546363500000.0,13112.72,3.4,3.0,51515050.0,51.5,12.5,MFN_APPLIED,PARTNER_SPECIFIC,1.0,India - Korea CEPA,In Force,FTA & EIA,Goods & Services,1,279,76,29,232,0,0,0
IND,KOR,Republic of Korea,KR,410.0,Asia,Eastern Asia,KRW,Won,711319,Articles of jewellery of precious metal (Gold),2019,148866715916.45,99985986784.39,48880729132.06,51105257652.33,3381585.16,3381585.16,44022.7612,2,562754405000.0,13506.11,2.7,3.0,52030200.0,52.0,12.5,MFN_APPLIED,PARTNER_SPECIFIC,1.0,India - Korea CEPA,In Force,FTA & EIA,Goods & Services,1,279,76,29,232,0,0,0
IND,KOR,Republic of Korea,KR,410.0,Asia,Eastern Asia,KRW,Won,711319,Articles of jewellery of precious metal (Gold),2020,200101814507.24,91098207315.33,109003607191.91,-17905399876.58,4190485.33,4190485.33,47751.4652,2,579637037150.0,13911.29,3.4,3.0,52550502.0,52.5,12.5,MFN_APPLIED,PARTNER_SPECIFIC,1.0,India - Korea CEPA,In Force,FTA & EIA,Goods & Services,1,279,76,29,232,0,0,0
IND,KOR,Republic of Korea,KR,410.0,Asia,Eastern Asia,KRW,Won,711319,Articles of jewellery of precious metal (Gold),2021,61797445967.29,48711400665.75,13086045301.54,35625355364.21,1216280.36,1216280.36,50808.5537,2,597026148264.5,14328.63,2.7,3.0,53076007.0,53.0,12.5,MFN_APPLIED,PARTNER_SPECIFIC,1.0,India - Korea CEPA,In Force,FTA & EIA,Goods & Services,1,279,76,29,232,0,0,0
IND,KOR,Republic of Korea,KR,410.0,Asia,Eastern Asia,KRW,Won,711319,Articles of jewellery of precious metal (Gold),2022,31542698814.17,26599970322.47,4942728491.7,21657241830.77,640932.42,640932.42,49213.7671,2,614936932712.44,14758.49,3.4,4.1,53606767.0,53.5,12.5,MFN_APPLIED,PARTNER_SPECIFIC,1.0,India - Korea CEPA,In Force,FTA & EIA,Goods & Services,1,279,76,29,232,0,0,0
IND,KOR,Republic of Korea,KR,410.0,Asia,Eastern Asia,KRW,Won,711319,Articles of jewellery of precious metal (Gold),2023,172485200547.12,25804767929.92,146680432617.2,-120875664687.28,4409592.47,4409592.47,39115.9051,2,633385040693.81,15201.24,2.7,4.1,54142835.0,54.0,12.5,MFN_APPLIED,PARTNER_SPECIFIC,1.0,India - Korea CEPA,In Force,FTA & EIA,Goods & Services,1,279,76,29,232,0,0,0
IND,KOR,Republic of Korea,KR,410.0,Asia,Eastern Asia,KRW,Won,711319,Articles of jewellery of precious metal (Gold),2024,159088832954.46,118384182374.76,40704650579.7,77679531795.06,3520557.03,3520557.03,45188.5402,2,652386591914.62,15657.28,3.4,3.0,54684263.0,54.5,12.5,MFN_APPLIED,PARTNER_SPECIFIC,1.0,India - Korea CEPA,In Force,FTA & EIA,Goods & Services,1,279,76,29,232,0,0,0
IND,KOR,Republic of Korea,KR,410.0,Asia,Eastern Asia,KRW,Won,711319,Articles of jewellery of precious metal (Gold),2025,200295768708.4,41198710710.18,159097057998.22,-117898347288.04,4789159.3,4789159.3,41822.7409,2,671958189672.06,16127.0,2.7,3.0,55231106.0,55.0,12.5,MFN_APPLIED,PARTNER_SPECIFIC,1.0,India - Korea CEPA,In Force,FTA & EIA,Goods & Services,1,279,76,29,232,0,0,0
IND,KOR,Republic of Korea,KR,410.0,Asia,Eastern Asia,KRW,Won,847130,Portable automatic data processing machines (Laptops),2015,820898118.28,415251068.19,405647050.09,9604018.1,4014666.88,4014666.88,204.4748,2,500000000000.0,12000.0,2.7,3.0,50000000.0,50.0,0.0,MFN_APPLIED,PARTNER_SPECIFIC,1.0,India - Korea CEPA,In Force,FTA & EIA,Goods & Services,1,279,76,29,232,0,0,0
IND,KOR,Republic of Korea,KR,410.0,Asia,Eastern Asia,KRW,Won,847130,Portable automatic data processing machines (Laptops),2016,630393774.89,524509916.65,105883858.24,418626058.41,2165761.93,2165761.93,291.0725,2,515000000000.0,12360.0,3.4,3.0,50500000.0,50.5,0.0,MFN_APPLIED,PARTNER_SPECIFIC,1.0,India - Korea CEPA,In Force,FTA & EIA,Goods & Services,1,279,76,29,232,0,0,0
IND,KOR,Republic of Korea,KR,410.0,Asia,Eastern Asia,KRW,Won,847130,Portable automatic data processing machines (Laptops),2017,956230490.88,226657274.47,729573216.41,-502915941.94,3604962.59,3604962.59,265.2539,2,530450000000.0,12730.8,2.7,3.0,51005000.0,51.0,0.0,MFN_APPLIED,PARTNER_SPECIFIC,1.0,India - Korea CEPA,In Force,FTA & EIA,Goods & Services,1,279,76,29,232,0,0,0
IND,KOR,Republic of Korea,KR,410.0,Asia,Eastern Asia,KRW,Won,847130,Portable automatic data processing machines (Laptops),2018,412421561.1,22495594.53,389925966.57,-367430372.04,2523349.09,2523349.09,163.4421,2,546363500000.0,13112.72,3.4,3.0,51515050.0,51.5,0.0,MFN_APPLIED,PARTNER_SPECIFIC,1.0,India - Korea CEPA,In Force,FTA & EIA,Goods & Services,1,279,76,29,232,0,0,0
IND,KOR,Republic of Korea,KR,410.0,Asia,Eastern Asia,KRW,Won,847130,Portable automatic data processing machines (Laptops),2019,395716047.66,136454917.61,259261130.05,-122806212.44,1409051.02,1409051.02,280.8387,2,562754405000.0,13506.11,2.7,3.0,52030200.0,52.0,0.0,MFN_APPLIED,PARTNER_SPECIFIC,1.0,India - Korea CEPA,In Force,FTA & EIA,Goods & Services,1,279,76,29,232,0,0,0
IND,KOR,Republic of Korea,KR,410.0,Asia,Eastern Asia,KRW,Won,847130,Portable automatic data processing machines (Laptops),2020,954006817.38,591493634.57,362513182.81,228980451.76,3739431.23,3739431.23,255.1208,2,579637037150.0,13911.29,3.4,3.0,52550502.0,52.5,0.0,MFN_APPLIED,PARTNER_SPECIFIC,1.0,India - Korea CEPA,In Force,FTA & EIA,Goods & Services,1,279,76,29,232,0,0,0
IND,KOR,Republic of Korea,KR,410.0,Asia,Eastern Asia,KRW,Won,847130,Portable automatic data processing machines (Laptops),2021,1175084024.67,590636131.18,584447893.49,6188237.69,4603319.76,4603319.76,255.2688,2,597026148264.5,14328.63,2.7,3.0,53076007.0,53.0,0.0,MFN_APPLIED,PARTNER_SPECIFIC,1.0,India - Korea CEPA,In Force,FTA & EIA,Goods & Services,1,279,76,29,232,0,0,0
IND,KOR,Republic of Korea,KR,410.0,Asia,Eastern Asia,KRW,Won,847130,Portable automatic data processing machines (Laptops),2022,983529255.0,589184722.68,394344532.32,194840190.36,4703855.84,4703855.84,209.09,2,614936932712.44,14758.49,3.4,4.1,53606767.0,53.5,0.0,MFN_APPLIED,PARTNER_SPECIFIC,1.0,India - Korea CEPA,In Force,FTA & EIA,Goods & Services,1,279,76,29,232,0,0,0
IND,KOR,Republic of Korea,KR,410.0,Asia,Eastern Asia,KRW,Won,847130,Portable automatic data processing machines (Laptops),2023,309822259.98,203818887.88,106003372.1,97815515.78,1767785.97,1767785.97,175.2601,2,633385040693.81,15201.24,2.7,4.1,54142835.0,54.0,0.0,MFN_APPLIED,PARTNER_SPECIFIC,1.0,India - Korea CEPA,In Force,FTA & EIA,Goods & Services,1,279,76,29,232,0,0,0
IND,KOR,Republic of Korea,KR,410.0,Asia,Eastern Asia,KRW,Won,847130,Portable automatic data processing machines (Laptops),2024,1024987475.22,57334764.06,967652711.16,-910317947.1,4165576.38,4165576.38,246.0614,2,652386591914.62,15657.28,3.4,3.0,54684263.0,54.5,0.0,MFN_APPLIED,PARTNER_SPECIFIC,1.0,India - Korea CEPA,In Force,FTA & EIA,Goods & Services,1,279,76,29,232,0,0,0
IND,KOR,Republic of Korea,KR,410.0,Asia,Eastern Asia,KRW,Won,847130,Portable automatic data processing machines (Laptops),2025,707025579.53,278194979.33,428830600.2,-150635620.87,3601266.07,3601266.07,196.3269,2,671958189672.06,16127.0,2.7,3.0,55231106.0,55.0,0.0,MFN_APPLIED,PARTNER_SPECIFIC,1.0,India - Korea CEPA,In Force,FTA & EIA,Goods & Services,1,279,76,29,232,0,0,0
IND,KOR,Republic of Korea,KR,410.0,Asia,Eastern Asia,KRW,Won,851712,Telephones for cellular networks / smartphones,2015,68897124.93,5210639.83,63686485.1,-58475845.27,1624490.47,1624490.47,42.4115,2,500000000000.0,12000.0,2.7,3.0,50000000.0,50.0,0.0,MFN_APPLIED,PARTNER_SPECIFIC,1.0,India - Korea CEPA,In Force,FTA & EIA,Goods & Services,1,279,76,29,232,0,0,0
IND,KOR,Republic of Korea,KR,410.0,Asia,Eastern Asia,KRW,Won,851712,Telephones for cellular networks / smartphones,2016,53753115.29,37659675.81,16093439.48,21566236.33,2423888.81,2423888.81,22.1764,2,515000000000.0,12360.0,3.4,3.0,50500000.0,50.5,0.0,MFN_APPLIED,PARTNER_SPECIFIC,1.0,India - Korea CEPA,In Force,FTA & EIA,Goods & Services,1,279,76,29,232,0,0,0
IND,KOR,Republic of Korea,KR,410.0,Asia,Eastern Asia,KRW,Won,851712,Telephones for cellular networks / smartphones,2017,101735363.98,17941212.64,83794151.34,-65852938.7,3946579.67,3946579.67,25.7781,2,530450000000.0,12730.8,2.7,3.0,51005000.0,51.0,0.0,MFN_APPLIED,PARTNER_SPECIFIC,1.0,India - Korea CEPA,In Force,FTA & EIA,Goods & Services,1,279,76,29,232,0,0,0
IND,KOR,Republic of Korea,KR,410.0,Asia,Eastern Asia,KRW,Won,851712,Telephones for cellular networks / smartphones,2018,143129678.47,13290289.3,129839389.17,-116549099.87,3247696.44,3247696.44,44.0711,2,546363500000.0,13112.72,3.4,3.0,51515050.0,51.5,0.0,MFN_APPLIED,PARTNER_SPECIFIC,1.0,India - Korea CEPA,In Force,FTA & EIA,Goods & Services,1,279,76,29,232,0,0,0
IND,KOR,Republic of Korea,KR,410.0,Asia,Eastern Asia,KRW,Won,851712,Telephones for cellular networks / smartphones,2019,42973690.83,10029810.8,32943880.03,-22914069.23,1861808.71,1861808.71,23.0817,2,562754405000.0,13506.11,2.7,3.0,52030200.0,52.0,0.0,MFN_APPLIED,PARTNER_SPECIFIC,1.0,India - Korea CEPA,In Force,FTA & EIA,Goods & Services,1,279,76,29,232,0,0,0
IND,KOR,Republic of Korea,KR,410.0,Asia,Eastern Asia,KRW,Won,851712,Telephones for cellular networks / smartphones,2020,60390526.98,10068727.62,50321799.36,-40253071.74,1827293.28,1827293.28,33.0492,2,579637037150.0,13911.29,3.4,3.0,52550502.0,52.5,0.0,MFN_APPLIED,PARTNER_SPECIFIC,1.0,India - Korea CEPA,In Force,FTA & EIA,Goods & Services,1,279,76,29,232,0,0,0
IND,KOR,Republic of Korea,KR,410.0,Asia,Eastern Asia,KRW,Won,851712,Telephones for cellular networks / smartphones,2021,98243784.16,39950598.91,58293185.25,-18342586.34,4232923.91,4232923.91,23.2094,2,597026148264.5,14328.63,2.7,3.0,53076007.0,53.0,0.0,MFN_APPLIED,PARTNER_SPECIFIC,1.0,India - Korea CEPA,In Force,FTA & EIA,Goods & Services,1,279,76,29,232,0,0,0
IND,KOR,Republic of Korea,KR,410.0,Asia,Eastern Asia,KRW,Won,851712,Telephones for cellular networks / smartphones,2022,113224852.17,25586633.82,87638218.35,-62051584.53,5007276.27,5007276.27,22.6121,2,614936932712.44,14758.49,3.4,4.1,53606767.0,53.5,0.0,MFN_APPLIED,PARTNER_SPECIFIC,1.0,India - Korea CEPA,In Force,FTA & EIA,Goods & Services,1,279,76,29,232,0,0,0
IND,KOR,Republic of Korea,KR,410.0,Asia,Eastern Asia,KRW,Won,851712,Telephones for cellular networks / smartphones,2023,217063704.86,148174468.17,68889236.69,79285231.48,5063824.84,5063824.84,42.8656,2,633385040693.81,15201.24,2.7,4.1,54142835.0,54.0,0.0,MFN_APPLIED,PARTNER_SPECIFIC,1.0,India - Korea CEPA,In Force,FTA & EIA,Goods & Services,1,279,76,29,232,0,0,0
IND,KOR,Republic of Korea,KR,410.0,Asia,Eastern Asia,KRW,Won,851712,Telephones for cellular networks / smartphones,2024,225530712.57,106055405.8,119475306.77,-13419900.97,6594809.98,6594809.98,34.1982,2,652386591914.62,15657.28,3.4,3.0,54684263.0,54.5,0.0,MFN_APPLIED,PARTNER_SPECIFIC,1.0,India - Korea CEPA,In Force,FTA & EIA,Goods & Services,1,279,76,29,232,0,0,0
IND,KOR,Republic of Korea,KR,410.0,Asia,Eastern Asia,KRW,Won,851712,Telephones for cellular networks / smartphones,2025,53703410.95,18746491.64,34956919.31,-16210427.67,1898328.59,1898328.59,28.2898,2,671958189672.06,16127.0,2.7,3.0,55231106.0,55.0,0.0,MFN_APPLIED,PARTNER_SPECIFIC,1.0,India - Korea CEPA,In Force,FTA & EIA,Goods & Services,1,279,76,29,232,0,0,0
IND,NLD,Netherlands,NL,528.0,Europe,Western Europe,EUR,Euro,90411,Pepper of genus Piper; neither crushed nor ground,2015,11472007.28,10588750.23,883257.05,9705493.18,2335939.75,2335939.75,4.9111,2,500000000000.0,12000.0,2.7,3.0,50000000.0,50.0,15.0,MFN_APPLIED,PARTNER_SPECIFIC,0.0,EU - India,Under Negotiation,FTA & EIA,Goods & Services,0,1876,531,23,1818,0,0,0
IND,NLD,Netherlands,NL,528.0,Europe,Western Europe,EUR,Euro,90411,Pepper of genus Piper; neither crushed nor ground,2016,15239731.04,5738989.98,9500741.06,-3761751.08,2802717.72,2802717.72,5.4375,2,515000000000.0,12360.0,3.4,3.0,50500000.0,50.5,15.0,MFN_APPLIED,PARTNER_SPECIFIC,0.0,EU - India,Under Negotiation,FTA & EIA,Goods & Services,0,1876,531,23,1818,0,0,0
IND,NLD,Netherlands,NL,528.0,Europe,Western Europe,EUR,Euro,90411,Pepper of genus Piper; neither crushed nor ground,2017,26503296.63,10765651.15,15737645.48,-4971994.33,4813030.71,4813030.71,5.5066,2,530450000000.0,12730.8,2.7,3.0,51005000.0,51.0,15.0,MFN_APPLIED,PARTNER_SPECIFIC,0.0,EU - India,Under Negotiation,FTA & EIA,Goods & Services,0,1876,531,23,1818,0,0,0
IND,NLD,Netherlands,NL,528.0,Europe,Western Europe,EUR,Euro,90411,Pepper of genus Piper; neither crushed nor ground,2018,23371779.72,8000517.07,15371262.65,-7370745.58,4094836.4,4094836.4,5.7076,2,546363500000.0,13112.72,3.4,3.0,51515050.0,51.5,15.0,MFN_APPLIED,PARTNER_SPECIFIC,0.0,EU - India,Under Negotiation,FTA & EIA,Goods & Services,0,1876,531,23,1818,0,0,0
IND,NLD,Netherlands,NL,528.0,Europe,Western Europe,EUR,Euro,90411,Pepper of genus Piper; neither crushed nor ground,2019,24081096.36,12827720.99,11253375.37,1574345.62,4537375.54,4537375.54,5.3073,2,562754405000.0,13506.11,2.7,3.0,52030200.0,52.0,15.0,MFN_APPLIED,PARTNER_SPECIFIC,0.0,EU - India,Under Negotiation,FTA & EIA,Goods & Services,0,1876,531,23,1818,0,0,0
IND,NLD,Netherlands,NL,528.0,Europe,Western Europe,EUR,Euro,90411,Pepper of genus Piper; neither crushed nor ground,2020,15382442.04,9740401.49,5642040.55,4098360.94,2710470.56,2710470.56,5.6752,2,579637037150.0,13911.29,3.4,3.0,52550502.0,52.5,15.0,MFN_APPLIED,PARTNER_SPECIFIC,0.0,EU - India,Under Negotiation,FTA & EIA,Goods & Services,0,1876,531,23,1818,0,0,0
IND,NLD,Netherlands,NL,528.0,Europe,Western Europe,EUR,Euro,90411,Pepper of genus Piper; neither crushed nor ground,2021,23562603.19,6623025.13,16939578.06,-10316552.93,4122193.34,4122193.34,5.716,2,597026148264.5,14328.63,2.7,3.0,53076007.0,53.0,15.0,MFN_APPLIED,PARTNER_SPECIFIC,0.0,EU - India,Under Negotiation,FTA & EIA,Goods & Services,0,1876,531,23,1818,0,0,0
IND,NLD,Netherlands,NL,528.0,Europe,Western Europe,EUR,Euro,90411,Pepper of genus Piper; neither crushed nor ground,2022,15833599.08,5443783.25,10389815.83,-4946032.58,2972226.92,2972226.92,5.3272,2,614936932712.44,14758.49,3.4,4.1,53606767.0,53.5,15.0,MFN_APPLIED,PARTNER_SPECIFIC,0.0,EU - India,Under Negotiation,FTA & EIA,Goods & Services,0,1876,531,23,1818,0,0,0
IND,NLD,Netherlands,NL,528.0,Europe,Western Europe,EUR,Euro,90411,Pepper of genus Piper; neither crushed nor ground,2023,8877222.35,5461050.86,3416171.49,2044879.37,1706025.38,1706025.38,5.2035,2,633385040693.81,15201.24,2.7,4.1,54142835.0,54.0,15.0,MFN_APPLIED,PARTNER_SPECIFIC,0.0,EU - India,Under Negotiation,FTA & EIA,Goods & Services,0,1876,531,23,1818,0,0,0
IND,NLD,Netherlands,NL,528.0,Europe,Western Europe,EUR,Euro,90411,Pepper of genus Piper; neither crushed nor ground,2024,18625766.06,10936049.95,7689716.11,3246333.84,3333342.04,3333342.04,5.5877,2,652386591914.62,15657.28,3.4,3.0,54684263.0,54.5,15.0,MFN_APPLIED,PARTNER_SPECIFIC,0.0,EU - India,Under Negotiation,FTA & EIA,Goods & Services,0,1876,531,23,1818,0,0,0
IND,NLD,Netherlands,NL,528.0,Europe,Western Europe,EUR,Euro,90411,Pepper of genus Piper; neither crushed nor ground,2025,10882436.83,6997890.74,3884546.09,3113344.65,1971720.68,1971720.68,5.5193,2,671958189672.06,16127.0,2.7,3.0,55231106.0,55.0,15.0,MFN_APPLIED,PARTNER_SPECIFIC,0.0,EU - India,Under Negotiation,FTA & EIA,Goods & Services,0,1876,531,23,1818,0,0,0
IND,NLD,Netherlands,NL,528.0,Europe,Western Europe,EUR,Euro,100630,Semi-milled or wholly milled rice (Basmati),2015,1107066.1,486133.21,620932.89,-134799.68,817664.59,817664.59,1.3539,2,500000000000.0,12000.0,2.7,3.0,50000000.0,50.0,10.0,MFN_APPLIED,PARTNER_SPECIFIC,0.0,EU - India,Under Negotiation,FTA & EIA,Goods & Services,0,1876,531,23,1818,0,0,0
IND,NLD,Netherlands,NL,528.0,Europe,Western Europe,EUR,Euro,100630,Semi-milled or wholly milled rice (Basmati),2016,1610770.19,1046500.41,564269.78,482230.63,1348547.45,1348547.45,1.1944,2,515000000000.0,12360.0,3.4,3.0,50500000.0,50.5,10.0,MFN_APPLIED,PARTNER_SPECIFIC,0.0,EU - India,Under Negotiation,FTA & EIA,Goods & Services,0,1876,531,23,1818,0,0,0
IND,NLD,Netherlands,NL,528.0,Europe,Western Europe,EUR,Euro,100630,Semi-milled or wholly milled rice (Basmati),2017,4359192.61,2638489.47,1720703.14,917786.33,3111661.57,3111661.57,1.4009,2,530450000000.0,12730.8,2.7,3.0,51005000.0,51.0,10.0,MFN_APPLIED,PARTNER_SPECIFIC,0.0,EU - India,Under Negotiation,FTA & EIA,Goods & Services,0,1876,531,23,1818,0,0,0
IND,NLD,Netherlands,NL,528.0,Europe,Western Europe,EUR,Euro,100630,Semi-milled or wholly milled rice (Basmati),2018,5602315.39,2459436.34,3142879.05,-683442.71,4224540.71,4224540.71,1.3261,2,546363500000.0,13112.72,3.4,3.0,51515050.0,51.5,10.0,MFN_APPLIED,PARTNER_SPECIFIC,0.0,EU - India,Under Negotiation,FTA & EIA,Goods & Services,0,1876,531,23,1818,0,0,0
IND,NLD,Netherlands,NL,528.0,Europe,Western Europe,EUR,Euro,100630,Semi-milled or wholly milled rice (Basmati),2019,5765676.55,1754552.21,4011124.34,-2256572.13,4717656.61,4717656.61,1.2221,2,562754405000.0,13506.11,2.7,3.0,52030200.0,52.0,10.0,MFN_APPLIED,PARTNER_SPECIFIC,0.0,EU - India,Under Negotiation,FTA & EIA,Goods & Services,0,1876,531,23,1818,0,0,0
IND,NLD,Netherlands,NL,528.0,Europe,Western Europe,EUR,Euro,100630,Semi-milled or wholly milled rice (Basmati),2020,7590801.63,3466557.06,4124244.57,-657687.51,5512275.58,5512275.58,1.3771,2,579637037150.0,13911.29,3.4,3.0,52550502.0,52.5,10.0,MFN_APPLIED,PARTNER_SPECIFIC,0.0,EU - India,Under Negotiation,FTA & EIA,Goods & Services,0,1876,531,23,1818,0,0,0
IND,NLD,Netherlands,NL,528.0,Europe,Western Europe,EUR,Euro,100630,Semi-milled or wholly milled rice (Basmati),2021,5235148.1,3144249.25,2090898.85,1053350.4,4085373.28,4085373.28,1.2814,2,597026148264.5,14328.63,2.7,3.0,53076007.0,53.0,10.0,MFN_APPLIED,PARTNER_SPECIFIC,0.0,EU - India,Under Negotiation,FTA & EIA,Goods & Services,0,1876,531,23,1818,0,0,0
IND,NLD,Netherlands,NL,528.0,Europe,Western Europe,EUR,Euro,100630,Semi-milled or wholly milled rice (Basmati),2022,2382072.62,1203463.19,1178609.43,24853.76,1772832.87,1772832.87,1.3437,2,614936932712.44,14758.49,3.4,4.1,53606767.0,53.5,10.0,MFN_APPLIED,PARTNER_SPECIFIC,0.0,EU - India,Under Negotiation,FTA & EIA,Goods & Services,0,1876,531,23,1818,0,0,0
IND,NLD,Netherlands,NL,528.0,Europe,Western Europe,EUR,Euro,100630,Semi-milled or wholly milled rice (Basmati),2023,3155688.0,2502127.91,653560.09,1848567.82,2535571.2,2535571.2,1.2446,2,633385040693.81,15201.24,2.7,4.1,54142835.0,54.0,10.0,MFN_APPLIED,PARTNER_SPECIFIC,0.0,EU - India,Under Negotiation,FTA & EIA,Goods & Services,0,1876,531,23,1818,0,0,0
IND,NLD,Netherlands,NL,528.0,Europe,Western Europe,EUR,Euro,100630,Semi-milled or wholly milled rice (Basmati),2024,2198742.52,1544044.52,654698.0,889346.52,1706596.05,1706596.05,1.2884,2,652386591914.62,15657.28,3.4,3.0,54684263.0,54.5,10.0,MFN_APPLIED,PARTNER_SPECIFIC,0.0,EU - India,Under Negotiation,FTA & EIA,Goods & Services,0,1876,531,23,1818,0,0,0
IND,NLD,Netherlands,NL,528.0,Europe,Western Europe,EUR,Euro,100630,Semi-milled or wholly milled rice (Basmati),2025,344131.6,108645.8,235485.8,-126840.0,278888.93,278888.93,1.2339,2,671958189672.06,16127.0,2.7,3.0,55231106.0,55.0,10.0,MFN_APPLIED,PARTNER_SPECIFIC,0.0,EU - India,Under Negotiation,FTA & EIA,Goods & Services,0,1876,531,23,1818,0,0,0
IND,NLD,Netherlands,NL,528.0,Europe,Western Europe,EUR,Euro,271019,Medium oils & petroleum preparations,2015,1531942.88,758470.21,773472.67,-15002.46,1830237.03,1830237.03,0.837,2,500000000000.0,12000.0,2.7,3.0,50000000.0,50.0,5.0,MFN_APPLIED,PARTNER_SPECIFIC,0.0,EU - India,Under Negotiation,FTA & EIA,Goods & Services,0,1876,531,23,1818,0,0,0
IND,NLD,Netherlands,NL,528.0,Europe,Western Europe,EUR,Euro,271019,Medium oils & petroleum preparations,2016,2868121.98,1116197.24,1751924.74,-635727.5,3302252.26,3302252.26,0.8685,2,515000000000.0,12360.0,3.4,3.0,50500000.0,50.5,5.0,MFN_APPLIED,PARTNER_SPECIFIC,0.0,EU - India,Under Negotiation,FTA & EIA,Goods & Services,0,1876,531,23,1818,0,0,0
IND,NLD,Netherlands,NL,528.0,Europe,Western Europe,EUR,Euro,271019,Medium oils & petroleum preparations,2017,2171563.18,1166030.42,1005532.76,160497.66,2309218.88,2309218.88,0.9404,2,530450000000.0,12730.8,2.7,3.0,51005000.0,51.0,5.0,MFN_APPLIED,PARTNER_SPECIFIC,0.0,EU - India,Under Negotiation,FTA & EIA,Goods & Services,0,1876,531,23,1818,0,0,0
IND,NLD,Netherlands,NL,528.0,Europe,Western Europe,EUR,Euro,271019,Medium oils & petroleum preparations,2018,3647537.13,497106.41,3150430.72,-2653324.31,4548715.84,4548715.84,0.8019,2,546363500000.0,13112.72,3.4,3.0,51515050.0,51.5,5.0,MFN_APPLIED,PARTNER_SPECIFIC,0.0,EU - India,Under Negotiation,FTA & EIA,Goods & Services,0,1876,531,23,1818,0,0,0
IND,NLD,Netherlands,NL,528.0,Europe,Western Europe,EUR,Euro,271019,Medium oils & petroleum preparations,2019,658976.63,266112.75,392863.88,-126751.13,751204.77,751204.77,0.8772,2,562754405000.0,13506.11,2.7,3.0,52030200.0,52.0,5.0,MFN_APPLIED,PARTNER_SPECIFIC,0.0,EU - India,Under Negotiation,FTA & EIA,Goods & Services,0,1876,531,23,1818,0,0,0
IND,NLD,Netherlands,NL,528.0,Europe,Western Europe,EUR,Euro,271019,Medium oils & petroleum preparations,2020,1236026.61,657304.35,578722.26,78582.09,1468156.59,1468156.59,0.8419,2,579637037150.0,13911.29,3.4,3.0,52550502.0,52.5,5.0,MFN_APPLIED,PARTNER_SPECIFIC,0.0,EU - India,Under Negotiation,FTA & EIA,Goods & Services,0,1876,531,23,1818,0,0,0
IND,NLD,Netherlands,NL,528.0,Europe,Western Europe,EUR,Euro,271019,Medium oils & petroleum preparations,2021,3196488.38,108047.22,3088441.16,-2980393.94,3376966.1,3376966.1,0.9466,2,597026148264.5,14328.63,2.7,3.0,53076007.0,53.0,5.0,MFN_APPLIED,PARTNER_SPECIFIC,0.0,EU - India,Under Negotiation,FTA & EIA,Goods & Services,0,1876,531,23,1818,0,0,0
IND,NLD,Netherlands,NL,528.0,Europe,Western Europe,EUR,Euro,271019,Medium oils & petroleum preparations,2022,2184689.68,2012660.26,172029.42,1840630.84,2342392.13,2342392.13,0.9327,2,614936932712.44,14758.49,3.4,4.1,53606767.0,53.5,5.0,MFN_APPLIED,PARTNER_SPECIFIC,0.0,EU - India,Under Negotiation,FTA & EIA,Goods & Services,0,1876,531,23,1818,0,0,0
IND,NLD,Netherlands,NL,528.0,Europe,Western Europe,EUR,Euro,271019,Medium oils & petroleum preparations,2023,1509681.38,729646.64,780034.74,-50388.1,1836281.59,1836281.59,0.8221,2,633385040693.81,15201.24,2.7,4.1,54142835.0,54.0,5.0,MFN_APPLIED,PARTNER_SPECIFIC,0.0,EU - India,Under Negotiation,FTA & EIA,Goods & Services,0,1876,531,23,1818,0,0,0
IND,NLD,Netherlands,NL,528.0,Europe,Western Europe,EUR,Euro,271019,Medium oils & petroleum preparations,2024,3124585.07,2710958.22,413626.85,2297331.37,3507561.32,3507561.32,0.8908,2,652386591914.62,15657.28,3.4,3.0,54684263.0,54.5,5.0,MFN_APPLIED,PARTNER_SPECIFIC,0.0,EU - India,Under Negotiation,FTA & EIA,Goods & Services,0,1876,531,23,1818,0,0,0
IND,NLD,Netherlands,NL,528.0,Europe,Western Europe,EUR,Euro,271019,Medium oils & petroleum preparations,2025,3058774.21,1167355.16,1891419.05,-724063.89,3277031.22,3277031.22,0.9334,2,671958189672.06,16127.0,2.7,3.0,55231106.0,55.0,5.0,MFN_APPLIED,PARTNER_SPECIFIC,0.0,EU - India,Under Negotiation,FTA & EIA,Goods & Services,0,1876,531,23,1818,0,0,0
IND,NLD,Netherlands,NL,528.0,Europe,Western Europe,EUR,Euro,300490,Medicaments for therapeutic/prophylactic uses,2015,31869336.71,16159422.36,15709914.35,449508.01,2958325.21,2958325.21,10.7728,2,500000000000.0,12000.0,2.7,3.0,50000000.0,50.0,5.0,MFN_APPLIED,PARTNER_SPECIFIC,0.0,EU - India,Under Negotiation,FTA & EIA,Goods & Services,0,1876,531,23,1818,0,0,0
IND,NLD,Netherlands,NL,528.0,Europe,Western Europe,EUR,Euro,300490,Medicaments for therapeutic/prophylactic uses,2016,25495063.5,15892204.3,9602859.2,6289345.1,2643117.07,2643117.07,9.6458,2,515000000000.0,12360.0,3.4,3.0,50500000.0,50.5,5.0,MFN_APPLIED,PARTNER_SPECIFIC,0.0,EU - India,Under Negotiation,FTA & EIA,Goods & Services,0,1876,531,23,1818,0,0,0
IND,NLD,Netherlands,NL,528.0,Europe,Western Europe,EUR,Euro,300490,Medicaments for therapeutic/prophylactic uses,2017,32029473.17,12021404.74,20008068.43,-7986663.69,2810616.44,2810616.44,11.3959,2,530450000000.0,12730.8,2.7,3.0,51005000.0,51.0,5.0,MFN_APPLIED,PARTNER_SPECIFIC,0.0,EU - India,Under Negotiation,FTA & EIA,Goods & Services,0,1876,531,23,1818,0,0,0
IND,NLD,Netherlands,NL,528.0,Europe,Western Europe,EUR,Euro,300490,Medicaments for therapeutic/prophylactic uses,2018,35006194.42,23935248.46,11070945.96,12864302.5,2783799.9,2783799.9,12.575,2,546363500000.0,13112.72,3.4,3.0,51515050.0,51.5,5.0,MFN_APPLIED,PARTNER_SPECIFIC,0.0,EU - India,Under Negotiation,FTA & EIA,Goods & Services,0,1876,531,23,1818,0,0,0
IND,NLD,Netherlands,NL,528.0,Europe,Western Europe,EUR,Euro,300490,Medicaments for therapeutic/prophylactic uses,2019,26750707.7,1518940.68,25231767.02,-23712826.34,2318666.76,2318666.76,11.5371,2,562754405000.0,13506.11,2.7,3.0,52030200.0,52.0,5.0,MFN_APPLIED,PARTNER_SPECIFIC,0.0,EU - India,Under Negotiation,FTA & EIA,Goods & Services,0,1876,531,23,1818,0,0,0
IND,NLD,Netherlands,NL,528.0,Europe,Western Europe,EUR,Euro,300490,Medicaments for therapeutic/prophylactic uses,2020,28108419.87,14921647.73,13186772.14,1734875.59,2523604.54,2523604.54,11.1382,2,579637037150.0,13911.29,3.4,3.0,52550502.0,52.5,5.0,MFN_APPLIED,PARTNER_SPECIFIC,0.0,EU - India,Under Negotiation,FTA & EIA,Goods & Services,0,1876,531,23,1818,0,0,0
IND,NLD,Netherlands,NL,528.0,Europe,Western Europe,EUR,Euro,300490,Medicaments for therapeutic/prophylactic uses,2021,15108159.99,3580657.55,11527502.44,-7946844.89,1228721.45,1228721.45,12.2958,2,597026148264.5,14328.63,2.7,3.0,53076007.0,53.0,5.0,MFN_APPLIED,PARTNER_SPECIFIC,0.0,EU - India,Under Negotiation,FTA & EIA,Goods & Services,0,1876,531,23,1818,0,0,0
IND,NLD,Netherlands,NL,528.0,Europe,Western Europe,EUR,Euro,300490,Medicaments for therapeutic/prophylactic uses,2022,35773433.24,24922909.02,10850524.22,14072384.8,3196097.78,3196097.78,11.1928,2,614936932712.44,14758.49,3.4,4.1,53606767.0,53.5,5.0,MFN_APPLIED,PARTNER_SPECIFIC,0.0,EU - India,Under Negotiation,FTA & EIA,Goods & Services,0,1876,531,23,1818,0,0,0
IND,NLD,Netherlands,NL,528.0,Europe,Western Europe,EUR,Euro,300490,Medicaments for therapeutic/prophylactic uses,2023,25222899.96,16112889.23,9110010.73,7002878.5,2519557.42,2519557.42,10.0108,2,633385040693.81,15201.24,2.7,4.1,54142835.0,54.0,5.0,MFN_APPLIED,PARTNER_SPECIFIC,0.0,EU - India,Under Negotiation,FTA & EIA,Goods & Services,0,1876,531,23,1818,0,0,0
IND,NLD,Netherlands,NL,528.0,Europe,Western Europe,EUR,Euro,300490,Medicaments for therapeutic/prophylactic uses,2024,53055225.5,16466118.58,36589106.92,-20122988.34,4437609.82,4437609.82,11.9558,2,652386591914.62,15657.28,3.4,3.0,54684263.0,54.5,5.0,MFN_APPLIED,PARTNER_SPECIFIC,0.0,EU - India,Under Negotiation,FTA & EIA,Goods & Services,0,1876,531,23,1818,0,0,0
IND,NLD,Netherlands,NL,528.0,Europe,Western Europe,EUR,Euro,300490,Medicaments for therapeutic/prophylactic uses,2025,10667188.63,1882726.62,8784462.01,-6901735.39,893732.2,893732.2,11.9356,2,671958189672.06,16127.0,2.7,3.0,55231106.0,55.0,5.0,MFN_APPLIED,PARTNER_SPECIFIC,0.0,EU - India,Under Negotiation,FTA & EIA,Goods & Services,0,1876,531,23,1818,0,0,0
IND,NLD,Netherlands,NL,528.0,Europe,Western Europe,EUR,Euro,520512,"Single cotton yarn, uncombed fibres",2015,18841003.83,6442323.57,12398680.26,-5956356.69,4989277.07,4989277.07,3.7763,2,500000000000.0,12000.0,2.7,3.0,50000000.0,50.0,7.5,MFN_APPLIED,PARTNER_SPECIFIC,0.0,EU - India,Under Negotiation,FTA & EIA,Goods & Services,0,1876,531,23,1818,0,0,0
IND,NLD,Netherlands,NL,528.0,Europe,Western Europe,EUR,Euro,520512,"Single cotton yarn, uncombed fibres",2016,6040722.61,3000697.44,3040025.17,-39327.73,1694553.58,1694553.58,3.5648,2,515000000000.0,12360.0,3.4,3.0,50500000.0,50.5,7.5,MFN_APPLIED,PARTNER_SPECIFIC,0.0,EU - India,Under Negotiation,FTA & EIA,Goods & Services,0,1876,531,23,1818,0,0,0
IND,NLD,Netherlands,NL,528.0,Europe,Western Europe,EUR,Euro,520512,"Single cotton yarn, uncombed fibres",2017,2184814.94,1276971.08,907843.86,369127.22,563605.84,563605.84,3.8765,2,530450000000.0,12730.8,2.7,3.0,51005000.0,51.0,7.5,MFN_APPLIED,PARTNER_SPECIFIC,0.0,EU - India,Under Negotiation,FTA & EIA,Goods & Services,0,1876,531,23,1818,0,0,0
IND,NLD,Netherlands,NL,528.0,Europe,Western Europe,EUR,Euro,520512,"Single cotton yarn, uncombed fibres",2018,12622479.71,3593812.71,9028667.0,-5434854.29,3318310.44,3318310.44,3.8039,2,546363500000.0,13112.72,3.4,3.0,51515050.0,51.5,7.5,MFN_APPLIED,PARTNER_SPECIFIC,0.0,EU - India,Under Negotiation,FTA & EIA,Goods & Services,0,1876,531,23,1818,0,0,0
IND,NLD,Netherlands,NL,528.0,Europe,Western Europe,EUR,Euro,520512,"Single cotton yarn, uncombed fibres",2019,5562442.3,2615035.66,2947406.64,-332370.98,1558722.37,1558722.37,3.5686,2,562754405000.0,13506.11,2.7,3.0,52030200.0,52.0,7.5,MFN_APPLIED,PARTNER_SPECIFIC,0.0,EU - India,Under Negotiation,FTA & EIA,Goods & Services,0,1876,531,23,1818,0,0,0
IND,NLD,Netherlands,NL,528.0,Europe,Western Europe,EUR,Euro,520512,"Single cotton yarn, uncombed fibres",2020,13001467.0,4425885.74,8575581.26,-4149695.52,3721428.0,3721428.0,3.4937,2,579637037150.0,13911.29,3.4,3.0,52550502.0,52.5,7.5,MFN_APPLIED,PARTNER_SPECIFIC,0.0,EU - India,Under Negotiation,FTA & EIA,Goods & Services,0,1876,531,23,1818,0,0,0
IND,NLD,Netherlands,NL,528.0,Europe,Western Europe,EUR,Euro,520512,"Single cotton yarn, uncombed fibres",2021,3192602.99,480837.78,2711765.21,-2230927.43,853126.09,853126.09,3.7422,2,597026148264.5,14328.63,2.7,3.0,53076007.0,53.0,7.5,MFN_APPLIED,PARTNER_SPECIFIC,0.0,EU - India,Under Negotiation,FTA & EIA,Goods & Services,0,1876,531,23,1818,0,0,0
IND,NLD,Netherlands,NL,528.0,Europe,Western Europe,EUR,Euro,520512,"Single cotton yarn, uncombed fibres",2022,22608109.79,10143095.41,12465014.38,-2321918.97,5541141.89,5541141.89,4.08,2,614936932712.44,14758.49,3.4,4.1,53606767.0,53.5,7.5,MFN_APPLIED,PARTNER_SPECIFIC,0.0,EU - India,Under Negotiation,FTA & EIA,Goods & Services,0,1876,531,23,1818,0,0,0
IND,NLD,Netherlands,NL,528.0,Europe,Western Europe,EUR,Euro,520512,"Single cotton yarn, uncombed fibres",2023,8867362.01,5311884.78,3555477.23,1756407.55,2182527.0,2182527.0,4.0629,2,633385040693.81,15201.24,2.7,4.1,54142835.0,54.0,7.5,MFN_APPLIED,PARTNER_SPECIFIC,0.0,EU - India,Under Negotiation,FTA & EIA,Goods & Services,0,1876,531,23,1818,0,0,0
IND,NLD,Netherlands,NL,528.0,Europe,Western Europe,EUR,Euro,520512,"Single cotton yarn, uncombed fibres",2024,18665338.88,13071667.89,5593670.99,7477996.9,4856963.1,4856963.1,3.843,2,652386591914.62,15657.28,3.4,3.0,54684263.0,54.5,7.5,MFN_APPLIED,PARTNER_SPECIFIC,0.0,EU - India,Under Negotiation,FTA & EIA,Goods & Services,0,1876,531,23,1818,0,0,0
IND,NLD,Netherlands,NL,528.0,Europe,Western Europe,EUR,Euro,520512,"Single cotton yarn, uncombed fibres",2025,11263061.28,3528661.31,7734399.97,-4205738.66,3372140.18,3372140.18,3.34,2,671958189672.06,16127.0,2.7,3.0,55231106.0,55.0,7.5,MFN_APPLIED,PARTNER_SPECIFIC,0.0,EU - India,Under Negotiation,FTA & EIA,Goods & Services,0,1876,531,23,1818,0,0,0
IND,NLD,Netherlands,NL,528.0,Europe,Western Europe,EUR,Euro,711319,Articles of jewellery of precious metal (Gold),2015,93796551492.16,61528257139.34,32268294352.82,29259962786.52,2256311.64,2256311.64,41570.7431,2,500000000000.0,12000.0,2.7,3.0,50000000.0,50.0,12.5,MFN_APPLIED,PARTNER_SPECIFIC,0.0,EU - India,Under Negotiation,FTA & EIA,Goods & Services,0,1876,531,23,1818,0,0,0
IND,NLD,Netherlands,NL,528.0,Europe,Western Europe,EUR,Euro,711319,Articles of jewellery of precious metal (Gold),2016,96587211478.75,65617106489.63,30970104989.12,34647001500.51,2096297.88,2096297.88,46075.1367,2,515000000000.0,12360.0,3.4,3.0,50500000.0,50.5,12.5,MFN_APPLIED,PARTNER_SPECIFIC,0.0,EU - India,Under Negotiation,FTA & EIA,Goods & Services,0,1876,531,23,1818,0,0,0
IND,NLD,Netherlands,NL,528.0,Europe,Western Europe,EUR,Euro,711319,Articles of jewellery of precious metal (Gold),2017,171677614399.94,102937302097.93,68740312302.01,34196989795.92,4142425.58,4142425.58,41443.7414,2,530450000000.0,12730.8,2.7,3.0,51005000.0,51.0,12.5,MFN_APPLIED,PARTNER_SPECIFIC,0.0,EU - India,Under Negotiation,FTA & EIA,Goods & Services,0,1876,531,23,1818,0,0,0
IND,NLD,Netherlands,NL,528.0,Europe,Western Europe,EUR,Euro,711319,Articles of jewellery of precious metal (Gold),2018,134244552307.33,56828749493.79,77415802813.54,-20587053319.75,3130854.72,3130854.72,42877.9245,2,546363500000.0,13112.72,3.4,3.0,51515050.0,51.5,12.5,MFN_APPLIED,PARTNER_SPECIFIC,0.0,EU - India,Under Negotiation,FTA & EIA,Goods & Services,0,1876,531,23,1818,0,0,0
IND,NLD,Netherlands,NL,528.0,Europe,Western Europe,EUR,Euro,711319,Articles of jewellery of precious metal (Gold),2019,75245000287.23,46981917038.96,28263083248.27,18718833790.69,1844708.63,1844708.63,40789.6397,2,562754405000.0,13506.11,2.7,3.0,52030200.0,52.0,12.5,MFN_APPLIED,PARTNER_SPECIFIC,0.0,EU - India,Under Negotiation,FTA & EIA,Goods & Services,0,1876,531,23,1818,0,0,0
IND,NLD,Netherlands,NL,528.0,Europe,Western Europe,EUR,Euro,711319,Articles of jewellery of precious metal (Gold),2020,159048052572.13,91188768275.71,67859284296.42,23329483979.29,3860329.0,3860329.0,41200.647,2,579637037150.0,13911.29,3.4,3.0,52550502.0,52.5,12.5,MFN_APPLIED,PARTNER_SPECIFIC,0.0,EU - India,Under Negotiation,FTA & EIA,Goods & Services,0,1876,531,23,1818,0,0,0
IND,NLD,Netherlands,NL,528.0,Europe,Western Europe,EUR,Euro,711319,Articles of jewellery of precious metal (Gold),2021,41125313980.07,29065611611.11,12059702368.96,17005909242.15,984165.76,984165.76,41786.979,2,597026148264.5,14328.63,2.7,3.0,53076007.0,53.0,12.5,MFN_APPLIED,PARTNER_SPECIFIC,0.0,EU - India,Under Negotiation,FTA & EIA,Goods & Services,0,1876,531,23,1818,0,0,0
IND,NLD,Netherlands,NL,528.0,Europe,Western Europe,EUR,Euro,711319,Articles of jewellery of precious metal (Gold),2022,153678281626.8,55435682405.96,98242599220.84,-42806916814.88,3665381.24,3665381.24,41926.957,2,614936932712.44,14758.49,3.4,4.1,53606767.0,53.5,12.5,MFN_APPLIED,PARTNER_SPECIFIC,0.0,EU - India,Under Negotiation,FTA & EIA,Goods & Services,0,1876,531,23,1818,0,0,0
IND,NLD,Netherlands,NL,528.0,Europe,Western Europe,EUR,Euro,711319,Articles of jewellery of precious metal (Gold),2023,71073492526.08,31057043597.58,40016448928.5,-8959405330.92,1636049.28,1636049.28,43442.1465,2,633385040693.81,15201.24,2.7,4.1,54142835.0,54.0,12.5,MFN_APPLIED,PARTNER_SPECIFIC,0.0,EU - India,Under Negotiation,FTA & EIA,Goods & Services,0,1876,531,23,1818,0,0,0
IND,NLD,Netherlands,NL,528.0,Europe,Western Europe,EUR,Euro,711319,Articles of jewellery of precious metal (Gold),2024,186229178706.22,20478689318.24,165750489387.98,-145271800069.74,4058669.08,4058669.08,45884.2973,2,652386591914.62,15657.28,3.4,3.0,54684263.0,54.5,12.5,MFN_APPLIED,PARTNER_SPECIFIC,0.0,EU - India,Under Negotiation,FTA & EIA,Goods & Services,0,1876,531,23,1818,0,0,0
IND,NLD,Netherlands,NL,528.0,Europe,Western Europe,EUR,Euro,711319,Articles of jewellery of precious metal (Gold),2025,147241689394.25,83814880966.36,63426808427.89,20388072538.47,2908050.09,2908050.09,50632.4461,2,671958189672.06,16127.0,2.7,3.0,55231106.0,55.0,12.5,MFN_APPLIED,PARTNER_SPECIFIC,0.0,EU - India,Under Negotiation,FTA & EIA,Goods & Services,0,1876,531,23,1818,0,0,0
IND,NLD,Netherlands,NL,528.0,Europe,Western Europe,EUR,Euro,847130,Portable automatic data processing machines (Laptops),2015,974713512.3,343896715.51,630816796.79,-286920081.28,5063368.34,5063368.34,192.503,2,500000000000.0,12000.0,2.7,3.0,50000000.0,50.0,0.0,MFN_APPLIED,PARTNER_SPECIFIC,0.0,EU - India,Under Negotiation,FTA & EIA,Goods & Services,0,1876,531,23,1818,0,0,0
IND,NLD,Netherlands,NL,528.0,Europe,Western Europe,EUR,Euro,847130,Portable automatic data processing machines (Laptops),2016,649010412.51,243042051.75,405968360.76,-162926309.01,2806977.04,2806977.04,231.2133,2,515000000000.0,12360.0,3.4,3.0,50500000.0,50.5,0.0,MFN_APPLIED,PARTNER_SPECIFIC,0.0,EU - India,Under Negotiation,FTA & EIA,Goods & Services,0,1876,531,23,1818,0,0,0
IND,NLD,Netherlands,NL,528.0,Europe,Western Europe,EUR,Euro,847130,Portable automatic data processing machines (Laptops),2017,758626555.77,345750134.26,412876421.51,-67126287.25,3101010.07,3101010.07,244.6385,2,530450000000.0,12730.8,2.7,3.0,51005000.0,51.0,0.0,MFN_APPLIED,PARTNER_SPECIFIC,0.0,EU - India,Under Negotiation,FTA & EIA,Goods & Services,0,1876,531,23,1818,0,0,0
IND,NLD,Netherlands,NL,528.0,Europe,Western Europe,EUR,Euro,847130,Portable automatic data processing machines (Laptops),2018,541225505.03,286319524.01,254905981.02,31413542.99,2800414.25,2800414.25,193.2662,2,546363500000.0,13112.72,3.4,3.0,51515050.0,51.5,0.0,MFN_APPLIED,PARTNER_SPECIFIC,0.0,EU - India,Under Negotiation,FTA & EIA,Goods & Services,0,1876,531,23,1818,0,0,0
IND,NLD,Netherlands,NL,528.0,Europe,Western Europe,EUR,Euro,847130,Portable automatic data processing machines (Laptops),2019,668270088.55,173545359.61,494724728.94,-321179369.33,2538408.32,2538408.32,263.2634,2,562754405000.0,13506.11,2.7,3.0,52030200.0,52.0,0.0,MFN_APPLIED,PARTNER_SPECIFIC,0.0,EU - India,Under Negotiation,FTA & EIA,Goods & Services,0,1876,531,23,1818,0,0,0
IND,NLD,Netherlands,NL,528.0,Europe,Western Europe,EUR,Euro,847130,Portable automatic data processing machines (Laptops),2020,464323519.53,170153465.7,294170053.83,-124016588.13,2436571.43,2436571.43,190.5643,2,579637037150.0,13911.29,3.4,3.0,52550502.0,52.5,0.0,MFN_APPLIED,PARTNER_SPECIFIC,0.0,EU - India,Under Negotiation,FTA & EIA,Goods & Services,0,1876,531,23,1818,0,0,0
IND,NLD,Netherlands,NL,528.0,Europe,Western Europe,EUR,Euro,847130,Portable automatic data processing machines (Laptops),2021,365740984.83,283482191.33,82258793.5,201223397.83,1315683.64,1315683.64,277.9855,2,597026148264.5,14328.63,2.7,3.0,53076007.0,53.0,0.0,MFN_APPLIED,PARTNER_SPECIFIC,0.0,EU - India,Under Negotiation,FTA & EIA,Goods & Services,0,1876,531,23,1818,0,0,0
IND,NLD,Netherlands,NL,528.0,Europe,Western Europe,EUR,Euro,847130,Portable automatic data processing machines (Laptops),2022,677094321.89,559646265.52,117448056.37,442198209.15,2391965.88,2391965.88,283.0702,2,614936932712.44,14758.49,3.4,4.1,53606767.0,53.5,0.0,MFN_APPLIED,PARTNER_SPECIFIC,0.0,EU - India,Under Negotiation,FTA & EIA,Goods & Services,0,1876,531,23,1818,0,0,0
IND,NLD,Netherlands,NL,528.0,Europe,Western Europe,EUR,Euro,847130,Portable automatic data processing machines (Laptops),2023,557446949.8,445881516.44,111565433.36,334316083.08,2490202.52,2490202.52,223.8561,2,633385040693.81,15201.24,2.7,4.1,54142835.0,54.0,0.0,MFN_APPLIED,PARTNER_SPECIFIC,0.0,EU - India,Under Negotiation,FTA & EIA,Goods & Services,0,1876,531,23,1818,0,0,0
IND,NLD,Netherlands,NL,528.0,Europe,Western Europe,EUR,Euro,847130,Portable automatic data processing machines (Laptops),2024,466946299.5,220954659.45,245991640.05,-25036980.6,1894495.21,1894495.21,246.4753,2,652386591914.62,15657.28,3.4,3.0,54684263.0,54.5,0.0,MFN_APPLIED,PARTNER_SPECIFIC,0.0,EU - India,Under Negotiation,FTA & EIA,Goods & Services,0,1876,531,23,1818,0,0,0
IND,NLD,Netherlands,NL,528.0,Europe,Western Europe,EUR,Euro,847130,Portable automatic data processing machines (Laptops),2025,249791446.54,101432687.93,148358758.61,-46926070.68,995997.7,995997.7,250.7952,2,671958189672.06,16127.0,2.7,3.0,55231106.0,55.0,0.0,MFN_APPLIED,PARTNER_SPECIFIC,0.0,EU - India,Under Negotiation,FTA & EIA,Goods & Services,0,1876,531,23,1818,0,0,0
IND,NLD,Netherlands,NL,528.0,Europe,Western Europe,EUR,Euro,851712,Telephones for cellular networks / smartphones,2015,27517792.18,20819156.1,6698636.08,14120520.02,1164834.54,1164834.54,23.6238,2,500000000000.0,12000.0,2.7,3.0,50000000.0,50.0,0.0,MFN_APPLIED,PARTNER_SPECIFIC,0.0,EU - India,Under Negotiation,FTA & EIA,Goods & Services,0,1876,531,23,1818,0,0,0
IND,NLD,Netherlands,NL,528.0,Europe,Western Europe,EUR,Euro,851712,Telephones for cellular networks / smartphones,2016,79821376.46,37269545.88,42551830.58,-5282284.7,2567334.05,2567334.05,31.0912,2,515000000000.0,12360.0,3.4,3.0,50500000.0,50.5,0.0,MFN_APPLIED,PARTNER_SPECIFIC,0.0,EU - India,Under Negotiation,FTA & EIA,Goods & Services,0,1876,531,23,1818,0,0,0
IND,NLD,Netherlands,NL,528.0,Europe,Western Europe,EUR,Euro,851712,Telephones for cellular networks / smartphones,2017,152797291.62,92404484.88,60392806.74,32011678.14,4074964.19,4074964.19,37.4966,2,530450000000.0,12730.8,2.7,3.0,51005000.0,51.0,0.0,MFN_APPLIED,PARTNER_SPECIFIC,0.0,EU - India,Under Negotiation,FTA & EIA,Goods & Services,0,1876,531,23,1818,0,0,0
IND,NLD,Netherlands,NL,528.0,Europe,Western Europe,EUR,Euro,851712,Telephones for cellular networks / smartphones,2018,46384462.13,8389727.35,37994734.78,-29605007.43,1327891.36,1327891.36,34.9309,2,546363500000.0,13112.72,3.4,3.0,51515050.0,51.5,0.0,MFN_APPLIED,PARTNER_SPECIFIC,0.0,EU - India,Under Negotiation,FTA & EIA,Goods & Services,0,1876,531,23,1818,0,0,0
IND,NLD,Netherlands,NL,528.0,Europe,Western Europe,EUR,Euro,851712,Telephones for cellular networks / smartphones,2019,73393596.59,41233756.51,32159840.08,9073916.43,3327256.64,3327256.64,22.0583,2,562754405000.0,13506.11,2.7,3.0,52030200.0,52.0,0.0,MFN_APPLIED,PARTNER_SPECIFIC,0.0,EU - India,Under Negotiation,FTA & EIA,Goods & Services,0,1876,531,23,1818,0,0,0
IND,NLD,Netherlands,NL,528.0,Europe,Western Europe,EUR,Euro,851712,Telephones for cellular networks / smartphones,2020,109972460.08,92537453.14,17435006.94,75102446.2,3230793.31,3230793.31,34.0388,2,579637037150.0,13911.29,3.4,3.0,52550502.0,52.5,0.0,MFN_APPLIED,PARTNER_SPECIFIC,0.0,EU - India,Under Negotiation,FTA & EIA,Goods & Services,0,1876,531,23,1818,0,0,0
IND,NLD,Netherlands,NL,528.0,Europe,Western Europe,EUR,Euro,851712,Telephones for cellular networks / smartphones,2021,118193186.83,60685370.1,57507816.73,3177553.37,2794909.9,2794909.9,42.2887,2,597026148264.5,14328.63,2.7,3.0,53076007.0,53.0,0.0,MFN_APPLIED,PARTNER_SPECIFIC,0.0,EU - India,Under Negotiation,FTA & EIA,Goods & Services,0,1876,531,23,1818,0,0,0
IND,NLD,Netherlands,NL,528.0,Europe,Western Europe,EUR,Euro,851712,Telephones for cellular networks / smartphones,2022,29008033.54,4023674.53,24984359.01,-20960684.48,753737.32,753737.32,38.4856,2,614936932712.44,14758.49,3.4,4.1,53606767.0,53.5,0.0,MFN_APPLIED,PARTNER_SPECIFIC,0.0,EU - India,Under Negotiation,FTA & EIA,Goods & Services,0,1876,531,23,1818,0,0,0
IND,NLD,Netherlands,NL,528.0,Europe,Western Europe,EUR,Euro,851712,Telephones for cellular networks / smartphones,2023,26817657.14,22930555.25,3887101.89,19043453.36,1226720.69,1226720.69,21.8613,2,633385040693.81,15201.24,2.7,4.1,54142835.0,54.0,0.0,MFN_APPLIED,PARTNER_SPECIFIC,0.0,EU - India,Under Negotiation,FTA & EIA,Goods & Services,0,1876,531,23,1818,0,0,0
IND,NLD,Netherlands,NL,528.0,Europe,Western Europe,EUR,Euro,851712,Telephones for cellular networks / smartphones,2024,144016856.67,33307515.29,110709341.38,-77401826.09,4281818.94,4281818.94,33.6345,2,652386591914.62,15657.28,3.4,3.0,54684263.0,54.5,0.0,MFN_APPLIED,PARTNER_SPECIFIC,0.0,EU - India,Under Negotiation,FTA & EIA,Goods & Services,0,1876,531,23,1818,0,0,0
IND,NLD,Netherlands,NL,528.0,Europe,Western Europe,EUR,Euro,851712,Telephones for cellular networks / smartphones,2025,45285472.72,25039185.83,20246286.89,4792898.94,1648572.86,1648572.86,27.4695,2,671958189672.06,16127.0,2.7,3.0,55231106.0,55.0,0.0,MFN_APPLIED,PARTNER_SPECIFIC,0.0,EU - India,Under Negotiation,FTA & EIA,Goods & Services,0,1876,531,23,1818,0,0,0
IND,SAU,Saudi Arabia,SA,682.0,Asia,Western Asia,SAR,Saudi Riyal,90411,Pepper of the genus Piper; neither crushed nor ground (Black Pepper),2015,193584737.14,71137136.64,122447600.5,-51310463.86,35655717.78,35655717.78,5.4293,18,654000000000.0,20500.0,2.6,2.2,32000000.0,68.0,15.0,MFN_APPLIED,PARTNER_SPECIFIC,0.0,India - GCC,Under Negotiation,FTA,Goods,0,95,38,35,43,0,0,0
IND,SAU,Saudi Arabia,SA,682.0,Asia,Western Asia,SAR,Saudi Riyal,90411,Pepper of the genus Piper; neither crushed nor ground (Black Pepper),2016,171804786.42,86522650.73,85282135.69,1240515.04,32071729.07,32071729.07,5.3569,18,672966000000.0,21115.0,3.3,2.2,32320000.0,68.5,15.0,MFN_APPLIED,PARTNER_SPECIFIC,0.0,India - GCC,Under Negotiation,FTA,Goods,0,95,38,35,43,0,0,0
IND,SAU,Saudi Arabia,SA,682.0,Asia,Western Asia,SAR,Saudi Riyal,90411,Pepper of the genus Piper; neither crushed nor ground (Black Pepper),2017,137456085.94,64012577.650000006,73443508.29,-9430930.64,25866030.23,25866030.23,5.3142,18,692482014000.0,21748.45,2.6,2.2,32643200.0,69.0,15.0,MFN_APPLIED,PARTNER_SPECIFIC,0.0,India - GCC,Under Negotiation,FTA,Goods,0,95,38,35,43,0,0,0
IND,SAU,Saudi Arabia,SA,682.0,Asia,Western Asia,SAR,Saudi Riyal,90411,Pepper of the genus Piper; neither crushed nor ground (Black Pepper),2018,138806101.42,64119156.02,74686945.4,-10567789.38,25271302.7,25271302.7,5.4926,18,712563992406.0,22400.9,3.3,2.2,32969632.0,69.5,15.0,MFN_APPLIED,PARTNER_SPECIFIC,0.0,India - GCC,Under Negotiation,FTA,Goods,0,95,38,35,43,0,0,0
IND,SAU,Saudi Arabia,SA,682.0,Asia,Western Asia,SAR,Saudi Riyal,90411,Pepper of the genus Piper; neither crushed nor ground (Black Pepper),2019,181256506.23,92207706.49,89048799.74,3158906.75,33025668.85,33025668.85,5.4884,18,733228348185.77,23072.93,2.6,2.2,33299328.0,70.0,15.0,MFN_APPLIED,PARTNER_SPECIFIC,0.0,India - GCC,Under Negotiation,FTA,Goods,0,95,38,35,43,0,0,0
IND,SAU,Saudi Arabia,SA,682.0,Asia,Western Asia,SAR,Saudi Riyal,90411,Pepper of the genus Piper; neither crushed nor ground (Black Pepper),2020,131614022.52,74632507.49,56981515.03,17650992.46,23955317.6,23955317.6,5.4941,18,754491970283.16,23765.12,3.3,2.2,33632321.0,70.5,15.0,MFN_APPLIED,PARTNER_SPECIFIC,0.0,India - GCC,Under Negotiation,FTA,Goods,0,95,38,35,43,0,0,0
IND,SAU,Saudi Arabia,SA,682.0,Asia,Western Asia,SAR,Saudi Riyal,90411,Pepper of the genus Piper; neither crushed nor ground (Black Pepper),2021,192802629.35,102956349.43,89846279.92,13110069.51,35994004.4,35994004.4,5.3565,18,776372237421.37,24478.07,2.6,2.2,33968644.0,71.0,15.0,MFN_APPLIED,PARTNER_SPECIFIC,0.0,India - GCC,Under Negotiation,FTA,Goods,0,95,38,35,43,0,0,0
IND,SAU,Saudi Arabia,SA,682.0,Asia,Western Asia,SAR,Saudi Riyal,90411,Pepper of the genus Piper; neither crushed nor ground (Black Pepper),2022,173773639.98,72197023.77,101576616.21,-29379592.44,31670802.69,31670802.69,5.4869,18,798887032306.59,25212.41,3.3,3.3,34308331.0,71.5,15.0,MFN_APPLIED,PARTNER_SPECIFIC,0.0,India - GCC,Under Negotiation,FTA,Goods,0,95,38,35,43,0,0,0
IND,SAU,Saudi Arabia,SA,682.0,Asia,Western Asia,SAR,Saudi Riyal,90411,Pepper of the genus Piper; neither crushed nor ground (Black Pepper),2023,203008743.39,110319882.27,92688861.12,17631021.15,39285156.37,39285156.37,5.1676,18,822054756243.48,25968.79,2.6,3.3,34651414.0,72.0,15.0,MFN_APPLIED,PARTNER_SPECIFIC,0.0,India - GCC,Under Negotiation,FTA,Goods,0,95,38,35,43,0,0,0
IND,SAU,Saudi Arabia,SA,682.0,Asia,Western Asia,SAR,Saudi Riyal,90411,Pepper of the genus Piper; neither crushed nor ground (Black Pepper),2024,207068706.83,85197834.77,121870872.06,-36673037.29,38333732.24,38333732.24,5.4017,18,845894344174.54,26747.85,3.3,2.2,34997928.0,72.5,15.0,MFN_APPLIED,PARTNER_SPECIFIC,0.0,India - GCC,Under Negotiation,FTA,Goods,0,95,38,35,43,0,0,0
IND,SAU,Saudi Arabia,SA,682.0,Asia,Western Asia,SAR,Saudi Riyal,90411,Pepper of the genus Piper; neither crushed nor ground (Black Pepper),2025,199985275.19,93307678.56,106677596.63,-13369918.07,37292440.18,37292440.18,5.3626,18,870425280155.61,27550.29,2.6,2.2,35347908.0,73.0,15.0,MFN_APPLIED,PARTNER_SPECIFIC,0.0,India - GCC,Under Negotiation,FTA,Goods,0,95,38,35,43,0,0,0
IND,SAU,Saudi Arabia,SA,682.0,Asia,Western Asia,SAR,Saudi Riyal,100630,"Semi-milled or wholly milled rice, whether or not polished or glazed (Basmati)",2015,33561880.26,17625330.94,15936549.32,1688781.62,26130921.23,26130921.23,1.2844,18,654000000000.0,20500.0,2.6,2.2,32000000.0,68.0,0.0,PREFERENTIAL,PARTNER_SPECIFIC,0.0,India - GCC,Under Negotiation,FTA,Goods,0,95,38,35,43,0,0,0
IND,SAU,Saudi Arabia,SA,682.0,Asia,Western Asia,SAR,Saudi Riyal,100630,"Semi-milled or wholly milled rice, whether or not polished or glazed (Basmati)",2016,30145036.13,15026983.41,15118052.72,-91069.31,23070488.0,23070488.0,1.3066,18,672966000000.0,21115.0,3.3,2.2,32320000.0,68.5,0.0,PREFERENTIAL,PARTNER_SPECIFIC,0.0,India - GCC,Under Negotiation,FTA,Goods,0,95,38,35,43,0,0,0
IND,SAU,Saudi Arabia,SA,682.0,Asia,Western Asia,SAR,Saudi Riyal,100630,"Semi-milled or wholly milled rice, whether or not polished or glazed (Basmati)",2017,43874470.8,18178521.16,25695949.64,-7517428.48,34945421.81,34945421.81,1.2555,18,692482014000.0,21748.45,2.6,2.2,32643200.0,69.0,0.0,PREFERENTIAL,PARTNER_SPECIFIC,0.0,India - GCC,Under Negotiation,FTA,Goods,0,95,38,35,43,0,0,0
IND,SAU,Saudi Arabia,SA,682.0,Asia,Western Asia,SAR,Saudi Riyal,100630,"Semi-milled or wholly milled rice, whether or not polished or glazed (Basmati)",2018,32610507.26,19168916.39,13441590.87,5727325.52,25797471.52,25797471.52,1.2641,18,712563992406.0,22400.9,3.3,2.2,32969632.0,69.5,0.0,PREFERENTIAL,PARTNER_SPECIFIC,0.0,India - GCC,Under Negotiation,FTA,Goods,0,95,38,35,43,0,0,0
IND,SAU,Saudi Arabia,SA,682.0,Asia,Western Asia,SAR,Saudi Riyal,100630,"Semi-milled or wholly milled rice, whether or not polished or glazed (Basmati)",2019,36704026.17,21768542.02,14935484.15,6833057.87,27462344.87,27462344.87,1.3365,18,733228348185.77,23072.93,2.6,2.2,33299328.0,70.0,0.0,PREFERENTIAL,PARTNER_SPECIFIC,0.0,India - GCC,Under Negotiation,FTA,Goods,0,95,38,35,43,0,0,0
IND,SAU,Saudi Arabia,SA,682.0,Asia,Western Asia,SAR,Saudi Riyal,100630,"Semi-milled or wholly milled rice, whether or not polished or glazed (Basmati)",2020,46230275.44,19020480.85,27209794.59,-8189313.74,35987236.73,35987236.73,1.2846,18,754491970283.16,23765.12,3.3,2.2,33632321.0,70.5,0.0,PREFERENTIAL,PARTNER_SPECIFIC,0.0,India - GCC,Under Negotiation,FTA,Goods,0,95,38,35,43,0,0,0
IND,SAU,Saudi Arabia,SA,682.0,Asia,Western Asia,SAR,Saudi Riyal,100630,"Semi-milled or wholly milled rice, whether or not polished or glazed (Basmati)",2021,34732909.05,17728205.94,17004703.11,723502.83,28253828.3,28253828.3,1.2293,18,776372237421.37,24478.07,2.6,2.2,33968644.0,71.0,0.0,PREFERENTIAL,PARTNER_SPECIFIC,0.0,India - GCC,Under Negotiation,FTA,Goods,0,95,38,35,43,0,0,0
IND,SAU,Saudi Arabia,SA,682.0,Asia,Western Asia,SAR,Saudi Riyal,100630,"Semi-milled or wholly milled rice, whether or not polished or glazed (Basmati)",2022,41035441.51,20304233.71,20731207.8,-426974.09,31293533.27,31293533.27,1.3113,18,798887032306.59,25212.41,3.3,3.3,34308331.0,71.5,0.0,PREFERENTIAL,PARTNER_SPECIFIC,0.0,India - GCC,Under Negotiation,FTA,Goods,0,95,38,35,43,0,0,0
IND,SAU,Saudi Arabia,SA,682.0,Asia,Western Asia,SAR,Saudi Riyal,100630,"Semi-milled or wholly milled rice, whether or not polished or glazed (Basmati)",2023,37943469.79,17534946.5,20408523.29,-2873576.79,28561651.77,28561651.77,1.3285,18,822054756243.48,25968.79,2.6,3.3,34651414.0,72.0,0.0,PREFERENTIAL,PARTNER_SPECIFIC,0.0,India - GCC,Under Negotiation,FTA,Goods,0,95,38,35,43,0,0,0
IND,SAU,Saudi Arabia,SA,682.0,Asia,Western Asia,SAR,Saudi Riyal,100630,"Semi-milled or wholly milled rice, whether or not polished or glazed (Basmati)",2024,53956354.89,28387816.6,25568538.29,2819278.31,41755375.01,41755375.01,1.2922,18,845894344174.54,26747.85,3.3,2.2,34997928.0,72.5,0.0,PREFERENTIAL,PARTNER_SPECIFIC,0.0,India - GCC,Under Negotiation,FTA,Goods,0,95,38,35,43,0,0,0
IND,SAU,Saudi Arabia,SA,682.0,Asia,Western Asia,SAR,Saudi Riyal,100630,"Semi-milled or wholly milled rice, whether or not polished or glazed (Basmati)",2025,46255802.01,25989336.98,20266465.03,5722871.95,35397846.58,35397846.58,1.3067,18,870425280155.61,27550.29,2.6,2.2,35347908.0,73.0,0.0,PREFERENTIAL,PARTNER_SPECIFIC,0.0,India - GCC,Under Negotiation,FTA,Goods,0,95,38,35,43,0,0,0
IND,SAU,Saudi Arabia,SA,682.0,Asia,Western Asia,SAR,Saudi Riyal,271019,"Medium oils and preparations, of petroleum or bituminous minerals",2015,26792004.88,12904521.04,13887483.84,-982962.8,31766495.11,31766495.11,0.8434,18,654000000000.0,20500.0,2.6,2.2,32000000.0,68.0,0.0,PREFERENTIAL,PARTNER_SPECIFIC,0.0,India - GCC,Under Negotiation,FTA,Goods,0,95,38,35,43,0,0,0
IND,SAU,Saudi Arabia,SA,682.0,Asia,Western Asia,SAR,Saudi Riyal,271019,"Medium oils and preparations, of petroleum or bituminous minerals",2016,22881416.36,8358188.52,14523227.84,-6165039.32,26365042.55,26365042.55,0.8679,18,672966000000.0,21115.0,3.3,2.2,32320000.0,68.5,0.0,PREFERENTIAL,PARTNER_SPECIFIC,0.0,India - GCC,Under Negotiation,FTA,Goods,0,95,38,35,43,0,0,0
IND,SAU,Saudi Arabia,SA,682.0,Asia,Western Asia,SAR,Saudi Riyal,271019,"Medium oils and preparations, of petroleum or bituminous minerals",2017,24485329.06,9729534.52,14755794.54,-5026260.02,28994264.67,28994264.67,0.8445,18,692482014000.0,21748.45,2.6,2.2,32643200.0,69.0,0.0,PREFERENTIAL,PARTNER_SPECIFIC,0.0,India - GCC,Under Negotiation,FTA,Goods,0,95,38,35,43,0,0,0
IND,SAU,Saudi Arabia,SA,682.0,Asia,Western Asia,SAR,Saudi Riyal,271019,"Medium oils and preparations, of petroleum or bituminous minerals",2018,26975373.32,12326014.37,14649358.95,-2323344.58,31665778.8,31665778.8,0.8519,18,712563992406.0,22400.9,3.3,2.2,32969632.0,69.5,0.0,PREFERENTIAL,PARTNER_SPECIFIC,0.0,India - GCC,Under Negotiation,FTA,Goods,0,95,38,35,43,0,0,0
IND,SAU,Saudi Arabia,SA,682.0,Asia,Western Asia,SAR,Saudi Riyal,271019,"Medium oils and preparations, of petroleum or bituminous minerals",2019,18922223.96,9681666.67,9240557.29,441109.38,22425696.64,22425696.64,0.8438,18,733228348185.77,23072.93,2.6,2.2,33299328.0,70.0,0.0,PREFERENTIAL,PARTNER_SPECIFIC,0.0,India - GCC,Under Negotiation,FTA,Goods,0,95,38,35,43,0,0,0
IND,SAU,Saudi Arabia,SA,682.0,Asia,Western Asia,SAR,Saudi Riyal,271019,"Medium oils and preparations, of petroleum or bituminous minerals",2020,24540454.76,15083123.39,9457331.37,5625792.02,29488244.57,29488244.57,0.8322,18,754491970283.16,23765.12,3.3,2.2,33632321.0,70.5,0.0,PREFERENTIAL,PARTNER_SPECIFIC,0.0,India - GCC,Under Negotiation,FTA,Goods,0,95,38,35,43,0,0,0
IND,SAU,Saudi Arabia,SA,682.0,Asia,Western Asia,SAR,Saudi Riyal,271019,"Medium oils and preparations, of petroleum or bituminous minerals",2021,26339871.45,13511684.57,12828186.88,683497.69,30633065.71,30633065.71,0.8599,18,776372237421.37,24478.07,2.6,2.2,33968644.0,71.0,0.0,PREFERENTIAL,PARTNER_SPECIFIC,0.0,India - GCC,Under Negotiation,FTA,Goods,0,95,38,35,43,0,0,0
IND,SAU,Saudi Arabia,SA,682.0,Asia,Western Asia,SAR,Saudi Riyal,271019,"Medium oils and preparations, of petroleum or bituminous minerals",2022,25663163.96,13294667.33,12368496.63,926170.7,30455681.28,30455681.28,0.8426,18,798887032306.59,25212.41,3.3,3.3,34308331.0,71.5,0.0,PREFERENTIAL,PARTNER_SPECIFIC,0.0,India - GCC,Under Negotiation,FTA,Goods,0,95,38,35,43,0,0,0
IND,SAU,Saudi Arabia,SA,682.0,Asia,Western Asia,SAR,Saudi Riyal,271019,"Medium oils and preparations, of petroleum or bituminous minerals",2023,31868002.85,17898888.61,13969114.24,3929774.37,36888364.9,36888364.9,0.8639,18,822054756243.48,25968.79,2.6,3.3,34651414.0,72.0,0.0,PREFERENTIAL,PARTNER_SPECIFIC,0.0,India - GCC,Under Negotiation,FTA,Goods,0,95,38,35,43,0,0,0
IND,SAU,Saudi Arabia,SA,682.0,Asia,Western Asia,SAR,Saudi Riyal,271019,"Medium oils and preparations, of petroleum or bituminous minerals",2024,28145564.11,13946728.88,14198835.23,-252106.35,34154764.0,34154764.0,0.8241,18,845894344174.54,26747.85,3.3,2.2,34997928.0,72.5,0.0,PREFERENTIAL,PARTNER_SPECIFIC,0.0,India - GCC,Under Negotiation,FTA,Goods,0,95,38,35,43,0,0,0
IND,SAU,Saudi Arabia,SA,682.0,Asia,Western Asia,SAR,Saudi Riyal,271019,"Medium oils and preparations, of petroleum or bituminous minerals",2025,30427045.7,16177850.08,14249195.62,1928654.46,35870375.58,35870375.58,0.8482,18,870425280155.61,27550.29,2.6,2.2,35347908.0,73.0,0.0,PREFERENTIAL,PARTNER_SPECIFIC,0.0,India - GCC,Under Negotiation,FTA,Goods,0,95,38,35,43,0,0,0
IND,SAU,Saudi Arabia,SA,682.0,Asia,Western Asia,SAR,Saudi Riyal,300490,Medicaments consisting of mixed or unmixed products for therapeutic uses,2015,287835505.56,135308724.89,152526780.67000002,-17218055.78,28210341.39,28210341.39,10.2032,18,654000000000.0,20500.0,2.6,2.2,32000000.0,68.0,5.0,MFN_APPLIED,PARTNER_SPECIFIC,0.0,India - GCC,Under Negotiation,FTA,Goods,0,95,38,35,43,0,0,0
IND,SAU,Saudi Arabia,SA,682.0,Asia,Western Asia,SAR,Saudi Riyal,300490,Medicaments consisting of mixed or unmixed products for therapeutic uses,2016,276349105.62,154943650.15,121405455.47,33538194.68,27325819.48,27325819.48,10.1131,18,672966000000.0,21115.0,3.3,2.2,32320000.0,68.5,5.0,MFN_APPLIED,PARTNER_SPECIFIC,0.0,India - GCC,Under Negotiation,FTA,Goods,0,95,38,35,43,0,0,0
IND,SAU,Saudi Arabia,SA,682.0,Asia,Western Asia,SAR,Saudi Riyal,300490,Medicaments consisting of mixed or unmixed products for therapeutic uses,2017,342454973.99,140902908.01,201552065.98,-60649157.97,30591131.83,30591131.83,11.1946,18,692482014000.0,21748.45,2.6,2.2,32643200.0,69.0,5.0,MFN_APPLIED,PARTNER_SPECIFIC,0.0,India - GCC,Under Negotiation,FTA,Goods,0,95,38,35,43,0,0,0
IND,SAU,Saudi Arabia,SA,682.0,Asia,Western Asia,SAR,Saudi Riyal,300490,Medicaments consisting of mixed or unmixed products for therapeutic uses,2018,326811748.32,168544650.26,158267098.06,10277552.2,29916831.01,29916831.01,10.924,18,712563992406.0,22400.9,3.3,2.2,32969632.0,69.5,5.0,MFN_APPLIED,PARTNER_SPECIFIC,0.0,India - GCC,Under Negotiation,FTA,Goods,0,95,38,35,43,0,0,0
IND,SAU,Saudi Arabia,SA,682.0,Asia,Western Asia,SAR,Saudi Riyal,300490,Medicaments consisting of mixed or unmixed products for therapeutic uses,2019,368069658.44,195838879.01,172230779.43,23608099.58,33779093.61,33779093.61,10.8964,18,733228348185.77,23072.93,2.6,2.2,33299328.0,70.0,5.0,MFN_APPLIED,PARTNER_SPECIFIC,0.0,India - GCC,Under Negotiation,FTA,Goods,0,95,38,35,43,0,0,0
IND,SAU,Saudi Arabia,SA,682.0,Asia,Western Asia,SAR,Saudi Riyal,300490,Medicaments consisting of mixed or unmixed products for therapeutic uses,2020,264514571.84,130690922.8,133823649.04,-3132726.24,24219215.36,24219215.36,10.9217,18,754491970283.16,23765.12,3.3,2.2,33632321.0,70.5,5.0,MFN_APPLIED,PARTNER_SPECIFIC,0.0,India - GCC,Under Negotiation,FTA,Goods,0,95,38,35,43,0,0,0
IND,SAU,Saudi Arabia,SA,682.0,Asia,Western Asia,SAR,Saudi Riyal,300490,Medicaments consisting of mixed or unmixed products for therapeutic uses,2021,312674063.69,166399846.78,146274216.91,20125629.87,28728852.27,28728852.27,10.8836,18,776372237421.37,24478.07,2.6,2.2,33968644.0,71.0,5.0,MFN_APPLIED,PARTNER_SPECIFIC,0.0,India - GCC,Under Negotiation,FTA,Goods,0,95,38,35,43,0,0,0
IND,SAU,Saudi Arabia,SA,682.0,Asia,Western Asia,SAR,Saudi Riyal,300490,Medicaments consisting of mixed or unmixed products for therapeutic uses,2022,451315033.79,243256346.31,208058687.48,35197658.83,41044764.12,41044764.12,10.9957,18,798887032306.59,25212.41,3.3,3.3,34308331.0,71.5,5.0,MFN_APPLIED,PARTNER_SPECIFIC,0.0,India - GCC,Under Negotiation,FTA,Goods,0,95,38,35,43,0,0,0
IND,SAU,Saudi Arabia,SA,682.0,Asia,Western Asia,SAR,Saudi Riyal,300490,Medicaments consisting of mixed or unmixed products for therapeutic uses,2023,307515903.5,175799036.10999998,131716867.39,44082168.72,29052466.47,29052466.47,10.5848,18,822054756243.48,25968.79,2.6,3.3,34651414.0,72.0,5.0,MFN_APPLIED,PARTNER_SPECIFIC,0.0,India - GCC,Under Negotiation,FTA,Goods,0,95,38,35,43,0,0,0
IND,SAU,Saudi Arabia,SA,682.0,Asia,Western Asia,SAR,Saudi Riyal,300490,Medicaments consisting of mixed or unmixed products for therapeutic uses,2024,351232822.76,196263741.03,154969081.73,41294659.3,32186285.98,32186285.98,10.9125,18,845894344174.54,26747.85,3.3,2.2,34997928.0,72.5,5.0,MFN_APPLIED,PARTNER_SPECIFIC,0.0,India - GCC,Under Negotiation,FTA,Goods,0,95,38,35,43,0,0,0
IND,SAU,Saudi Arabia,SA,682.0,Asia,Western Asia,SAR,Saudi Riyal,300490,Medicaments consisting of mixed or unmixed products for therapeutic uses,2025,388876890.0,210548772.37,178328117.63,32220654.74,31476799.85,31476799.85,12.3544,18,870425280155.61,27550.29,2.6,2.2,35347908.0,73.0,5.0,MFN_APPLIED,PARTNER_SPECIFIC,0.0,India - GCC,Under Negotiation,FTA,Goods,0,95,38,35,43,0,0,0
IND,SAU,Saudi Arabia,SA,682.0,Asia,Western Asia,SAR,Saudi Riyal,520512,"Single cotton yarn, of uncombed fibres, measuring < 714.29 dtex but >= 232.56 dtex",2015,82796173.64,44932023.92,37864149.72,7067874.2,23507733.92,23507733.92,3.5221,18,654000000000.0,20500.0,2.6,2.2,32000000.0,68.0,7.5,MFN_APPLIED,PARTNER_SPECIFIC,0.0,India - GCC,Under Negotiation,FTA,Goods,0,95,38,35,43,0,0,0
IND,SAU,Saudi Arabia,SA,682.0,Asia,Western Asia,SAR,Saudi Riyal,520512,"Single cotton yarn, of uncombed fibres, measuring < 714.29 dtex but >= 232.56 dtex",2016,107228621.09,63950947.31,43277673.78,20673273.53,28779067.4,28779067.4,3.7259,18,672966000000.0,21115.0,3.3,2.2,32320000.0,68.5,7.5,MFN_APPLIED,PARTNER_SPECIFIC,0.0,India - GCC,Under Negotiation,FTA,Goods,0,95,38,35,43,0,0,0
IND,SAU,Saudi Arabia,SA,682.0,Asia,Western Asia,SAR,Saudi Riyal,520512,"Single cotton yarn, of uncombed fibres, measuring < 714.29 dtex but >= 232.56 dtex",2017,109031641.29,60480133.96,48551507.33,11928626.63,29452404.19,29452404.19,3.702,18,692482014000.0,21748.45,2.6,2.2,32643200.0,69.0,7.5,MFN_APPLIED,PARTNER_SPECIFIC,0.0,India - GCC,Under Negotiation,FTA,Goods,0,95,38,35,43,0,0,0
IND,SAU,Saudi Arabia,SA,682.0,Asia,Western Asia,SAR,Saudi Riyal,520512,"Single cotton yarn, of uncombed fibres, measuring < 714.29 dtex but >= 232.56 dtex",2018,125159710.08,70436457.26,54723252.82,15713204.44,33171847.37,33171847.37,3.7731,18,712563992406.0,22400.9,3.3,2.2,32969632.0,69.5,7.5,MFN_APPLIED,PARTNER_SPECIFIC,0.0,India - GCC,Under Negotiation,FTA,Goods,0,95,38,35,43,0,0,0
IND,SAU,Saudi Arabia,SA,682.0,Asia,Western Asia,SAR,Saudi Riyal,520512,"Single cotton yarn, of uncombed fibres, measuring < 714.29 dtex but >= 232.56 dtex",2019,106128241.54,61607879.1,44520362.44,17087516.66,28554904.29,28554904.29,3.7166,18,733228348185.77,23072.93,2.6,2.2,33299328.0,70.0,7.5,MFN_APPLIED,PARTNER_SPECIFIC,0.0,India - GCC,Under Negotiation,FTA,Goods,0,95,38,35,43,0,0,0
IND,SAU,Saudi Arabia,SA,682.0,Asia,Western Asia,SAR,Saudi Riyal,520512,"Single cotton yarn, of uncombed fibres, measuring < 714.29 dtex but >= 232.56 dtex",2020,100115412.93,49159697.12,50955715.81,-1796018.69,26685146.55,26685146.55,3.7517,18,754491970283.16,23765.12,3.3,2.2,33632321.0,70.5,7.5,MFN_APPLIED,PARTNER_SPECIFIC,0.0,India - GCC,Under Negotiation,FTA,Goods,0,95,38,35,43,0,0,0
IND,SAU,Saudi Arabia,SA,682.0,Asia,Western Asia,SAR,Saudi Riyal,520512,"Single cotton yarn, of uncombed fibres, measuring < 714.29 dtex but >= 232.56 dtex",2021,121682158.12,61745331.620000005,59936826.5,1808505.12,33528708.96,33528708.96,3.6292,18,776372237421.37,24478.07,2.6,2.2,33968644.0,71.0,7.5,MFN_APPLIED,PARTNER_SPECIFIC,0.0,India - GCC,Under Negotiation,FTA,Goods,0,95,38,35,43,0,0,0
IND,SAU,Saudi Arabia,SA,682.0,Asia,Western Asia,SAR,Saudi Riyal,520512,"Single cotton yarn, of uncombed fibres, measuring < 714.29 dtex but >= 232.56 dtex",2022,127455717.64,61091127.03,66364590.61,-5273463.58,34144656.73,34144656.73,3.7328,18,798887032306.59,25212.41,3.3,3.3,34308331.0,71.5,7.5,MFN_APPLIED,PARTNER_SPECIFIC,0.0,India - GCC,Under Negotiation,FTA,Goods,0,95,38,35,43,0,0,0
IND,SAU,Saudi Arabia,SA,682.0,Asia,Western Asia,SAR,Saudi Riyal,520512,"Single cotton yarn, of uncombed fibres, measuring < 714.29 dtex but >= 232.56 dtex",2023,113428980.57,47833830.83,65595149.74,-17761318.91,30661969.29,30661969.29,3.6993,18,822054756243.48,25968.79,2.6,3.3,34651414.0,72.0,7.5,MFN_APPLIED,PARTNER_SPECIFIC,0.0,India - GCC,Under Negotiation,FTA,Goods,0,95,38,35,43,0,0,0
IND,SAU,Saudi Arabia,SA,682.0,Asia,Western Asia,SAR,Saudi Riyal,520512,"Single cotton yarn, of uncombed fibres, measuring < 714.29 dtex but >= 232.56 dtex",2024,167485785.51,83401233.58,84084551.93,-683318.35,44784308.31,44784308.31,3.7398,18,845894344174.54,26747.85,3.3,2.2,34997928.0,72.5,7.5,MFN_APPLIED,PARTNER_SPECIFIC,0.0,India - GCC,Under Negotiation,FTA,Goods,0,95,38,35,43,0,0,0
IND,SAU,Saudi Arabia,SA,682.0,Asia,Western Asia,SAR,Saudi Riyal,520512,"Single cotton yarn, of uncombed fibres, measuring < 714.29 dtex but >= 232.56 dtex",2025,135643107.17,65660217.56,69982889.61,-4322672.05,36681229.71,36681229.71,3.6979,18,870425280155.61,27550.29,2.6,2.2,35347908.0,73.0,7.5,MFN_APPLIED,PARTNER_SPECIFIC,0.0,India - GCC,Under Negotiation,FTA,Goods,0,95,38,35,43,0,0,0
IND,SAU,Saudi Arabia,SA,682.0,Asia,Western Asia,SAR,Saudi Riyal,711319,"Articles of jewellery and parts thereof, of precious metal other than silver",2015,1261521415235.72,516498258432.5,745023156803.22,-228524898370.72,27511421.59,27511421.59,45854.4613,18,654000000000.0,20500.0,2.6,2.2,32000000.0,68.0,12.5,MFN_APPLIED,PARTNER_SPECIFIC,0.0,India - GCC,Under Negotiation,FTA,Goods,0,95,38,35,43,0,0,0
IND,SAU,Saudi Arabia,SA,682.0,Asia,Western Asia,SAR,Saudi Riyal,711319,"Articles of jewellery and parts thereof, of precious metal other than silver",2016,1569150493860.52,727813553751.92,841336940108.6,-113523386356.68,36241106.09,36241106.09,43297.5332,18,672966000000.0,21115.0,3.3,2.2,32320000.0,68.5,12.5,MFN_APPLIED,PARTNER_SPECIFIC,0.0,India - GCC,Under Negotiation,FTA,Goods,0,95,38,35,43,0,0,0
IND,SAU,Saudi Arabia,SA,682.0,Asia,Western Asia,SAR,Saudi Riyal,711319,"Articles of jewellery and parts thereof, of precious metal other than silver",2017,1212324818293.31,538177888044.11,674146930249.2,-135969042205.09,28743648.05,28743648.05,42177.1383,18,692482014000.0,21748.45,2.6,2.2,32643200.0,69.0,12.5,MFN_APPLIED,PARTNER_SPECIFIC,0.0,India - GCC,Under Negotiation,FTA,Goods,0,95,38,35,43,0,0,0
IND,SAU,Saudi Arabia,SA,682.0,Asia,Western Asia,SAR,Saudi Riyal,711319,"Articles of jewellery and parts thereof, of precious metal other than silver",2018,1308486388546.28,569288260948.96,739198127597.3201,-169909866648.36,30387900.5,30387900.5,43059.4535,18,712563992406.0,22400.9,3.3,2.2,32969632.0,69.5,12.5,MFN_APPLIED,PARTNER_SPECIFIC,0.0,India - GCC,Under Negotiation,FTA,Goods,0,95,38,35,43,0,0,0
IND,SAU,Saudi Arabia,SA,682.0,Asia,Western Asia,SAR,Saudi Riyal,711319,"Articles of jewellery and parts thereof, of precious metal other than silver",2019,1301651836435.29,516751049575.19,784900786860.1,-268149737284.91,30213211.81,30213211.81,43082.2067,18,733228348185.77,23072.93,2.6,2.2,33299328.0,70.0,12.5,MFN_APPLIED,PARTNER_SPECIFIC,0.0,India - GCC,Under Negotiation,FTA,Goods,0,95,38,35,43,0,0,0
IND,SAU,Saudi Arabia,SA,682.0,Asia,Western Asia,SAR,Saudi Riyal,711319,"Articles of jewellery and parts thereof, of precious metal other than silver",2020,1730913803006.05,779781170066.87,951132632939.18,-171351462872.31,41662783.39,41662783.39,41545.8033,18,754491970283.16,23765.12,3.3,2.2,33632321.0,70.5,12.5,MFN_APPLIED,PARTNER_SPECIFIC,0.0,India - GCC,Under Negotiation,FTA,Goods,0,95,38,35,43,0,0,0
IND,SAU,Saudi Arabia,SA,682.0,Asia,Western Asia,SAR,Saudi Riyal,711319,"Articles of jewellery and parts thereof, of precious metal other than silver",2021,1521388734075.06,957927773502.08,563460960572.98,394466812929.1,35981033.42,35981033.42,42283.075,18,776372237421.37,24478.07,2.6,2.2,33968644.0,71.0,12.5,MFN_APPLIED,PARTNER_SPECIFIC,0.0,India - GCC,Under Negotiation,FTA,Goods,0,95,38,35,43,0,0,0
IND,SAU,Saudi Arabia,SA,682.0,Asia,Western Asia,SAR,Saudi Riyal,711319,"Articles of jewellery and parts thereof, of precious metal other than silver",2022,1413804249218.2,645580285314.76,768223963903.4401,-122643678588.68,31661734.9,31661734.9,44653.4043,18,798887032306.59,25212.41,3.3,3.3,34308331.0,71.5,12.5,MFN_APPLIED,PARTNER_SPECIFIC,0.0,India - GCC,Under Negotiation,FTA,Goods,0,95,38,35,43,0,0,0
IND,SAU,Saudi Arabia,SA,682.0,Asia,Western Asia,SAR,Saudi Riyal,711319,"Articles of jewellery and parts thereof, of precious metal other than silver",2023,1125436918774.24,506068664311.85,619368254462.39,-113299590150.54,27178544.9,27178544.9,41409.0203,18,822054756243.48,25968.79,2.6,3.3,34651414.0,72.0,12.5,MFN_APPLIED,PARTNER_SPECIFIC,0.0,India - GCC,Under Negotiation,FTA,Goods,0,95,38,35,43,0,0,0
IND,SAU,Saudi Arabia,SA,682.0,Asia,Western Asia,SAR,Saudi Riyal,711319,"Articles of jewellery and parts thereof, of precious metal other than silver",2024,1382061340797.81,806739405779.3099,575321935018.5,231417470760.81,31276434.42,31276434.42,44188.5837,18,845894344174.54,26747.85,3.3,2.2,34997928.0,72.5,12.5,MFN_APPLIED,PARTNER_SPECIFIC,0.0,India - GCC,Under Negotiation,FTA,Goods,0,95,38,35,43,0,0,0
IND,SAU,Saudi Arabia,SA,682.0,Asia,Western Asia,SAR,Saudi Riyal,711319,"Articles of jewellery and parts thereof, of precious metal other than silver",2025,1722197926319.18,862114706711.69,860083219607.49,2031487104.2,39722365.21,39722365.21,43355.8756,18,870425280155.61,27550.29,2.6,2.2,35347908.0,73.0,12.5,MFN_APPLIED,PARTNER_SPECIFIC,0.0,India - GCC,Under Negotiation,FTA,Goods,0,95,38,35,43,0,0,0
IND,SAU,Saudi Arabia,SA,682.0,Asia,Western Asia,SAR,Saudi Riyal,847130,"Portable automatic data processing machines, weighing not more than 10 kg (Laptops)",2015,4173750370.96,1988586334.63,2185164036.33,-196577701.7,23904451.35,23904451.35,174.6014,18,654000000000.0,20500.0,2.6,2.2,32000000.0,68.0,0.0,MFN_APPLIED,PARTNER_SPECIFIC,0.0,India - GCC,Under Negotiation,FTA,Goods,0,95,38,35,43,0,0,0
IND,SAU,Saudi Arabia,SA,682.0,Asia,Western Asia,SAR,Saudi Riyal,847130,"Portable automatic data processing machines, weighing not more than 10 kg (Laptops)",2016,5257704495.19,2102635476.83,3155069018.36,-1052433541.53,23857715.3,23857715.3,220.3775,18,672966000000.0,21115.0,3.3,2.2,32320000.0,68.5,0.0,MFN_APPLIED,PARTNER_SPECIFIC,0.0,India - GCC,Under Negotiation,FTA,Goods,0,95,38,35,43,0,0,0
IND,SAU,Saudi Arabia,SA,682.0,Asia,Western Asia,SAR,Saudi Riyal,847130,"Portable automatic data processing machines, weighing not more than 10 kg (Laptops)",2017,6638058310.25,2743019362.45,3895038947.8,-1152019585.35,29710758.23,29710758.23,223.4227,18,692482014000.0,21748.45,2.6,2.2,32643200.0,69.0,0.0,MFN_APPLIED,PARTNER_SPECIFIC,0.0,India - GCC,Under Negotiation,FTA,Goods,0,95,38,35,43,0,0,0
IND,SAU,Saudi Arabia,SA,682.0,Asia,Western Asia,SAR,Saudi Riyal,847130,"Portable automatic data processing machines, weighing not more than 10 kg (Laptops)",2018,4639094532.36,2187306949.33,2451787583.03,-264480633.7,21899847.06,21899847.06,211.8323,18,712563992406.0,22400.9,3.3,2.2,32969632.0,69.5,0.0,MFN_APPLIED,PARTNER_SPECIFIC,0.0,India - GCC,Under Negotiation,FTA,Goods,0,95,38,35,43,0,0,0
IND,SAU,Saudi Arabia,SA,682.0,Asia,Western Asia,SAR,Saudi Riyal,847130,"Portable automatic data processing machines, weighing not more than 10 kg (Laptops)",2019,5708119978.41,2630769547.23,3077350431.18,-446580883.95,25169874.52,25169874.52,226.7838,18,733228348185.77,23072.93,2.6,2.2,33299328.0,70.0,0.0,MFN_APPLIED,PARTNER_SPECIFIC,0.0,India - GCC,Under Negotiation,FTA,Goods,0,95,38,35,43,0,0,0
IND,SAU,Saudi Arabia,SA,682.0,Asia,Western Asia,SAR,Saudi Riyal,847130,"Portable automatic data processing machines, weighing not more than 10 kg (Laptops)",2020,4269777898.47,2339629237.78,1930148660.69,409480577.09,23737150.67,23737150.67,179.8774,18,754491970283.16,23765.12,3.3,2.2,33632321.0,70.5,0.0,MFN_APPLIED,PARTNER_SPECIFIC,0.0,India - GCC,Under Negotiation,FTA,Goods,0,95,38,35,43,0,0,0
IND,SAU,Saudi Arabia,SA,682.0,Asia,Western Asia,SAR,Saudi Riyal,847130,"Portable automatic data processing machines, weighing not more than 10 kg (Laptops)",2021,6999377586.76,3315839518.01,3683538068.75,-367698550.74,32224725.22,32224725.22,217.2052,18,776372237421.37,24478.07,2.6,2.2,33968644.0,71.0,0.0,MFN_APPLIED,PARTNER_SPECIFIC,0.0,India - GCC,Under Negotiation,FTA,Goods,0,95,38,35,43,0,0,0
IND,SAU,Saudi Arabia,SA,682.0,Asia,Western Asia,SAR,Saudi Riyal,847130,"Portable automatic data processing machines, weighing not more than 10 kg (Laptops)",2022,5123163435.45,3018134443.54,2105028991.91,913105451.63,24786251.37,24786251.37,206.6938,18,798887032306.59,25212.41,3.3,3.3,34308331.0,71.5,0.0,MFN_APPLIED,PARTNER_SPECIFIC,0.0,India - GCC,Under Negotiation,FTA,Goods,0,95,38,35,43,0,0,0
IND,SAU,Saudi Arabia,SA,682.0,Asia,Western Asia,SAR,Saudi Riyal,847130,"Portable automatic data processing machines, weighing not more than 10 kg (Laptops)",2023,5840000659.87,2548833253.31,3291167406.56,-742334153.25,31096014.08,31096014.08,187.8054,18,822054756243.48,25968.79,2.6,3.3,34651414.0,72.0,0.0,MFN_APPLIED,PARTNER_SPECIFIC,0.0,India - GCC,Under Negotiation,FTA,Goods,0,95,38,35,43,0,0,0
IND,SAU,Saudi Arabia,SA,682.0,Asia,Western Asia,SAR,Saudi Riyal,847130,"Portable automatic data processing machines, weighing not more than 10 kg (Laptops)",2024,5036361846.39,2996600793.24,2039761053.15,956839740.09,23621829.93,23621829.93,213.2079,18,845894344174.54,26747.85,3.3,2.2,34997928.0,72.5,0.0,MFN_APPLIED,PARTNER_SPECIFIC,0.0,India - GCC,Under Negotiation,FTA,Goods,0,95,38,35,43,0,0,0
IND,SAU,Saudi Arabia,SA,682.0,Asia,Western Asia,SAR,Saudi Riyal,847130,"Portable automatic data processing machines, weighing not more than 10 kg (Laptops)",2025,5183956499.88,2732524092.41,2451432407.47,281091684.94,25011691.09,25011691.09,207.2613,18,870425280155.61,27550.29,2.6,2.2,35347908.0,73.0,0.0,MFN_APPLIED,PARTNER_SPECIFIC,0.0,India - GCC,Under Negotiation,FTA,Goods,0,95,38,35,43,0,0,0
IND,SAU,Saudi Arabia,SA,682.0,Asia,Western Asia,SAR,Saudi Riyal,851712,Telephones for cellular networks or for other wireless networks,2015,581189437.89,333566250.09,247623187.8,85943062.29,22595354.24,22595354.24,25.7216,18,654000000000.0,20500.0,2.6,2.2,32000000.0,68.0,0.0,MFN_APPLIED,PARTNER_SPECIFIC,0.0,India - GCC,Under Negotiation,FTA,Goods,0,95,38,35,43,0,0,0
IND,SAU,Saudi Arabia,SA,682.0,Asia,Western Asia,SAR,Saudi Riyal,851712,Telephones for cellular networks or for other wireless networks,2016,758119419.51,334064673.32,424054746.19,-89990072.87,23488468.03,23488468.03,32.2762,18,672966000000.0,21115.0,3.3,2.2,32320000.0,68.5,0.0,MFN_APPLIED,PARTNER_SPECIFIC,0.0,India - GCC,Under Negotiation,FTA,Goods,0,95,38,35,43,0,0,0
IND,SAU,Saudi Arabia,SA,682.0,Asia,Western Asia,SAR,Saudi Riyal,851712,Telephones for cellular networks or for other wireless networks,2017,909246887.37,533024621.19,376222266.18,156802355.01,28681122.87,28681122.87,31.7019,18,692482014000.0,21748.45,2.6,2.2,32643200.0,69.0,0.0,MFN_APPLIED,PARTNER_SPECIFIC,0.0,India - GCC,Under Negotiation,FTA,Goods,0,95,38,35,43,0,0,0
IND,SAU,Saudi Arabia,SA,682.0,Asia,Western Asia,SAR,Saudi Riyal,851712,Telephones for cellular networks or for other wireless networks,2018,878695607.87,316266322.14,562429285.73,-246162963.59,29640346.15,29640346.15,29.6453,18,712563992406.0,22400.9,3.3,2.2,32969632.0,69.5,0.0,MFN_APPLIED,PARTNER_SPECIFIC,0.0,India - GCC,Under Negotiation,FTA,Goods,0,95,38,35,43,0,0,0
IND,SAU,Saudi Arabia,SA,682.0,Asia,Western Asia,SAR,Saudi Riyal,851712,Telephones for cellular networks or for other wireless networks,2019,871808815.23,482794301.58,389014513.65,93779787.93,27617062.84,27617062.84,31.5678,18,733228348185.77,23072.93,2.6,2.2,33299328.0,70.0,0.0,MFN_APPLIED,PARTNER_SPECIFIC,0.0,India - GCC,Under Negotiation,FTA,Goods,0,95,38,35,43,0,0,0
IND,SAU,Saudi Arabia,SA,682.0,Asia,Western Asia,SAR,Saudi Riyal,851712,Telephones for cellular networks or for other wireless networks,2020,770364018.99,435855398.56,334508620.43,101346778.13,25620442.96,25620442.96,30.0683,18,754491970283.16,23765.12,3.3,2.2,33632321.0,70.5,0.0,MFN_APPLIED,PARTNER_SPECIFIC,0.0,India - GCC,Under Negotiation,FTA,Goods,0,95,38,35,43,0,0,0
IND,SAU,Saudi Arabia,SA,682.0,Asia,Western Asia,SAR,Saudi Riyal,851712,Telephones for cellular networks or for other wireless networks,2021,1042894164.92,537667873.83,505226291.09,32441582.74,33639918.98,33639918.98,31.0017,18,776372237421.37,24478.07,2.6,2.2,33968644.0,71.0,0.0,MFN_APPLIED,PARTNER_SPECIFIC,0.0,India - GCC,Under Negotiation,FTA,Goods,0,95,38,35,43,0,0,0
IND,SAU,Saudi Arabia,SA,682.0,Asia,Western Asia,SAR,Saudi Riyal,851712,Telephones for cellular networks or for other wireless networks,2022,1177062277.83,374998648.56,802063629.27,-427064980.71,34758656.02,34758656.02,33.8639,18,798887032306.59,25212.41,3.3,3.3,34308331.0,71.5,0.0,MFN_APPLIED,PARTNER_SPECIFIC,0.0,India - GCC,Under Negotiation,FTA,Goods,0,95,38,35,43,0,0,0
IND,SAU,Saudi Arabia,SA,682.0,Asia,Western Asia,SAR,Saudi Riyal,851712,Telephones for cellular networks or for other wireless networks,2023,629655882.6,325387889.02,304267993.58,21119895.44,27483057.59,27483057.59,22.9107,18,822054756243.48,25968.79,2.6,3.3,34651414.0,72.0,0.0,MFN_APPLIED,PARTNER_SPECIFIC,0.0,India - GCC,Under Negotiation,FTA,Goods,0,95,38,35,43,0,0,0
IND,SAU,Saudi Arabia,SA,682.0,Asia,Western Asia,SAR,Saudi Riyal,851712,Telephones for cellular networks or for other wireless networks,2024,1001847727.89,539498808.02,462348919.87,77149888.15,33683214.19,33683214.19,29.7432,18,845894344174.54,26747.85,3.3,2.2,34997928.0,72.5,0.0,MFN_APPLIED,PARTNER_SPECIFIC,0.0,India - GCC,Under Negotiation,FTA,Goods,0,95,38,35,43,0,0,0
IND,SAU,Saudi Arabia,SA,682.0,Asia,Western Asia,SAR,Saudi Riyal,851712,Telephones for cellular networks or for other wireless networks,2025,750893932.86,362289532.02,388604400.84,-26314868.82,25625304.21,25625304.21,29.3028,18,870425280155.61,27550.29,2.6,2.2,35347908.0,73.0,0.0,MFN_APPLIED,PARTNER_SPECIFIC,0.0,India - GCC,Under Negotiation,FTA,Goods,0,95,38,35,43,0,0,0
IND,SGP,Singapore,SG,702.0,Asia,South-eastern Asia,SGD,Singapore Dollar,90411,Pepper of the genus Piper; neither crushed nor ground (Black Pepper),2015,121684344.07,67262820.31,54421523.76,12841296.55,21492992.33,21492992.33,5.6616,16,308000000000.0,55600.0,3.1,2.0,5500000.0,320.0,15.0,MFN_APPLIED,PARTNER_SPECIFIC,1.0,India - Singapore CECA,In Force,FTA & EIA,Goods & Services,1,27,15,5,22,0,0,0
IND,SGP,Singapore,SG,702.0,Asia,South-eastern Asia,SGD,Singapore Dollar,90411,Pepper of the genus Piper; neither crushed nor ground (Black Pepper),2016,123874062.01,61816869.43,62057192.58,-240323.15,22780918.09,22780918.09,5.4376,16,318472000000.0,57268.0,3.8,2.0,5555000.0,320.5,15.0,MFN_APPLIED,PARTNER_SPECIFIC,1.0,India - Singapore CECA,In Force,FTA & EIA,Goods & Services,1,27,15,5,22,0,0,0
IND,SGP,Singapore,SG,702.0,Asia,South-eastern Asia,SGD,Singapore Dollar,90411,Pepper of the genus Piper; neither crushed nor ground (Black Pepper),2017,118616287.32,64469325.82,54146961.5,10322364.32,22823272.32,22823272.32,5.1972,16,329300048000.0,58986.04,3.1,2.0,5610550.0,321.0,15.0,MFN_APPLIED,PARTNER_SPECIFIC,1.0,India - Singapore CECA,In Force,FTA & EIA,Goods & Services,1,27,15,5,22,0,0,0
IND,SGP,Singapore,SG,702.0,Asia,South-eastern Asia,SGD,Singapore Dollar,90411,Pepper of the genus Piper; neither crushed nor ground (Black Pepper),2018,138887093.79,59739171.03,79147922.75999999,-19408751.73,25748607.09,25748607.09,5.394,16,340496249632.0,60755.62,3.8,2.0,5666655.0,321.5,15.0,MFN_APPLIED,PARTNER_SPECIFIC,1.0,India - Singapore CECA,In Force,FTA & EIA,Goods & Services,1,27,15,5,22,0,0,0
IND,SGP,Singapore,SG,702.0,Asia,South-eastern Asia,SGD,Singapore Dollar,90411,Pepper of the genus Piper; neither crushed nor ground (Black Pepper),2019,122587118.71,59207630.79,63379487.92,-4171857.13,22713670.47,22713670.47,5.3971,16,352073122119.49,62578.29,3.1,2.0,5723322.0,322.0,15.0,MFN_APPLIED,PARTNER_SPECIFIC,1.0,India - Singapore CECA,In Force,FTA & EIA,Goods & Services,1,27,15,5,22,0,0,0
IND,SGP,Singapore,SG,702.0,Asia,South-eastern Asia,SGD,Singapore Dollar,90411,Pepper of the genus Piper; neither crushed nor ground (Black Pepper),2020,154385815.42,79811879.69,74573935.73,5237943.96,27891763.36,27891763.36,5.5352,16,364043608271.55,64455.64,3.8,2.0,5780555.0,322.5,15.0,MFN_APPLIED,PARTNER_SPECIFIC,1.0,India - Singapore CECA,In Force,FTA & EIA,Goods & Services,1,27,15,5,22,0,0,0
IND,SGP,Singapore,SG,702.0,Asia,South-eastern Asia,SGD,Singapore Dollar,90411,Pepper of the genus Piper; neither crushed nor ground (Black Pepper),2021,96502527.32,44309955.86,52192571.46,-7882615.6,18695219.24,18695219.24,5.1619,16,376421090952.78,66389.31,3.1,2.0,5838360.0,323.0,15.0,MFN_APPLIED,PARTNER_SPECIFIC,1.0,India - Singapore CECA,In Force,FTA & EIA,Goods & Services,1,27,15,5,22,0,0,0
IND,SGP,Singapore,SG,702.0,Asia,South-eastern Asia,SGD,Singapore Dollar,90411,Pepper of the genus Piper; neither crushed nor ground (Black Pepper),2022,158378457.5,61076522.97,97301934.53,-36225411.56,31283255.05,31283255.05,5.0627,16,389219408045.18,68380.99,3.8,3.1,5896744.0,323.5,15.0,MFN_APPLIED,PARTNER_SPECIFIC,1.0,India - Singapore CECA,In Force,FTA & EIA,Goods & Services,1,27,15,5,22,0,0,0
IND,SGP,Singapore,SG,702.0,Asia,South-eastern Asia,SGD,Singapore Dollar,90411,Pepper of the genus Piper; neither crushed nor ground (Black Pepper),2023,126807398.4,64538998.23,62268400.17,2270598.06,23272195.76,23272195.76,5.4489,16,402452867918.71,70432.42,3.1,3.1,5955711.0,324.0,15.0,MFN_APPLIED,PARTNER_SPECIFIC,1.0,India - Singapore CECA,In Force,FTA & EIA,Goods & Services,1,27,15,5,22,0,0,0
IND,SGP,Singapore,SG,702.0,Asia,South-eastern Asia,SGD,Singapore Dollar,90411,Pepper of the genus Piper; neither crushed nor ground (Black Pepper),2024,126955466.01,56502888.4,70452577.61,-13949689.21,22984823.59,22984823.59,5.5234,16,416136265427.95,72545.39,3.8,2.0,6015268.0,324.5,15.0,MFN_APPLIED,PARTNER_SPECIFIC,1.0,India - Singapore CECA,In Force,FTA & EIA,Goods & Services,1,27,15,5,22,0,0,0
IND,SGP,Singapore,SG,702.0,Asia,South-eastern Asia,SGD,Singapore Dollar,90411,Pepper of the genus Piper; neither crushed nor ground (Black Pepper),2025,146474840.44,95401767.68,51073072.76,44328694.92,26692046.73,26692046.73,5.4876,16,430284898452.5,74721.75,3.1,2.0,6075421.0,325.0,15.0,MFN_APPLIED,PARTNER_SPECIFIC,1.0,India - Singapore CECA,In Force,FTA & EIA,Goods & Services,1,27,15,5,22,0,0,0
IND,SGP,Singapore,SG,702.0,Asia,South-eastern Asia,SGD,Singapore Dollar,100630,"Semi-milled or wholly milled rice, whether or not polished or glazed (Basmati)",2015,29506234.82,15534913.83,13971320.989999998,1563592.84,22763423.18,22763423.18,1.2962,16,308000000000.0,55600.0,3.1,2.0,5500000.0,320.0,0.0,PREFERENTIAL,PARTNER_SPECIFIC,1.0,India - Singapore CECA,In Force,FTA & EIA,Goods & Services,1,27,15,5,22,0,0,0
IND,SGP,Singapore,SG,702.0,Asia,South-eastern Asia,SGD,Singapore Dollar,100630,"Semi-milled or wholly milled rice, whether or not polished or glazed (Basmati)",2016,31641910.86,13915077.35,17726833.51,-3811756.16,24734119.0,24734119.0,1.2793,16,318472000000.0,57268.0,3.8,2.0,5555000.0,320.5,0.0,PREFERENTIAL,PARTNER_SPECIFIC,1.0,India - Singapore CECA,In Force,FTA & EIA,Goods & Services,1,27,15,5,22,0,0,0
IND,SGP,Singapore,SG,702.0,Asia,South-eastern Asia,SGD,Singapore Dollar,100630,"Semi-milled or wholly milled rice, whether or not polished or glazed (Basmati)",2017,35508313.64,14638888.59,20869425.05,-6230536.46,27496758.48,27496758.48,1.2914,16,329300048000.0,58986.04,3.1,2.0,5610550.0,321.0,0.0,PREFERENTIAL,PARTNER_SPECIFIC,1.0,India - Singapore CECA,In Force,FTA & EIA,Goods & Services,1,27,15,5,22,0,0,0
IND,SGP,Singapore,SG,702.0,Asia,South-eastern Asia,SGD,Singapore Dollar,100630,"Semi-milled or wholly milled rice, whether or not polished or glazed (Basmati)",2018,39879754.67,21604861.52,18274893.15,3329968.37,31533638.36,31533638.36,1.2647,16,340496249632.0,60755.62,3.8,2.0,5666655.0,321.5,0.0,PREFERENTIAL,PARTNER_SPECIFIC,1.0,India - Singapore CECA,In Force,FTA & EIA,Goods & Services,1,27,15,5,22,0,0,0
IND,SGP,Singapore,SG,702.0,Asia,South-eastern Asia,SGD,Singapore Dollar,100630,"Semi-milled or wholly milled rice, whether or not polished or glazed (Basmati)",2019,36469100.94,13306643.13,23162457.81,-9855814.68,29542309.3,29542309.3,1.2345,16,352073122119.49,62578.29,3.1,2.0,5723322.0,322.0,0.0,PREFERENTIAL,PARTNER_SPECIFIC,1.0,India - Singapore CECA,In Force,FTA & EIA,Goods & Services,1,27,15,5,22,0,0,0
IND,SGP,Singapore,SG,702.0,Asia,South-eastern Asia,SGD,Singapore Dollar,100630,"Semi-milled or wholly milled rice, whether or not polished or glazed (Basmati)",2020,28062875.06,13184719.97,14878155.09,-1693435.12,21692758.37,21692758.37,1.2937,16,364043608271.55,64455.64,3.8,2.0,5780555.0,322.5,0.0,PREFERENTIAL,PARTNER_SPECIFIC,1.0,India - Singapore CECA,In Force,FTA & EIA,Goods & Services,1,27,15,5,22,0,0,0
IND,SGP,Singapore,SG,702.0,Asia,South-eastern Asia,SGD,Singapore Dollar,100630,"Semi-milled or wholly milled rice, whether or not polished or glazed (Basmati)",2021,22854899.97,13854622.49,9000277.48,4854345.01,18951307.87,18951307.87,1.206,16,376421090952.78,66389.31,3.1,2.0,5838360.0,323.0,0.0,PREFERENTIAL,PARTNER_SPECIFIC,1.0,India - Singapore CECA,In Force,FTA & EIA,Goods & Services,1,27,15,5,22,0,0,0
IND,SGP,Singapore,SG,702.0,Asia,South-eastern Asia,SGD,Singapore Dollar,100630,"Semi-milled or wholly milled rice, whether or not polished or glazed (Basmati)",2022,26346513.75,15163069.78,11183443.97,3979625.81,20866398.02,20866398.02,1.2626,16,389219408045.18,68380.99,3.8,3.1,5896744.0,323.5,0.0,PREFERENTIAL,PARTNER_SPECIFIC,1.0,India - Singapore CECA,In Force,FTA & EIA,Goods & Services,1,27,15,5,22,0,0,0
IND,SGP,Singapore,SG,702.0,Asia,South-eastern Asia,SGD,Singapore Dollar,100630,"Semi-milled or wholly milled rice, whether or not polished or glazed (Basmati)",2023,34171913.62,15756364.7,18415548.92,-2659184.22,26250797.25,26250797.25,1.3017,16,402452867918.71,70432.42,3.1,3.1,5955711.0,324.0,0.0,PREFERENTIAL,PARTNER_SPECIFIC,1.0,India - Singapore CECA,In Force,FTA & EIA,Goods & Services,1,27,15,5,22,0,0,0
IND,SGP,Singapore,SG,702.0,Asia,South-eastern Asia,SGD,Singapore Dollar,100630,"Semi-milled or wholly milled rice, whether or not polished or glazed (Basmati)",2024,36702461.2,17654425.37,19048035.83,-1393610.46,28531618.95,28531618.95,1.2864,16,416136265427.95,72545.39,3.8,2.0,6015268.0,324.5,0.0,PREFERENTIAL,PARTNER_SPECIFIC,1.0,India - Singapore CECA,In Force,FTA & EIA,Goods & Services,1,27,15,5,22,0,0,0
IND,SGP,Singapore,SG,702.0,Asia,South-eastern Asia,SGD,Singapore Dollar,100630,"Semi-milled or wholly milled rice, whether or not polished or glazed (Basmati)",2025,41982721.21,21542203.83,20440517.38,1101686.45,32458139.4,32458139.4,1.2934,16,430284898452.5,74721.75,3.1,2.0,6075421.0,325.0,0.0,PREFERENTIAL,PARTNER_SPECIFIC,1.0,India - Singapore CECA,In Force,FTA & EIA,Goods & Services,1,27,15,5,22,0,0,0
IND,SGP,Singapore,SG,702.0,Asia,South-eastern Asia,SGD,Singapore Dollar,271019,"Medium oils and preparations, of petroleum or bituminous minerals",2015,19612259.34,11191950.07,8420309.27,2771640.8,21763953.83,21763953.83,0.9011,16,308000000000.0,55600.0,3.1,2.0,5500000.0,320.0,0.0,PREFERENTIAL,PARTNER_SPECIFIC,1.0,India - Singapore CECA,In Force,FTA & EIA,Goods & Services,1,27,15,5,22,0,0,0
IND,SGP,Singapore,SG,702.0,Asia,South-eastern Asia,SGD,Singapore Dollar,271019,"Medium oils and preparations, of petroleum or bituminous minerals",2016,19413249.65,9090115.91,10323133.74,-1233017.83,22539638.65,22539638.65,0.8613,16,318472000000.0,57268.0,3.8,2.0,5555000.0,320.5,0.0,PREFERENTIAL,PARTNER_SPECIFIC,1.0,India - Singapore CECA,In Force,FTA & EIA,Goods & Services,1,27,15,5,22,0,0,0
IND,SGP,Singapore,SG,702.0,Asia,South-eastern Asia,SGD,Singapore Dollar,271019,"Medium oils and preparations, of petroleum or bituminous minerals",2017,21959799.68,11772402.09,10187397.59,1585004.5,26070825.33,26070825.33,0.8423,16,329300048000.0,58986.04,3.1,2.0,5610550.0,321.0,0.0,PREFERENTIAL,PARTNER_SPECIFIC,1.0,India - Singapore CECA,In Force,FTA & EIA,Goods & Services,1,27,15,5,22,0,0,0
IND,SGP,Singapore,SG,702.0,Asia,South-eastern Asia,SGD,Singapore Dollar,271019,"Medium oils and preparations, of petroleum or bituminous minerals",2018,23016880.08,9694242.73,13322637.35,-3628394.62,26420727.05,26420727.05,0.8712,16,340496249632.0,60755.62,3.8,2.0,5666655.0,321.5,0.0,PREFERENTIAL,PARTNER_SPECIFIC,1.0,India - Singapore CECA,In Force,FTA & EIA,Goods & Services,1,27,15,5,22,0,0,0
IND,SGP,Singapore,SG,702.0,Asia,South-eastern Asia,SGD,Singapore Dollar,271019,"Medium oils and preparations, of petroleum or bituminous minerals",2019,21250427.22,11159011.8,10091415.42,1067596.38,24936368.84,24936368.84,0.8522,16,352073122119.49,62578.29,3.1,2.0,5723322.0,322.0,0.0,PREFERENTIAL,PARTNER_SPECIFIC,1.0,India - Singapore CECA,In Force,FTA & EIA,Goods & Services,1,27,15,5,22,0,0,0
IND,SGP,Singapore,SG,702.0,Asia,South-eastern Asia,SGD,Singapore Dollar,271019,"Medium oils and preparations, of petroleum or bituminous minerals",2020,24549267.39,14063312.62,10485954.77,3577357.85,28834285.67,28834285.67,0.8514,16,364043608271.55,64455.64,3.8,2.0,5780555.0,322.5,0.0,PREFERENTIAL,PARTNER_SPECIFIC,1.0,India - Singapore CECA,In Force,FTA & EIA,Goods & Services,1,27,15,5,22,0,0,0
IND,SGP,Singapore,SG,702.0,Asia,South-eastern Asia,SGD,Singapore Dollar,271019,"Medium oils and preparations, of petroleum or bituminous minerals",2021,22401355.93,10947755.010000002,11453600.92,-505845.91,26824825.21,26824825.21,0.8351,16,376421090952.78,66389.31,3.1,2.0,5838360.0,323.0,0.0,PREFERENTIAL,PARTNER_SPECIFIC,1.0,India - Singapore CECA,In Force,FTA & EIA,Goods & Services,1,27,15,5,22,0,0,0
IND,SGP,Singapore,SG,702.0,Asia,South-eastern Asia,SGD,Singapore Dollar,271019,"Medium oils and preparations, of petroleum or bituminous minerals",2022,26810715.29,14448262.48,12362452.81,2085809.67,32856913.35,32856913.35,0.816,16,389219408045.18,68380.99,3.8,3.1,5896744.0,323.5,0.0,PREFERENTIAL,PARTNER_SPECIFIC,1.0,India - Singapore CECA,In Force,FTA & EIA,Goods & Services,1,27,15,5,22,0,0,0
IND,SGP,Singapore,SG,702.0,Asia,South-eastern Asia,SGD,Singapore Dollar,271019,"Medium oils and preparations, of petroleum or bituminous minerals",2023,26974034.73,11926855.43,15047179.3,-3120323.87,31463999.87,31463999.87,0.8573,16,402452867918.71,70432.42,3.1,3.1,5955711.0,324.0,0.0,PREFERENTIAL,PARTNER_SPECIFIC,1.0,India - Singapore CECA,In Force,FTA & EIA,Goods & Services,1,27,15,5,22,0,0,0
IND,SGP,Singapore,SG,702.0,Asia,South-eastern Asia,SGD,Singapore Dollar,271019,"Medium oils and preparations, of petroleum or bituminous minerals",2024,29077458.46,14985327.15,14092131.31,893195.84,34991161.63,34991161.63,0.831,16,416136265427.95,72545.39,3.8,2.0,6015268.0,324.5,0.0,PREFERENTIAL,PARTNER_SPECIFIC,1.0,India - Singapore CECA,In Force,FTA & EIA,Goods & Services,1,27,15,5,22,0,0,0
IND,SGP,Singapore,SG,702.0,Asia,South-eastern Asia,SGD,Singapore Dollar,271019,"Medium oils and preparations, of petroleum or bituminous minerals",2025,25693465.49,7013060.65,18680404.84,-11667344.19,30162305.72,30162305.72,0.8518,16,430284898452.5,74721.75,3.1,2.0,6075421.0,325.0,0.0,PREFERENTIAL,PARTNER_SPECIFIC,1.0,India - Singapore CECA,In Force,FTA & EIA,Goods & Services,1,27,15,5,22,0,0,0
IND,SGP,Singapore,SG,702.0,Asia,South-eastern Asia,SGD,Singapore Dollar,300490,Medicaments consisting of mixed or unmixed products for therapeutic uses,2015,216733567.08,106206086.22,110527480.86,-4321394.64,19970305.9,19970305.9,10.8528,16,308000000000.0,55600.0,3.1,2.0,5500000.0,320.0,5.0,MFN_APPLIED,PARTNER_SPECIFIC,1.0,India - Singapore CECA,In Force,FTA & EIA,Goods & Services,1,27,15,5,22,0,0,0
IND,SGP,Singapore,SG,702.0,Asia,South-eastern Asia,SGD,Singapore Dollar,300490,Medicaments consisting of mixed or unmixed products for therapeutic uses,2016,294861204.19,156000585.74,138860618.45,17139967.29,27340461.39,27340461.39,10.7848,16,318472000000.0,57268.0,3.8,2.0,5555000.0,320.5,5.0,MFN_APPLIED,PARTNER_SPECIFIC,1.0,India - Singapore CECA,In Force,FTA & EIA,Goods & Services,1,27,15,5,22,0,0,0
IND,SGP,Singapore,SG,702.0,Asia,South-eastern Asia,SGD,Singapore Dollar,300490,Medicaments consisting of mixed or unmixed products for therapeutic uses,2017,190044049.22,97828882.77,92215166.45,5613716.32,17130022.01,17130022.01,11.0942,16,329300048000.0,58986.04,3.1,2.0,5610550.0,321.0,5.0,MFN_APPLIED,PARTNER_SPECIFIC,1.0,India - Singapore CECA,In Force,FTA & EIA,Goods & Services,1,27,15,5,22,0,0,0
IND,SGP,Singapore,SG,702.0,Asia,South-eastern Asia,SGD,Singapore Dollar,300490,Medicaments consisting of mixed or unmixed products for therapeutic uses,2018,291234725.2,176245212.98000002,114989512.22,61255700.76,27345084.28,27345084.28,10.6504,16,340496249632.0,60755.62,3.8,2.0,5666655.0,321.5,5.0,MFN_APPLIED,PARTNER_SPECIFIC,1.0,India - Singapore CECA,In Force,FTA & EIA,Goods & Services,1,27,15,5,22,0,0,0
IND,SGP,Singapore,SG,702.0,Asia,South-eastern Asia,SGD,Singapore Dollar,300490,Medicaments consisting of mixed or unmixed products for therapeutic uses,2019,264716915.47,152261009.46,112455906.01,39805103.45,23712113.48,23712113.48,11.1638,16,352073122119.49,62578.29,3.1,2.0,5723322.0,322.0,5.0,MFN_APPLIED,PARTNER_SPECIFIC,1.0,India - Singapore CECA,In Force,FTA & EIA,Goods & Services,1,27,15,5,22,0,0,0
IND,SGP,Singapore,SG,702.0,Asia,South-eastern Asia,SGD,Singapore Dollar,300490,Medicaments consisting of mixed or unmixed products for therapeutic uses,2020,266995481.14,128915413.24,138080067.9,-9164654.66,25372559.64,25372559.64,10.523,16,364043608271.55,64455.64,3.8,2.0,5780555.0,322.5,5.0,MFN_APPLIED,PARTNER_SPECIFIC,1.0,India - Singapore CECA,In Force,FTA & EIA,Goods & Services,1,27,15,5,22,0,0,0
IND,SGP,Singapore,SG,702.0,Asia,South-eastern Asia,SGD,Singapore Dollar,300490,Medicaments consisting of mixed or unmixed products for therapeutic uses,2021,400481358.69,213785346.3,186696012.39,27089333.91,36995712.52,36995712.52,10.8251,16,376421090952.78,66389.31,3.1,2.0,5838360.0,323.0,5.0,MFN_APPLIED,PARTNER_SPECIFIC,1.0,India - Singapore CECA,In Force,FTA & EIA,Goods & Services,1,27,15,5,22,0,0,0
IND,SGP,Singapore,SG,702.0,Asia,South-eastern Asia,SGD,Singapore Dollar,300490,Medicaments consisting of mixed or unmixed products for therapeutic uses,2022,310707658.71,165565934.94,145141723.76999998,20424211.17,30386604.4,30386604.4,10.2252,16,389219408045.18,68380.99,3.8,3.1,5896744.0,323.5,5.0,MFN_APPLIED,PARTNER_SPECIFIC,1.0,India - Singapore CECA,In Force,FTA & EIA,Goods & Services,1,27,15,5,22,0,0,0
IND,SGP,Singapore,SG,702.0,Asia,South-eastern Asia,SGD,Singapore Dollar,300490,Medicaments consisting of mixed or unmixed products for therapeutic uses,2023,324447937.95,148881657.82,175566280.13,-26684622.31,27404116.67,27404116.67,11.8394,16,402452867918.71,70432.42,3.1,3.1,5955711.0,324.0,5.0,MFN_APPLIED,PARTNER_SPECIFIC,1.0,India - Singapore CECA,In Force,FTA & EIA,Goods & Services,1,27,15,5,22,0,0,0
IND,SGP,Singapore,SG,702.0,Asia,South-eastern Asia,SGD,Singapore Dollar,300490,Medicaments consisting of mixed or unmixed products for therapeutic uses,2024,419344663.25,174903277.79,244441385.46,-69538107.67,37389279.98,37389279.98,11.2156,16,416136265427.95,72545.39,3.8,2.0,6015268.0,324.5,5.0,MFN_APPLIED,PARTNER_SPECIFIC,1.0,India - Singapore CECA,In Force,FTA & EIA,Goods & Services,1,27,15,5,22,0,0,0
IND,SGP,Singapore,SG,702.0,Asia,South-eastern Asia,SGD,Singapore Dollar,300490,Medicaments consisting of mixed or unmixed products for therapeutic uses,2025,433523275.52,247855237.13,185668038.39,62187198.74,39671027.48,39671027.48,10.928,16,430284898452.5,74721.75,3.1,2.0,6075421.0,325.0,5.0,MFN_APPLIED,PARTNER_SPECIFIC,1.0,India - Singapore CECA,In Force,FTA & EIA,Goods & Services,1,27,15,5,22,0,0,0
IND,SGP,Singapore,SG,702.0,Asia,South-eastern Asia,SGD,Singapore Dollar,520512,"Single cotton yarn, of uncombed fibres, measuring < 714.29 dtex but >= 232.56 dtex",2015,83707420.26,40562923.75,43144496.510000005,-2581572.76,23226288.6,23226288.6,3.604,16,308000000000.0,55600.0,3.1,2.0,5500000.0,320.0,0.0,PREFERENTIAL,PARTNER_SPECIFIC,1.0,India - Singapore CECA,In Force,FTA & EIA,Goods & Services,1,27,15,5,22,0,0,0
IND,SGP,Singapore,SG,702.0,Asia,South-eastern Asia,SGD,Singapore Dollar,520512,"Single cotton yarn, of uncombed fibres, measuring < 714.29 dtex but >= 232.56 dtex",2016,72371018.26,35723163.9,36647854.36,-924690.46,19679847.48,19679847.48,3.6774,16,318472000000.0,57268.0,3.8,2.0,5555000.0,320.5,0.0,PREFERENTIAL,PARTNER_SPECIFIC,1.0,India - Singapore CECA,In Force,FTA & EIA,Goods & Services,1,27,15,5,22,0,0,0
IND,SGP,Singapore,SG,702.0,Asia,South-eastern Asia,SGD,Singapore Dollar,520512,"Single cotton yarn, of uncombed fibres, measuring < 714.29 dtex but >= 232.56 dtex",2017,99364436.65,44180264.28,55184172.37,-11003908.09,27305993.72,27305993.72,3.6389,16,329300048000.0,58986.04,3.1,2.0,5610550.0,321.0,0.0,PREFERENTIAL,PARTNER_SPECIFIC,1.0,India - Singapore CECA,In Force,FTA & EIA,Goods & Services,1,27,15,5,22,0,0,0
IND,SGP,Singapore,SG,702.0,Asia,South-eastern Asia,SGD,Singapore Dollar,520512,"Single cotton yarn, of uncombed fibres, measuring < 714.29 dtex but >= 232.56 dtex",2018,88439432.43,61846470.58,26592961.85,35253508.73,24494005.48,24494005.48,3.6107,16,340496249632.0,60755.62,3.8,2.0,5666655.0,321.5,0.0,PREFERENTIAL,PARTNER_SPECIFIC,1.0,India - Singapore CECA,In Force,FTA & EIA,Goods & Services,1,27,15,5,22,0,0,0
IND,SGP,Singapore,SG,702.0,Asia,South-eastern Asia,SGD,Singapore Dollar,520512,"Single cotton yarn, of uncombed fibres, measuring < 714.29 dtex but >= 232.56 dtex",2019,90333528.61,48644793.58,41688735.03,6956058.55,24449128.79,24449128.79,3.6948,16,352073122119.49,62578.29,3.1,2.0,5723322.0,322.0,0.0,PREFERENTIAL,PARTNER_SPECIFIC,1.0,India - Singapore CECA,In Force,FTA & EIA,Goods & Services,1,27,15,5,22,0,0,0
IND,SGP,Singapore,SG,702.0,Asia,South-eastern Asia,SGD,Singapore Dollar,520512,"Single cotton yarn, of uncombed fibres, measuring < 714.29 dtex but >= 232.56 dtex",2020,110327705.59,55751019.73,54576685.86,1174333.87,29963678.85,29963678.85,3.682,16,364043608271.55,64455.64,3.8,2.0,5780555.0,322.5,0.0,PREFERENTIAL,PARTNER_SPECIFIC,1.0,India - Singapore CECA,In Force,FTA & EIA,Goods & Services,1,27,15,5,22,0,0,0
IND,SGP,Singapore,SG,702.0,Asia,South-eastern Asia,SGD,Singapore Dollar,520512,"Single cotton yarn, of uncombed fibres, measuring < 714.29 dtex but >= 232.56 dtex",2021,129123505.02,59995389.78,69128115.24000001,-9132725.46,35804122.06,35804122.06,3.6064,16,376421090952.78,66389.31,3.1,2.0,5838360.0,323.0,0.0,PREFERENTIAL,PARTNER_SPECIFIC,1.0,India - Singapore CECA,In Force,FTA & EIA,Goods & Services,1,27,15,5,22,0,0,0
IND,SGP,Singapore,SG,702.0,Asia,South-eastern Asia,SGD,Singapore Dollar,520512,"Single cotton yarn, of uncombed fibres, measuring < 714.29 dtex but >= 232.56 dtex",2022,95669740.22,57902949.14,37766791.08,20136158.06,26377991.49,26377991.49,3.6269,16,389219408045.18,68380.99,3.8,3.1,5896744.0,323.5,0.0,PREFERENTIAL,PARTNER_SPECIFIC,1.0,India - Singapore CECA,In Force,FTA & EIA,Goods & Services,1,27,15,5,22,0,0,0
IND,SGP,Singapore,SG,702.0,Asia,South-eastern Asia,SGD,Singapore Dollar,520512,"Single cotton yarn, of uncombed fibres, measuring < 714.29 dtex but >= 232.56 dtex",2023,109930717.0,51203365.15,58727351.85,-7523986.7,29036126.41,29036126.41,3.786,16,402452867918.71,70432.42,3.1,3.1,5955711.0,324.0,0.0,PREFERENTIAL,PARTNER_SPECIFIC,1.0,India - Singapore CECA,In Force,FTA & EIA,Goods & Services,1,27,15,5,22,0,0,0
IND,SGP,Singapore,SG,702.0,Asia,South-eastern Asia,SGD,Singapore Dollar,520512,"Single cotton yarn, of uncombed fibres, measuring < 714.29 dtex but >= 232.56 dtex",2024,110195681.32,51827119.25,58368562.07,-6541442.82,30045292.62,30045292.62,3.6677,16,416136265427.95,72545.39,3.8,2.0,6015268.0,324.5,0.0,PREFERENTIAL,PARTNER_SPECIFIC,1.0,India - Singapore CECA,In Force,FTA & EIA,Goods & Services,1,27,15,5,22,0,0,0
IND,SGP,Singapore,SG,702.0,Asia,South-eastern Asia,SGD,Singapore Dollar,520512,"Single cotton yarn, of uncombed fibres, measuring < 714.29 dtex but >= 232.56 dtex",2025,114584407.78,52727992.84,61856414.94,-9128422.1,32116033.41,32116033.41,3.5678,16,430284898452.5,74721.75,3.1,2.0,6075421.0,325.0,0.0,PREFERENTIAL,PARTNER_SPECIFIC,1.0,India - Singapore CECA,In Force,FTA & EIA,Goods & Services,1,27,15,5,22,0,0,0
IND,SGP,Singapore,SG,702.0,Asia,South-eastern Asia,SGD,Singapore Dollar,711319,"Articles of jewellery and parts thereof, of precious metal other than silver",2015,906172964548.86,519978125847.9,386194838700.96,133783287146.94,20887395.59,20887395.59,43383.722,16,308000000000.0,55600.0,3.1,2.0,5500000.0,320.0,0.0,PREFERENTIAL,PARTNER_SPECIFIC,1.0,India - Singapore CECA,In Force,FTA & EIA,Goods & Services,1,27,15,5,22,0,0,0
IND,SGP,Singapore,SG,702.0,Asia,South-eastern Asia,SGD,Singapore Dollar,711319,"Articles of jewellery and parts thereof, of precious metal other than silver",2016,1330856946335.16,564482376397.08,766374569938.08,-201892193541.0,29520481.0,29520481.0,45082.4953,16,318472000000.0,57268.0,3.8,2.0,5555000.0,320.5,0.0,PREFERENTIAL,PARTNER_SPECIFIC,1.0,India - Singapore CECA,In Force,FTA & EIA,Goods & Services,1,27,15,5,22,0,0,0
IND,SGP,Singapore,SG,702.0,Asia,South-eastern Asia,SGD,Singapore Dollar,711319,"Articles of jewellery and parts thereof, of precious metal other than silver",2017,811549173777.21,436442504739.99,375106669037.22,61335835702.77,18409632.52,18409632.52,44082.8557,16,329300048000.0,58986.04,3.1,2.0,5610550.0,321.0,0.0,PREFERENTIAL,PARTNER_SPECIFIC,1.0,India - Singapore CECA,In Force,FTA & EIA,Goods & Services,1,27,15,5,22,0,0,0
IND,SGP,Singapore,SG,702.0,Asia,South-eastern Asia,SGD,Singapore Dollar,711319,"Articles of jewellery and parts thereof, of precious metal other than silver",2018,1146575553393.23,557995070078.0,588580483315.23,-30585413237.23,25364761.43,25364761.43,45203.4827,16,340496249632.0,60755.62,3.8,2.0,5666655.0,321.5,0.0,PREFERENTIAL,PARTNER_SPECIFIC,1.0,India - Singapore CECA,In Force,FTA & EIA,Goods & Services,1,27,15,5,22,0,0,0
IND,SGP,Singapore,SG,702.0,Asia,South-eastern Asia,SGD,Singapore Dollar,711319,"Articles of jewellery and parts thereof, of precious metal other than silver",2019,1327768711650.31,814785333591.68,512983378058.63,301801955533.05,30795349.12,30795349.12,43115.8844,16,352073122119.49,62578.29,3.1,2.0,5723322.0,322.0,0.0,PREFERENTIAL,PARTNER_SPECIFIC,1.0,India - Singapore CECA,In Force,FTA & EIA,Goods & Services,1,27,15,5,22,0,0,0
IND,SGP,Singapore,SG,702.0,Asia,South-eastern Asia,SGD,Singapore Dollar,711319,"Articles of jewellery and parts thereof, of precious metal other than silver",2020,1367866460345.79,453521416875.53,914345043470.26,-460823626594.73,30850341.64,30850341.64,44338.7784,16,364043608271.55,64455.64,3.8,2.0,5780555.0,322.5,0.0,PREFERENTIAL,PARTNER_SPECIFIC,1.0,India - Singapore CECA,In Force,FTA & EIA,Goods & Services,1,27,15,5,22,0,0,0
IND,SGP,Singapore,SG,702.0,Asia,South-eastern Asia,SGD,Singapore Dollar,711319,"Articles of jewellery and parts thereof, of precious metal other than silver",2021,897831784169.32,625203989515.59,272627794653.73,352576194861.86,19732108.98,19732108.98,45501.0554,16,376421090952.78,66389.31,3.1,2.0,5838360.0,323.0,0.0,PREFERENTIAL,PARTNER_SPECIFIC,1.0,India - Singapore CECA,In Force,FTA & EIA,Goods & Services,1,27,15,5,22,0,0,0
IND,SGP,Singapore,SG,702.0,Asia,South-eastern Asia,SGD,Singapore Dollar,711319,"Articles of jewellery and parts thereof, of precious metal other than silver",2022,1410428878956.08,760078683000.89,650350195955.19,109728487045.7,32216172.61,32216172.61,43780.1503,16,389219408045.18,68380.99,3.8,3.1,5896744.0,323.5,0.0,PREFERENTIAL,PARTNER_SPECIFIC,1.0,India - Singapore CECA,In Force,FTA & EIA,Goods & Services,1,27,15,5,22,0,0,0
IND,SGP,Singapore,SG,702.0,Asia,South-eastern Asia,SGD,Singapore Dollar,711319,"Articles of jewellery and parts thereof, of precious metal other than silver",2023,1244749140128.46,550307364525.87,694441775602.59,-144134411076.72,29290286.74,29290286.74,42496.994,16,402452867918.71,70432.42,3.1,3.1,5955711.0,324.0,0.0,PREFERENTIAL,PARTNER_SPECIFIC,1.0,India - Singapore CECA,In Force,FTA & EIA,Goods & Services,1,27,15,5,22,0,0,0
IND,SGP,Singapore,SG,702.0,Asia,South-eastern Asia,SGD,Singapore Dollar,711319,"Articles of jewellery and parts thereof, of precious metal other than silver",2024,1425648287174.53,634057995718.11,791590291456.42,-157532295738.31,33423204.89,33423204.89,42654.446,16,416136265427.95,72545.39,3.8,2.0,6015268.0,324.5,0.0,PREFERENTIAL,PARTNER_SPECIFIC,1.0,India - Singapore CECA,In Force,FTA & EIA,Goods & Services,1,27,15,5,22,0,0,0
IND,SGP,Singapore,SG,702.0,Asia,South-eastern Asia,SGD,Singapore Dollar,711319,"Articles of jewellery and parts thereof, of precious metal other than silver",2025,1826835015691.93,721070460206.52,1105764555485.41,-384694095278.89,42375528.77,42375528.77,43110.6129,16,430284898452.5,74721.75,3.1,2.0,6075421.0,325.0,0.0,PREFERENTIAL,PARTNER_SPECIFIC,1.0,India - Singapore CECA,In Force,FTA & EIA,Goods & Services,1,27,15,5,22,0,0,0
IND,SGP,Singapore,SG,702.0,Asia,South-eastern Asia,SGD,Singapore Dollar,847130,"Portable automatic data processing machines, weighing not more than 10 kg (Laptops)",2015,4531198002.25,2579708570.7,1951489431.55,628219139.15,22943192.4,22943192.4,197.4964,16,308000000000.0,55600.0,3.1,2.0,5500000.0,320.0,0.0,MFN_APPLIED,PARTNER_SPECIFIC,1.0,India - Singapore CECA,In Force,FTA & EIA,Goods & Services,1,27,15,5,22,0,0,0
IND,SGP,Singapore,SG,702.0,Asia,South-eastern Asia,SGD,Singapore Dollar,847130,"Portable automatic data processing machines, weighing not more than 10 kg (Laptops)",2016,6509578692.65,2964411998.64,3545166694.01,-580754695.37,30221433.09,30221433.09,215.3961,16,318472000000.0,57268.0,3.8,2.0,5555000.0,320.5,0.0,MFN_APPLIED,PARTNER_SPECIFIC,1.0,India - Singapore CECA,In Force,FTA & EIA,Goods & Services,1,27,15,5,22,0,0,0
IND,SGP,Singapore,SG,702.0,Asia,South-eastern Asia,SGD,Singapore Dollar,847130,"Portable automatic data processing machines, weighing not more than 10 kg (Laptops)",2017,5735589378.45,3055491110.13,2680098268.32,375392841.81,25563348.82,25563348.82,224.3677,16,329300048000.0,58986.04,3.1,2.0,5610550.0,321.0,0.0,MFN_APPLIED,PARTNER_SPECIFIC,1.0,India - Singapore CECA,In Force,FTA & EIA,Goods & Services,1,27,15,5,22,0,0,0
IND,SGP,Singapore,SG,702.0,Asia,South-eastern Asia,SGD,Singapore Dollar,847130,"Portable automatic data processing machines, weighing not more than 10 kg (Laptops)",2018,4177550580.42,1564128668.42,2613421912.0,-1049293243.58,21261910.15,21261910.15,196.4805,16,340496249632.0,60755.62,3.8,2.0,5666655.0,321.5,0.0,MFN_APPLIED,PARTNER_SPECIFIC,1.0,India - Singapore CECA,In Force,FTA & EIA,Goods & Services,1,27,15,5,22,0,0,0
IND,SGP,Singapore,SG,702.0,Asia,South-eastern Asia,SGD,Singapore Dollar,847130,"Portable automatic data processing machines, weighing not more than 10 kg (Laptops)",2019,5439111128.13,2805341834.64,2633769293.49,171572541.15,29169999.44,29169999.44,186.4625,16,352073122119.49,62578.29,3.1,2.0,5723322.0,322.0,0.0,MFN_APPLIED,PARTNER_SPECIFIC,1.0,India - Singapore CECA,In Force,FTA & EIA,Goods & Services,1,27,15,5,22,0,0,0
IND,SGP,Singapore,SG,702.0,Asia,South-eastern Asia,SGD,Singapore Dollar,847130,"Portable automatic data processing machines, weighing not more than 10 kg (Laptops)",2020,5148434666.68,2925709141.85,2222725524.83,702983617.02,26986530.2,26986530.2,190.7779,16,364043608271.55,64455.64,3.8,2.0,5780555.0,322.5,0.0,MFN_APPLIED,PARTNER_SPECIFIC,1.0,India - Singapore CECA,In Force,FTA & EIA,Goods & Services,1,27,15,5,22,0,0,0
IND,SGP,Singapore,SG,702.0,Asia,South-eastern Asia,SGD,Singapore Dollar,847130,"Portable automatic data processing machines, weighing not more than 10 kg (Laptops)",2021,6283677067.59,2829905426.11,3453771641.48,-623866215.37,30018665.73,30018665.73,209.3257,16,376421090952.78,66389.31,3.1,2.0,5838360.0,323.0,0.0,MFN_APPLIED,PARTNER_SPECIFIC,1.0,India - Singapore CECA,In Force,FTA & EIA,Goods & Services,1,27,15,5,22,0,0,0
IND,SGP,Singapore,SG,702.0,Asia,South-eastern Asia,SGD,Singapore Dollar,847130,"Portable automatic data processing machines, weighing not more than 10 kg (Laptops)",2022,6714176291.39,3353413733.66,3360762557.73,-7348824.07,31110620.75,31110620.75,215.8162,16,389219408045.18,68380.99,3.8,3.1,5896744.0,323.5,0.0,MFN_APPLIED,PARTNER_SPECIFIC,1.0,India - Singapore CECA,In Force,FTA & EIA,Goods & Services,1,27,15,5,22,0,0,0
IND,SGP,Singapore,SG,702.0,Asia,South-eastern Asia,SGD,Singapore Dollar,847130,"Portable automatic data processing machines, weighing not more than 10 kg (Laptops)",2023,4223735037.77,1747233270.37,2476501767.4,-729268497.03,19602789.38,19602789.38,215.466,16,402452867918.71,70432.42,3.1,3.1,5955711.0,324.0,0.0,MFN_APPLIED,PARTNER_SPECIFIC,1.0,India - Singapore CECA,In Force,FTA & EIA,Goods & Services,1,27,15,5,22,0,0,0
IND,SGP,Singapore,SG,702.0,Asia,South-eastern Asia,SGD,Singapore Dollar,847130,"Portable automatic data processing machines, weighing not more than 10 kg (Laptops)",2024,6065242792.67,2735869430.38,3329373362.29,-593503931.91,28651666.37,28651666.37,211.689,16,416136265427.95,72545.39,3.8,2.0,6015268.0,324.5,0.0,MFN_APPLIED,PARTNER_SPECIFIC,1.0,India - Singapore CECA,In Force,FTA & EIA,Goods & Services,1,27,15,5,22,0,0,0
IND,SGP,Singapore,SG,702.0,Asia,South-eastern Asia,SGD,Singapore Dollar,847130,"Portable automatic data processing machines, weighing not more than 10 kg (Laptops)",2025,4878526063.08,2422591287.33,2455934775.75,-33343488.42,24339249.61,24339249.61,200.4386,16,430284898452.5,74721.75,3.1,2.0,6075421.0,325.0,0.0,MFN_APPLIED,PARTNER_SPECIFIC,1.0,India - Singapore CECA,In Force,FTA & EIA,Goods & Services,1,27,15,5,22,0,0,0
IND,SGP,Singapore,SG,702.0,Asia,South-eastern Asia,SGD,Singapore Dollar,851712,Telephones for cellular networks or for other wireless networks,2015,922982247.73,409871032.01,513111215.72,-103240183.71,28058531.57,28058531.57,32.8949,16,308000000000.0,55600.0,3.1,2.0,5500000.0,320.0,0.0,MFN_APPLIED,PARTNER_SPECIFIC,1.0,India - Singapore CECA,In Force,FTA & EIA,Goods & Services,1,27,15,5,22,0,0,0
IND,SGP,Singapore,SG,702.0,Asia,South-eastern Asia,SGD,Singapore Dollar,851712,Telephones for cellular networks or for other wireless networks,2016,699944798.74,397946133.41,301998665.33,95947468.08,24682861.24,24682861.24,28.3575,16,318472000000.0,57268.0,3.8,2.0,5555000.0,320.5,0.0,MFN_APPLIED,PARTNER_SPECIFIC,1.0,India - Singapore CECA,In Force,FTA & EIA,Goods & Services,1,27,15,5,22,0,0,0
IND,SGP,Singapore,SG,702.0,Asia,South-eastern Asia,SGD,Singapore Dollar,851712,Telephones for cellular networks or for other wireless networks,2017,764754134.15,396862108.41,367892025.74,28970082.67,24500607.61,24500607.61,31.2137,16,329300048000.0,58986.04,3.1,2.0,5610550.0,321.0,0.0,MFN_APPLIED,PARTNER_SPECIFIC,1.0,India - Singapore CECA,In Force,FTA & EIA,Goods & Services,1,27,15,5,22,0,0,0
IND,SGP,Singapore,SG,702.0,Asia,South-eastern Asia,SGD,Singapore Dollar,851712,Telephones for cellular networks or for other wireless networks,2018,1131811987.42,521983835.67,609828151.75,-87844316.08,35342029.42,35342029.42,32.0245,16,340496249632.0,60755.62,3.8,2.0,5666655.0,321.5,0.0,MFN_APPLIED,PARTNER_SPECIFIC,1.0,India - Singapore CECA,In Force,FTA & EIA,Goods & Services,1,27,15,5,22,0,0,0
IND,SGP,Singapore,SG,702.0,Asia,South-eastern Asia,SGD,Singapore Dollar,851712,Telephones for cellular networks or for other wireless networks,2019,930809352.89,560666635.65,370142717.24,190523918.41,29812181.82,29812181.82,31.2224,16,352073122119.49,62578.29,3.1,2.0,5723322.0,322.0,0.0,MFN_APPLIED,PARTNER_SPECIFIC,1.0,India - Singapore CECA,In Force,FTA & EIA,Goods & Services,1,27,15,5,22,0,0,0
IND,SGP,Singapore,SG,702.0,Asia,South-eastern Asia,SGD,Singapore Dollar,851712,Telephones for cellular networks or for other wireless networks,2020,976640778.03,467035721.71,509605056.32,-42569334.61,29670248.53,29670248.53,32.9165,16,364043608271.55,64455.64,3.8,2.0,5780555.0,322.5,0.0,MFN_APPLIED,PARTNER_SPECIFIC,1.0,India - Singapore CECA,In Force,FTA & EIA,Goods & Services,1,27,15,5,22,0,0,0
IND,SGP,Singapore,SG,702.0,Asia,South-eastern Asia,SGD,Singapore Dollar,851712,Telephones for cellular networks or for other wireless networks,2021,933382965.98,308106963.73,625276002.25,-317169038.52,30457509.12,30457509.12,30.6454,16,376421090952.78,66389.31,3.1,2.0,5838360.0,323.0,0.0,MFN_APPLIED,PARTNER_SPECIFIC,1.0,India - Singapore CECA,In Force,FTA & EIA,Goods & Services,1,27,15,5,22,0,0,0
IND,SGP,Singapore,SG,702.0,Asia,South-eastern Asia,SGD,Singapore Dollar,851712,Telephones for cellular networks or for other wireless networks,2022,1221757410.14,483584570.14,738172840.0,-254588269.86,37330770.2,37330770.2,32.7279,16,389219408045.18,68380.99,3.8,3.1,5896744.0,323.5,0.0,MFN_APPLIED,PARTNER_SPECIFIC,1.0,India - Singapore CECA,In Force,FTA & EIA,Goods & Services,1,27,15,5,22,0,0,0
IND,SGP,Singapore,SG,702.0,Asia,South-eastern Asia,SGD,Singapore Dollar,851712,Telephones for cellular networks or for other wireless networks,2023,899631672.9,521763924.25,377867748.65,143896175.6,29811203.28,29811203.28,30.1776,16,402452867918.71,70432.42,3.1,3.1,5955711.0,324.0,0.0,MFN_APPLIED,PARTNER_SPECIFIC,1.0,India - Singapore CECA,In Force,FTA & EIA,Goods & Services,1,27,15,5,22,0,0,0
IND,SGP,Singapore,SG,702.0,Asia,South-eastern Asia,SGD,Singapore Dollar,851712,Telephones for cellular networks or for other wireless networks,2024,693284744.02,302201458.1,391083285.92,-88881827.82,21309907.92,21309907.92,32.5334,16,416136265427.95,72545.39,3.8,2.0,6015268.0,324.5,0.0,MFN_APPLIED,PARTNER_SPECIFIC,1.0,India - Singapore CECA,In Force,FTA & EIA,Goods & Services,1,27,15,5,22,0,0,0
IND,SGP,Singapore,SG,702.0,Asia,South-eastern Asia,SGD,Singapore Dollar,851712,Telephones for cellular networks or for other wireless networks,2025,889859724.36,545450650.33,344409074.03,201041576.3,31825787.81,31825787.81,27.9603,16,430284898452.5,74721.75,3.1,2.0,6075421.0,325.0,0.0,MFN_APPLIED,PARTNER_SPECIFIC,1.0,India - Singapore CECA,In Force,FTA & EIA,Goods & Services,1,27,15,5,22,0,0,0
IND,USA,United States of America,US,840.0,Americas,Northern America,USD,US Dollar,90411,Pepper of the genus Piper; neither crushed nor ground (Black Pepper),2015,82949585.76,38912220.44,44037365.32,-5125144.88,15706712.09,15706712.09,5.2812,16,18200000000000.0,56800.0,2.0,3.1,320000000.0,27.5,0.0,PREFERENTIAL,PARTNER_SPECIFIC,0.0,MFN Bilateral,No Bilateral RTA,,,0,20895,1765,2105,19117,0,0,0
IND,USA,United States of America,US,840.0,Americas,Northern America,USD,US Dollar,90411,Pepper of the genus Piper; neither crushed nor ground (Black Pepper),2016,98025708.53,54180663.3,43845045.23,10335618.07,18594881.78,18594881.78,5.2716,16,18618600000000.0,58504.0,2.7,3.1,323200000.0,28.0,0.0,PREFERENTIAL,PARTNER_SPECIFIC,0.0,MFN Bilateral,No Bilateral RTA,,,0,20895,1765,2105,19117,0,0,0
IND,USA,United States of America,US,840.0,Americas,Northern America,USD,US Dollar,90411,Pepper of the genus Piper; neither crushed nor ground (Black Pepper),2017,137925567.91,75805763.89,62119804.02,13685959.87,24899459.83,24899459.83,5.5393,16,19046827800000.0,60259.12,2.0,3.1,326432000.0,28.5,0.0,PREFERENTIAL,PARTNER_SPECIFIC,0.0,MFN Bilateral,No Bilateral RTA,,,0,20895,1765,2105,19117,0,0,0
IND,USA,United States of America,US,840.0,Americas,Northern America,USD,US Dollar,90411,Pepper of the genus Piper; neither crushed nor ground (Black Pepper),2018,126518833.49,79076847.32000001,47441986.17,31634861.15,23945405.94,23945405.94,5.2836,16,19484904839400.0,62066.89,2.7,3.1,329696320.0,29.0,0.0,PREFERENTIAL,PARTNER_SPECIFIC,0.0,MFN Bilateral,No Bilateral RTA,,,0,20895,1765,2105,19117,0,0,0
IND,USA,United States of America,US,840.0,Americas,Northern America,USD,US Dollar,90411,Pepper of the genus Piper; neither crushed nor ground (Black Pepper),2019,179274768.62,88119861.28,91154907.34,-3035046.06,33174437.37,33174437.37,5.404,16,19933057650706.19,63928.9,2.0,3.1,332993283.0,29.5,0.0,PREFERENTIAL,PARTNER_SPECIFIC,0.0,MFN Bilateral,No Bilateral RTA,,,0,20895,1765,2105,19117,0,0,0
IND,USA,United States of America,US,840.0,Americas,Northern America,USD,US Dollar,90411,Pepper of the genus Piper; neither crushed nor ground (Black Pepper),2020,150842353.24,80857448.58,69984904.66,10872543.92,28272285.34,28272285.34,5.3353,16,20391517976672.43,65846.77,2.7,3.1,336323216.0,30.0,0.0,PREFERENTIAL,PARTNER_SPECIFIC,0.0,MFN Bilateral,No Bilateral RTA,,,0,20895,1765,2105,19117,0,0,0
IND,USA,United States of America,US,840.0,Americas,Northern America,USD,US Dollar,90411,Pepper of the genus Piper; neither crushed nor ground (Black Pepper),2021,135031991.06,61819867.36,73212123.7,-11392256.34,25332774.09,25332774.09,5.3303,16,20860522890135.9,67822.17,2.0,3.1,339686448.0,30.5,0.0,PREFERENTIAL,PARTNER_SPECIFIC,0.0,MFN Bilateral,No Bilateral RTA,,,0,20895,1765,2105,19117,0,0,0
IND,USA,United States of America,US,840.0,Americas,Northern America,USD,US Dollar,90411,Pepper of the genus Piper; neither crushed nor ground (Black Pepper),2022,139760372.5,76850995.96,62909376.54,13941619.42,26347464.95,26347464.95,5.3045,16,21340314916609.02,69856.84,2.7,4.2,343083312.0,31.0,0.0,PREFERENTIAL,PARTNER_SPECIFIC,0.0,MFN Bilateral,No Bilateral RTA,,,0,20895,1765,2105,19117,0,0,0
IND,USA,United States of America,US,840.0,Americas,Northern America,USD,US Dollar,90411,Pepper of the genus Piper; neither crushed nor ground (Black Pepper),2023,216160220.6,107702762.51,108457458.09,-754695.58,40357240.28,40357240.28,5.3562,16,21831142159691.03,71952.54,2.0,4.2,346514145.0,31.5,0.0,PREFERENTIAL,PARTNER_SPECIFIC,0.0,MFN Bilateral,No Bilateral RTA,,,0,20895,1765,2105,19117,0,0,0
IND,USA,United States of America,US,840.0,Americas,Northern America,USD,US Dollar,90411,Pepper of the genus Piper; neither crushed nor ground (Black Pepper),2024,137114204.7,80981119.53,56133085.17,24848034.36,26309794.4,26309794.4,5.2115,16,22333258429363.92,74111.12,2.7,3.1,349979287.0,32.0,0.0,PREFERENTIAL,PARTNER_SPECIFIC,0.0,MFN Bilateral,No Bilateral RTA,,,0,20895,1765,2105,19117,0,0,0
IND,USA,United States of America,US,840.0,Americas,Northern America,USD,US Dollar,90411,Pepper of the genus Piper; neither crushed nor ground (Black Pepper),2025,222142084.31,113064389.03,109077695.28,3986693.75,39654048.6,39654048.6,5.602,16,22846923373239.29,76334.45,2.0,3.1,353479080.0,32.5,0.0,PREFERENTIAL,PARTNER_SPECIFIC,0.0,MFN Bilateral,No Bilateral RTA,,,0,20895,1765,2105,19117,0,0,0
IND,USA,United States of America,US,840.0,Americas,Northern America,USD,US Dollar,100630,"Semi-milled or wholly milled rice, whether or not polished or glazed (Basmati)",2015,32964388.92,20595580.23,12368808.69,8226771.54,25573125.3,25573125.3,1.289,16,18200000000000.0,56800.0,2.0,3.1,320000000.0,27.5,1.4,PREFERENTIAL,PARTNER_SPECIFIC,0.0,MFN Bilateral,No Bilateral RTA,,,0,20895,1765,2105,19117,0,0,0
IND,USA,United States of America,US,840.0,Americas,Northern America,USD,US Dollar,100630,"Semi-milled or wholly milled rice, whether or not polished or glazed (Basmati)",2016,32043105.36,18002795.05,14040310.31,3962484.74,25267140.22,25267140.22,1.2682,16,18618600000000.0,58504.0,2.7,3.1,323200000.0,28.0,1.4,PREFERENTIAL,PARTNER_SPECIFIC,0.0,MFN Bilateral,No Bilateral RTA,,,0,20895,1765,2105,19117,0,0,0
IND,USA,United States of America,US,840.0,Americas,Northern America,USD,US Dollar,100630,"Semi-milled or wholly milled rice, whether or not polished or glazed (Basmati)",2017,40282505.3,17139974.080000002,23142531.22,-6002557.14,31517678.31,31517678.31,1.2781,16,19046827800000.0,60259.12,2.0,3.1,326432000.0,28.5,1.4,PREFERENTIAL,PARTNER_SPECIFIC,0.0,MFN Bilateral,No Bilateral RTA,,,0,20895,1765,2105,19117,0,0,0
IND,USA,United States of America,US,840.0,Americas,Northern America,USD,US Dollar,100630,"Semi-milled or wholly milled rice, whether or not polished or glazed (Basmati)",2018,31625404.55,14635027.6,16990376.95,-2355349.35,25360472.05,25360472.05,1.247,16,19484904839400.0,62066.89,2.7,3.1,329696320.0,29.0,1.4,PREFERENTIAL,PARTNER_SPECIFIC,0.0,MFN Bilateral,No Bilateral RTA,,,0,20895,1765,2105,19117,0,0,0
IND,USA,United States of America,US,840.0,Americas,Northern America,USD,US Dollar,100630,"Semi-milled or wholly milled rice, whether or not polished or glazed (Basmati)",2019,37708239.0,21122171.85,16586067.15,4536104.7,28807287.28,28807287.28,1.309,16,19933057650706.19,63928.9,2.0,3.1,332993283.0,29.5,1.4,PREFERENTIAL,PARTNER_SPECIFIC,0.0,MFN Bilateral,No Bilateral RTA,,,0,20895,1765,2105,19117,0,0,0
IND,USA,United States of America,US,840.0,Americas,Northern America,USD,US Dollar,100630,"Semi-milled or wholly milled rice, whether or not polished or glazed (Basmati)",2020,34438369.95,20519171.48,13919198.47,6599973.01,27698010.47,27698010.47,1.2434,16,20391517976672.43,65846.77,2.7,3.1,336323216.0,30.0,1.4,PREFERENTIAL,PARTNER_SPECIFIC,0.0,MFN Bilateral,No Bilateral RTA,,,0,20895,1765,2105,19117,0,0,0
IND,USA,United States of America,US,840.0,Americas,Northern America,USD,US Dollar,100630,"Semi-milled or wholly milled rice, whether or not polished or glazed (Basmati)",2021,31191959.4,12956544.35,18235415.05,-5278870.7,25133337.27,25133337.27,1.2411,16,20860522890135.9,67822.17,2.0,3.1,339686448.0,30.5,1.4,PREFERENTIAL,PARTNER_SPECIFIC,0.0,MFN Bilateral,No Bilateral RTA,,,0,20895,1765,2105,19117,0,0,0
IND,USA,United States of America,US,840.0,Americas,Northern America,USD,US Dollar,100630,"Semi-milled or wholly milled rice, whether or not polished or glazed (Basmati)",2022,33177632.32,12924970.38,20252661.94,-7327691.56,25399270.46,25399270.46,1.3062,16,21340314916609.02,69856.84,2.7,4.2,343083312.0,31.0,1.4,PREFERENTIAL,PARTNER_SPECIFIC,0.0,MFN Bilateral,No Bilateral RTA,,,0,20895,1765,2105,19117,0,0,0
IND,USA,United States of America,US,840.0,Americas,Northern America,USD,US Dollar,100630,"Semi-milled or wholly milled rice, whether or not polished or glazed (Basmati)",2023,38512037.7,17480941.21,21031096.49,-3550155.28,29519857.51,29519857.51,1.3046,16,21831142159691.03,71952.54,2.0,4.2,346514145.0,31.5,1.4,PREFERENTIAL,PARTNER_SPECIFIC,0.0,MFN Bilateral,No Bilateral RTA,,,0,20895,1765,2105,19117,0,0,0
IND,USA,United States of America,US,840.0,Americas,Northern America,USD,US Dollar,100630,"Semi-milled or wholly milled rice, whether or not polished or glazed (Basmati)",2024,40524474.63,19093241.11,21431233.52,-2337992.41,31557123.34,31557123.34,1.2842,16,22333258429363.92,74111.12,2.7,3.1,349979287.0,32.0,1.4,PREFERENTIAL,PARTNER_SPECIFIC,0.0,MFN Bilateral,No Bilateral RTA,,,0,20895,1765,2105,19117,0,0,0
IND,USA,United States of America,US,840.0,Americas,Northern America,USD,US Dollar,100630,"Semi-milled or wholly milled rice, whether or not polished or glazed (Basmati)",2025,40541074.14,19662339.56,20878734.58,-1216395.02,30967466.25,30967466.25,1.3092,16,22846923373239.29,76334.45,2.0,3.1,353479080.0,32.5,1.4,PREFERENTIAL,PARTNER_SPECIFIC,0.0,MFN Bilateral,No Bilateral RTA,,,0,20895,1765,2105,19117,0,0,0
IND,USA,United States of America,US,840.0,Americas,Northern America,USD,US Dollar,271019,"Medium oils and preparations, of petroleum or bituminous minerals",2015,19065851.24,9429138.01,9636713.23,-207575.22,22684767.8,22684767.8,0.8405,16,18200000000000.0,56800.0,2.0,3.1,320000000.0,27.5,0.0,PREFERENTIAL,PARTNER_SPECIFIC,0.0,MFN Bilateral,No Bilateral RTA,,,0,20895,1765,2105,19117,0,0,0
IND,USA,United States of America,US,840.0,Americas,Northern America,USD,US Dollar,271019,"Medium oils and preparations, of petroleum or bituminous minerals",2016,22480322.23,12797427.6,9682894.63,3114532.97,26446413.0,26446413.0,0.85,16,18618600000000.0,58504.0,2.7,3.1,323200000.0,28.0,0.0,PREFERENTIAL,PARTNER_SPECIFIC,0.0,MFN Bilateral,No Bilateral RTA,,,0,20895,1765,2105,19117,0,0,0
IND,USA,United States of America,US,840.0,Americas,Northern America,USD,US Dollar,271019,"Medium oils and preparations, of petroleum or bituminous minerals",2017,17824946.83,10045400.56,7779546.27,2265854.29,21338946.08,21338946.08,0.8353,16,19046827800000.0,60259.12,2.0,3.1,326432000.0,28.5,0.0,PREFERENTIAL,PARTNER_SPECIFIC,0.0,MFN Bilateral,No Bilateral RTA,,,0,20895,1765,2105,19117,0,0,0
IND,USA,United States of America,US,840.0,Americas,Northern America,USD,US Dollar,271019,"Medium oils and preparations, of petroleum or bituminous minerals",2018,22023920.92,11408587.42,10615333.5,793253.92,25071586.39,25071586.39,0.8784,16,19484904839400.0,62066.89,2.7,3.1,329696320.0,29.0,0.0,PREFERENTIAL,PARTNER_SPECIFIC,0.0,MFN Bilateral,No Bilateral RTA,,,0,20895,1765,2105,19117,0,0,0
IND,USA,United States of America,US,840.0,Americas,Northern America,USD,US Dollar,271019,"Medium oils and preparations, of petroleum or bituminous minerals",2019,21043412.4,11275942.8,9767469.6,1508473.2,25660993.62,25660993.62,0.8201,16,19933057650706.19,63928.9,2.0,3.1,332993283.0,29.5,0.0,PREFERENTIAL,PARTNER_SPECIFIC,0.0,MFN Bilateral,No Bilateral RTA,,,0,20895,1765,2105,19117,0,0,0
IND,USA,United States of America,US,840.0,Americas,Northern America,USD,US Dollar,271019,"Medium oils and preparations, of petroleum or bituminous minerals",2020,21310100.51,12441513.56,8868586.95,3572926.61,25366430.76,25366430.76,0.8401,16,20391517976672.43,65846.77,2.7,3.1,336323216.0,30.0,0.0,PREFERENTIAL,PARTNER_SPECIFIC,0.0,MFN Bilateral,No Bilateral RTA,,,0,20895,1765,2105,19117,0,0,0
IND,USA,United States of America,US,840.0,Americas,Northern America,USD,US Dollar,271019,"Medium oils and preparations, of petroleum or bituminous minerals",2021,27380961.36,9944015.48,17436945.88,-7492930.4,32941744.99,32941744.99,0.8312,16,20860522890135.9,67822.17,2.0,3.1,339686448.0,30.5,0.0,PREFERENTIAL,PARTNER_SPECIFIC,0.0,MFN Bilateral,No Bilateral RTA,,,0,20895,1765,2105,19117,0,0,0
IND,USA,United States of America,US,840.0,Americas,Northern America,USD,US Dollar,271019,"Medium oils and preparations, of petroleum or bituminous minerals",2022,22751147.86,10868787.0,11882360.86,-1013573.86,26687227.16,26687227.16,0.8525,16,21340314916609.02,69856.84,2.7,4.2,343083312.0,31.0,0.0,PREFERENTIAL,PARTNER_SPECIFIC,0.0,MFN Bilateral,No Bilateral RTA,,,0,20895,1765,2105,19117,0,0,0
IND,USA,United States of America,US,840.0,Americas,Northern America,USD,US Dollar,271019,"Medium oils and preparations, of petroleum or bituminous minerals",2023,21718478.09,7787108.24,13931369.85,-6144261.61,25324902.96,25324902.96,0.8576,16,21831142159691.03,71952.54,2.0,4.2,346514145.0,31.5,0.0,PREFERENTIAL,PARTNER_SPECIFIC,0.0,MFN Bilateral,No Bilateral RTA,,,0,20895,1765,2105,19117,0,0,0
IND,USA,United States of America,US,840.0,Americas,Northern America,USD,US Dollar,271019,"Medium oils and preparations, of petroleum or bituminous minerals",2024,22249309.05,13788326.02,8460983.03,5327342.99,26090573.01,26090573.01,0.8528,16,22333258429363.92,74111.12,2.7,3.1,349979287.0,32.0,0.0,PREFERENTIAL,PARTNER_SPECIFIC,0.0,MFN Bilateral,No Bilateral RTA,,,0,20895,1765,2105,19117,0,0,0
IND,USA,United States of America,US,840.0,Americas,Northern America,USD,US Dollar,271019,"Medium oils and preparations, of petroleum or bituminous minerals",2025,32163701.68,15264262.2,16899439.48,-1635177.28,38156873.36,38156873.36,0.8429,16,22846923373239.29,76334.45,2.0,3.1,353479080.0,32.5,0.0,PREFERENTIAL,PARTNER_SPECIFIC,0.0,MFN Bilateral,No Bilateral RTA,,,0,20895,1765,2105,19117,0,0,0
IND,USA,United States of America,US,840.0,Americas,Northern America,USD,US Dollar,300490,Medicaments consisting of mixed or unmixed products for therapeutic uses,2015,235204236.29,122816794.79,112387441.5,10429353.29,21921703.75,21921703.75,10.7293,16,18200000000000.0,56800.0,2.0,3.1,320000000.0,27.5,0.0,PREFERENTIAL,PARTNER_SPECIFIC,0.0,MFN Bilateral,No Bilateral RTA,,,0,20895,1765,2105,19117,0,0,0
IND,USA,United States of America,US,840.0,Americas,Northern America,USD,US Dollar,300490,Medicaments consisting of mixed or unmixed products for therapeutic uses,2016,225276311.38,114340185.47,110936125.91,3404059.56,21099803.35,21099803.35,10.6767,16,18618600000000.0,58504.0,2.7,3.1,323200000.0,28.0,0.0,PREFERENTIAL,PARTNER_SPECIFIC,0.0,MFN Bilateral,No Bilateral RTA,,,0,20895,1765,2105,19117,0,0,0
IND,USA,United States of America,US,840.0,Americas,Northern America,USD,US Dollar,300490,Medicaments consisting of mixed or unmixed products for therapeutic uses,2017,216089147.54,92014127.79,124075019.75,-32060891.96,19823087.35,19823087.35,10.9009,16,19046827800000.0,60259.12,2.0,3.1,326432000.0,28.5,0.0,PREFERENTIAL,PARTNER_SPECIFIC,0.0,MFN Bilateral,No Bilateral RTA,,,0,20895,1765,2105,19117,0,0,0
IND,USA,United States of America,US,840.0,Americas,Northern America,USD,US Dollar,300490,Medicaments consisting of mixed or unmixed products for therapeutic uses,2018,307395201.7,153539874.57999998,153855327.12,-315452.54,26601462.48,26601462.48,11.5556,16,19484904839400.0,62066.89,2.7,3.1,329696320.0,29.0,0.0,PREFERENTIAL,PARTNER_SPECIFIC,0.0,MFN Bilateral,No Bilateral RTA,,,0,20895,1765,2105,19117,0,0,0
IND,USA,United States of America,US,840.0,Americas,Northern America,USD,US Dollar,300490,Medicaments consisting of mixed or unmixed products for therapeutic uses,2019,347023908.49,189168582.15,157855326.34,31313255.81,29278586.4,29278586.4,11.8525,16,19933057650706.19,63928.9,2.0,3.1,332993283.0,29.5,0.0,PREFERENTIAL,PARTNER_SPECIFIC,0.0,MFN Bilateral,No Bilateral RTA,,,0,20895,1765,2105,19117,0,0,0
IND,USA,United States of America,US,840.0,Americas,Northern America,USD,US Dollar,300490,Medicaments consisting of mixed or unmixed products for therapeutic uses,2020,302041412.22,177432915.0,124608497.22,52824417.78,28045846.84,28045846.84,10.7696,16,20391517976672.43,65846.77,2.7,3.1,336323216.0,30.0,0.0,PREFERENTIAL,PARTNER_SPECIFIC,0.0,MFN Bilateral,No Bilateral RTA,,,0,20895,1765,2105,19117,0,0,0
IND,USA,United States of America,US,840.0,Americas,Northern America,USD,US Dollar,300490,Medicaments consisting of mixed or unmixed products for therapeutic uses,2021,353461007.53,182917633.32,170543374.21,12374259.11,30682695.68,30682695.68,11.5199,16,20860522890135.9,67822.17,2.0,3.1,339686448.0,30.5,0.0,PREFERENTIAL,PARTNER_SPECIFIC,0.0,MFN Bilateral,No Bilateral RTA,,,0,20895,1765,2105,19117,0,0,0
IND,USA,United States of America,US,840.0,Americas,Northern America,USD,US Dollar,300490,Medicaments consisting of mixed or unmixed products for therapeutic uses,2022,334285294.58,174052539.93,160232754.65,13819785.28,32117522.1,32117522.1,10.4082,16,21340314916609.02,69856.84,2.7,4.2,343083312.0,31.0,0.0,PREFERENTIAL,PARTNER_SPECIFIC,0.0,MFN Bilateral,No Bilateral RTA,,,0,20895,1765,2105,19117,0,0,0
IND,USA,United States of America,US,840.0,Americas,Northern America,USD,US Dollar,300490,Medicaments consisting of mixed or unmixed products for therapeutic uses,2023,300899858.34,127165087.68,173734770.66,-46569682.98,25128873.3,25128873.3,11.9743,16,21831142159691.03,71952.54,2.0,4.2,346514145.0,31.5,0.0,PREFERENTIAL,PARTNER_SPECIFIC,0.0,MFN Bilateral,No Bilateral RTA,,,0,20895,1765,2105,19117,0,0,0
IND,USA,United States of America,US,840.0,Americas,Northern America,USD,US Dollar,300490,Medicaments consisting of mixed or unmixed products for therapeutic uses,2024,303719990.62,177296437.2,126423553.42,50872883.78,26552027.15,26552027.15,11.4387,16,22333258429363.92,74111.12,2.7,3.1,349979287.0,32.0,0.0,PREFERENTIAL,PARTNER_SPECIFIC,0.0,MFN Bilateral,No Bilateral RTA,,,0,20895,1765,2105,19117,0,0,0
IND,USA,United States of America,US,840.0,Americas,Northern America,USD,US Dollar,300490,Medicaments consisting of mixed or unmixed products for therapeutic uses,2025,371482976.86,189912892.8,181570084.06,8342808.74,31807580.9,31807580.9,11.6791,16,22846923373239.29,76334.45,2.0,3.1,353479080.0,32.5,0.0,PREFERENTIAL,PARTNER_SPECIFIC,0.0,MFN Bilateral,No Bilateral RTA,,,0,20895,1765,2105,19117,0,0,0
IND,USA,United States of America,US,840.0,Americas,Northern America,USD,US Dollar,520512,"Single cotton yarn, of uncombed fibres, measuring < 714.29 dtex but >= 232.56 dtex",2015,89762298.54,40513738.26,49248560.28,-8734822.02,24449237.62,24449237.62,3.6714,16,18200000000000.0,56800.0,2.0,3.1,320000000.0,27.5,4.5,PREFERENTIAL,PARTNER_SPECIFIC,0.0,MFN Bilateral,No Bilateral RTA,,,0,20895,1765,2105,19117,0,0,0
IND,USA,United States of America,US,840.0,Americas,Northern America,USD,US Dollar,520512,"Single cotton yarn, of uncombed fibres, measuring < 714.29 dtex but >= 232.56 dtex",2016,81301541.08,39176925.5,42124615.58,-2947690.08,21561652.16,21561652.16,3.7707,16,18618600000000.0,58504.0,2.7,3.1,323200000.0,28.0,4.5,PREFERENTIAL,PARTNER_SPECIFIC,0.0,MFN Bilateral,No Bilateral RTA,,,0,20895,1765,2105,19117,0,0,0
IND,USA,United States of America,US,840.0,Americas,Northern America,USD,US Dollar,520512,"Single cotton yarn, of uncombed fibres, measuring < 714.29 dtex but >= 232.56 dtex",2017,96358237.55,48993213.49,47365024.06,1628189.43,26368372.71,26368372.71,3.6543,16,19046827800000.0,60259.12,2.0,3.1,326432000.0,28.5,4.5,PREFERENTIAL,PARTNER_SPECIFIC,0.0,MFN Bilateral,No Bilateral RTA,,,0,20895,1765,2105,19117,0,0,0
IND,USA,United States of America,US,840.0,Americas,Northern America,USD,US Dollar,520512,"Single cotton yarn, of uncombed fibres, measuring < 714.29 dtex but >= 232.56 dtex",2018,69665449.44,39452352.9,30213096.54,9239256.36,19163665.57,19163665.57,3.6353,16,19484904839400.0,62066.89,2.7,3.1,329696320.0,29.0,4.5,PREFERENTIAL,PARTNER_SPECIFIC,0.0,MFN Bilateral,No Bilateral RTA,,,0,20895,1765,2105,19117,0,0,0
IND,USA,United States of America,US,840.0,Americas,Northern America,USD,US Dollar,520512,"Single cotton yarn, of uncombed fibres, measuring < 714.29 dtex but >= 232.56 dtex",2019,116571512.46,76563267.15,40008245.31,36555021.84,31330271.27,31330271.27,3.7207,16,19933057650706.19,63928.9,2.0,3.1,332993283.0,29.5,4.5,PREFERENTIAL,PARTNER_SPECIFIC,0.0,MFN Bilateral,No Bilateral RTA,,,0,20895,1765,2105,19117,0,0,0
IND,USA,United States of America,US,840.0,Americas,Northern America,USD,US Dollar,520512,"Single cotton yarn, of uncombed fibres, measuring < 714.29 dtex but >= 232.56 dtex",2020,88692902.87,51004375.41,37688527.45999999,13315847.95,23524112.69,23524112.69,3.7703,16,20391517976672.43,65846.77,2.7,3.1,336323216.0,30.0,4.5,PREFERENTIAL,PARTNER_SPECIFIC,0.0,MFN Bilateral,No Bilateral RTA,,,0,20895,1765,2105,19117,0,0,0
IND,USA,United States of America,US,840.0,Americas,Northern America,USD,US Dollar,520512,"Single cotton yarn, of uncombed fibres, measuring < 714.29 dtex but >= 232.56 dtex",2021,117523699.81,55890291.48,61633408.33,-5743116.85,32474349.96,32474349.96,3.619,16,20860522890135.9,67822.17,2.0,3.1,339686448.0,30.5,4.5,PREFERENTIAL,PARTNER_SPECIFIC,0.0,MFN Bilateral,No Bilateral RTA,,,0,20895,1765,2105,19117,0,0,0
IND,USA,United States of America,US,840.0,Americas,Northern America,USD,US Dollar,520512,"Single cotton yarn, of uncombed fibres, measuring < 714.29 dtex but >= 232.56 dtex",2022,94928190.09,58072161.14,36856028.95,21216132.19,24962572.17,24962572.17,3.8028,16,21340314916609.02,69856.84,2.7,4.2,343083312.0,31.0,4.5,PREFERENTIAL,PARTNER_SPECIFIC,0.0,MFN Bilateral,No Bilateral RTA,,,0,20895,1765,2105,19117,0,0,0
IND,USA,United States of America,US,840.0,Americas,Northern America,USD,US Dollar,520512,"Single cotton yarn, of uncombed fibres, measuring < 714.29 dtex but >= 232.56 dtex",2023,99287701.99,50623644.44,48664057.55,1959586.89,26695456.84,26695456.84,3.7193,16,21831142159691.03,71952.54,2.0,4.2,346514145.0,31.5,4.5,PREFERENTIAL,PARTNER_SPECIFIC,0.0,MFN Bilateral,No Bilateral RTA,,,0,20895,1765,2105,19117,0,0,0
IND,USA,United States of America,US,840.0,Americas,Northern America,USD,US Dollar,520512,"Single cotton yarn, of uncombed fibres, measuring < 714.29 dtex but >= 232.56 dtex",2024,99502495.04,35124932.93,64377562.11,-29252629.18,28345112.57,28345112.57,3.5104,16,22333258429363.92,74111.12,2.7,3.1,349979287.0,32.0,4.5,PREFERENTIAL,PARTNER_SPECIFIC,0.0,MFN Bilateral,No Bilateral RTA,,,0,20895,1765,2105,19117,0,0,0
IND,USA,United States of America,US,840.0,Americas,Northern America,USD,US Dollar,520512,"Single cotton yarn, of uncombed fibres, measuring < 714.29 dtex but >= 232.56 dtex",2025,113131788.04,61789388.46,51342399.58,10446988.88,31346999.62,31346999.62,3.609,16,22846923373239.29,76334.45,2.0,3.1,353479080.0,32.5,4.5,PREFERENTIAL,PARTNER_SPECIFIC,0.0,MFN Bilateral,No Bilateral RTA,,,0,20895,1765,2105,19117,0,0,0
IND,USA,United States of America,US,840.0,Americas,Northern America,USD,US Dollar,711319,"Articles of jewellery and parts thereof, of precious metal other than silver",2015,1016212589296.85,428888065177.03,587324524119.8201,-158436458942.79,23341291.08,23341291.08,43537.1199,16,18200000000000.0,56800.0,2.0,3.1,320000000.0,27.5,5.5,PREFERENTIAL,PARTNER_SPECIFIC,0.0,MFN Bilateral,No Bilateral RTA,,,0,20895,1765,2105,19117,0,0,0
IND,USA,United States of America,US,840.0,Americas,Northern America,USD,US Dollar,711319,"Articles of jewellery and parts thereof, of precious metal other than silver",2016,1344173133114.02,699655898657.96,644517234456.06,55138664201.9,31081343.19,31081343.19,43246.9448,16,18618600000000.0,58504.0,2.7,3.1,323200000.0,28.0,5.5,PREFERENTIAL,PARTNER_SPECIFIC,0.0,MFN Bilateral,No Bilateral RTA,,,0,20895,1765,2105,19117,0,0,0
IND,USA,United States of America,US,840.0,Americas,Northern America,USD,US Dollar,711319,"Articles of jewellery and parts thereof, of precious metal other than silver",2017,914988228309.16,398427816511.7,516560411797.46,-118132595285.76,21395345.05,21395345.05,42765.7617,16,19046827800000.0,60259.12,2.0,3.1,326432000.0,28.5,5.5,PREFERENTIAL,PARTNER_SPECIFIC,0.0,MFN Bilateral,No Bilateral RTA,,,0,20895,1765,2105,19117,0,0,0
IND,USA,United States of America,US,840.0,Americas,Northern America,USD,US Dollar,711319,"Articles of jewellery and parts thereof, of precious metal other than silver",2018,842684763289.43,395146958141.28,447537805148.15,-52390847006.87,20254052.99,20254052.99,41605.7351,16,19484904839400.0,62066.89,2.7,3.1,329696320.0,29.0,5.5,PREFERENTIAL,PARTNER_SPECIFIC,0.0,MFN Bilateral,No Bilateral RTA,,,0,20895,1765,2105,19117,0,0,0
IND,USA,United States of America,US,840.0,Americas,Northern America,USD,US Dollar,711319,"Articles of jewellery and parts thereof, of precious metal other than silver",2019,1178987261624.39,558506081924.58,620481179699.81,-61975097775.23,26832579.75,26832579.75,43938.6474,16,19933057650706.19,63928.9,2.0,3.1,332993283.0,29.5,5.5,PREFERENTIAL,PARTNER_SPECIFIC,0.0,MFN Bilateral,No Bilateral RTA,,,0,20895,1765,2105,19117,0,0,0
IND,USA,United States of America,US,840.0,Americas,Northern America,USD,US Dollar,711319,"Articles of jewellery and parts thereof, of precious metal other than silver",2020,1273109157322.15,723325534744.84,549783622577.31,173541912167.53,29323263.97,29323263.97,43416.3522,16,20391517976672.43,65846.77,2.7,3.1,336323216.0,30.0,5.5,PREFERENTIAL,PARTNER_SPECIFIC,0.0,MFN Bilateral,No Bilateral RTA,,,0,20895,1765,2105,19117,0,0,0
IND,USA,United States of America,US,840.0,Americas,Northern America,USD,US Dollar,711319,"Articles of jewellery and parts thereof, of precious metal other than silver",2021,1377335709712.04,654561929975.86,722773779736.18,-68211849760.32,31862911.86,31862911.86,43226.9253,16,20860522890135.9,67822.17,2.0,3.1,339686448.0,30.5,5.5,PREFERENTIAL,PARTNER_SPECIFIC,0.0,MFN Bilateral,No Bilateral RTA,,,0,20895,1765,2105,19117,0,0,0
IND,USA,United States of America,US,840.0,Americas,Northern America,USD,US Dollar,711319,"Articles of jewellery and parts thereof, of precious metal other than silver",2022,1117252660178.71,488809757394.23,628442902784.48,-139633145390.25,26391249.29,26391249.29,42334.2089,16,21340314916609.02,69856.84,2.7,4.2,343083312.0,31.0,5.5,PREFERENTIAL,PARTNER_SPECIFIC,0.0,MFN Bilateral,No Bilateral RTA,,,0,20895,1765,2105,19117,0,0,0
IND,USA,United States of America,US,840.0,Americas,Northern America,USD,US Dollar,711319,"Articles of jewellery and parts thereof, of precious metal other than silver",2023,1429881561525.39,656692763548.77,773188797976.62,-116496034427.85,34759190.04,34759190.04,41136.7917,16,21831142159691.03,71952.54,2.0,4.2,346514145.0,31.5,5.5,PREFERENTIAL,PARTNER_SPECIFIC,0.0,MFN Bilateral,No Bilateral RTA,,,0,20895,1765,2105,19117,0,0,0
IND,USA,United States of America,US,840.0,Americas,Northern America,USD,US Dollar,711319,"Articles of jewellery and parts thereof, of precious metal other than silver",2024,1605487021777.73,743764187714.64,861722834063.09,-117958646348.45,37005910.64,37005910.64,43384.6106,16,22333258429363.92,74111.12,2.7,3.1,349979287.0,32.0,5.5,PREFERENTIAL,PARTNER_SPECIFIC,0.0,MFN Bilateral,No Bilateral RTA,,,0,20895,1765,2105,19117,0,0,0
IND,USA,United States of America,US,840.0,Americas,Northern America,USD,US Dollar,711319,"Articles of jewellery and parts thereof, of precious metal other than silver",2025,1821117299238.09,994655834498.42,826461464739.67,168194369758.75,42626290.86,42626290.86,42722.8657,16,22846923373239.29,76334.45,2.0,3.1,353479080.0,32.5,5.5,PREFERENTIAL,PARTNER_SPECIFIC,0.0,MFN Bilateral,No Bilateral RTA,,,0,20895,1765,2105,19117,0,0,0
IND,USA,United States of America,US,840.0,Americas,Northern America,USD,US Dollar,847130,"Portable automatic data processing machines, weighing not more than 10 kg (Laptops)",2015,5529021861.34,2870977800.03,2658044061.31,212933738.72,26060908.04,26060908.04,212.1577,16,18200000000000.0,56800.0,2.0,3.1,320000000.0,27.5,0.0,MFN_APPLIED,PARTNER_SPECIFIC,0.0,MFN Bilateral,No Bilateral RTA,,,0,20895,1765,2105,19117,0,0,0
IND,USA,United States of America,US,840.0,Americas,Northern America,USD,US Dollar,847130,"Portable automatic data processing machines, weighing not more than 10 kg (Laptops)",2016,4839717317.16,1852124242.32,2987593074.84,-1135468832.52,21999964.3,21999964.3,219.9875,16,18618600000000.0,58504.0,2.7,3.1,323200000.0,28.0,0.0,MFN_APPLIED,PARTNER_SPECIFIC,0.0,MFN Bilateral,No Bilateral RTA,,,0,20895,1765,2105,19117,0,0,0
IND,USA,United States of America,US,840.0,Americas,Northern America,USD,US Dollar,847130,"Portable automatic data processing machines, weighing not more than 10 kg (Laptops)",2017,5367950973.86,2781398133.56,2586552840.3,194845293.26,24754161.48,24754161.48,216.8504,16,19046827800000.0,60259.12,2.0,3.1,326432000.0,28.5,0.0,MFN_APPLIED,PARTNER_SPECIFIC,0.0,MFN Bilateral,No Bilateral RTA,,,0,20895,1765,2105,19117,0,0,0
IND,USA,United States of America,US,840.0,Americas,Northern America,USD,US Dollar,847130,"Portable automatic data processing machines, weighing not more than 10 kg (Laptops)",2018,3668571480.61,2044141248.79,1624430231.82,419711016.97,18368014.41,18368014.41,199.7261,16,19484904839400.0,62066.89,2.7,3.1,329696320.0,29.0,0.0,MFN_APPLIED,PARTNER_SPECIFIC,0.0,MFN Bilateral,No Bilateral RTA,,,0,20895,1765,2105,19117,0,0,0
IND,USA,United States of America,US,840.0,Americas,Northern America,USD,US Dollar,847130,"Portable automatic data processing machines, weighing not more than 10 kg (Laptops)",2019,3948538805.66,1675566482.92,2272972322.74,-597405839.82,20128244.76,20128244.76,196.1691,16,19933057650706.19,63928.9,2.0,3.1,332993283.0,29.5,0.0,MFN_APPLIED,PARTNER_SPECIFIC,0.0,MFN Bilateral,No Bilateral RTA,,,0,20895,1765,2105,19117,0,0,0
IND,USA,United States of America,US,840.0,Americas,Northern America,USD,US Dollar,847130,"Portable automatic data processing machines, weighing not more than 10 kg (Laptops)",2020,5979189467.87,3399927745.26,2579261722.61,820666022.65,28355635.94,28355635.94,210.8642,16,20391517976672.43,65846.77,2.7,3.1,336323216.0,30.0,0.0,MFN_APPLIED,PARTNER_SPECIFIC,0.0,MFN Bilateral,No Bilateral RTA,,,0,20895,1765,2105,19117,0,0,0
IND,USA,United States of America,US,840.0,Americas,Northern America,USD,US Dollar,847130,"Portable automatic data processing machines, weighing not more than 10 kg (Laptops)",2021,4787268019.32,2162002868.76,2625265150.56,-463262281.8,25674123.1,25674123.1,186.4628,16,20860522890135.9,67822.17,2.0,3.1,339686448.0,30.5,0.0,MFN_APPLIED,PARTNER_SPECIFIC,0.0,MFN Bilateral,No Bilateral RTA,,,0,20895,1765,2105,19117,0,0,0
IND,USA,United States of America,US,840.0,Americas,Northern America,USD,US Dollar,847130,"Portable automatic data processing machines, weighing not more than 10 kg (Laptops)",2022,6601682369.47,3290738539.48,3310943829.99,-20205290.51,35520140.24,35520140.24,185.8574,16,21340314916609.02,69856.84,2.7,4.2,343083312.0,31.0,0.0,MFN_APPLIED,PARTNER_SPECIFIC,0.0,MFN Bilateral,No Bilateral RTA,,,0,20895,1765,2105,19117,0,0,0
IND,USA,United States of America,US,840.0,Americas,Northern America,USD,US Dollar,847130,"Portable automatic data processing machines, weighing not more than 10 kg (Laptops)",2023,5491726533.03,2449980673.9,3041745859.13,-591765185.23,28541380.04,28541380.04,192.4128,16,21831142159691.03,71952.54,2.0,4.2,346514145.0,31.5,0.0,MFN_APPLIED,PARTNER_SPECIFIC,0.0,MFN Bilateral,No Bilateral RTA,,,0,20895,1765,2105,19117,0,0,0
IND,USA,United States of America,US,840.0,Americas,Northern America,USD,US Dollar,847130,"Portable automatic data processing machines, weighing not more than 10 kg (Laptops)",2024,5777016571.66,3020091167.81,2756925403.85,263165763.96,29617298.98,29617298.98,195.0555,16,22333258429363.92,74111.12,2.7,3.1,349979287.0,32.0,0.0,MFN_APPLIED,PARTNER_SPECIFIC,0.0,MFN Bilateral,No Bilateral RTA,,,0,20895,1765,2105,19117,0,0,0
IND,USA,United States of America,US,840.0,Americas,Northern America,USD,US Dollar,847130,"Portable automatic data processing machines, weighing not more than 10 kg (Laptops)",2025,6715631516.14,3424799295.85,3290832220.29,133967075.56,34104250.06,34104250.06,196.9148,16,22846923373239.29,76334.45,2.0,3.1,353479080.0,32.5,0.0,MFN_APPLIED,PARTNER_SPECIFIC,0.0,MFN Bilateral,No Bilateral RTA,,,0,20895,1765,2105,19117,0,0,0
IND,USA,United States of America,US,840.0,Americas,Northern America,USD,US Dollar,851712,Telephones for cellular networks or for other wireless networks,2015,620965194.55,357475389.09000003,263489805.46,93985583.63,22462564.31,22462564.31,27.6444,16,18200000000000.0,56800.0,2.0,3.1,320000000.0,27.5,0.0,MFN_APPLIED,PARTNER_SPECIFIC,0.0,MFN Bilateral,No Bilateral RTA,,,0,20895,1765,2105,19117,0,0,0
IND,USA,United States of America,US,840.0,Americas,Northern America,USD,US Dollar,851712,Telephones for cellular networks or for other wireless networks,2016,655208347.59,272784566.23,382423781.36,-109639215.13,25506147.0,25506147.0,25.6883,16,18618600000000.0,58504.0,2.7,3.1,323200000.0,28.0,0.0,MFN_APPLIED,PARTNER_SPECIFIC,0.0,MFN Bilateral,No Bilateral RTA,,,0,20895,1765,2105,19117,0,0,0
IND,USA,United States of America,US,840.0,Americas,Northern America,USD,US Dollar,851712,Telephones for cellular networks or for other wireless networks,2017,623214834.02,355137594.5,268077239.52,87060354.98,19303074.02,19303074.02,32.2858,16,19046827800000.0,60259.12,2.0,3.1,326432000.0,28.5,0.0,MFN_APPLIED,PARTNER_SPECIFIC,0.0,MFN Bilateral,No Bilateral RTA,,,0,20895,1765,2105,19117,0,0,0
IND,USA,United States of America,US,840.0,Americas,Northern America,USD,US Dollar,851712,Telephones for cellular networks or for other wireless networks,2018,624980610.57,222349520.09,402631090.48,-180281570.39,20656220.92,20656220.92,30.2563,16,19484904839400.0,62066.89,2.7,3.1,329696320.0,29.0,0.0,MFN_APPLIED,PARTNER_SPECIFIC,0.0,MFN Bilateral,No Bilateral RTA,,,0,20895,1765,2105,19117,0,0,0
IND,USA,United States of America,US,840.0,Americas,Northern America,USD,US Dollar,851712,Telephones for cellular networks or for other wireless networks,2019,663710211.62,243879394.34,419830817.28,-175951422.94,22820429.35,22820429.35,29.084,16,19933057650706.19,63928.9,2.0,3.1,332993283.0,29.5,0.0,MFN_APPLIED,PARTNER_SPECIFIC,0.0,MFN Bilateral,No Bilateral RTA,,,0,20895,1765,2105,19117,0,0,0
IND,USA,United States of America,US,840.0,Americas,Northern America,USD,US Dollar,851712,Telephones for cellular networks or for other wireless networks,2020,814815919.69,544420597.66,270395322.03,274025275.63,26359368.4,26359368.4,30.9118,16,20391517976672.43,65846.77,2.7,3.1,336323216.0,30.0,0.0,MFN_APPLIED,PARTNER_SPECIFIC,0.0,MFN Bilateral,No Bilateral RTA,,,0,20895,1765,2105,19117,0,0,0
IND,USA,United States of America,US,840.0,Americas,Northern America,USD,US Dollar,851712,Telephones for cellular networks or for other wireless networks,2021,621040634.72,337149243.05,283891391.67,53257851.38,20636656.77,20636656.77,30.0941,16,20860522890135.9,67822.17,2.0,3.1,339686448.0,30.5,0.0,MFN_APPLIED,PARTNER_SPECIFIC,0.0,MFN Bilateral,No Bilateral RTA,,,0,20895,1765,2105,19117,0,0,0
IND,USA,United States of America,US,840.0,Americas,Northern America,USD,US Dollar,851712,Telephones for cellular networks or for other wireless networks,2022,1006542863.12,603085808.16,403457054.96,199628753.2,29495834.39,29495834.39,34.1249,16,21340314916609.02,69856.84,2.7,4.2,343083312.0,31.0,0.0,MFN_APPLIED,PARTNER_SPECIFIC,0.0,MFN Bilateral,No Bilateral RTA,,,0,20895,1765,2105,19117,0,0,0
IND,USA,United States of America,US,840.0,Americas,Northern America,USD,US Dollar,851712,Telephones for cellular networks or for other wireless networks,2023,989475543.32,448029221.91,541446321.41,-93417099.5,32593511.56,32593511.56,30.3581,16,21831142159691.03,71952.54,2.0,4.2,346514145.0,31.5,0.0,MFN_APPLIED,PARTNER_SPECIFIC,0.0,MFN Bilateral,No Bilateral RTA,,,0,20895,1765,2105,19117,0,0,0
IND,USA,United States of America,US,840.0,Americas,Northern America,USD,US Dollar,851712,Telephones for cellular networks or for other wireless networks,2024,766083413.9,474172341.92,291911071.98,182261269.94,24489245.34,24489245.34,31.2824,16,22333258429363.92,74111.12,2.7,3.1,349979287.0,32.0,0.0,MFN_APPLIED,PARTNER_SPECIFIC,0.0,MFN Bilateral,No Bilateral RTA,,,0,20895,1765,2105,19117,0,0,0
IND,USA,United States of America,US,840.0,Americas,Northern America,USD,US Dollar,851712,Telephones for cellular networks or for other wireless networks,2025,1331976942.0,559689257.71,772287684.29,-212598426.58,39060828.03,39060828.03,34.1001,16,22846923373239.29,76334.45,2.0,3.1,353479080.0,32.5,0.0,MFN_APPLIED,PARTNER_SPECIFIC,0.0,MFN Bilateral,No Bilateral RTA,,,0,20895,1765,2105,19117,0,0,0
IND,WLD,,,,,,,,90411,Pepper of the genus Piper; neither crushed nor ground (Black Pepper),2015,157298627.51,76773446.86,80525180.65,-3751733.79,29584662.41,29584662.41,5.3169,18,,,,,,,15.0,MFN_APPLIED,MFN/WORLD,,,,,,0,0,0,0,0,0,0,0
IND,WLD,,,,,,,,90411,Pepper of the genus Piper; neither crushed nor ground (Black Pepper),2016,160473690.91,90230811.47,70242879.44,19987932.03,30650731.3,30650731.3,5.2356,18,,,,,,,15.0,MFN_APPLIED,MFN/WORLD,,,,,,0,0,0,0,0,0,0,0
IND,WLD,,,,,,,,90411,Pepper of the genus Piper; neither crushed nor ground (Black Pepper),2017,160860643.68,74031634.36,86829009.32000001,-12797374.96,30121589.78,30121589.78,5.3404,18,,,,,,,15.0,MFN_APPLIED,MFN/WORLD,,,,,,0,0,0,0,0,0,0,0
IND,WLD,,,,,,,,90411,Pepper of the genus Piper; neither crushed nor ground (Black Pepper),2018,129436554.13,71285829.39,58150724.74,13135104.65,24632909.58,24632909.58,5.2546,18,,,,,,,15.0,MFN_APPLIED,MFN/WORLD,,,,,,0,0,0,0,0,0,0,0
IND,WLD,,,,,,,,90411,Pepper of the genus Piper; neither crushed nor ground (Black Pepper),2019,155721741.84,66949825.76,88771916.08,-21822090.32,28778836.94,28778836.94,5.411,18,,,,,,,15.0,MFN_APPLIED,MFN/WORLD,,,,,,0,0,0,0,0,0,0,0
IND,WLD,,,,,,,,90411,Pepper of the genus Piper; neither crushed nor ground (Black Pepper),2020,135238235.08,40930050.07,94308185.01,-53378134.94,25221480.51,25221480.51,5.362,18,,,,,,,15.0,MFN_APPLIED,MFN/WORLD,,,,,,0,0,0,0,0,0,0,0
IND,WLD,,,,,,,,90411,Pepper of the genus Piper; neither crushed nor ground (Black Pepper),2021,203850173.36,126942329.11,76907844.25,50034484.86,38962266.94,38962266.94,5.232,18,,,,,,,15.0,MFN_APPLIED,MFN/WORLD,,,,,,0,0,0,0,0,0,0,0
IND,WLD,,,,,,,,90411,Pepper of the genus Piper; neither crushed nor ground (Black Pepper),2022,205595753.05,115805212.88,89790540.17,26014672.71,39059993.79,39059993.79,5.2636,18,,,,,,,15.0,MFN_APPLIED,MFN/WORLD,,,,,,0,0,0,0,0,0,0,0
IND,WLD,,,,,,,,90411,Pepper of the genus Piper; neither crushed nor ground (Black Pepper),2023,174495523.98,98322326.75,76173197.23,22149129.52,32726526.2,32726526.2,5.3319,18,,,,,,,15.0,MFN_APPLIED,MFN/WORLD,,,,,,0,0,0,0,0,0,0,0
IND,WLD,,,,,,,,90411,Pepper of the genus Piper; neither crushed nor ground (Black Pepper),2024,184465743.26,91154449.45,93311293.81,-2156844.36,33350203.47,33350203.47,5.5312,18,,,,,,,15.0,MFN_APPLIED,MFN/WORLD,,,,,,0,0,0,0,0,0,0,0
IND,WLD,,,,,,,,90411,Pepper of the genus Piper; neither crushed nor ground (Black Pepper),2025,217817992.74,124025610.82,93792381.92,30233228.9,40306836.86,40306836.86,5.404,18,,,,,,,15.0,MFN_APPLIED,MFN/WORLD,,,,,,0,0,0,0,0,0,0,0
IND,WLD,,,,,,,,100630,"Semi-milled or wholly milled rice, whether or not polished or glazed (Basmati)",2015,35062091.71,19026003.53,16036088.18,2989915.35,26836317.66,26836317.66,1.3065,18,,,,,,,10.0,MFN_APPLIED,MFN/WORLD,,,,,,0,0,0,0,0,0,0,0
IND,WLD,,,,,,,,100630,"Semi-milled or wholly milled rice, whether or not polished or glazed (Basmati)",2016,37025872.71,19512163.09,17513709.62,1998453.47,28117967.64,28117967.64,1.3168,18,,,,,,,10.0,MFN_APPLIED,MFN/WORLD,,,,,,0,0,0,0,0,0,0,0
IND,WLD,,,,,,,,100630,"Semi-milled or wholly milled rice, whether or not polished or glazed (Basmati)",2017,40335494.15,23601050.8,16734443.35,6866607.45,31989569.43,31989569.43,1.2609,18,,,,,,,10.0,MFN_APPLIED,MFN/WORLD,,,,,,0,0,0,0,0,0,0,0
IND,WLD,,,,,,,,100630,"Semi-milled or wholly milled rice, whether or not polished or glazed (Basmati)",2018,34367358.16,21399046.16,12968312.0,8430734.16,26838718.02,26838718.02,1.2805,18,,,,,,,10.0,MFN_APPLIED,MFN/WORLD,,,,,,0,0,0,0,0,0,0,0
IND,WLD,,,,,,,,100630,"Semi-milled or wholly milled rice, whether or not polished or glazed (Basmati)",2019,32267250.19,11833491.16,20433759.03,-8600267.87,25723045.7,25723045.7,1.2544,18,,,,,,,10.0,MFN_APPLIED,MFN/WORLD,,,,,,0,0,0,0,0,0,0,0
IND,WLD,,,,,,,,100630,"Semi-milled or wholly milled rice, whether or not polished or glazed (Basmati)",2020,41002335.21,21434088.47,19568246.74,1865841.73,31511742.79,31511742.79,1.3012,18,,,,,,,10.0,MFN_APPLIED,MFN/WORLD,,,,,,0,0,0,0,0,0,0,0
IND,WLD,,,,,,,,100630,"Semi-milled or wholly milled rice, whether or not polished or glazed (Basmati)",2021,33813022.47,18885593.58,14927428.89,3958164.69,27003322.74,27003322.74,1.2522,18,,,,,,,10.0,MFN_APPLIED,MFN/WORLD,,,,,,0,0,0,0,0,0,0,0
IND,WLD,,,,,,,,100630,"Semi-milled or wholly milled rice, whether or not polished or glazed (Basmati)",2022,37297319.61,17056505.8,20240813.81,-3184308.01,29557721.74,29557721.74,1.2618,18,,,,,,,10.0,MFN_APPLIED,MFN/WORLD,,,,,,0,0,0,0,0,0,0,0
IND,WLD,,,,,,,,100630,"Semi-milled or wholly milled rice, whether or not polished or glazed (Basmati)",2023,45676751.64,25188306.43,20488445.21,4699861.22,35794922.24,35794922.24,1.2761,18,,,,,,,10.0,MFN_APPLIED,MFN/WORLD,,,,,,0,0,0,0,0,0,0,0
IND,WLD,,,,,,,,100630,"Semi-milled or wholly milled rice, whether or not polished or glazed (Basmati)",2024,52814785.14,28567440.16,24247344.98,4320095.18,41096312.58,41096312.58,1.2851,18,,,,,,,10.0,MFN_APPLIED,MFN/WORLD,,,,,,0,0,0,0,0,0,0,0
IND,WLD,,,,,,,,100630,"Semi-milled or wholly milled rice, whether or not polished or glazed (Basmati)",2025,61494860.25,27417281.67,34077578.58,-6660296.91,47118541.3,47118541.3,1.3051,18,,,,,,,10.0,MFN_APPLIED,MFN/WORLD,,,,,,0,0,0,0,0,0,0,0
IND,WLD,,,,,,,,271019,"Medium oils and preparations, of petroleum or bituminous minerals",2015,26378432.15,12170310.15,14208122.0,-2037811.85,31403687.39,31403687.39,0.84,18,,,,,,,5.0,MFN_APPLIED,MFN/WORLD,,,,,,0,0,0,0,0,0,0,0
IND,WLD,,,,,,,,271019,"Medium oils and preparations, of petroleum or bituminous minerals",2016,20540056.65,11632140.11,8907916.54,2724223.57,23699124.43,23699124.43,0.8667,18,,,,,,,5.0,MFN_APPLIED,MFN/WORLD,,,,,,0,0,0,0,0,0,0,0
IND,WLD,,,,,,,,271019,"Medium oils and preparations, of petroleum or bituminous minerals",2017,25761064.55,15924726.67,9836337.88,6088388.79,30278018.03,30278018.03,0.8508,18,,,,,,,5.0,MFN_APPLIED,MFN/WORLD,,,,,,0,0,0,0,0,0,0,0
IND,WLD,,,,,,,,271019,"Medium oils and preparations, of petroleum or bituminous minerals",2018,22215762.6,9306995.56,12908767.04,-3601771.48,26439868.52,26439868.52,0.8402,18,,,,,,,5.0,MFN_APPLIED,MFN/WORLD,,,,,,0,0,0,0,0,0,0,0
IND,WLD,,,,,,,,271019,"Medium oils and preparations, of petroleum or bituminous minerals",2019,22671716.64,11079055.27,11592661.37,-513606.1,27675670.7,27675670.7,0.8192,18,,,,,,,5.0,MFN_APPLIED,MFN/WORLD,,,,,,0,0,0,0,0,0,0,0
IND,WLD,,,,,,,,271019,"Medium oils and preparations, of petroleum or bituminous minerals",2020,26758901.27,13327365.31,13431535.96,-104170.65,31356891.93,31356891.93,0.8534,18,,,,,,,5.0,MFN_APPLIED,MFN/WORLD,,,,,,0,0,0,0,0,0,0,0
IND,WLD,,,,,,,,271019,"Medium oils and preparations, of petroleum or bituminous minerals",2021,29810136.9,15405001.17,14405135.73,999865.44,35158871.13,35158871.13,0.8479,18,,,,,,,5.0,MFN_APPLIED,MFN/WORLD,,,,,,0,0,0,0,0,0,0,0
IND,WLD,,,,,,,,271019,"Medium oils and preparations, of petroleum or bituminous minerals",2022,28613101.35,14327682.28,14285419.07,42263.21,32683900.25,32683900.25,0.8754,18,,,,,,,5.0,MFN_APPLIED,MFN/WORLD,,,,,,0,0,0,0,0,0,0,0
IND,WLD,,,,,,,,271019,"Medium oils and preparations, of petroleum or bituminous minerals",2023,25721894.29,12274213.75,13447680.54,-1173466.79,29538451.18,29538451.18,0.8708,18,,,,,,,5.0,MFN_APPLIED,MFN/WORLD,,,,,,0,0,0,0,0,0,0,0
IND,WLD,,,,,,,,271019,"Medium oils and preparations, of petroleum or bituminous minerals",2024,35724345.99,21116820.11,14607525.88,6509294.23,41597102.42,41597102.42,0.8588,18,,,,,,,5.0,MFN_APPLIED,MFN/WORLD,,,,,,0,0,0,0,0,0,0,0
IND,WLD,,,,,,,,271019,"Medium oils and preparations, of petroleum or bituminous minerals",2025,31357850.96,15288438.53,16069412.43,-780973.9,37325286.46,37325286.46,0.8401,18,,,,,,,5.0,MFN_APPLIED,MFN/WORLD,,,,,,0,0,0,0,0,0,0,0
IND,WLD,,,,,,,,300490,Medicaments consisting of mixed or unmixed products for therapeutic uses,2015,327962568.78,164497186.22,163465382.56,1031803.66,28680261.99,28680261.99,11.4351,18,,,,,,,5.0,MFN_APPLIED,MFN/WORLD,,,,,,0,0,0,0,0,0,0,0
IND,WLD,,,,,,,,300490,Medicaments consisting of mixed or unmixed products for therapeutic uses,2016,300530638.13,154809980.06,145720658.07,9089321.99,25012859.94,25012859.94,12.015,18,,,,,,,5.0,MFN_APPLIED,MFN/WORLD,,,,,,0,0,0,0,0,0,0,0
IND,WLD,,,,,,,,300490,Medicaments consisting of mixed or unmixed products for therapeutic uses,2017,314245719.69,206747703.89,107498015.8,99249688.09,28002173.09,28002173.09,11.2222,18,,,,,,,5.0,MFN_APPLIED,MFN/WORLD,,,,,,0,0,0,0,0,0,0,0
IND,WLD,,,,,,,,300490,Medicaments consisting of mixed or unmixed products for therapeutic uses,2018,392915060.02,172826565.82,220088494.2,-47261928.38,32539588.7,32539588.7,12.075,18,,,,,,,5.0,MFN_APPLIED,MFN/WORLD,,,,,,0,0,0,0,0,0,0,0
IND,WLD,,,,,,,,300490,Medicaments consisting of mixed or unmixed products for therapeutic uses,2019,277342247.52,142360151.52,134982096.0,7378055.52,25851738.7,25851738.7,10.7282,18,,,,,,,5.0,MFN_APPLIED,MFN/WORLD,,,,,,0,0,0,0,0,0,0,0
IND,WLD,,,,,,,,300490,Medicaments consisting of mixed or unmixed products for therapeutic uses,2020,318158076.47,156593993.32,161564083.15,-4970089.83,28923316.51,28923316.51,11.0001,18,,,,,,,5.0,MFN_APPLIED,MFN/WORLD,,,,,,0,0,0,0,0,0,0,0
IND,WLD,,,,,,,,300490,Medicaments consisting of mixed or unmixed products for therapeutic uses,2021,352528214.09,176537108.29,175991105.8,546002.49,31109513.25,31109513.25,11.3318,18,,,,,,,5.0,MFN_APPLIED,MFN/WORLD,,,,,,0,0,0,0,0,0,0,0
IND,WLD,,,,,,,,300490,Medicaments consisting of mixed or unmixed products for therapeutic uses,2022,321702283.75,191444997.94,130257285.81,61187712.13,29541173.63,29541173.63,10.89,18,,,,,,,5.0,MFN_APPLIED,MFN/WORLD,,,,,,0,0,0,0,0,0,0,0
IND,WLD,,,,,,,,300490,Medicaments consisting of mixed or unmixed products for therapeutic uses,2023,371973436.96,205383350.47,166590086.49,38793263.98,34877207.67,34877207.67,10.6652,18,,,,,,,5.0,MFN_APPLIED,MFN/WORLD,,,,,,0,0,0,0,0,0,0,0
IND,WLD,,,,,,,,300490,Medicaments consisting of mixed or unmixed products for therapeutic uses,2024,522927384.24,236038825.31,286888558.93,-50849733.62,44017557.13,44017557.13,11.88,18,,,,,,,5.0,MFN_APPLIED,MFN/WORLD,,,,,,0,0,0,0,0,0,0,0
IND,WLD,,,,,,,,300490,Medicaments consisting of mixed or unmixed products for therapeutic uses,2025,396159254.0,194744232.56,201415021.44,-6670788.88,36141210.31,36141210.31,10.9614,18,,,,,,,5.0,MFN_APPLIED,MFN/WORLD,,,,,,0,0,0,0,0,0,0,0
IND,WLD,,,,,,,,520512,"Single cotton yarn, of uncombed fibres, measuring < 714.29 dtex but >= 232.56 dtex",2015,99580953.12,37095006.96,62485946.16,-25390939.2,26919208.39,26919208.39,3.6993,18,,,,,,,7.5,MFN_APPLIED,MFN/WORLD,,,,,,0,0,0,0,0,0,0,0
IND,WLD,,,,,,,,520512,"Single cotton yarn, of uncombed fibres, measuring < 714.29 dtex but >= 232.56 dtex",2016,91748281.63,45488857.34,46259424.29,-770566.95,25299062.89,25299062.89,3.6265,18,,,,,,,7.5,MFN_APPLIED,MFN/WORLD,,,,,,0,0,0,0,0,0,0,0
IND,WLD,,,,,,,,520512,"Single cotton yarn, of uncombed fibres, measuring < 714.29 dtex but >= 232.56 dtex",2017,102502446.14,60658103.74,41844342.4,18813761.34,27739810.66,27739810.66,3.6951,18,,,,,,,7.5,MFN_APPLIED,MFN/WORLD,,,,,,0,0,0,0,0,0,0,0
IND,WLD,,,,,,,,520512,"Single cotton yarn, of uncombed fibres, measuring < 714.29 dtex but >= 232.56 dtex",2018,93131475.31,35833934.41,57297540.9,-21463606.49,25233391.65,25233391.65,3.6908,18,,,,,,,7.5,MFN_APPLIED,MFN/WORLD,,,,,,0,0,0,0,0,0,0,0
IND,WLD,,,,,,,,520512,"Single cotton yarn, of uncombed fibres, measuring < 714.29 dtex but >= 232.56 dtex",2019,94516171.18,63516078.74,31000092.44,32515986.3,25843037.51,25843037.51,3.6573,18,,,,,,,7.5,MFN_APPLIED,MFN/WORLD,,,,,,0,0,0,0,0,0,0,0
IND,WLD,,,,,,,,520512,"Single cotton yarn, of uncombed fibres, measuring < 714.29 dtex but >= 232.56 dtex",2020,107479732.55,43414658.43,64065074.120000005,-20650415.69,29332839.52,29332839.52,3.6641,18,,,,,,,7.5,MFN_APPLIED,MFN/WORLD,,,,,,0,0,0,0,0,0,0,0
IND,WLD,,,,,,,,520512,"Single cotton yarn, of uncombed fibres, measuring < 714.29 dtex but >= 232.56 dtex",2021,132223297.76,72315509.47,59907788.29,12407721.18,36177321.73,36177321.73,3.6549,18,,,,,,,7.5,MFN_APPLIED,MFN/WORLD,,,,,,0,0,0,0,0,0,0,0
IND,WLD,,,,,,,,520512,"Single cotton yarn, of uncombed fibres, measuring < 714.29 dtex but >= 232.56 dtex",2022,100337816.73,36608721.55,63729095.18,-27120373.63,28691476.87,28691476.87,3.4971,18,,,,,,,7.5,MFN_APPLIED,MFN/WORLD,,,,,,0,0,0,0,0,0,0,0
IND,WLD,,,,,,,,520512,"Single cotton yarn, of uncombed fibres, measuring < 714.29 dtex but >= 232.56 dtex",2023,124077346.69,58988883.88,65088462.81,-6099578.93,33498313.09,33498313.09,3.704,18,,,,,,,7.5,MFN_APPLIED,MFN/WORLD,,,,,,0,0,0,0,0,0,0,0
IND,WLD,,,,,,,,520512,"Single cotton yarn, of uncombed fibres, measuring < 714.29 dtex but >= 232.56 dtex",2024,154825456.53,62388682.21,92436774.32,-30048092.11,41516302.94,41516302.94,3.7293,18,,,,,,,7.5,MFN_APPLIED,MFN/WORLD,,,,,,0,0,0,0,0,0,0,0
IND,WLD,,,,,,,,520512,"Single cotton yarn, of uncombed fibres, measuring < 714.29 dtex but >= 232.56 dtex",2025,189326536.68,107319489.5,82007047.17999999,25312442.32,51296227.32,51296227.32,3.6908,18,,,,,,,7.5,MFN_APPLIED,MFN/WORLD,,,,,,0,0,0,0,0,0,0,0
IND,WLD,,,,,,,,711319,"Articles of jewellery and parts thereof, of precious metal other than silver",2015,1219500016071.35,617441760530.35,602058255541.0,15383504989.35,28321401.52,28321401.52,43059.3103,18,,,,,,,12.5,MFN_APPLIED,MFN/WORLD,,,,,,0,0,0,0,0,0,0,0
IND,WLD,,,,,,,,711319,"Articles of jewellery and parts thereof, of precious metal other than silver",2016,1226932767233.58,722002213726.71,504930553506.87,217071660219.84,27643569.75,27643569.75,44384.0205,18,,,,,,,12.5,MFN_APPLIED,MFN/WORLD,,,,,,0,0,0,0,0,0,0,0
IND,WLD,,,,,,,,711319,"Articles of jewellery and parts thereof, of precious metal other than silver",2017,1556710740826.11,696504160663.08,860206580163.03,-163702419499.95,34518385.96,34518385.96,45098.0165,18,,,,,,,12.5,MFN_APPLIED,MFN/WORLD,,,,,,0,0,0,0,0,0,0,0
IND,WLD,,,,,,,,711319,"Articles of jewellery and parts thereof, of precious metal other than silver",2018,1533285458207.76,814465590895.75,718819867312.01,95645723583.74,33602761.27,33602761.27,45629.7459,18,,,,,,,12.5,MFN_APPLIED,MFN/WORLD,,,,,,0,0,0,0,0,0,0,0
IND,WLD,,,,,,,,711319,"Articles of jewellery and parts thereof, of precious metal other than silver",2019,1503048103432.95,791120857932.16,711927245500.79,79193612431.37,33212601.15,33212601.15,45255.3564,18,,,,,,,12.5,MFN_APPLIED,MFN/WORLD,,,,,,0,0,0,0,0,0,0,0
IND,WLD,,,,,,,,711319,"Articles of jewellery and parts thereof, of precious metal other than silver",2020,1337963501602.31,822894474279.66,515069027322.65,307825446957.01,32018039.72,32018039.72,41787.8019,18,,,,,,,12.5,MFN_APPLIED,MFN/WORLD,,,,,,0,0,0,0,0,0,0,0
IND,WLD,,,,,,,,711319,"Articles of jewellery and parts thereof, of precious metal other than silver",2021,1562920903967.14,768126669526.89,794794234440.25,-26667564913.36,36098900.47,36098900.47,43295.5266,18,,,,,,,12.5,MFN_APPLIED,MFN/WORLD,,,,,,0,0,0,0,0,0,0,0
IND,WLD,,,,,,,,711319,"Articles of jewellery and parts thereof, of precious metal other than silver",2022,1694807522700.55,886261489114.27,808546033586.28,77715455527.99,37176168.49,37176168.49,45588.5475,18,,,,,,,12.5,MFN_APPLIED,MFN/WORLD,,,,,,0,0,0,0,0,0,0,0
IND,WLD,,,,,,,,711319,"Articles of jewellery and parts thereof, of precious metal other than silver",2023,1393426921165.37,683565646637.85,709861274527.52,-26295627889.67,32490325.08,32490325.08,42887.4417,18,,,,,,,12.5,MFN_APPLIED,MFN/WORLD,,,,,,0,0,0,0,0,0,0,0
IND,WLD,,,,,,,,711319,"Articles of jewellery and parts thereof, of precious metal other than silver",2024,1179942129666.72,548178022285.86,631764107380.86,-83586085095.0,27340182.27,27340182.27,43157.8004,18,,,,,,,12.5,MFN_APPLIED,MFN/WORLD,,,,,,0,0,0,0,0,0,0,0
IND,WLD,,,,,,,,711319,"Articles of jewellery and parts thereof, of precious metal other than silver",2025,1607398275752.69,919085633127.88,688312642624.8099,230772990503.07,38564887.75,38564887.75,41680.3567,18,,,,,,,12.5,MFN_APPLIED,MFN/WORLD,,,,,,0,0,0,0,0,0,0,0
IND,WLD,,,,,,,,847130,"Portable automatic data processing machines, weighing not more than 10 kg (Laptops)",2015,4798984772.76,2150860256.89,2648124515.87,-497264258.98,22555897.52,22555897.52,212.7596,18,,,,,,,0.0,MFN_APPLIED,MFN/WORLD,,,,,,0,0,0,0,0,0,0,0
IND,WLD,,,,,,,,847130,"Portable automatic data processing machines, weighing not more than 10 kg (Laptops)",2016,6825198407.69,3806548517.48,3018649890.21,787898627.27,33118792.53,33118792.53,206.0823,18,,,,,,,0.0,MFN_APPLIED,MFN/WORLD,,,,,,0,0,0,0,0,0,0,0
IND,WLD,,,,,,,,847130,"Portable automatic data processing machines, weighing not more than 10 kg (Laptops)",2017,4908304531.21,2588626907.77,2319677623.44,268949284.33,23993164.87,23993164.87,204.571,18,,,,,,,0.0,MFN_APPLIED,MFN/WORLD,,,,,,0,0,0,0,0,0,0,0
IND,WLD,,,,,,,,847130,"Portable automatic data processing machines, weighing not more than 10 kg (Laptops)",2018,5755628600.33,2925997207.53,2829631392.8,96365814.73,26837105.79,26837105.79,214.4653,18,,,,,,,0.0,MFN_APPLIED,MFN/WORLD,,,,,,0,0,0,0,0,0,0,0
IND,WLD,,,,,,,,847130,"Portable automatic data processing machines, weighing not more than 10 kg (Laptops)",2019,4684943842.48,1831828994.96,2853114847.52,-1021285852.56,24910047.42,24910047.42,188.0745,18,,,,,,,0.0,MFN_APPLIED,MFN/WORLD,,,,,,0,0,0,0,0,0,0,0
IND,WLD,,,,,,,,847130,"Portable automatic data processing machines, weighing not more than 10 kg (Laptops)",2020,5947062340.76,3232828409.13,2714233931.63,518594477.5,30890907.91,30890907.91,192.5182,18,,,,,,,0.0,MFN_APPLIED,MFN/WORLD,,,,,,0,0,0,0,0,0,0,0
IND,WLD,,,,,,,,847130,"Portable automatic data processing machines, weighing not more than 10 kg (Laptops)",2021,8028651364.1,4732148525.74,3296502838.36,1435645687.38,38439892.78,38439892.78,208.8625,18,,,,,,,0.0,MFN_APPLIED,MFN/WORLD,,,,,,0,0,0,0,0,0,0,0
IND,WLD,,,,,,,,847130,"Portable automatic data processing machines, weighing not more than 10 kg (Laptops)",2022,6674145090.07,3217660796.8,3456484293.2699995,-238823496.47,33048742.09,33048742.09,201.9485,18,,,,,,,0.0,MFN_APPLIED,MFN/WORLD,,,,,,0,0,0,0,0,0,0,0
IND,WLD,,,,,,,,847130,"Portable automatic data processing machines, weighing not more than 10 kg (Laptops)",2023,7344220923.34,4331004891.440001,3013216031.9,1317788859.54,36174102.71,36174102.71,203.0243,18,,,,,,,0.0,MFN_APPLIED,MFN/WORLD,,,,,,0,0,0,0,0,0,0,0
IND,WLD,,,,,,,,847130,"Portable automatic data processing machines, weighing not more than 10 kg (Laptops)",2024,6183581751.1,2443191571.35,3740390179.75,-1297198608.4,30195356.8,30195356.8,204.7858,18,,,,,,,0.0,MFN_APPLIED,MFN/WORLD,,,,,,0,0,0,0,0,0,0,0
IND,WLD,,,,,,,,847130,"Portable automatic data processing machines, weighing not more than 10 kg (Laptops)",2025,5696293434.79,2931781257.39,2764512177.4,167269079.99,28369118.3,28369118.3,200.7921,18,,,,,,,0.0,MFN_APPLIED,MFN/WORLD,,,,,,0,0,0,0,0,0,0,0
IND,WLD,,,,,,,,851712,Telephones for cellular networks or for other wireless networks,2015,557915963.58,266069624.94,291846338.64,-25776713.7,20143955.79,20143955.79,27.6964,18,,,,,,,0.0,MFN_APPLIED,MFN/WORLD,,,,,,0,0,0,0,0,0,0,0
IND,WLD,,,,,,,,851712,Telephones for cellular networks or for other wireless networks,2016,1136595640.17,641663570.79,494932069.38000005,146731501.41,32214268.58,32214268.58,35.2824,18,,,,,,,0.0,MFN_APPLIED,MFN/WORLD,,,,,,0,0,0,0,0,0,0,0
IND,WLD,,,,,,,,851712,Telephones for cellular networks or for other wireless networks,2017,745281977.21,469029383.37,276252593.84000003,192776789.53,29994636.24,29994636.24,24.8472,18,,,,,,,0.0,MFN_APPLIED,MFN/WORLD,,,,,,0,0,0,0,0,0,0,0
IND,WLD,,,,,,,,851712,Telephones for cellular networks or for other wireless networks,2018,810264087.64,425492783.65,384771303.99,40721479.66,26408792.78,26408792.78,30.6816,18,,,,,,,0.0,MFN_APPLIED,MFN/WORLD,,,,,,0,0,0,0,0,0,0,0
IND,WLD,,,,,,,,851712,Telephones for cellular networks or for other wireless networks,2019,634222988.59,287446675.15,346776313.44,-59329638.29,21995968.03,21995968.03,28.8336,18,,,,,,,0.0,MFN_APPLIED,MFN/WORLD,,,,,,0,0,0,0,0,0,0,0
IND,WLD,,,,,,,,851712,Telephones for cellular networks or for other wireless networks,2020,956514771.96,435316186.03,521198585.93,-85882399.9,31191499.82,31191499.82,30.6659,18,,,,,,,0.0,MFN_APPLIED,MFN/WORLD,,,,,,0,0,0,0,0,0,0,0
IND,WLD,,,,,,,,851712,Telephones for cellular networks or for other wireless networks,2021,1153389013.85,460418772.62,692970241.23,-232551468.61,31537120.11,31537120.11,36.5724,18,,,,,,,0.0,MFN_APPLIED,MFN/WORLD,,,,,,0,0,0,0,0,0,0,0
IND,WLD,,,,,,,,851712,Telephones for cellular networks or for other wireless networks,2022,941320006.42,441414324.77,499905681.65,-58491356.88,31540818.38,31540818.38,29.8445,18,,,,,,,0.0,MFN_APPLIED,MFN/WORLD,,,,,,0,0,0,0,0,0,0,0
IND,WLD,,,,,,,,851712,Telephones for cellular networks or for other wireless networks,2023,1225379526.5,596384668.0699999,628994858.43,-32610190.36,40489464.62,40489464.62,30.2642,18,,,,,,,0.0,MFN_APPLIED,MFN/WORLD,,,,,,0,0,0,0,0,0,0,0
IND,WLD,,,,,,,,851712,Telephones for cellular networks or for other wireless networks,2024,1010770876.22,400466708.24,610304167.98,-209837459.74,34012401.29,34012401.29,29.7177,18,,,,,,,0.0,MFN_APPLIED,MFN/WORLD,,,,,,0,0,0,0,0,0,0,0
IND,WLD,,,,,,,,851712,Telephones for cellular networks or for other wireless networks,2025,1058265764.52,611357502.34,446908262.18,164449240.16,39317507.63,39317507.63,26.9159,18,,,,,,,0.0,MFN_APPLIED,MFN/WORLD,,,,,,0,0,0,0,0,0,0,0
IND,ZAF,South Africa,ZA,710.0,Africa,Sub-Saharan Africa,ZAR,Rand,90411,Pepper of genus Piper; neither crushed nor ground,2015,9014727.05,7067932.93,1946794.12,5121138.81,1749913.5,1749913.5,5.1515,2,500000000000.0,12000.0,2.7,3.0,50000000.0,50.0,15.0,MFN_APPLIED,PARTNER_SPECIFIC,0.0,India - SACU,Under Negotiation,PSA,Goods,0,793,60,85,696,0,0,0
IND,ZAF,South Africa,ZA,710.0,Africa,Sub-Saharan Africa,ZAR,Rand,90411,Pepper of genus Piper; neither crushed nor ground,2016,16702894.73,5042826.91,11660067.82,-6617240.91,3325113.05,3325113.05,5.0233,2,515000000000.0,12360.0,3.4,3.0,50500000.0,50.5,15.0,MFN_APPLIED,PARTNER_SPECIFIC,0.0,India - SACU,Under Negotiation,PSA,Goods,0,793,60,85,696,0,0,0
IND,ZAF,South Africa,ZA,710.0,Africa,Sub-Saharan Africa,ZAR,Rand,90411,Pepper of genus Piper; neither crushed nor ground,2017,4136382.05,2610498.3,1525883.75,1084614.55,815209.04,815209.04,5.074,2,530450000000.0,12730.8,2.7,3.0,51005000.0,51.0,15.0,MFN_APPLIED,PARTNER_SPECIFIC,0.0,India - SACU,Under Negotiation,PSA,Goods,0,793,60,85,696,0,0,0
IND,ZAF,South Africa,ZA,710.0,Africa,Sub-Saharan Africa,ZAR,Rand,90411,Pepper of genus Piper; neither crushed nor ground,2018,10722447.51,6447153.41,4275294.1,2171859.31,1863199.16,1863199.16,5.7549,2,546363500000.0,13112.72,3.4,3.0,51515050.0,51.5,15.0,MFN_APPLIED,PARTNER_SPECIFIC,0.0,India - SACU,Under Negotiation,PSA,Goods,0,793,60,85,696,0,0,0
IND,ZAF,South Africa,ZA,710.0,Africa,Sub-Saharan Africa,ZAR,Rand,90411,Pepper of genus Piper; neither crushed nor ground,2019,13732260.26,6370102.79,7362157.47,-992054.68,2509260.25,2509260.25,5.4726,2,562754405000.0,13506.11,2.7,3.0,52030200.0,52.0,15.0,MFN_APPLIED,PARTNER_SPECIFIC,0.0,India - SACU,Under Negotiation,PSA,Goods,0,793,60,85,696,0,0,0
IND,ZAF,South Africa,ZA,710.0,Africa,Sub-Saharan Africa,ZAR,Rand,90411,Pepper of genus Piper; neither crushed nor ground,2020,9980291.38,4107331.32,5872960.06,-1765628.74,1721538.98,1721538.98,5.7973,2,579637037150.0,13911.29,3.4,3.0,52550502.0,52.5,15.0,MFN_APPLIED,PARTNER_SPECIFIC,0.0,India - SACU,Under Negotiation,PSA,Goods,0,793,60,85,696,0,0,0
IND,ZAF,South Africa,ZA,710.0,Africa,Sub-Saharan Africa,ZAR,Rand,90411,Pepper of genus Piper; neither crushed nor ground,2021,13599552.62,9928619.25,3670933.37,6257685.88,2645016.4,2645016.4,5.1416,2,597026148264.5,14328.63,2.7,3.0,53076007.0,53.0,15.0,MFN_APPLIED,PARTNER_SPECIFIC,0.0,India - SACU,Under Negotiation,PSA,Goods,0,793,60,85,696,0,0,0
IND,ZAF,South Africa,ZA,710.0,Africa,Sub-Saharan Africa,ZAR,Rand,90411,Pepper of genus Piper; neither crushed nor ground,2022,21815694.79,17829907.49,3985787.3,13844120.19,3517953.27,3517953.27,6.2012,2,614936932712.44,14758.49,3.4,4.1,53606767.0,53.5,15.0,MFN_APPLIED,PARTNER_SPECIFIC,0.0,India - SACU,Under Negotiation,PSA,Goods,0,793,60,85,696,0,0,0
IND,ZAF,South Africa,ZA,710.0,Africa,Sub-Saharan Africa,ZAR,Rand,90411,Pepper of genus Piper; neither crushed nor ground,2023,14950790.22,9531289.93,5419500.29,4111789.64,2426418.21,2426418.21,6.1617,2,633385040693.81,15201.24,2.7,4.1,54142835.0,54.0,15.0,MFN_APPLIED,PARTNER_SPECIFIC,0.0,India - SACU,Under Negotiation,PSA,Goods,0,793,60,85,696,0,0,0
IND,ZAF,South Africa,ZA,710.0,Africa,Sub-Saharan Africa,ZAR,Rand,90411,Pepper of genus Piper; neither crushed nor ground,2024,17762236.67,13915724.36,3846512.31,10069212.05,3681252.01,3681252.01,4.8251,2,652386591914.62,15657.28,3.4,3.0,54684263.0,54.5,15.0,MFN_APPLIED,PARTNER_SPECIFIC,0.0,India - SACU,Under Negotiation,PSA,Goods,0,793,60,85,696,0,0,0
IND,ZAF,South Africa,ZA,710.0,Africa,Sub-Saharan Africa,ZAR,Rand,90411,Pepper of genus Piper; neither crushed nor ground,2025,10501256.45,6840157.42,3661099.03,3179058.39,1923954.71,1923954.71,5.4582,2,671958189672.06,16127.0,2.7,3.0,55231106.0,55.0,15.0,MFN_APPLIED,PARTNER_SPECIFIC,0.0,India - SACU,Under Negotiation,PSA,Goods,0,793,60,85,696,0,0,0
IND,ZAF,South Africa,ZA,710.0,Africa,Sub-Saharan Africa,ZAR,Rand,100630,Semi-milled or wholly milled rice (Basmati),2015,5693634.88,2754724.38,2938910.5,-184186.12,4146510.13,4146510.13,1.3731,2,500000000000.0,12000.0,2.7,3.0,50000000.0,50.0,10.0,MFN_APPLIED,PARTNER_SPECIFIC,0.0,India - SACU,Under Negotiation,PSA,Goods,0,793,60,85,696,0,0,0
IND,ZAF,South Africa,ZA,710.0,Africa,Sub-Saharan Africa,ZAR,Rand,100630,Semi-milled or wholly milled rice (Basmati),2016,2976020.3,2682504.61,293515.69,2388988.92,2344172.52,2344172.52,1.2695,2,515000000000.0,12360.0,3.4,3.0,50500000.0,50.5,10.0,MFN_APPLIED,PARTNER_SPECIFIC,0.0,India - SACU,Under Negotiation,PSA,Goods,0,793,60,85,696,0,0,0
IND,ZAF,South Africa,ZA,710.0,Africa,Sub-Saharan Africa,ZAR,Rand,100630,Semi-milled or wholly milled rice (Basmati),2017,5605793.47,2763779.35,2842014.12,-78234.77,4323871.31,4323871.31,1.2965,2,530450000000.0,12730.8,2.7,3.0,51005000.0,51.0,10.0,MFN_APPLIED,PARTNER_SPECIFIC,0.0,India - SACU,Under Negotiation,PSA,Goods,0,793,60,85,696,0,0,0
IND,ZAF,South Africa,ZA,710.0,Africa,Sub-Saharan Africa,ZAR,Rand,100630,Semi-milled or wholly milled rice (Basmati),2018,3019362.04,986333.69,2033028.35,-1046694.66,2288188.64,2288188.64,1.3195,2,546363500000.0,13112.72,3.4,3.0,51515050.0,51.5,10.0,MFN_APPLIED,PARTNER_SPECIFIC,0.0,India - SACU,Under Negotiation,PSA,Goods,0,793,60,85,696,0,0,0
IND,ZAF,South Africa,ZA,710.0,Africa,Sub-Saharan Africa,ZAR,Rand,100630,Semi-milled or wholly milled rice (Basmati),2019,4897963.06,2093207.7,2804755.36,-711547.66,4110300.46,4110300.46,1.1916,2,562754405000.0,13506.11,2.7,3.0,52030200.0,52.0,10.0,MFN_APPLIED,PARTNER_SPECIFIC,0.0,India - SACU,Under Negotiation,PSA,Goods,0,793,60,85,696,0,0,0
IND,ZAF,South Africa,ZA,710.0,Africa,Sub-Saharan Africa,ZAR,Rand,100630,Semi-milled or wholly milled rice (Basmati),2020,4851855.04,1474326.26,3377528.78,-1903202.52,3864338.58,3864338.58,1.2555,2,579637037150.0,13911.29,3.4,3.0,52550502.0,52.5,10.0,MFN_APPLIED,PARTNER_SPECIFIC,0.0,India - SACU,Under Negotiation,PSA,Goods,0,793,60,85,696,0,0,0
IND,ZAF,South Africa,ZA,710.0,Africa,Sub-Saharan Africa,ZAR,Rand,100630,Semi-milled or wholly milled rice (Basmati),2021,3430061.71,1644214.02,1785847.69,-141633.67,2643543.08,2643543.08,1.2975,2,597026148264.5,14328.63,2.7,3.0,53076007.0,53.0,10.0,MFN_APPLIED,PARTNER_SPECIFIC,0.0,India - SACU,Under Negotiation,PSA,Goods,0,793,60,85,696,0,0,0
IND,ZAF,South Africa,ZA,710.0,Africa,Sub-Saharan Africa,ZAR,Rand,100630,Semi-milled or wholly milled rice (Basmati),2022,3438235.67,1909116.94,1529118.73,379998.21,2693196.17,2693196.17,1.2766,2,614936932712.44,14758.49,3.4,4.1,53606767.0,53.5,10.0,MFN_APPLIED,PARTNER_SPECIFIC,0.0,India - SACU,Under Negotiation,PSA,Goods,0,793,60,85,696,0,0,0
IND,ZAF,South Africa,ZA,710.0,Africa,Sub-Saharan Africa,ZAR,Rand,100630,Semi-milled or wholly milled rice (Basmati),2023,6091375.74,3839277.29,2252098.45,1587178.84,4540168.89,4540168.89,1.3417,2,633385040693.81,15201.24,2.7,4.1,54142835.0,54.0,10.0,MFN_APPLIED,PARTNER_SPECIFIC,0.0,India - SACU,Under Negotiation,PSA,Goods,0,793,60,85,696,0,0,0
IND,ZAF,South Africa,ZA,710.0,Africa,Sub-Saharan Africa,ZAR,Rand,100630,Semi-milled or wholly milled rice (Basmati),2024,4561085.94,1147011.75,3414074.19,-2267062.44,3417670.86,3417670.86,1.3346,2,652386591914.62,15657.28,3.4,3.0,54684263.0,54.5,10.0,MFN_APPLIED,PARTNER_SPECIFIC,0.0,India - SACU,Under Negotiation,PSA,Goods,0,793,60,85,696,0,0,0
IND,ZAF,South Africa,ZA,710.0,Africa,Sub-Saharan Africa,ZAR,Rand,100630,Semi-milled or wholly milled rice (Basmati),2025,3166228.37,867397.29,2298831.08,-1431433.79,2331545.85,2331545.85,1.358,2,671958189672.06,16127.0,2.7,3.0,55231106.0,55.0,10.0,MFN_APPLIED,PARTNER_SPECIFIC,0.0,India - SACU,Under Negotiation,PSA,Goods,0,793,60,85,696,0,0,0
IND,ZAF,South Africa,ZA,710.0,Africa,Sub-Saharan Africa,ZAR,Rand,271019,Medium oils & petroleum preparations,2015,2570282.57,1683972.44,886310.13,797662.31,3058345.65,3058345.65,0.8404,2,500000000000.0,12000.0,2.7,3.0,50000000.0,50.0,5.0,MFN_APPLIED,PARTNER_SPECIFIC,0.0,India - SACU,Under Negotiation,PSA,Goods,0,793,60,85,696,0,0,0
IND,ZAF,South Africa,ZA,710.0,Africa,Sub-Saharan Africa,ZAR,Rand,271019,Medium oils & petroleum preparations,2016,1986821.31,374319.36,1612501.95,-1238182.59,2317898.4,2317898.4,0.8572,2,515000000000.0,12360.0,3.4,3.0,50500000.0,50.5,5.0,MFN_APPLIED,PARTNER_SPECIFIC,0.0,India - SACU,Under Negotiation,PSA,Goods,0,793,60,85,696,0,0,0
IND,ZAF,South Africa,ZA,710.0,Africa,Sub-Saharan Africa,ZAR,Rand,271019,Medium oils & petroleum preparations,2017,2521728.84,490371.1,2031357.74,-1540986.64,2798860.48,2798860.48,0.901,2,530450000000.0,12730.8,2.7,3.0,51005000.0,51.0,5.0,MFN_APPLIED,PARTNER_SPECIFIC,0.0,India - SACU,Under Negotiation,PSA,Goods,0,793,60,85,696,0,0,0
IND,ZAF,South Africa,ZA,710.0,Africa,Sub-Saharan Africa,ZAR,Rand,271019,Medium oils & petroleum preparations,2018,3065228.98,213927.31,2851301.67,-2637374.36,3299369.52,3299369.52,0.929,2,546363500000.0,13112.72,3.4,3.0,51515050.0,51.5,5.0,MFN_APPLIED,PARTNER_SPECIFIC,0.0,India - SACU,Under Negotiation,PSA,Goods,0,793,60,85,696,0,0,0
IND,ZAF,South Africa,ZA,710.0,Africa,Sub-Saharan Africa,ZAR,Rand,271019,Medium oils & petroleum preparations,2019,2810477.51,1688657.99,1121819.52,566838.47,3542403.27,3542403.27,0.7934,2,562754405000.0,13506.11,2.7,3.0,52030200.0,52.0,5.0,MFN_APPLIED,PARTNER_SPECIFIC,0.0,India - SACU,Under Negotiation,PSA,Goods,0,793,60,85,696,0,0,0
IND,ZAF,South Africa,ZA,710.0,Africa,Sub-Saharan Africa,ZAR,Rand,271019,Medium oils & petroleum preparations,2020,2574593.66,77889.63,2496704.03,-2418814.4,3077181.29,3077181.29,0.8367,2,579637037150.0,13911.29,3.4,3.0,52550502.0,52.5,5.0,MFN_APPLIED,PARTNER_SPECIFIC,0.0,India - SACU,Under Negotiation,PSA,Goods,0,793,60,85,696,0,0,0
IND,ZAF,South Africa,ZA,710.0,Africa,Sub-Saharan Africa,ZAR,Rand,271019,Medium oils & petroleum preparations,2021,2926921.93,2571515.02,355406.91,2216108.11,3207990.78,3207990.78,0.9124,2,597026148264.5,14328.63,2.7,3.0,53076007.0,53.0,5.0,MFN_APPLIED,PARTNER_SPECIFIC,0.0,India - SACU,Under Negotiation,PSA,Goods,0,793,60,85,696,0,0,0
IND,ZAF,South Africa,ZA,710.0,Africa,Sub-Saharan Africa,ZAR,Rand,271019,Medium oils & petroleum preparations,2022,4256691.24,2306599.37,1950091.87,356507.5,4868187.11,4868187.11,0.8744,2,614936932712.44,14758.49,3.4,4.1,53606767.0,53.5,5.0,MFN_APPLIED,PARTNER_SPECIFIC,0.0,India - SACU,Under Negotiation,PSA,Goods,0,793,60,85,696,0,0,0
IND,ZAF,South Africa,ZA,710.0,Africa,Sub-Saharan Africa,ZAR,Rand,271019,Medium oils & petroleum preparations,2023,2840749.85,1666679.3,1174070.55,492608.75,3323403.0,3323403.0,0.8548,2,633385040693.81,15201.24,2.7,4.1,54142835.0,54.0,5.0,MFN_APPLIED,PARTNER_SPECIFIC,0.0,India - SACU,Under Negotiation,PSA,Goods,0,793,60,85,696,0,0,0
IND,ZAF,South Africa,ZA,710.0,Africa,Sub-Saharan Africa,ZAR,Rand,271019,Medium oils & petroleum preparations,2024,3672457.64,2799899.56,872558.08,1927341.48,4250501.55,4250501.55,0.864,2,652386591914.62,15657.28,3.4,3.0,54684263.0,54.5,5.0,MFN_APPLIED,PARTNER_SPECIFIC,0.0,India - SACU,Under Negotiation,PSA,Goods,0,793,60,85,696,0,0,0
IND,ZAF,South Africa,ZA,710.0,Africa,Sub-Saharan Africa,ZAR,Rand,271019,Medium oils & petroleum preparations,2025,5187857.61,2278530.53,2909327.08,-630796.55,6045008.83,6045008.83,0.8582,2,671958189672.06,16127.0,2.7,3.0,55231106.0,55.0,5.0,MFN_APPLIED,PARTNER_SPECIFIC,0.0,India - SACU,Under Negotiation,PSA,Goods,0,793,60,85,696,0,0,0
IND,ZAF,South Africa,ZA,710.0,Africa,Sub-Saharan Africa,ZAR,Rand,300490,Medicaments for therapeutic/prophylactic uses,2015,32947629.76,3345271.56,29602358.2,-26257086.64,2620450.23,2620450.23,12.5733,2,500000000000.0,12000.0,2.7,3.0,50000000.0,50.0,5.0,MFN_APPLIED,PARTNER_SPECIFIC,0.0,India - SACU,Under Negotiation,PSA,Goods,0,793,60,85,696,0,0,0
IND,ZAF,South Africa,ZA,710.0,Africa,Sub-Saharan Africa,ZAR,Rand,300490,Medicaments for therapeutic/prophylactic uses,2016,31420230.89,12061104.3,19359126.59,-7298022.29,2992557.85,2992557.85,10.4995,2,515000000000.0,12360.0,3.4,3.0,50500000.0,50.5,5.0,MFN_APPLIED,PARTNER_SPECIFIC,0.0,India - SACU,Under Negotiation,PSA,Goods,0,793,60,85,696,0,0,0
IND,ZAF,South Africa,ZA,710.0,Africa,Sub-Saharan Africa,ZAR,Rand,300490,Medicaments for therapeutic/prophylactic uses,2017,53698589.41,26512415.16,27186174.25,-673759.09,4192851.29,4192851.29,12.8072,2,530450000000.0,12730.8,2.7,3.0,51005000.0,51.0,5.0,MFN_APPLIED,PARTNER_SPECIFIC,0.0,India - SACU,Under Negotiation,PSA,Goods,0,793,60,85,696,0,0,0
IND,ZAF,South Africa,ZA,710.0,Africa,Sub-Saharan Africa,ZAR,Rand,300490,Medicaments for therapeutic/prophylactic uses,2018,46430713.55,16579551.66,29851161.89,-13271610.23,4318094.18,4318094.18,10.7526,2,546363500000.0,13112.72,3.4,3.0,51515050.0,51.5,5.0,MFN_APPLIED,PARTNER_SPECIFIC,0.0,India - SACU,Under Negotiation,PSA,Goods,0,793,60,85,696,0,0,0
IND,ZAF,South Africa,ZA,710.0,Africa,Sub-Saharan Africa,ZAR,Rand,300490,Medicaments for therapeutic/prophylactic uses,2019,20456148.68,6196597.97,14259550.71,-8062952.74,2027257.7,2027257.7,10.0906,2,562754405000.0,13506.11,2.7,3.0,52030200.0,52.0,5.0,MFN_APPLIED,PARTNER_SPECIFIC,0.0,India - SACU,Under Negotiation,PSA,Goods,0,793,60,85,696,0,0,0
IND,ZAF,South Africa,ZA,710.0,Africa,Sub-Saharan Africa,ZAR,Rand,300490,Medicaments for therapeutic/prophylactic uses,2020,71402854.24,22548670.96,48854183.28,-26305512.32,6160396.36,6160396.36,11.5906,2,579637037150.0,13911.29,3.4,3.0,52550502.0,52.5,5.0,MFN_APPLIED,PARTNER_SPECIFIC,0.0,India - SACU,Under Negotiation,PSA,Goods,0,793,60,85,696,0,0,0
IND,ZAF,South Africa,ZA,710.0,Africa,Sub-Saharan Africa,ZAR,Rand,300490,Medicaments for therapeutic/prophylactic uses,2021,38109499.64,17683746.55,20425753.09,-2742006.54,3249938.04,3249938.04,11.7262,2,597026148264.5,14328.63,2.7,3.0,53076007.0,53.0,5.0,MFN_APPLIED,PARTNER_SPECIFIC,0.0,India - SACU,Under Negotiation,PSA,Goods,0,793,60,85,696,0,0,0
IND,ZAF,South Africa,ZA,710.0,Africa,Sub-Saharan Africa,ZAR,Rand,300490,Medicaments for therapeutic/prophylactic uses,2022,45741563.16,28073866.22,17667696.94,10406169.28,3511169.54,3511169.54,13.0274,2,614936932712.44,14758.49,3.4,4.1,53606767.0,53.5,5.0,MFN_APPLIED,PARTNER_SPECIFIC,0.0,India - SACU,Under Negotiation,PSA,Goods,0,793,60,85,696,0,0,0
IND,ZAF,South Africa,ZA,710.0,Africa,Sub-Saharan Africa,ZAR,Rand,300490,Medicaments for therapeutic/prophylactic uses,2023,20425576.49,5008705.49,15416871.0,-10408165.51,1986446.5,1986446.5,10.2825,2,633385040693.81,15201.24,2.7,4.1,54142835.0,54.0,5.0,MFN_APPLIED,PARTNER_SPECIFIC,0.0,India - SACU,Under Negotiation,PSA,Goods,0,793,60,85,696,0,0,0
IND,ZAF,South Africa,ZA,710.0,Africa,Sub-Saharan Africa,ZAR,Rand,300490,Medicaments for therapeutic/prophylactic uses,2024,35749996.94,19606202.41,16143794.53,3462407.88,3758866.28,3758866.28,9.5108,2,652386591914.62,15657.28,3.4,3.0,54684263.0,54.5,5.0,MFN_APPLIED,PARTNER_SPECIFIC,0.0,India - SACU,Under Negotiation,PSA,Goods,0,793,60,85,696,0,0,0
IND,ZAF,South Africa,ZA,710.0,Africa,Sub-Saharan Africa,ZAR,Rand,300490,Medicaments for therapeutic/prophylactic uses,2025,39489859.62,18101056.36,21388803.26,-3287746.9,4178834.77,4178834.77,9.45,2,671958189672.06,16127.0,2.7,3.0,55231106.0,55.0,5.0,MFN_APPLIED,PARTNER_SPECIFIC,0.0,India - SACU,Under Negotiation,PSA,Goods,0,793,60,85,696,0,0,0
IND,ZAF,South Africa,ZA,710.0,Africa,Sub-Saharan Africa,ZAR,Rand,520512,"Single cotton yarn, uncombed fibres",2015,3020602.09,1648237.06,1372365.03,275872.03,822723.16,822723.16,3.6715,2,500000000000.0,12000.0,2.7,3.0,50000000.0,50.0,7.5,MFN_APPLIED,PARTNER_SPECIFIC,0.0,India - SACU,Under Negotiation,PSA,Goods,0,793,60,85,696,0,0,0
IND,ZAF,South Africa,ZA,710.0,Africa,Sub-Saharan Africa,ZAR,Rand,520512,"Single cotton yarn, uncombed fibres",2016,7855258.69,1524276.92,6330981.77,-4806704.85,2053601.29,2053601.29,3.8251,2,515000000000.0,12360.0,3.4,3.0,50500000.0,50.5,7.5,MFN_APPLIED,PARTNER_SPECIFIC,0.0,India - SACU,Under Negotiation,PSA,Goods,0,793,60,85,696,0,0,0
IND,ZAF,South Africa,ZA,710.0,Africa,Sub-Saharan Africa,ZAR,Rand,520512,"Single cotton yarn, uncombed fibres",2017,13168578.11,6900550.24,6268027.87,632522.37,3796844.15,3796844.15,3.4683,2,530450000000.0,12730.8,2.7,3.0,51005000.0,51.0,7.5,MFN_APPLIED,PARTNER_SPECIFIC,0.0,India - SACU,Under Negotiation,PSA,Goods,0,793,60,85,696,0,0,0
IND,ZAF,South Africa,ZA,710.0,Africa,Sub-Saharan Africa,ZAR,Rand,520512,"Single cotton yarn, uncombed fibres",2018,5182053.65,2238201.92,2943851.73,-705649.81,1490299.16,1490299.16,3.4772,2,546363500000.0,13112.72,3.4,3.0,51515050.0,51.5,7.5,MFN_APPLIED,PARTNER_SPECIFIC,0.0,India - SACU,Under Negotiation,PSA,Goods,0,793,60,85,696,0,0,0
IND,ZAF,South Africa,ZA,710.0,Africa,Sub-Saharan Africa,ZAR,Rand,520512,"Single cotton yarn, uncombed fibres",2019,1642104.31,1308798.52,333305.79,975492.73,449752.84,449752.84,3.6511,2,562754405000.0,13506.11,2.7,3.0,52030200.0,52.0,7.5,MFN_APPLIED,PARTNER_SPECIFIC,0.0,India - SACU,Under Negotiation,PSA,Goods,0,793,60,85,696,0,0,0
IND,ZAF,South Africa,ZA,710.0,Africa,Sub-Saharan Africa,ZAR,Rand,520512,"Single cotton yarn, uncombed fibres",2020,3273848.75,242680.44,3031168.31,-2788487.87,959236.59,959236.59,3.413,2,579637037150.0,13911.29,3.4,3.0,52550502.0,52.5,7.5,MFN_APPLIED,PARTNER_SPECIFIC,0.0,India - SACU,Under Negotiation,PSA,Goods,0,793,60,85,696,0,0,0
IND,ZAF,South Africa,ZA,710.0,Africa,Sub-Saharan Africa,ZAR,Rand,520512,"Single cotton yarn, uncombed fibres",2021,15876536.73,2480816.59,13395720.14,-10914903.55,4131402.91,4131402.91,3.8429,2,597026148264.5,14328.63,2.7,3.0,53076007.0,53.0,7.5,MFN_APPLIED,PARTNER_SPECIFIC,0.0,India - SACU,Under Negotiation,PSA,Goods,0,793,60,85,696,0,0,0
IND,ZAF,South Africa,ZA,710.0,Africa,Sub-Saharan Africa,ZAR,Rand,520512,"Single cotton yarn, uncombed fibres",2022,17666707.95,10880821.62,6785886.33,4094935.29,4890450.0,4890450.0,3.6125,2,614936932712.44,14758.49,3.4,4.1,53606767.0,53.5,7.5,MFN_APPLIED,PARTNER_SPECIFIC,0.0,India - SACU,Under Negotiation,PSA,Goods,0,793,60,85,696,0,0,0
IND,ZAF,South Africa,ZA,710.0,Africa,Sub-Saharan Africa,ZAR,Rand,520512,"Single cotton yarn, uncombed fibres",2023,14563209.13,7488241.35,7074967.78,413273.57,4024368.98,4024368.98,3.6188,2,633385040693.81,15201.24,2.7,4.1,54142835.0,54.0,7.5,MFN_APPLIED,PARTNER_SPECIFIC,0.0,India - SACU,Under Negotiation,PSA,Goods,0,793,60,85,696,0,0,0
IND,ZAF,South Africa,ZA,710.0,Africa,Sub-Saharan Africa,ZAR,Rand,520512,"Single cotton yarn, uncombed fibres",2024,19247182.21,5980875.38,13266306.83,-7285431.45,4946504.58,4946504.58,3.8911,2,652386591914.62,15657.28,3.4,3.0,54684263.0,54.5,7.5,MFN_APPLIED,PARTNER_SPECIFIC,0.0,India - SACU,Under Negotiation,PSA,Goods,0,793,60,85,696,0,0,0
IND,ZAF,South Africa,ZA,710.0,Africa,Sub-Saharan Africa,ZAR,Rand,520512,"Single cotton yarn, uncombed fibres",2025,6961218.4,3065303.71,3895914.69,-830610.98,1893501.64,1893501.64,3.6764,2,671958189672.06,16127.0,2.7,3.0,55231106.0,55.0,7.5,MFN_APPLIED,PARTNER_SPECIFIC,0.0,India - SACU,Under Negotiation,PSA,Goods,0,793,60,85,696,0,0,0
IND,ZAF,South Africa,ZA,710.0,Africa,Sub-Saharan Africa,ZAR,Rand,711319,Articles of jewellery of precious metal (Gold),2015,183228385166.03,40550200965.32,142678184200.71,-102127983235.39,4296471.09,4296471.09,42646.2512,2,500000000000.0,12000.0,2.7,3.0,50000000.0,50.0,12.5,MFN_APPLIED,PARTNER_SPECIFIC,0.0,India - SACU,Under Negotiation,PSA,Goods,0,793,60,85,696,0,0,0
IND,ZAF,South Africa,ZA,710.0,Africa,Sub-Saharan Africa,ZAR,Rand,711319,Articles of jewellery of precious metal (Gold),2016,135973579512.52,60224124563.54,75749454948.98,-15525330385.44,2903082.58,2903082.58,46837.6547,2,515000000000.0,12360.0,3.4,3.0,50500000.0,50.5,12.5,MFN_APPLIED,PARTNER_SPECIFIC,0.0,India - SACU,Under Negotiation,PSA,Goods,0,793,60,85,696,0,0,0
IND,ZAF,South Africa,ZA,710.0,Africa,Sub-Saharan Africa,ZAR,Rand,711319,Articles of jewellery of precious metal (Gold),2017,129765487875.08,74882127331.43,54883360543.65,19998766787.78,2831813.91,2831813.91,45824.1579,2,530450000000.0,12730.8,2.7,3.0,51005000.0,51.0,12.5,MFN_APPLIED,PARTNER_SPECIFIC,0.0,India - SACU,Under Negotiation,PSA,Goods,0,793,60,85,696,0,0,0
IND,ZAF,South Africa,ZA,710.0,Africa,Sub-Saharan Africa,ZAR,Rand,711319,Articles of jewellery of precious metal (Gold),2018,119176712908.57,100661320394.57,18515392514.0,82145927880.57,3026011.86,3026011.86,39384.0865,2,546363500000.0,13112.72,3.4,3.0,51515050.0,51.5,12.5,MFN_APPLIED,PARTNER_SPECIFIC,0.0,India - SACU,Under Negotiation,PSA,Goods,0,793,60,85,696,0,0,0
IND,ZAF,South Africa,ZA,710.0,Africa,Sub-Saharan Africa,ZAR,Rand,711319,Articles of jewellery of precious metal (Gold),2019,221984147920.69,127950123269.5,94034024651.19,33916098618.31,4231102.77,4231102.77,52464.8443,2,562754405000.0,13506.11,2.7,3.0,52030200.0,52.0,12.5,MFN_APPLIED,PARTNER_SPECIFIC,0.0,India - SACU,Under Negotiation,PSA,Goods,0,793,60,85,696,0,0,0
IND,ZAF,South Africa,ZA,710.0,Africa,Sub-Saharan Africa,ZAR,Rand,711319,Articles of jewellery of precious metal (Gold),2020,141736454391.58,46522116691.21,95214337700.37,-48692221009.16,2851199.53,2851199.53,49711.1664,2,579637037150.0,13911.29,3.4,3.0,52550502.0,52.5,12.5,MFN_APPLIED,PARTNER_SPECIFIC,0.0,India - SACU,Under Negotiation,PSA,Goods,0,793,60,85,696,0,0,0
IND,ZAF,South Africa,ZA,710.0,Africa,Sub-Saharan Africa,ZAR,Rand,711319,Articles of jewellery of precious metal (Gold),2021,100010491936.61,81157764131.21,18852727805.4,62305036325.81,2112029.74,2112029.74,47352.7858,2,597026148264.5,14328.63,2.7,3.0,53076007.0,53.0,12.5,MFN_APPLIED,PARTNER_SPECIFIC,0.0,India - SACU,Under Negotiation,PSA,Goods,0,793,60,85,696,0,0,0
IND,ZAF,South Africa,ZA,710.0,Africa,Sub-Saharan Africa,ZAR,Rand,711319,Articles of jewellery of precious metal (Gold),2022,227072048242.88,107798003628.47,119274044614.41,-11476040985.94,5462571.16,5462571.16,41568.7122,2,614936932712.44,14758.49,3.4,4.1,53606767.0,53.5,12.5,MFN_APPLIED,PARTNER_SPECIFIC,0.0,India - SACU,Under Negotiation,PSA,Goods,0,793,60,85,696,0,0,0
IND,ZAF,South Africa,ZA,710.0,Africa,Sub-Saharan Africa,ZAR,Rand,711319,Articles of jewellery of precious metal (Gold),2023,168226301638.97,116432974194.42,51793327444.55,64639646749.87,4028982.76,4028982.76,41754.0386,2,633385040693.81,15201.24,2.7,4.1,54142835.0,54.0,12.5,MFN_APPLIED,PARTNER_SPECIFIC,0.0,India - SACU,Under Negotiation,PSA,Goods,0,793,60,85,696,0,0,0
IND,ZAF,South Africa,ZA,710.0,Africa,Sub-Saharan Africa,ZAR,Rand,711319,Articles of jewellery of precious metal (Gold),2024,144517154361.8,110485214385.9,34031939975.9,76453274410.0,3116631.1,3116631.1,46369.6696,2,652386591914.62,15657.28,3.4,3.0,54684263.0,54.5,12.5,MFN_APPLIED,PARTNER_SPECIFIC,0.0,India - SACU,Under Negotiation,PSA,Goods,0,793,60,85,696,0,0,0
IND,ZAF,South Africa,ZA,710.0,Africa,Sub-Saharan Africa,ZAR,Rand,711319,Articles of jewellery of precious metal (Gold),2025,108498630144.39,67587641466.14,40910988678.25,26676652787.89,2857091.73,2857091.73,37975.2001,2,671958189672.06,16127.0,2.7,3.0,55231106.0,55.0,12.5,MFN_APPLIED,PARTNER_SPECIFIC,0.0,India - SACU,Under Negotiation,PSA,Goods,0,793,60,85,696,0,0,0
IND,ZAF,South Africa,ZA,710.0,Africa,Sub-Saharan Africa,ZAR,Rand,847130,Portable automatic data processing machines (Laptops),2015,643973949.14,136426243.1,507547706.04,-371121462.94,3796409.5,3796409.5,169.6271,2,500000000000.0,12000.0,2.7,3.0,50000000.0,50.0,0.0,MFN_APPLIED,PARTNER_SPECIFIC,0.0,India - SACU,Under Negotiation,PSA,Goods,0,793,60,85,696,0,0,0
IND,ZAF,South Africa,ZA,710.0,Africa,Sub-Saharan Africa,ZAR,Rand,847130,Portable automatic data processing machines (Laptops),2016,635486823.19,187705151.96,447781671.23,-260076519.27,3656074.23,3656074.23,173.8167,2,515000000000.0,12360.0,3.4,3.0,50500000.0,50.5,0.0,MFN_APPLIED,PARTNER_SPECIFIC,0.0,India - SACU,Under Negotiation,PSA,Goods,0,793,60,85,696,0,0,0
IND,ZAF,South Africa,ZA,710.0,Africa,Sub-Saharan Africa,ZAR,Rand,847130,Portable automatic data processing machines (Laptops),2017,426365376.77,143459394.48,282905982.29,-139446587.81,1692352.03,1692352.03,251.9366,2,530450000000.0,12730.8,2.7,3.0,51005000.0,51.0,0.0,MFN_APPLIED,PARTNER_SPECIFIC,0.0,India - SACU,Under Negotiation,PSA,Goods,0,793,60,85,696,0,0,0
IND,ZAF,South Africa,ZA,710.0,Africa,Sub-Saharan Africa,ZAR,Rand,847130,Portable automatic data processing machines (Laptops),2018,434942289.04,255604473.18,179337815.86,76266657.32,1583633.13,1583633.13,274.6484,2,546363500000.0,13112.72,3.4,3.0,51515050.0,51.5,0.0,MFN_APPLIED,PARTNER_SPECIFIC,0.0,India - SACU,Under Negotiation,PSA,Goods,0,793,60,85,696,0,0,0
IND,ZAF,South Africa,ZA,710.0,Africa,Sub-Saharan Africa,ZAR,Rand,847130,Portable automatic data processing machines (Laptops),2019,582557550.46,539215304.1,43342246.36,495873057.74,2161269.97,2161269.97,269.5441,2,562754405000.0,13506.11,2.7,3.0,52030200.0,52.0,0.0,MFN_APPLIED,PARTNER_SPECIFIC,0.0,India - SACU,Under Negotiation,PSA,Goods,0,793,60,85,696,0,0,0
IND,ZAF,South Africa,ZA,710.0,Africa,Sub-Saharan Africa,ZAR,Rand,847130,Portable automatic data processing machines (Laptops),2020,1097323088.85,260683641.82,836639447.03,-575955805.21,4636003.99,4636003.99,236.6959,2,579637037150.0,13911.29,3.4,3.0,52550502.0,52.5,0.0,MFN_APPLIED,PARTNER_SPECIFIC,0.0,India - SACU,Under Negotiation,PSA,Goods,0,793,60,85,696,0,0,0
IND,ZAF,South Africa,ZA,710.0,Africa,Sub-Saharan Africa,ZAR,Rand,847130,Portable automatic data processing machines (Laptops),2021,655298756.0,547762378.01,107536377.99,440226000.02,2898478.57,2898478.57,226.0837,2,597026148264.5,14328.63,2.7,3.0,53076007.0,53.0,0.0,MFN_APPLIED,PARTNER_SPECIFIC,0.0,India - SACU,Under Negotiation,PSA,Goods,0,793,60,85,696,0,0,0
IND,ZAF,South Africa,ZA,710.0,Africa,Sub-Saharan Africa,ZAR,Rand,847130,Portable automatic data processing machines (Laptops),2022,812399556.03,459966239.59,352433316.44,107532923.15,4592027.44,4592027.44,176.9152,2,614936932712.44,14758.49,3.4,4.1,53606767.0,53.5,0.0,MFN_APPLIED,PARTNER_SPECIFIC,0.0,India - SACU,Under Negotiation,PSA,Goods,0,793,60,85,696,0,0,0
IND,ZAF,South Africa,ZA,710.0,Africa,Sub-Saharan Africa,ZAR,Rand,847130,Portable automatic data processing machines (Laptops),2023,639058764.42,393776920.9,245281843.52,148495077.38,3181339.01,3181339.01,200.8773,2,633385040693.81,15201.24,2.7,4.1,54142835.0,54.0,0.0,MFN_APPLIED,PARTNER_SPECIFIC,0.0,India - SACU,Under Negotiation,PSA,Goods,0,793,60,85,696,0,0,0
IND,ZAF,South Africa,ZA,710.0,Africa,Sub-Saharan Africa,ZAR,Rand,847130,Portable automatic data processing machines (Laptops),2024,1194125102.51,376621448.82,817503653.69,-440882204.87,6132207.85,6132207.85,194.73,2,652386591914.62,15657.28,3.4,3.0,54684263.0,54.5,0.0,MFN_APPLIED,PARTNER_SPECIFIC,0.0,India - SACU,Under Negotiation,PSA,Goods,0,793,60,85,696,0,0,0
IND,ZAF,South Africa,ZA,710.0,Africa,Sub-Saharan Africa,ZAR,Rand,847130,Portable automatic data processing machines (Laptops),2025,1687544123.0,999249853.89,688294269.11,310955584.78,6102566.35,6102566.35,276.5302,2,671958189672.06,16127.0,2.7,3.0,55231106.0,55.0,0.0,MFN_APPLIED,PARTNER_SPECIFIC,0.0,India - SACU,Under Negotiation,PSA,Goods,0,793,60,85,696,0,0,0
IND,ZAF,South Africa,ZA,710.0,Africa,Sub-Saharan Africa,ZAR,Rand,851712,Telephones for cellular networks / smartphones,2015,110096279.04,42372840.89,67723438.15,-25350597.26,2589019.78,2589019.78,42.5243,2,500000000000.0,12000.0,2.7,3.0,50000000.0,50.0,0.0,MFN_APPLIED,PARTNER_SPECIFIC,0.0,India - SACU,Under Negotiation,PSA,Goods,0,793,60,85,696,0,0,0
IND,ZAF,South Africa,ZA,710.0,Africa,Sub-Saharan Africa,ZAR,Rand,851712,Telephones for cellular networks / smartphones,2016,8964941.35,3715187.86,5249753.49,-1534565.63,301425.4,301425.4,29.7418,2,515000000000.0,12360.0,3.4,3.0,50500000.0,50.5,0.0,MFN_APPLIED,PARTNER_SPECIFIC,0.0,India - SACU,Under Negotiation,PSA,Goods,0,793,60,85,696,0,0,0
IND,ZAF,South Africa,ZA,710.0,Africa,Sub-Saharan Africa,ZAR,Rand,851712,Telephones for cellular networks / smartphones,2017,69052646.1,7018843.09,62033803.01,-55014959.92,2776651.03,2776651.03,24.869,2,530450000000.0,12730.8,2.7,3.0,51005000.0,51.0,0.0,MFN_APPLIED,PARTNER_SPECIFIC,0.0,India - SACU,Under Negotiation,PSA,Goods,0,793,60,85,696,0,0,0
IND,ZAF,South Africa,ZA,710.0,Africa,Sub-Saharan Africa,ZAR,Rand,851712,Telephones for cellular networks / smartphones,2018,78571054.05,72358926.34,6212127.71,66146798.63,2051393.42,2051393.42,38.3013,2,546363500000.0,13112.72,3.4,3.0,51515050.0,51.5,0.0,MFN_APPLIED,PARTNER_SPECIFIC,0.0,India - SACU,Under Negotiation,PSA,Goods,0,793,60,85,696,0,0,0
IND,ZAF,South Africa,ZA,710.0,Africa,Sub-Saharan Africa,ZAR,Rand,851712,Telephones for cellular networks / smartphones,2019,79029299.4,53868347.61,25160951.79,28707395.82,1705384.09,1705384.09,46.3411,2,562754405000.0,13506.11,2.7,3.0,52030200.0,52.0,0.0,MFN_APPLIED,PARTNER_SPECIFIC,0.0,India - SACU,Under Negotiation,PSA,Goods,0,793,60,85,696,0,0,0
IND,ZAF,South Africa,ZA,710.0,Africa,Sub-Saharan Africa,ZAR,Rand,851712,Telephones for cellular networks / smartphones,2020,152056776.15,80224618.51,71832157.64,8392460.87,3546846.53,3546846.53,42.871,2,579637037150.0,13911.29,3.4,3.0,52550502.0,52.5,0.0,MFN_APPLIED,PARTNER_SPECIFIC,0.0,India - SACU,Under Negotiation,PSA,Goods,0,793,60,85,696,0,0,0
IND,ZAF,South Africa,ZA,710.0,Africa,Sub-Saharan Africa,ZAR,Rand,851712,Telephones for cellular networks / smartphones,2021,91703754.34,53450210.58,38253543.76,15196666.82,3442329.29,3442329.29,26.64,2,597026148264.5,14328.63,2.7,3.0,53076007.0,53.0,0.0,MFN_APPLIED,PARTNER_SPECIFIC,0.0,India - SACU,Under Negotiation,PSA,Goods,0,793,60,85,696,0,0,0
IND,ZAF,South Africa,ZA,710.0,Africa,Sub-Saharan Africa,ZAR,Rand,851712,Telephones for cellular networks / smartphones,2022,103320605.82,73016445.19,30304160.63,42712284.56,3707350.65,3707350.65,27.8691,2,614936932712.44,14758.49,3.4,4.1,53606767.0,53.5,0.0,MFN_APPLIED,PARTNER_SPECIFIC,0.0,India - SACU,Under Negotiation,PSA,Goods,0,793,60,85,696,0,0,0
IND,ZAF,South Africa,ZA,710.0,Africa,Sub-Saharan Africa,ZAR,Rand,851712,Telephones for cellular networks / smartphones,2023,120308150.61,79842587.73,40465562.88,39377024.85,2995028.1,2995028.1,40.1693,2,633385040693.81,15201.24,2.7,4.1,54142835.0,54.0,0.0,MFN_APPLIED,PARTNER_SPECIFIC,0.0,India - SACU,Under Negotiation,PSA,Goods,0,793,60,85,696,0,0,0
IND,ZAF,South Africa,ZA,710.0,Africa,Sub-Saharan Africa,ZAR,Rand,851712,Telephones for cellular networks / smartphones,2024,71067273.97,38940680.2,32126593.77,6814086.43,2026171.2,2026171.2,35.0747,2,652386591914.62,15657.28,3.4,3.0,54684263.0,54.5,0.0,MFN_APPLIED,PARTNER_SPECIFIC,0.0,India - SACU,Under Negotiation,PSA,Goods,0,793,60,85,696,0,0,0
IND,ZAF,South Africa,ZA,710.0,Africa,Sub-Saharan Africa,ZAR,Rand,851712,Telephones for cellular networks / smartphones,2025,145400592.56,15614646.26,129785946.3,-114171300.04,3491844.03,3491844.03,41.6401,2,671958189672.06,16127.0,2.7,3.0,55231106.0,55.0,0.0,MFN_APPLIED,PARTNER_SPECIFIC,0.0,India - SACU,Under Negotiation,PSA,Goods,0,793,60,85,696,0,0,0
