path,size_bytes,sha256,modified_time
.env,99,da0721e53196a4bc32c7bbd11a9a2cf81ef2a822c0c2ed1c7f4f229193f7b491,2026-08-20T07:19:27.070145
.gitignore,536,28f9ca6b5423a0c82b0db5d8ed2bba518d5a25cfa2545254f3b01a85ca5468ae,2026-08-22T06:36:10.075257
Brain Data/Partner Discovery as exporter/01_partner_discovery_india_as_exporter.parquet,3367311,9d88ce6aa9a9a0ea343cd88ca3a5ee2deb63023f92ff93971e1b41d440edbf99,2026-08-22T22:56:47.809414
Brain Data/Partner Discovery as exporter/01_partner_discovery_india_as_exporter_eda.csv,20071734,3e4fb9919677be67cd32e1ebfd758b4960f17befcfdd90d13fa6c5cad42f4b84,2026-08-22T22:56:45.374684
Brain Data/Partner Discovery as exporter/partner_discovery_as_exporter_eda_and_model.ipynb,1123111,19e46de59f1e8991ccf8e131556b473ddea72fbae3fcad98ec50436da494b824,2026-08-23T00:12:02.322059
GLOBEX_FINAL_ER_DIAGRAM(1) (1).png,753780,cf19c918ac9133b610ff1e48bbe7160dc499a06919466f39d6999c3508c1bf05,2026-08-22T18:55:49.787232
GlobeXAI — Cross-Border B2B Trade Automation(1).json,44537,4f1ef8f1eaba497206d97f64f22e2174dd0dfb940a6dddba2d119795d20c5f28,2026-08-22T18:54:52.750339
README.md,9038,3d3864d4a438289565bad72fa981ac4e1a518467dabe39260cd88918690000f2,2026-08-22T06:36:10.075790
SIH_Partner_Discovery_Final_MD_Package/data_collection_contract.md,2536,068cbdfa923a887a7ffa8def5c71adbfcec9985d14557add78525f4073636f5f,2026-08-22T22:47:54.575202
SIH_Partner_Discovery_Final_MD_Package/directory_safety_rules.md,1446,c02ba87abb400bcdd57cc726554284473923c0d5505b1643092c4ad7496c1c22,2026-08-22T22:47:54.646467
SIH_Partner_Discovery_Final_MD_Package/feature_engineering_contract.md,2056,f2050f965a577435260e8c0f8aa0a3aab1573edb47b72ea7a623592b0f334eab,2026-08-22T22:47:54.588898
SIH_Partner_Discovery_Final_MD_Package/forecasting_model_contract.md,3373,0f5d2e6ac22f009e380fc6f430e0037806f7159938b1bfa98dc94179b4dc5819,2026-08-22T22:47:54.602057
SIH_Partner_Discovery_Final_MD_Package/notebook_contract.md,2485,7f3f0e89666151edef5326b13fd6de070f431e30eda89af56cd5bed9232bc20a,2026-08-22T22:47:54.634672
SIH_Partner_Discovery_Final_MD_Package/project_artifact_contract.md,2458,dff0b390bb6f8466941feeedc49a7699cb1bdf843ebc1784412492e0627199b1,2026-08-22T22:47:54.659195
SIH_Partner_Discovery_Final_MD_Package/ranking_contract.md,2786,d9ba5a03fdee18bd9ed3e588ab473f994ae02b17f5d257932e5e9199fb257db5,2026-08-22T22:47:54.613041
SIH_Partner_Discovery_Final_MD_Package/risk_integration_contract.md,2026,bf3dcf6787f919a7e6bf6fb4f184b21e23d8c417354c97c625b356c0f9efdd83,2026-08-22T22:47:54.624132
SIH_Partner_Discovery_Final_MD_Package/tasks.md,4852,c5bb405c62598e41b3fbcb9f5995fe5f99215842fd653ec35ff13f035357c744,2026-08-22T22:47:54.564125
backend/brain/data/final_csv/01_partner_discovery_india_as_exporter_eda.csv,16265032,21f7800a32352843ab8addd9fa821051bc7046603c113f4d8efd8f3f78ec447a,2026-08-22T22:32:02.947340
backend/brain/data/final_csv/01_partner_discovery_india_as_importer_eda.csv,15015679,cc8fb0b4eba3296aed83b8150ea097b73e6d04d203e745218c3b1733b3fecd77,2026-08-22T22:28:31.015706
backend/brain/data/final_csv/04_trade_risk_eda.csv,1969057,ff60ea5a9ed11384d3843042be3b20888255fcb54e82e7ff6be3c9404eb31ef4,2026-08-22T06:36:11.731844
backend/brain/data_pipeline/data/final_csv/01_partner_discovery_eda.csv,530569,f81d2954c922bcca644df0cfbf638411bf85366cc718c61477a21295ee057cee,2026-08-22T06:36:11.697188
backend/brain/data_pipeline/data/final_csv/04_trade_risk_eda.csv,1969057,ff60ea5a9ed11384d3843042be3b20888255fcb54e82e7ff6be3c9404eb31ef4,2026-08-22T06:36:11.731844
backend/brain/models/destination_ranking/product_catalogue.csv,3225,5e12dc81205662bffa3976590dbab7889321b0769eac599623e52eb9da5afc09,2026-08-22T19:51:15.515197
backend/brain/models/destination_ranking/product_catalogue.parquet,4180,8b47f01255ceac44d69f7d59d1d360d2bfbde077a02b36ea6368118016f7750f,2026-08-22T19:51:15.519296
backend/brain/models/destination_ranking/ranking_config.json,1433,132c622d68b5c6e73afb4690515c2182026bf0030f63af49c106fa042ab55f52,2026-08-22T19:17:26.439869
backend/brain/models/trade_anomaly/feature_list.json,455,6a117fc6ae7763514d4cea597fe7975dea90871051a29e8b87a38192713f1308,2026-08-22T19:17:34.069497
backend/brain/models/trade_anomaly/model_metadata.json,765,ed9942cc199a40d436ed48ae8ad0367563c37b30962fa4d52e8af9d71a7c4ef7,2026-08-22T19:17:34.070573
backend/brain/models/trade_anomaly/preprocessor.joblib,4136,2352e88d543b462be35e1f12cce765e98a03897df61ce6061efdc50820a5e4d7,2026-08-22T19:17:34.051970
backend/brain/models/trade_anomaly/threshold_config.json,56,40e15f79a70f57aeb723f2aa23d18a31f6c180b6fb3560724e644123703984a4,2026-08-22T19:17:34.068425
backend/brain/models/trade_anomaly/xgboost_anomaly_model.joblib,254229,d57c8bfb242ce25227cbdb28a99aa35a09ca7b2741cfe28db78ede1b5f80eb45,2026-08-22T19:17:34.066839
backend/brain/models/trade_risk/gru_autoencoder.pt,61977,9e95a74c3ae1b3e093172a160eab6b34e6cbd8bdd990ee7068e0684a44ac46bc,2026-08-22T19:17:35.365482
backend/brain/models/trade_risk/isolation_forest.joblib,4297869,8255adfac59c42ae34bdda8ceabb6f1da069112455f1fbfb5737e4617b6e156c,2026-08-22T19:17:35.264090
backend/brain/models/trade_risk/risk_model_metadata.json,1139,7b6b56adaf08783e221183fc36b49a2e9c2e70e87f5ebff62c4fa205ab68ec01,2026-08-22T19:17:35.367940
backend/brain/models/trade_risk/robust_scaler.joblib,927,3abaed9d04b55e0405485705ba97bc5a87bd8e2d8a4891395d89e7ea2d4fb9f7,2026-08-22T19:17:35.129253
backend/brain/models/trade_risk/selected_features.json,744,3b762869338f018d2b324c98c7af1390f3455349e0c74a30375a3d93c5ffa22a,2026-08-22T19:17:35.370421
backend/brain/notebooks/01_destination_country_ranking_eda.ipynb,592023,2d92e1fb5bcd03afee9fa5fbba7c2382dba8a74810d05946f42dc5cb1a118ba3,2026-08-22T19:54:14.160888
backend/brain/notebooks/intialedatradeanomaly,911846,44d986b8f3c21ba6898ffef0663456602a06520b43823d5e6528c4301af2e811,2026-08-22T17:35:58.397693
backend/brain/notebooks/trade_anomaly_eda.ipynb,702486,238c3ec2375f8d86fe8f5d286ddc922b032575a2d00e27ce334efe56aada5760,2026-08-22T20:40:16.793670
backend/brain/notebooks/trade_anomaly_modeling.ipynb,129631,c16d39a08ece2ef4e1d793ed9e3ff75b3a4af06b21d1fb6cfd95cb9bc7802284,2026-08-22T19:12:25.387837
backend/brain/notebooks/trade_risk_complete - Copy.ipynb,1592043,d0c061934df6d52939bbfc6546ff58de406570044580582fea13bdb242f8f975,2026-08-22T20:03:23.428443
backend/brain/notebooks/trade_risk_complete.ipynb,1592043,d0c061934df6d52939bbfc6546ff58de406570044580582fea13bdb242f8f975,2026-08-22T20:03:23.428443
backend/brain/processed/01_partner_discovery_india_as_exporter.parquet,3367311,9d88ce6aa9a9a0ea343cd88ca3a5ee2deb63023f92ff93971e1b41d440edbf99,2026-08-22T22:56:48.604406
backend/brain/processed/destination_country_ranking_features.csv,612307,f48d6d2846c99f3328481b1dc4e3b5a33adb63b2f00712407fa8c18bdea59204,2026-08-22T14:11:05.326957
backend/brain/processed/destination_country_ranking_features.parquet,172423,6242f75b166db3de4da6b1bb07e15e5a281a13ccce8184cd7d4cdab0fdb8f1b2,2026-08-22T14:11:05.248070
backend/brain/processed/trade_anomaly/02_trade_anomaly.parquet,1110628,a2e6115ef6a35a7fdba99c5b55dcd82ce3088488c377e88effda0a552dabcbc2,2026-08-22T17:53:46.692935
backend/brain/processed/trade_anomaly/02_trade_anomaly_featured.parquet,1866820,319ec582cb6032308d53ea8dd4f1e17b48201bf2c8d253caf0c5e0648e069f53,2026-08-22T17:53:49.369422
backend/brain/processed/trade_anomaly/test.parquet,476504,ac4507e513f83bf9527e0eca675981f0b567694c384f402b5d406c49927a3824,2026-08-22T17:53:49.569376
backend/brain/processed/trade_anomaly/train.parquet,1148411,0e594f2397973fdf2c982576a6156c9c4f7443b27a48d86290c486debfe207f5,2026-08-22T17:53:49.497797
backend/brain/processed/trade_anomaly/val.parquet,246631,4ba5b665d482a4eedb343eb1312305561f79509e91f47cfd14cbf48f16dea34b,2026-08-22T17:53:49.533024
backend/database/supabase/.gitignore,80,eccd25cd50cd8cb5447b70754f7dfa8dfc0008ce7b147c96f53fc4cfe6c78783,2026-08-22T18:29:58.533388
backend/database/supabase/config.toml,15993,83060f2018be19987adf8fb817972b403a3a80fb27acbe6d011616bc476ddea8,2026-08-22T18:29:58.533388
backend/database/supabase/migrations/20260822111809_initial_globex_schema.sql,12606,323859e5597de6ef8d3e5fb1f2f067607a2f2568f3194a895b33aa41650601f7,2026-08-22T18:29:58.535397
backend/database/supabase/migrations/20260822120632_remove_blockchain_and_escrow.sql,93,a3bea78d4d1b004d450fc84347fe3d6b2e07772a1631238160816f12e9dabe52,2026-08-22T18:29:58.535397
backend/database/supabase/migrations/20260822182000_seed_globex_demo_data.sql,174576,1294572e090930ff783207c76ead2b5179c328c61ab2bd1f612e584d6189ba8e,2026-08-22T18:29:58.536905
components.json,505,7083bcec64939aa56244861d97ac92cb6dec3aac7911de046809d17e42e665ce,2026-08-16T03:28:53.563291
configs/forecasting_config.yaml,1293,cd27b495f01d084a114d6b23565b79dff40c354b68d4b9cb319180c3b6ba5edb,2026-08-22T22:57:03.023376
configs/ranking_weights.yaml,1891,d02579fe5833fc5fad4ee9a219cd956dd861e22e443951b67f477ca9be9c7680,2026-08-22T22:57:07.449454
configs/risk_config.yaml,1171,6673a2cc387c4f5f382eeaea7ddf1c20eb8822c7d3d7387383c2682f1355af48,2026-08-22T22:57:11.293481
data/processed/01_partner_discovery_india_as_exporter.parquet,3367311,9d88ce6aa9a9a0ea343cd88ca3a5ee2deb63023f92ff93971e1b41d440edbf99,2026-08-22T22:56:47.809414
data/processed/destination_country_ranking_features.csv,48176,395b22c61f3bd902be113e8bf16dbe4a1e666d557e3d4fedc881f4d96caacd07,2026-08-22T19:54:13.351993
data/processed/destination_country_ranking_features.parquet,40103,0cdd91e9ac9c2eff59f2d42e052479e50713cdcff143ec65ca74fde4036b9049,2026-08-22T19:54:13.316503
data/processed/final_partner_recommendations_exporter.parquet,8078,fb94f3be597370b35577b91eee9edaab0a6c24c4a2ba0b4397f6e9213c56f4a4,2026-08-23T00:12:02.177689
data/processed/partner_discovery_exporter_2000_2025.parquet,3367311,9d88ce6aa9a9a0ea343cd88ca3a5ee2deb63023f92ff93971e1b41d440edbf99,2026-08-22T22:56:47.197837
data/processed/partner_discovery_exporter_2010_2025.parquet,2238784,9e80cb0d51f2660b6e5bfc078e3c6fe4aeda822ac7f6a875d929f28f3164fc84,2026-08-22T22:56:47.439414
data/processed/partner_discovery_importer_2000_2025.parquet,3350850,fa54f98612494a80cbbf41503e7459d2bb60850e9eb02b2575917920254e3ad2,2026-08-22T22:56:48.124054
data/processed/partner_discovery_importer_2010_2025.parquet,2248618,1f749927a68c63e16eca21038cc2bdccd2a1f5b1d5b9bb092920aa0cc94209d9,2026-08-22T22:56:48.305054
data/raw/01_partner_discovery_india_as_exporter_eda.csv,20071734,3e4fb9919677be67cd32e1ebfd758b4960f17befcfdd90d13fa6c5cad42f4b84,2026-08-22T22:56:45.374684
data/raw/01_partner_discovery_india_as_importer_eda.csv,18265236,a692a20b929d089f3601179e2a2c7c2c30641d3b62ad7964952284985db8c3ba,2026-08-22T22:56:46.739251
data/raw/source_manifest.csv,978,9dfc76f37b018ed49f4a0eaa1c07c9eff09a83c8ee8d9a363605b653e225e31e,2026-08-22T22:56:49.049793
data_pipeline/.env.example,623,b852b221c5454a0d03cab7fbf1983da4c889a39e9e625410f8bd6942a939f19b,2026-08-22T19:10:51.325960
data_pipeline/.gitignore,392,160b534454c547aada5521819bb493efd1a4b7caca5ab5aadaaf199be5da920e,2026-08-22T19:10:51.328558
data_pipeline/DATASET_CATALOG.md,5730,208f2d9e945bef4142f246bf7cb87caf0350ed3f3e3cbcd5f68dc0a2338002d4,2026-08-22T19:10:51.331822
data_pipeline/DATASET_COLUMNS_CATALOG.md,76892,4b770a04818a79576dcf22b8c721f10a128d7745ddb9e1b746834f7d08cb9ab9,2026-08-22T19:10:51.335154
data_pipeline/DATA_LIMITATIONS.md,3550,9afa03dc64127a23af9d5d9eb205243a13c95a468d9ef1ee0af08378a11134da,2026-08-22T19:10:51.337289
data_pipeline/DATA_PIPELINE.md,7694,5d22516a49a16de7162c3ba852b6b7f4c80b5111e6a2c5dd4827559309454b41,2026-08-22T19:10:51.338384
data_pipeline/DATA_PIPELINE_AUDIT.md,3291,6241a3dd18dfbc0a15368c3b90e9d4afa12a0525aff99c8f0f67709e3d91946f,2026-08-22T19:10:51.344267
data_pipeline/DATA_SCHEMA.md,9675,9d761097f60417a0c76f937812f748df6c8b11b642ff249d5f7e3e9aecac0dc8,2026-08-22T19:10:51.346870
data_pipeline/config/data_sources.yaml,3294,c7ad637d5a519be4eb58d9523f1b8d8ea3c2da4c082c76cafa62388c493b27df,2026-08-22T19:10:51.350116
data_pipeline/config/india_trade.yaml,1646,b37e8f014c0fa80e75dd19800b175bb208425215685cad179594699009e5cd18,2026-08-22T19:10:51.352243
data_pipeline/config/pipeline.yaml,1865,9ade78a7dc83db611aa9a49bf4443a5dbe7e1d06c1870602263124d1a51c0d25,2026-08-22T19:10:51.354945
data_pipeline/config/sources.yaml,1394,7abfd96040f2a99c261b5ec1ce801a52b6f6c6ec846aaedbf0fd02fdf7854c26,2026-08-22T19:10:51.357099
data_pipeline/config/worldbank_indicators.yaml,2191,c0ab824af8f72f2af37775ff84152737012deeeef75c8502199126f48522cca1,2026-08-22T19:10:51.358726
data_pipeline/data/features/anomaly_features.csv,21587567,0ff29b7d9730f4d046a3a1ca95dd0602ce91c6a5e7157b878b49a4e246858f9b,2026-08-22T19:10:51.617891
data_pipeline/data/features/anomaly_features.parquet,8315207,c46d8184a26686eeae56745f0574fba6e504e19cae6d990a0cca626e0332f63e,2026-08-22T19:10:51.760365
data_pipeline/data/features/anomaly_labeled_dataset.csv,23397848,6602f250f0b3f780e175ae1fa2fc6ee815d4e4233cb4c6ea3d253700f447cfb8,2026-08-22T19:10:52.004873
data_pipeline/data/features/anomaly_labeled_dataset.parquet,8338534,179748edda161675abb92081ad48356ebe8462304b0362cb31d7ab054f55382f,2026-08-22T19:10:52.156832
data_pipeline/data/features/anomaly_sequences_test.csv,55996743,c23f44c23a06bc43069e366c2876a7d666076f01736e6c882e8cefb3303e9ea3,2026-08-22T19:10:52.491205
data_pipeline/data/features/anomaly_sequences_test.parquet,4247727,528f17354a3b9c20945ad285d2519b00fdf10a5240a5e2765357ef604b81b0dc,2026-08-22T19:10:52.578680
data_pipeline/data/features/anomaly_sequences_train.csv,55879767,2491cb986ac03146f21054c3addd82691f2b1232e68f42143530f03e1bca9893,2026-08-22T19:10:52.940066
data_pipeline/data/features/anomaly_sequences_train.parquet,4207220,c33b005a25983e8aed45c63f69c4c1535c5aed420b1bdca7a04d6e8c05958c82,2026-08-22T19:10:53.017268
data_pipeline/data/features/anomaly_sequences_val.csv,55976148,6e2adfc3e1494f76a2dd9dac587dc28e9612621c07ad9199390bc60ecd43f5d5,2026-08-22T19:10:53.390437
data_pipeline/data/features/anomaly_sequences_val.parquet,4248159,2505021d2694dfa664e62b5f88cd316ce1ecd4b31a87ce7f1704da140ecfb026,2026-08-22T19:10:53.485626
data_pipeline/data/features/partner_candidate_features.csv,1625,fea6f7fa83f06d10031f1b9b81410560a5a7ad85f31fe458157ccf91da836694,2026-08-22T19:10:53.488984
data_pipeline/data/features/partner_candidate_features.parquet,16270,ff4a05d442d1836957957152ab98bdba6edcd8bcb20fb53ab7d422aa6beb15e9,2026-08-22T19:10:53.490002
data_pipeline/data/final_csv/01_partner_discovery_eda.csv,530569,f81d2954c922bcca644df0cfbf638411bf85366cc718c61477a21295ee057cee,2026-08-22T19:10:53.496888
data_pipeline/data/final_csv/01_partner_discovery_india_as_exporter_eda.csv,529080,770140632b41f074db4b3573ccc657459c0dc94f23651d28374c60bf268b58db,2026-08-22T19:52:21.645458
data_pipeline/data/final_csv/01_partner_discovery_ml.csv,23799,65e2b598a0539d642e09a3c7a72c2816313097782e0c92b73b0d61916a020359,2026-08-22T19:10:53.500512
data_pipeline/data/final_csv/02_trade_anomaly_dl.csv,3290901,e90a066cca3cbd48e54d7dfb634c24b4f1313d58c51ea311eaa2b8122da6b000,2026-08-22T19:10:53.539075
data_pipeline/data/final_csv/03_document_intelligence_dl.csv,11867,1bfda95947878bb0da3897bf8a6d1c49f9043a9fb8084e71066a7dd23dad582a,2026-08-22T19:10:53.542071
data_pipeline/data/final_csv/03_document_intelligence_eda.csv,16038,267b64c606bfd0917857b34def842afa69fef2c6b1f342637ed31f2f4d34acde,2026-08-22T19:10:53.545093
data_pipeline/data/final_csv/04_trade_risk_eda.csv,1969057,ff60ea5a9ed11384d3843042be3b20888255fcb54e82e7ff6be3c9404eb31ef4,2026-08-22T19:10:53.563709
data_pipeline/data/final_csv/04_trade_risk_ml.csv,15968,eee7c66d0a9398364ec8980e8471942be73ff385fde00d43ce8fbb48626ab3bb,2026-08-22T19:10:53.567231
data_pipeline/data/final_csv/04_trade_risk_ml.csv.staged,15995,598ca088bde557b5b428e752dc3cf863888eb7452bd342fc6f7626a37838e5db,2026-08-22T19:10:53.569484
data_pipeline/data/final_csv/05_rag_evidence.csv,11136,52cf570907186a52e831b4d198c78ef25b821ad234b65610d5dcf5faae99318a,2026-08-22T19:10:53.572564
data_pipeline/data/manifests/browser_downloads.csv,1103,69f3b3fc48ea6862423f65b1cbce600544524f7e320cce56d9210a618b7806c3,2026-08-22T19:10:53.579665
data_pipeline/data/manifests/comtrade_requests.csv,5230,269254a36ed67ae74129b13961092b3779531e29893fa98ea56a8b4c78d9d074,2026-08-22T19:10:53.581281
data_pipeline/data/manifests/consolidation_decisions.csv,332,51f62a574c3e9bfaa6bf090f3f08ade00900842409d642254ebbf43aba1d601a,2026-08-22T19:10:53.585090
data_pipeline/data/manifests/data_manifest.csv,5184,649511cb71f89298d15cebd777dcce9aeecd12b53a35545c818a7b7d54cd605e,2026-08-22T19:10:53.586688
data_pipeline/data/manifests/opensanctions_requests.csv,1154,fee1a0aa266f1b24099b81c90cd6f6fa38f21da11ec815f1bfed1b3870cb478c,2026-08-22T19:10:53.587789
data_pipeline/data/processed/01_partner_discovery.parquet,120678,ff20c5019941eb1261dff32392778769f69a186bf336e7aecf2c115df1c6a19b,2026-08-22T19:10:53.596339
data_pipeline/data/processed/01_partner_discovery_india_as_exporter.parquet,3367311,9d88ce6aa9a9a0ea343cd88ca3a5ee2deb63023f92ff93971e1b41d440edbf99,2026-08-22T22:56:48.919773
data_pipeline/data/processed/02_trade_anomaly.parquet,1111234,33aa8f7176e5f3bb7dd6678bdb24cbfb3457b3091e572a89b77da67ea045129a,2026-08-22T19:10:53.626567
data_pipeline/data/processed/03_document_intelligence.parquet,13930,cb9015bbe25cb3f1552d20deb4e7404c8f38a7971cf6c8d499a18537e6714197,2026-08-22T19:10:53.631607
data_pipeline/data/processed/04_trade_risk.parquet,362304,929fc9f45d1322c5357795d8c4453523e8dc49cad783fb36c687259f10a3777c,2026-08-22T19:10:53.639023
data_pipeline/data/processed/05_rag_evidence.parquet,14392,f15d9d0a9064f64b27e47b74f95056729e2834a5fe861e6e114c0e88507d7894,2026-08-22T19:10:53.641050
data_pipeline/data/processed/Untitled.ipynb,55664,41645f9b0518162e50500e115a88616628e72b104d44fc964d92dc9887e7b96d,2026-08-22T19:10:53.644321
data_pipeline/data/processed/country_indicators.csv,211416,e37558afec1fae420ac091c93240f98b3396add2cf1c65549d5d3928b48240ea,2026-08-22T19:10:53.647845
data_pipeline/data/processed/entity_master.csv,2588,47968fd7f3a993f4946234adecace408390bf77ba6d9743c97f62ae66001ec32,2026-08-22T19:10:53.650225
data_pipeline/data/processed/entity_resolution_matches.csv,825,488e5f52271a51fd9f0430c751bec6ccabea39ee6e1d00d44bb2e8d0dc405aeb,2026-08-22T19:10:53.651239
data_pipeline/data/processed/ocr_canonical.csv,4239,ca5294f459980bd78e047bf1873ca6a69f66f29d48b3fecef2295422a87e727f,2026-08-22T19:10:53.655039
data_pipeline/data/processed/ofac_sdn_validated.csv,504,73bde5573f323c1ce7d9cde21570e4843b1bb0f001f686be8f069476a52c5a1e,2026-08-22T19:10:53.664137
data_pipeline/data/processed/sanctions_entities.csv,1773,97d644078ad2a5d84f45252c55938832e6052d60be7f70fd815d03da134eb670,2026-08-22T19:10:53.665387
data_pipeline/data/processed/tariff_features.csv,249751,7c3905dc18e91c95c82b010c000880b6c07f5f741b66bb4433c658a04644ad72,2026-08-22T19:10:53.671239
data_pipeline/data/processed/trade_monthly_panel.csv,2088337,694aed8fea2fc351f3096c6c6db3009c6399c702f8c81065a9518950aa32910c,2026-08-22T19:10:53.696330
data_pipeline/data/processed/trade_observations.csv,14674015,a84fa76cbed9c9e497180c6cfa28385d3279e0f65bb5465b9bcc75f206632e2e,2026-08-22T19:10:53.797256
data_pipeline/data/reports/access_requirements.md,3003,b6a99a6c9a61c418cbc71ee944e6e55cc5897c826aa72909509a83c4f052b9e9,2026-08-22T19:10:53.811891
data_pipeline/data/reports/acquisition_report.csv,1011,234e8a7abdac5cc1f47b4e59487fbd2ad85880cfe88ab1be43ba0e72a7107b5f,2026-08-22T19:10:53.813529
data_pipeline/data/reports/additional_data_required_v2.md,1329,e9c684aa3c64d1dc87631c4d394545a4e2e319d0cd4c30aa3975d92e2d5639e6,2026-08-22T19:10:53.815985
data_pipeline/data/reports/consolidation_decisions.csv,332,51f62a574c3e9bfaa6bf090f3f08ade00900842409d642254ebbf43aba1d601a,2026-08-22T19:10:53.817407
data_pipeline/data/reports/data_quality_report.html,10865,c6ee8cf978e0de56d3ca5b97e5d9ca83b6c51b01e49e89f3e2faf429739190fe,2026-08-22T19:10:53.819593
data_pipeline/data/reports/data_quality_summary.csv,720,84a263fbcdabc206599623229b62d86f2936306ce7bde5a14a5612a616c8f573,2026-08-22T19:10:53.822548
data_pipeline/data/reports/duplicate_report.csv,306,23c11bd9673846f7955b8a0d757b1cedc3fdf19ec467adbaa64eb4472acd9bd1,2026-08-22T19:10:53.825160
data_pipeline/data/reports/eda_data_dictionary_v2.csv,14959,e915d92a9055afe557719e40a0c554be698760aa82a06245c5fa81d54eb91d09,2026-08-22T19:10:53.827496
data_pipeline/data/reports/file_duplicates.csv,106,9249e1fff5dd49368ff77d40e13c67b9987faf8d80abb6ae1b1962aaa28eceb2,2026-08-22T19:10:53.828955
data_pipeline/data/reports/final_dataset_audit_v2.csv,548,e787e807513cd966b57154c51ef0702c5dfab1877ddff453ef76f4aa9424c962,2026-08-22T19:10:53.830476
data_pipeline/data/reports/final_parquet_build_v2.csv,1634,a2f16290ac36e769f28fd7624a96ab4f1fc9b1af310de5f51b6d719fab5d0c3e,2026-08-22T19:10:53.832512
data_pipeline/data/reports/final_parquet_join_audit_v2.csv,2636,da5de25d14c5ccea78e87a474c73873a177d19a1e64b431916bbc6f6c85b6547,2026-08-22T19:10:53.834531
data_pipeline/data/reports/final_pipeline_report.md,3693,e49f88ca66461f0a2dc14b2e1ffbe3f076c3f50dfef57bb78394208bf41c59a7,2026-08-22T19:10:53.835534
data_pipeline/data/reports/frozen_trade_anomaly_hash.txt,85,d8f4b5f9838782fe0659e74c17bbe73c5a2f9f85044b9de1ed5409fe4ec35e25,2026-08-22T19:10:53.837894
data_pipeline/data/reports/gleif_dedup_report.csv,729,bb3e39fe7092f6c31960614b4f96cfdf89f5a5d36067c81faf3834ea62aab185,2026-08-22T19:10:53.840416
data_pipeline/data/reports/gleif_download_manifest.json,407,e45744e1182cde047c6faa85144b142608ef1ba42aad8ec94d1a56dc48f2be02,2026-08-22T19:10:53.843947
data_pipeline/data/reports/join_audit_v2.csv,1790,a6c0db92df7621e1a6135b723fd693e4f9649ef605cd7fa18125cd864701a87b,2026-08-22T19:10:53.845231
data_pipeline/data/reports/join_cleaning_justification_v2.md,22187,4c30cffd1bccf37b7d094cb7db2af82eb2a7ec9649f0c0602a72b21b1e21785f,2026-08-22T19:10:53.847251
data_pipeline/data/reports/join_report.csv,785,cfbbcc14342cbcaf17688a6456d81bba8f5014b67f5656e84e413c263f878cda,2026-08-22T19:10:53.848838
data_pipeline/data/reports/missingness_report.csv,8007,54e6944f410bf6d61fed9ec7cc42ce5a6f4aa54526ed7cc4fcc6418f4b681ece,2026-08-22T19:10:53.849851
data_pipeline/data/reports/missingness_v2.csv,7882,ae96805f21e48e5b7e2bb54d9cfcce14cdd8b6815c1af41d8f024527f4cca8b0,2026-08-22T19:10:53.851360
data_pipeline/data/reports/opencorporates_blocker_log.json,275,1b604f5838d1569ddab924e1c02a65f363243f1213b7c5164686c2767e3d9d23,2026-08-22T19:10:53.852609
data_pipeline/data/reports/overlap_report.csv,195,03ea19204cb11171e472d2794557c96b462e566a4e803b492ffae99a0527cd3c,2026-08-22T19:10:53.854631
data_pipeline/data/reports/partner_discovery_join_report.csv,318,8428d6d54a198a35f963f0b22c108c58f54508168933538377105cdeef695c7d,2026-08-22T19:10:53.856069
data_pipeline/data/reports/row_duplicates.csv,298,28d7c5f03ba67777109f5b2ced04604f9916c46dc26d18c159900a267585d8ae,2026-08-22T19:10:53.857816
data_pipeline/data/reports/schema_conflicts.csv,423,e358d66d3d4b6760474b1b2632d0b00527aaa008efed3f0c089acc614a259981,2026-08-22T19:10:53.858823
data_pipeline/pyproject.toml,889,b668d86daac561520f164c40432ec6e07f1bed5c8d9ab52232a9edd89d66a2e5,2026-08-22T19:10:53.861224
data_pipeline/requirements.txt,330,05911d9cf3b325f16fc60d9ab982fef808afc77d372efdd692653025ae77542f,2026-08-22T19:10:53.862468
data_pipeline/scripts/build_anomaly_features.py,9008,84b7624bd9c9f069d25c69e464593ee4e2339b05903db5b4ff2ee10754ff1c73,2026-08-22T19:10:53.865232
data_pipeline/scripts/build_anomaly_labels.py,6719,80424e6e75218a41415dc08af4e2fd37ce67caceb8aa8a7210bd41cf4033868b,2026-08-22T19:10:53.866841
data_pipeline/scripts/build_canonical_parquet_v2.py,55442,c50fe81b1bb6dd89e4fa317e71494c0ff4c2de57fba39d2438553bca3d0e857c,2026-08-22T19:10:53.869057
data_pipeline/scripts/build_manifest.py,10697,21a1b96d2ffe4a54242564c8ec69e7329eeb4dd8fcb7bf44df92d17544a1e862,2026-08-22T19:10:53.871171
data_pipeline/scripts/build_partner_features.py,9150,a172b853ddae9e09ba0f589166f26e1ba988ad7da3d506dfe2be54b2652b8e7b,2026-08-22T19:10:53.875637
data_pipeline/scripts/build_sequence_dataset.py,6291,65d5b516853917f85fa0c8c41bc8a2965297672f4f4017a42b2ee057799f115a,2026-08-22T19:10:53.877248
data_pipeline/scripts/convert_all_to_csv.py,7406,060a6f2694eb913c57dcc51f0d9bb245879141d279baa3493bcaa68107044571,2026-08-22T19:10:53.879007
data_pipeline/scripts/detect_duplicates.py,8278,5e59053ac9eb276c7ea5d5873dc74977713b11fe4d188ca2bace22d946d5b988,2026-08-22T19:10:53.882657
data_pipeline/scripts/download/download_comtrade.py,10595,94a7388f4914f24abf5621bda309f9f36e4d879a613c11eb62e4638955ce4577,2026-08-22T19:10:53.884815
data_pipeline/scripts/download/download_documents.py,14366,0c7bd929faac2601702115cdfcc957734652dc674e4699e19f3a065d912a71ac,2026-08-22T19:10:53.887213
data_pipeline/scripts/download/download_gleif.py,7126,b92fdfc5607b8525b1fde7d56da9915d76b15bf1b51e44be0a1e9798c892a1d2,2026-08-22T19:10:53.889361
data_pipeline/scripts/download/download_sanctions.py,4305,555371de9b4e8895777867c2de89a185adaacc6ff25bef640f07d013d9db3e49,2026-08-22T19:10:53.891507
data_pipeline/scripts/download/download_wits.py,3917,ea5f2378166c847a2dab92e72b26c5c13a2ce27d47e1d080c480eef0e30bf86c,2026-08-22T19:10:53.893351
data_pipeline/scripts/download/download_worldbank.py,4728,605af3190367736231fe90cc0cb991b94e0f66ef7566e1641d7affac782b90a3,2026-08-22T19:10:53.894433
data_pipeline/scripts/download/import_opensanctions_api.py,13811,2d5045c71dac461739eeae6350cfae7fa799e63163a13acb31c247044f1f1401,2026-08-22T19:10:53.896580
data_pipeline/scripts/download_all.py,8676,6e64684267d30ecd08e4fe7c94f41c42715008949ab7f5783cab4ffd36992408,2026-08-22T19:10:53.897651
data_pipeline/scripts/download_comtrade.py,10977,8daa0d87ebc6ea3076ad74a016c64c8826793983ece543619a2773b0072ff731,2026-08-22T19:10:53.899865
data_pipeline/scripts/download_cord.py,3165,602c3d1cc12625c9f59f3e17726a1d962c27b538f49aee222b959f06a50a4db6,2026-08-22T19:10:53.903386
data_pipeline/scripts/download_funsd.py,4059,96a2f46954df8647531277df377e409ade994e3eb8f6a08a081cbd0118b3914a,2026-08-22T19:10:53.904896
data_pipeline/scripts/download_gleif.py,14352,f66c74c057128a737e1b4f6c27c946be5e75f72a8eb73bd8b67ce9bdbaf56053,2026-08-22T19:10:53.906404
data_pipeline/scripts/download_ofac.py,5079,a1116610095d176b6e4144f1cc2a355aaa7d18a9aa0e189923009941b319eeb0,2026-08-22T19:10:53.908415
data_pipeline/scripts/download_opencorporates.py,3043,4adab2b6ef591a15e20617461c8ca79ae6e61a2d6f752f772d14a506181f7a03,2026-08-22T19:10:53.909691
data_pipeline/scripts/download_opensanctions.py,7714,2a5e4513c6fd53890b82e93c6fdc13187039f4c9b67d8afba8e303c322ee1c81,2026-08-22T19:10:53.910967
data_pipeline/scripts/download_rvl_cdip.py,3024,68b5955dd5f8133fa2ae2b885bd39fdc267bf1faa4113b8a6cca901c21ba0acd,2026-08-22T19:10:53.912487
data_pipeline/scripts/download_sroie.py,3526,b784b8d7740d695dcf134ae2c30193fda5fc3e527dc22bd8ed3b5ff4cc515aef,2026-08-22T19:10:53.913486
data_pipeline/scripts/download_wits.py,6005,51f71da22cac23218abbe7c56a60be9c1dc740e68da18289e7860caf5ff4d9c7,2026-08-22T19:10:53.918159
data_pipeline/scripts/download_worldbank.py,6711,476d502d3185e984feab49a51da45ec71d791236b41d85a7ff969683aa8b8a09,2026-08-22T19:10:53.919175
data_pipeline/scripts/download_xfund.py,3356,9079dc0924616441d51209eec6ea2dd213c6c6f66234de3dce304d434ea74b1d,2026-08-22T19:10:53.921199
data_pipeline/scripts/eda/build_document_intelligence_eda.py,3387,c69e4a0aff8a8659557b9eb73085cd091c3adf06c5f0970f9e635b29babf9829,2026-08-22T19:10:53.924034
data_pipeline/scripts/eda/build_partner_discovery_eda.py,17674,91366fafbd83ef133bf84a857ea16c3a33c6d829b542bd2ac6205508a276f15f,2026-08-22T19:10:53.926044
data_pipeline/scripts/eda/build_rag_evidence_eda.py,10291,1beede2a9ee7c2585981e76c6dd70bdc9c9550ea87a2c6a3081d2b2e44085943,2026-08-22T19:10:53.927044
data_pipeline/scripts/eda/build_trade_risk_eda.py,8977,0d5353733a824b5fbb969c5abaf782467dfc8ee3f8269bb216bf49fdde17eb40,2026-08-22T19:10:53.929240
data_pipeline/scripts/eda/generate_eda_audits_v2.py,29874,dda1060fd8c896f65618f63c4901280a702fe569406438494d1998093f7aefe8,2026-08-22T19:10:53.931767
data_pipeline/scripts/entity_resolution.py,8895,b523f75ee8716569754d409e3a4caf8542542b4f50c1a58667c7ec75fa553e72,2026-08-22T19:10:53.936590
data_pipeline/scripts/export/export_csvs.py,2287,01e9d6e6f89a90df9308cab7eb4e26310797bb48815ffd954accd57ed12d2476,2026-08-22T19:10:53.937592
data_pipeline/scripts/export/generate_audits.py,15780,405744c4c9273e998c007345f24a55ce2b857f60d6e839111984841fa2d6a0ab,2026-08-22T19:10:53.941336
data_pipeline/scripts/generate_dataset_columns_catalog.py,6695,ac89de5a5a59b177ae8d40b1077cbe38ff9299d3457d840236696624299570a8,2026-08-22T19:10:53.943868
data_pipeline/scripts/join/build_document_intelligence.py,2152,37a2150f918c7a992fb121484955913b58662c55abe95fd7c93133ac966ad2c2,2026-08-22T19:10:53.945877
data_pipeline/scripts/join/build_partner_discovery.py,8874,ae00c818fd4ca9b408d96fb92f4cf4a5574555dd80b3ad19348cb3901d370931,2026-08-22T19:10:53.948658
data_pipeline/scripts/join/build_rag_evidence.py,6261,c62f4e732b85d2fc036fcbd0b8dce74d7eb031cfba706b08eb9bd3c4e41bb94f,2026-08-22T19:10:53.953776
data_pipeline/scripts/join/build_trade_anomaly.py,6647,a470d58681b707cec2feb6e1b44e739fa89fa53a132b092b1a7ee3ea5b74b5b6,2026-08-22T19:10:53.956322
data_pipeline/scripts/join/build_trade_risk.py,5215,561e67c7d6c6e10cbd2df5c90d24c7abf9d010cedb0587970810df17c01b4850,2026-08-22T19:10:53.957332
data_pipeline/scripts/normalize/deduplicate_comtrade.py,3003,c3753edcecd2543a5a43f658739ac603270110f5985a6158a3baafbcbbf78780,2026-08-22T19:10:53.961178
data_pipeline/scripts/normalize/normalize_comtrade.py,3310,0f8e730b0c79bdd3a65677e8072054d1b840ef0b7062352e3b2afe71ee69d6ab,2026-08-22T19:10:53.963796
data_pipeline/scripts/normalize/normalize_documents.py,2707,a2421152fe97fbd4e7ea7e0b7c0764d6f7b597e3e8124fc1aad4f042352e8144,2026-08-22T19:10:53.968310
data_pipeline/scripts/normalize/normalize_gleif.py,2297,6c692f5edab3c4883e2ba262e196cc2964e6ea9ea1541744523cbf08e53d49c0,2026-08-22T19:10:53.971310
data_pipeline/scripts/normalize/normalize_sanctions.py,1825,dfeaf00ea9a69399ad2d0546007ae88d1fd032110e85e81e74e499f45bf6c13c,2026-08-22T19:10:53.973209
data_pipeline/scripts/normalize/normalize_wits.py,1937,2dd58b4f3389d3e93ade9664a32a1e64a38866d15642f383ca934c830c16ec20,2026-08-22T19:10:53.974218
data_pipeline/scripts/normalize/normalize_worldbank.py,1898,809b4f8ee9d6d56a0cd46d82f0ceaccb19d22791c67d03612b06e756ee4c5824,2026-08-22T19:10:53.976726
data_pipeline/scripts/pipeline.py,6838,2a99a857a622920ae8d862ca2c511127395aadb5ad942e2c040d79ac00e4fa1f,2026-08-22T19:10:53.979012
data_pipeline/scripts/pipeline_v2.py,2911,84639c4d53e9dd7fc6d2a740d6c2a889d1beff9dc38a7664f17d652df2f4171b,2026-08-22T19:10:53.980023
data_pipeline/scripts/run_data_quality.py,12194,e123706da9697137010f38e0326c8d7f3de6ba8405584c7129dee8f492a078b5,2026-08-22T19:10:53.982508
directory_safety_rules.md,480,269b4aeca8a416afcc1e30190621638f4274319aa7713ef150060220e163858b,2026-08-23T00:22:18.301706
dist/assets/AdminSystemPage-Cm0fVE7p.js,9245,fdb60c494ecc1273209d48cca246668d7af90130e281e709ae8cd0e87e4fad68,2026-08-22T18:33:43.900884
dist/assets/AnimatedList-CuWi99iM.js,3243,f6268ad6269013f98687667c886e6839e5333a98b8f3af70d4cd68b2a2d9e367,2026-08-22T18:33:42.002736
dist/assets/AppShell-uX1fN7PV.js,64626,6af4046e5b7de77388c669c7663f88b7d8dc8fb69937403ed30ed323a6e2b804,2026-08-22T18:33:43.947774
dist/assets/AuthPage-D17tjwWg.js,752,2f58325a0b34291269fc7366705e03b80254d5bd79b214635664773604724f2b,2026-08-22T18:33:42.054837
dist/assets/BlockchainLedgerPage-DlycsGzC.js,838,b5c1c1c58d8282f42a52b4888c2523e85ee8e90d51f68eff0d61f0bc18446f7a,2026-08-22T18:33:42.054837
dist/assets/CounterpartyDetailPage-CpanT_Zd.js,3416,0335eb4992d9d4cbb8368e9a87798e2bf27e59fbc2961f567420b66b6dbac17b,2026-08-22T18:33:42.002736
dist/assets/CreateListingPage-DlSnzJ7n.js,12185,b599c6226bc47af27c359f4614ed3b834ef75e2d00b3fc708cf8f37d5a09c3a9,2026-08-22T18:33:42.002736
dist/assets/CryptoEscrowCard-CHeUhACv.js,17800,6a92df60b3e80ecca0751c712011da88fa7091a1791f559fdec465ca66a7b6b3,2026-08-22T18:33:43.910615
dist/assets/DashboardPage-Do0OkAa3.js,27271,e84b1cfc1719754b3c6caa0f9e2f4669473186a07394893a66e5f6a053ac5bf4,2026-08-22T18:33:42.004744
dist/assets/DisputeResolutionSuite-CPTLtw5Q.js,6422,7b216f459d23810bd1ae5922c0f38351b243bff1b9520dd1f9e9084a5ce7841b,2026-08-22T18:33:42.054837
dist/assets/DisputesPage-BlybnShM.js,891,2c6da91f84861772a00a92dc41b53d85406fb37024d018f6c8be9449288f9d90,2026-08-22T18:33:42.054837
dist/assets/DocumentVerificationPage-3Fi6I1AO.js,888,080508e9c20d92637afa48e7245315b1b07040d097f783404002213a53d5e7c0,2026-08-22T18:33:42.003743
dist/assets/DocumentVerificationStudio-Bmoh9LIX.js,9320,357ef2902d1fcbe897b07dcbfeaffa267b015a17e57a985c9af445eb570027c8,2026-08-22T18:33:43.856703
dist/assets/EscrowPage-y4-CbdO4.js,837,4062725572eb2c02d5a804ea11e14e785fcb50011bfaada092a0cf5bcfa7a9f4,2026-08-22T18:33:42.052829
dist/assets/FilterBar-2rCFdDSE.js,1496,0166264eda3f16dabeb42c2035ed094e1763cb345a8a7fd4c39a807c72988e75,2026-08-22T18:33:42.002736
dist/assets/MarketIntelligencePage-CzGC2YWm.js,4949,79d94360268a7a686e63b514d873376b507eacd9f1464ad391877fb22d68f218,2026-08-22T18:33:42.002736
dist/assets/MarketplacePage-CWho_lRy.js,47857,0f34f28af94796408b05d14a2a3c4eea157d75856035a5372e5bbf4de004e80c,2026-08-22T18:33:43.947774
dist/assets/MetricStrip-CzolE57f.js,1055,6adcaad08e82887b3c778c2fa4e36eaf39f8ac6cc5e8699b1eda3b35f0c5da2b,2026-08-22T18:33:42.002736
dist/assets/MyListingsPage-OZAJ9Hca.js,12520,06f9e2f9dcd7c49256620ac82149820bf34a5e898185ca876eee7a3ee83450a9,2026-08-22T18:33:42.002736
dist/assets/NotFound-Byjg_RRH.js,636,309fce8c36824673c698a84bd40af14a397d3a9f90a7e6947299cdb88e1befcd,2026-08-22T18:33:42.061920
dist/assets/NumberFlow-client-BGPmzcXX-e8F4dUTP.js,17212,deccb4ed3772343e425af6fd45baa5111811f808346cc8929f3c62b355507252,2026-08-22T18:33:43.910615
dist/assets/OnboardingPage-BkIaE5b0.js,7166,5dfd027fa571887f57538f0bc771b382084dee51d4ffb63a0f92d0382790285a,2026-08-22T18:33:42.002736
dist/assets/PageHeader-C1vBbmWj.js,1530,f14eef824579e6bf3c68429bef27b56e1d1dd33fdd963ef9b84ff6306a356dfb,2026-08-22T18:33:42.057839
dist/assets/PrimaryAction-QSS9T19N.js,929,771b8fc4d19e2755b41ac766d8888dc803eecf295096acb4f2831a49a6ebb08a,2026-08-22T18:33:42.002736
dist/assets/ProductDetailPage-YrHtlcaT.js,8181,23706909312342ab158647e195b6afa738e28a6610a55c759af5ba7481af2a72,2026-08-22T18:33:43.852694
dist/assets/PublicTradeLedgerTable-SdjoUP1P.js,3116,88029f2638eb4a4b40fb20114f9764e1f2450cbdc8fa8db3e5a3a3372d920405,2026-08-22T18:33:42.054837
dist/assets/Section-DPgTFMzp.js,831,e66e3c523dd7dc56d100f4fdb1422d53758a013759c319d4484db2f398d568d2,2026-08-22T18:33:42.003743
dist/assets/ShipmentTracker-D29XVl4h.js,5060,dfadfaf2aa8a76235040799276ca3b5a6ae982dc921b53f4ae731698a271a786,2026-08-22T18:33:42.054837
dist/assets/ShipmentsPage-Ru6e_Le4.js,828,168c376c985596186c45c15cf879641c0bf14f3b19ea6cdfbe9679a0ac9e10e4,2026-08-22T18:33:42.052829
dist/assets/StatusBadge-rTZCdVM_.js,1449,445b2de9fc7231a159ca568707c34403f513ba32e2f289de838eed281041eb93,2026-08-22T18:33:42.059350
dist/assets/TradeAnalysisPage-CpjGEoSK.js,7513,4a25040116e68433aa42f6b54d5631448de062e10a28a9d5af6f25aa7c59f4e9,2026-08-22T18:33:42.002736
dist/assets/TradeIntentWizardPage-2aC9LTjk.js,11830,4fc8175a7c40f3a8f5a986fc5b9dda2eac92e70ce8e1f4bae76681e1d6a89234,2026-08-22T18:33:42.002736
dist/assets/TradeRiskCompositeCard-CMeQrpB6.js,8100,94d3e0d4827957590b3c0bc290a8b8e6f5203ec4fe8b62dcfb1a910b499006b2,2026-08-22T18:33:43.856703
dist/assets/TradeWorkspacePage-BcvDj9zw.js,27468,5626526a876086185d46a8a99d483047b5c807b24d959d3409561f73ea88f923,2026-08-22T18:33:43.947774
dist/assets/WishlistPage-DrQyAO_q.js,13477,edc15092dd62bc5fa0aa164f07cedd0ff331896b4d626e16d34989300186c2ec,2026-08-22T18:33:42.060912
dist/assets/abap-BXYWi5l2.js,15852,d0a7972c37e141f01cc3aaf9aabbbb3e87c4778b9fdd3ccb575d1e1ff279c0fc,2026-08-22T18:33:43.159193
dist/assets/abap-BdImnpbu.js,15852,d0a7972c37e141f01cc3aaf9aabbbb3e87c4778b9fdd3ccb575d1e1ff279c0fc,2026-08-22T18:33:42.059350
dist/assets/actionscript-3-B3316cI-.js,15541,34dcf5394cb476db026a03b23ebd94a8e72da98dc3303d958c8136a8287294b0,2026-08-22T18:33:43.160746
dist/assets/actionscript-3-CoDkCxhg.js,15205,cc3e3792f3b16d9244f17680e20712184eac64175649df8add097ca3be123c84,2026-08-22T18:33:42.062922
dist/assets/ada-DeReRNhg.js,48082,fc5d05054dc584a01ec795083de1774ef07f3a29fc6cfbc1902c208a09862313,2026-08-22T18:33:43.160746
dist/assets/ada-bCR0ucgS.js,48082,fc5d05054dc584a01ec795083de1774ef07f3a29fc6cfbc1902c208a09862313,2026-08-22T18:33:42.062922
dist/assets/ahk-CsyLZFj1.js,31439,34bd9fb05b422d5bf8f532fbcdc6e68e0015b9115421252a79b0a755b01d1992,2026-08-22T18:33:43.160746
dist/assets/ahk2-8Zs4aa1G.js,45065,4c1fb4b6b82030376c3eb176b1e1019540706a406ff627ccdc80c27e04ebed1f,2026-08-22T18:33:43.160746
dist/assets/aiService-cxUy5wk8.js,7388,24e42ee8eb634e0a3b146a602e9eb2a272a0282b259de80dcc3302832238431c,2026-08-22T18:33:42.056835
dist/assets/andromeeda-C4gqWexZ.js,9015,7fcfeda6c4e4d7cc1ce1c72aaca6d802bc7e107858bf0d34eca95ff4223669bd,2026-08-22T18:33:42.857923
dist/assets/andromeeda-CF6_y_Qj.js,9015,7fcfeda6c4e4d7cc1ce1c72aaca6d802bc7e107858bf0d34eca95ff4223669bd,2026-08-22T18:33:43.712812
dist/assets/angular-html-CU67Zn6k.js,24287,8b8969f7cdcc7690bbf9a1c6421e3c823293438e7f2261c43fe8b72e33a7ce88,2026-08-22T18:33:43.910615
dist/assets/angular-html-DA-rfuFy.js,24287,20c25efd0ad9b3afd86114f4ec9bf568ef3fd651ae9db9701bcf6f5e4e1c514f,2026-08-22T18:33:43.912625
dist/assets/angular-ts-BrjP3tb8.js,183820,a3b92221d8274ae68a84ffbc7c90a91c3c9b7814fc4740ed0337d6e18a014231,2026-08-22T18:33:43.910615
dist/assets/angular-ts-BwZT4LLn.js,183820,635b4186a60332a7951ec43858e8b0020e08e4c36127f2b1885e1070de7f1b5c,2026-08-22T18:33:43.910615
dist/assets/apache-CCUDgqAf.js,12456,35abb1e73308f0f43a4f76af3a4c1157bf524cbfb2908581305f6fb1cf743b24,2026-08-22T18:33:43.183112
dist/assets/apache-Pmp26Uib.js,12456,35abb1e73308f0f43a4f76af3a4c1157bf524cbfb2908581305f6fb1cf743b24,2026-08-22T18:33:42.064432
dist/assets/apex-D8_7TLub.js,46985,9dfc38d42bc443b42f6bb4ddc6fa16c6634977292fd5e9d1e5e0b74fcd480f80,2026-08-22T18:33:42.125629
dist/assets/apex-DhZFqWV2.js,47890,391beb490d3d3517672f6fb51ae3c714a93f9178ce716226d852bd7c3189b683,2026-08-22T18:33:43.194167
dist/assets/apl-CORt7UWP.js,24039,58ef1a2c61333c9fabb96cfa3c78094fc98ad04b1df39e6d44e7de076fc780ee,2026-08-22T18:33:43.195168
dist/assets/apl-dKokRX4l.js,24039,56e152c88b86ed1488ff5851bdd9fe9a5b7e92d4e0dc66fe96ceba395181cc89,2026-08-22T18:33:42.127630
dist/assets/applescript-Co6uUVPk.js,29571,e681551fbe1ac7d862ad06eae5833e6a32871de76532de01b27c5004c71c79df,2026-08-22T18:33:42.134664
dist/assets/applescript-Dd26Nb5t.js,29571,e681551fbe1ac7d862ad06eae5833e6a32871de76532de01b27c5004c71c79df,2026-08-22T18:33:43.199169
dist/assets/ara-BRHolxvo.js,6362,f3c7f066af4d1907c2249c7089ae8b763d88ad2f25e88f867f20e3dbb256cffb,2026-08-22T18:33:42.134664
dist/assets/ara-D6vCOKVX.js,6362,f3c7f066af4d1907c2249c7089ae8b763d88ad2f25e88f867f20e3dbb256cffb,2026-08-22T18:33:43.208745
dist/assets/asciidoc-CSVQ5wI8.js,136051,9b414e47f97214f443fc137698fc42b6d4a633b91cb476241f8a1e7f2e84c4ae,2026-08-22T18:33:43.208745
dist/assets/asciidoc-Ve4PFQV2.js,131527,31a90af692b01a0eb491b19725d0abe705a13cf6baf2cef9de85467aab4b2b0c,2026-08-22T18:33:42.135666
dist/assets/asm-CbVMAfFB.js,40717,a43218a06da8dd93a8dd3c2b458479674d973079fe18922fe556dafa17be50a9,2026-08-22T18:33:43.243894
dist/assets/asm-D_Q5rh1f.js,40717,a43218a06da8dd93a8dd3c2b458479674d973079fe18922fe556dafa17be50a9,2026-08-22T18:33:42.135666
dist/assets/astro-CbQHKStN.js,24008,1ba34d62178b804e9c49cbe8f7c45c349c8e9cd701ccad01c655b8db87a93f96,2026-08-22T18:33:42.136667
dist/assets/astro-HNnZUWAn.js,24008,9b8a5d4447eba31ec8f9e61b25b3612ebd07c584ecc4c14eaf11727c6576eb20,2026-08-22T18:33:43.243894
dist/assets/aurora-x-D-2ljcwZ.js,13659,e47c699d4515a3e898860e171aa49e276c80d475e49d57ec002afdccdd760781,2026-08-22T18:33:42.859433
dist/assets/aurora-x-DOuLBLNn.js,13659,e47c699d4515a3e898860e171aa49e276c80d475e49d57ec002afdccdd760781,2026-08-22T18:33:43.707764
dist/assets/awk-DMzUqQB5.js,5461,ff7d9aed38679838b5bbaae495275ae2e8fc5215811062e4eef19f6f786089cb,2026-08-22T18:33:42.136667
dist/assets/awk-UmR4Ublb.js,5461,ff7d9aed38679838b5bbaae495275ae2e8fc5215811062e4eef19f6f786089cb,2026-08-22T18:33:43.245896
dist/assets/ayu-dark-BXQCOcka.js,20081,7a9244f8489f4c2f8d98500f3b9d33bf84d934cde79120ddd1de6078b8c9dbc1,2026-08-22T18:33:43.715819
dist/assets/ayu-dark-DYE7WIF3.js,20081,7a9244f8489f4c2f8d98500f3b9d33bf84d934cde79120ddd1de6078b8c9dbc1,2026-08-22T18:33:42.859433
dist/assets/ayu-light-BA47KaF1.js,20152,3bfa9a52cf22931b3f65091b27f150d07deba32f82ec02488e36a4a24fe8ae31,2026-08-22T18:33:42.859433
dist/assets/ayu-light-McBaoK3Y.js,20152,3bfa9a52cf22931b3f65091b27f150d07deba32f82ec02488e36a4a24fe8ae31,2026-08-22T18:33:43.715819
dist/assets/ayu-mirage-32ctXXKs.js,20085,93f93dd14750e6e3453f99e549701050a9ca11ead2186befb232bb7bc6a173d1,2026-08-22T18:33:42.859433
dist/assets/ayu-mirage-urwrJgdN.js,20085,93f93dd14750e6e3453f99e549701050a9ca11ead2186befb232bb7bc6a173d1,2026-08-22T18:33:43.715819
dist/assets/ballerina-BFfxhgS-.js,58693,148a30bb0b51d5e1f00536337facfc90f70e659b3310d5875fc6d8db62c98f0c,2026-08-22T18:33:42.137666
dist/assets/ballerina-BMbY-1wP.js,58693,148a30bb0b51d5e1f00536337facfc90f70e659b3310d5875fc6d8db62c98f0c,2026-08-22T18:33:43.246894
dist/assets/bat-BkioyH1T.js,12888,132a59df54049c90dfab94c0a95eae938352a227a86ad53d37bcabc8be4b13ef,2026-08-22T18:33:42.138666
dist/assets/bat-CickPsom.js,12894,0bd1f69ed1594d1e3832ca1d1108c52060f732c435e5cd2f10a1503bebeeca54,2026-08-22T18:33:43.245896
dist/assets/beancount-B92nBv9q.js,10373,62cf81ef2432aa71aba4a8559e5c5970ce13576b19db0d75c421de19f0a662c6,2026-08-22T18:33:43.246894
dist/assets/beancount-k_qm7-4y.js,10373,62cf81ef2432aa71aba4a8559e5c5970ce13576b19db0d75c421de19f0a662c6,2026-08-22T18:33:42.146192
dist/assets/berry-C9fz7p0n.js,3005,6f2394fb74b945c92dea425f90c70222f319b72a6dd9c093a7e32ebfdf60d026,2026-08-22T18:33:43.246894
dist/assets/berry-uYugtg8r.js,3005,6f2394fb74b945c92dea425f90c70222f319b72a6dd9c093a7e32ebfdf60d026,2026-08-22T18:33:42.193335
dist/assets/bibtex-CHM0blh-.js,4795,0a3dd8093d3aa1baaad2d1d98ecbf09c7f093517baee20e4d8e7de768c8dca37,2026-08-22T18:33:42.193335
dist/assets/bibtex-DELXwv0g.js,4795,0a3dd8093d3aa1baaad2d1d98ecbf09c7f093517baee20e4d8e7de768c8dca37,2026-08-22T18:33:43.246894
dist/assets/bicep-Bmn6On1c.js,5382,77925b291b8d048086f7fd14d23fa4ab0a4831551b1e9512c035948cfab402ee,2026-08-22T18:33:42.200851
dist/assets/bicep-D2njIRU5.js,5382,77925b291b8d048086f7fd14d23fa4ab0a4831551b1e9512c035948cfab402ee,2026-08-22T18:33:43.254313
dist/assets/bird2-Bx8U0n9b.js,38681,9f2aedc9354dddaa9574b7baab60c748aaa6eb48f31cd7646dd76a700e061a24,2026-08-22T18:33:43.254313
dist/assets/bird2-DPOp833l.js,16968,13099dd59c5fc002eeafc5275ca7f741d08de1c36c63ffeb4b3273822dce7794,2026-08-22T18:33:42.210881
dist/assets/blade-2xfisSek.js,104981,55754627bc31371bfa60ea497ac49efe9be109fbbd457825ff43d54a53773ec4,2026-08-22T18:33:43.254313
dist/assets/blade-D4QpJJKB.js,104981,b90446141cc91956721af5d8aef50fd0819e6af63bdb5cc5818c612c41d957a3,2026-08-22T18:33:42.210881
dist/assets/bsl-BO_Y6i37.js,33867,b9f7294b744652f494389fbdff06c427ea8a239a891647186c4ffe76779993a8,2026-08-22T18:33:42.203377
dist/assets/bsl-DlhNcFeZ.js,33952,6db7989b1130ede453710f4bf57d59dc680598a075a3cd0b1d73dc946ea130a9,2026-08-22T18:33:43.254313
dist/assets/c-BIGW1oBm.js,72113,d6cf83167ef5e3f3ce64b34b57082b5ad6824eba4970eae9a278ab9285c9f3d8,2026-08-22T18:33:42.204377
dist/assets/c-CyUOlKFr.js,72113,d6cf83167ef5e3f3ce64b34b57082b5ad6824eba4970eae9a278ab9285c9f3d8,2026-08-22T18:33:43.259343
dist/assets/c3-Dp5svz6Z.js,26386,467fcff92b5f23370ec946832136c846c3dbe31b7af2cd3682f012e4f48a02c5,2026-08-22T18:33:43.259343
dist/assets/c3-eo99z4R2.js,25631,d9cb0a3eb6e94d7f49445602ee073bf051042e6913129fb61a19f781ce952e80,2026-08-22T18:33:42.207376
dist/assets/cadence-Bv_4Rxtq.js,23669,eb6ab19c5a35cd1da0a04c8a01c5be50284f5655462475a7f8656a32075de3df,2026-08-22T18:33:42.210881
dist/assets/cadence-bIHbUj02.js,23669,eb6ab19c5a35cd1da0a04c8a01c5be50284f5655462475a7f8656a32075de3df,2026-08-22T18:33:43.260899
dist/assets/cairo-C_mOTUpN.js,2936,845de4b0fcf96cb5ad0c34e396bae9adfd5b814e520c9ece871e29957d1d7633,2026-08-22T18:33:43.260899
dist/assets/cairo-KRGpt6FW.js,2936,cb3ef520248905e08410aa414b326b0a1ad308ef13c23dc9741340ba5d1ba610,2026-08-22T18:33:42.210881
dist/assets/catppuccin-frappe-CZL1YF0i.js,50853,c8cfacccb41906025c57884bb351fb1f809a99f23144db317bbf5067af8d2a8a,2026-08-22T18:33:43.716818
dist/assets/catppuccin-frappe-DFWUc33u.js,47258,af29d7afc5c6014349681c54ab1e9ef49c368d7ed84cff5e864caff0a233d085,2026-08-22T18:33:42.859433
dist/assets/catppuccin-latte-C9dUb6Cb.js,47256,621f81dbc7293ff13fd2b0085dc3a84d5d0dbc3bfca4c1414c9e59b4ac43b3e8,2026-08-22T18:33:42.877953
dist/assets/catppuccin-latte-DH-8KZSZ.js,50851,e223e1b9c2cae4e162dc524cc871ed8a627ac9126537c9f2509f1b259d365503,2026-08-22T18:33:43.717422
dist/assets/catppuccin-macchiato-B7yYVSCf.js,50858,756df570870dd0585fc565f0076d939d008d3e0ac4ffa5ea6f97157c459be69a,2026-08-22T18:33:43.717422
dist/assets/catppuccin-macchiato-DQyhUUbL.js,47263,4b0c204a8d4775c3b97c90fd9ebdf8734bd8fb4d270f4eda4398997a75e72505,2026-08-22T18:33:42.877953
dist/assets/catppuccin-mocha-Ct7hS0mc.js,50850,efcbf0856a38b2a1c57cf545593de5327a6713418b157da1017fdc21a7003f4d,2026-08-22T18:33:43.717422
dist/assets/catppuccin-mocha-D87Tk5Gz.js,47255,b10b92891fde2ac93b551d568f8ca2ce7deb12701a0cdab40d13ad1bc7cd6872,2026-08-22T18:33:42.877953
dist/assets/chapel-DTp_pixX.js,6623,de05b7c33c1f66b95b2bcc4a1146c9e7df65eb8d3bd5468d8882df7e32639f31,2026-08-22T18:33:43.298881
dist/assets/clarity-D53aC0YG.js,14275,fb9051f589b58016a4aa61d4a5e54fd1495cc6ef104ea387971ce67df8ac8bcb,2026-08-22T18:33:42.210881
dist/assets/clarity-Dn5IMItf.js,14362,cbde6347a4a9b2e7ddedb4a9240bf3889a722281d1f735b3ebe92c8198918e40,2026-08-22T18:33:43.298881
dist/assets/clojure-Bb2-3A0I.js,6413,d84e3798038c4ac8cc2748cd8a7b606de826d38cda40fcd1af0157a2c205fad3,2026-08-22T18:33:43.298881
dist/assets/clojure-P80f7IUj.js,6413,d84e3798038c4ac8cc2748cd8a7b606de826d38cda40fcd1af0157a2c205fad3,2026-08-22T18:33:42.215411
dist/assets/cmake-Cv5ljclQ.js,9855,20de18825679753afc48318521d760d4daea701c95137a58b7343f6ad6bed4f9,2026-08-22T18:33:43.298881
dist/assets/cmake-D1j8_8rp.js,9855,20de18825679753afc48318521d760d4daea701c95137a58b7343f6ad6bed4f9,2026-08-22T18:33:42.212402
dist/assets/cobol-nBiQ_Alo.js,39129,f98dfbee2d2418176706e93bdc4fd4e2395d5f8e5367b1f2d7546e40bdd4bfce,2026-08-22T18:33:43.310830
dist/assets/cobol-nwyudZeR.js,39148,eaf6edc5d2a50ea8a6b21d857e035f60b7aae6860c71bd63258a0938dad94955,2026-08-22T18:33:42.213411
dist/assets/codeowners-Bp6g37R7.js,547,748b547cc141abd1b350d2f2e3b0562606ffaf23e88bb89c8b4e7f7df3c425f7,2026-08-22T18:33:42.213411
dist/assets/codeowners-CKT8dJip.js,547,748b547cc141abd1b350d2f2e3b0562606ffaf23e88bb89c8b4e7f7df3c425f7,2026-08-22T18:33:43.300918
dist/assets/codeql-DXd8ggn3.js,26883,d06a0d7ec54beba6ac8aac8db0675b696bda5a7756273663bf7b5cdab0d3285e,2026-08-22T18:33:43.301927
dist/assets/codeql-DsOJ9woJ.js,26883,d06a0d7ec54beba6ac8aac8db0675b696bda5a7756273663bf7b5cdab0d3285e,2026-08-22T18:33:42.222928
dist/assets/coffee-CSg58a7P.js,27422,f2c2773952d0745ee482dbf76b7844d2f1abbf43bd4417f4378fa1f4be659ae1,2026-08-22T18:33:43.310830
dist/assets/coffee-Ch7k5sss.js,27422,2cf05264d5ada366f643b56fa1145af2af574ed8bcd8ce653ffff95b24d8ab89,2026-08-22T18:33:42.225447
dist/assets/common-lisp-Cg-RD9OK.js,22581,2fc697c25d367e1f9f950e7bae36f1a739b500bb1e646396484edb3c7e23a96b,2026-08-22T18:33:42.225447
dist/assets/common-lisp-v102bg8X.js,22581,2fc697c25d367e1f9f950e7bae36f1a739b500bb1e646396484edb3c7e23a96b,2026-08-22T18:33:43.314950
dist/assets/coq-C7JzOVbR.js,6010,0beffc40a3f6beae1448824d4633b9c7841253b7d2df5ad29e4e80ebc5ee358a,2026-08-22T18:33:43.303438
dist/assets/coq-DkFqJrB1.js,5526,142db296843c6d3167305b3c9da4abee5ac6bf9c901947299e0853fce02216f3,2026-08-22T18:33:42.229298
dist/assets/cpp-BMRokrvK.js,785490,9bdd62255290eee24c269533ffaefeb9d7c5959c3cdbd8b0a8b3ecfa5a84fdfe,2026-08-22T18:33:43.911623
dist/assets/cpp-CofmeUqb.js,626081,dc4aa50510e3eebba4fde0eb3f11c2f4ca51da37953fb2518553272497b316d4,2026-08-22T18:33:43.907108
dist/assets/crystal-DGywbUpC.js,29388,653f4f17edf076f6653e35bb1fc62e234c52d905fe603a0092f3fbfd68a7e933,2026-08-22T18:33:43.313429
dist/assets/crystal-tKQVLTB8.js,29388,de1fc7a75f97f97be146fdd7d3890ecd28384ed44db8da9dc4932c92c9a8e714,2026-08-22T18:33:42.230808
dist/assets/csharp-COcwbKMJ.js,89687,cf21c0244a3f8883cb070f404dcf629acfc640079e3edf473d91cb0960237ecb,2026-08-22T18:33:42.242338
dist/assets/csharp-DSvCPggb.js,90189,1ed6cae3a3f91c58b1ce9d8da2f95090c1804cd330b3ef813d35df14da2b88c6,2026-08-22T18:33:43.315481
dist/assets/css-CLj8gQPS.js,49041,2848016b846e4595ae4798cb70305f259eb0e8d297b0cc9fa4ac5b0b612a3166,2026-08-22T18:33:43.179849
dist/assets/css-DPfMkruS.js,49023,ecb96a4c835492cc7ca23bbfbfaa97e5213dddb412363bdb4d2ca4851057f193,2026-08-22T18:33:42.131658
dist/assets/csv-AZNL9t8Q.js,1143,e78e725cd6790c0062e5e941943b776280c971046b16144a117a28f248156091,2026-08-22T18:33:43.319012
dist/assets/csv-fuZLfV_i.js,1143,e78e725cd6790c0062e5e941943b776280c971046b16144a117a28f248156091,2026-08-22T18:33:42.251877
dist/assets/cue-D82EKSYY.js,16204,d462534c02551b41f1b3198ef6faa32fdfda6bc5aa14e441e6df367fb0485ea7,2026-08-22T18:33:42.252875
dist/assets/cue-nzsbQn5T.js,16204,d462534c02551b41f1b3198ef6faa32fdfda6bc5aa14e441e6df367fb0485ea7,2026-08-22T18:33:43.321531
dist/assets/cypher-BM7Pwunj.js,5956,6953f20dbca19c201dd4a7845f0fb4f3f52a82ad0a0ec6e4a418e49dd7f50666,2026-08-22T18:33:43.320521
dist/assets/cypher-COkxafJQ.js,5956,6953f20dbca19c201dd4a7845f0fb4f3f52a82ad0a0ec6e4a418e49dd7f50666,2026-08-22T18:33:42.251877
dist/assets/d-85-TOEBH.js,43795,bc9e087cec1757269bb3e28c1df26140f6fc454de2ec7e453385d27ed3b39c18,2026-08-22T18:33:42.252875
dist/assets/d-TG9YRPoI.js,43795,bc9e087cec1757269bb3e28c1df26140f6fc454de2ec7e453385d27ed3b39c18,2026-08-22T18:33:43.320521
dist/assets/dark-plus-C3mMm8J8.js,9097,b8b869d6edc688a6855924a0fcbb663d8c22897e84f94f8273f53cb432be2d3a,2026-08-22T18:33:42.880476
dist/assets/dark-plus-DNUujdjh.js,9097,b8b869d6edc688a6855924a0fcbb663d8c22897e84f94f8273f53cb432be2d3a,2026-08-22T18:33:43.718936
dist/assets/dart-CF10PKvl.js,7812,0b3d4673f8a761354d95b580fd5b46c05715ffc9f5e203860de51e62d50a407e,2026-08-22T18:33:42.265634
dist/assets/dart-bE4Kk8sk.js,8623,2cdb81143af7036eaaee976385babd4e4610838e94e72c95eea43825a6d8260d,2026-08-22T18:33:43.321531
dist/assets/dax-B28Cho4e.js,5365,e112cfc4f22edb11cf16e6cc9c6f30c1bc44d399442a826e1c2fa68be217f4b1,2026-08-22T18:33:43.329048
dist/assets/dax-CEL-wOlO.js,5365,e112cfc4f22edb11cf16e6cc9c6f30c1bc44d399442a826e1c2fa68be217f4b1,2026-08-22T18:33:42.266144
dist/assets/desktop-BmXAJ9_W.js,1833,fbbe32cc99e0e74b11e742aaae97dfaf0a7b553719ec179638313cc8a8039cbe,2026-08-22T18:33:42.266144
dist/assets/desktop-Z9LhWKWr.js,1833,fbbe32cc99e0e74b11e742aaae97dfaf0a7b553719ec179638313cc8a8039cbe,2026-08-22T18:33:43.331568
dist/assets/diff-BlzBhZx2.js,2569,071f6c7f36d51227bb0701147c7508f96a0f342ba5df808ed83a820ee486c17b,2026-08-22T18:33:43.330558
dist/assets/diff-D97Zzqfu.js,2569,071f6c7f36d51227bb0701147c7508f96a0f342ba5df808ed83a820ee486c17b,2026-08-22T18:33:42.253883
dist/assets/docker-BcOcwvcX.js,1741,0995ae194f7a702d1572e90b064fd0b1ee0a8da03b8f587c12261c00306eb145,2026-08-22T18:33:42.283704
dist/assets/docker-DIG_IqVK.js,1741,0995ae194f7a702d1572e90b064fd0b1ee0a8da03b8f587c12261c00306eb145,2026-08-22T18:33:43.330558
dist/assets/dotenv-Bf0GLMGc.js,1422,551287cfbe5723329a252cc084780c0511bcf7e9fc6370c241cc458fe2b7dc62,2026-08-22T18:33:43.331568
dist/assets/dotenv-Da5cRb03.js,1422,551287cfbe5723329a252cc084780c0511bcf7e9fc6370c241cc458fe2b7dc62,2026-08-22T18:33:42.284705
dist/assets/dracula-BzJJZx-M.js,21066,6349dc749f3cf65b72d22a359e6dff84401fee8b3fccb62812bd8463e9e838c9,2026-08-22T18:33:42.887506
dist/assets/dracula-Dl-8puSV.js,21066,6349dc749f3cf65b72d22a359e6dff84401fee8b3fccb62812bd8463e9e838c9,2026-08-22T18:33:43.728989
dist/assets/dracula-soft-BXkSAIEj.js,21076,77ad2cd2bdedc3fb6c78edb3fc9bacf6838ffcad1ec6927f3a7bb6e75e1cd8b7,2026-08-22T18:33:42.888505
dist/assets/dracula-soft-CSMZw4vz.js,21076,77ad2cd2bdedc3fb6c78edb3fc9bacf6838ffcad1ec6927f3a7bb6e75e1cd8b7,2026-08-22T18:33:43.728989
dist/assets/dream-maker-BtqSS_iP.js,10469,44d40108b2579475555c0727913f37bf2f696a0ed48a68fd264cb601fde06cb6,2026-08-22T18:33:42.285719
dist/assets/dream-maker-DBhfoDN-.js,10469,44d40108b2579475555c0727913f37bf2f696a0ed48a68fd264cb601fde06cb6,2026-08-22T18:33:43.348782
dist/assets/edge-BkV0erSs.js,2363,00bc29007f0aff82154ad02b269087703e4ffadb454ec2099d9da603d13b84e6,2026-08-22T18:33:42.330896
dist/assets/edge-FbVlp4U3.js,2363,bf1429f74790f95513474f928e77b7c8f10cc3929d1d93d3012066831f8938d1,2026-08-22T18:33:43.350781
dist/assets/elixir-CDX3lj18.js,16321,e48d53b18b22d40fd0822880baaf55fc521b6398087ac49e878cdaf3fc99cf9f,2026-08-22T18:33:42.331905
dist/assets/elixir-CkH2-t6x.js,16321,9778eff237e88bd73b380237b13b4a812a644dd67c9659c3800232f200b856a7,2026-08-22T18:33:43.349781
dist/assets/elm-BX_9EnK8.js,10968,288d254e48898a0632b11ace9d72d255c31488878737c2addce3cc65eba831a7,2026-08-22T18:33:43.350781
dist/assets/elm-DbKCFpqz.js,10968,7deaadb185bfb1298a8ac5fed1a531457c7fdc5745a583ad0f783e16b8bcc1d6,2026-08-22T18:33:42.331905
dist/assets/emacs-lisp-C9XAeP06.js,779854,096ee2b27ea479a6d9ce76ea4de53edad90a0d1d7f4b17639caa170824296775,2026-08-22T18:33:42.335905
dist/assets/emacs-lisp-C_m_b--Z.js,790007,3781ad56dc7351e3002090ecb5da37a5da738b922592e397f8a9d000afa9641f,2026-08-22T18:33:43.359167
dist/assets/erb-B12qg9BL.js,2607,c7a12b8ac182947d30165edb44f2ed4065d89b552d4062a616ff30596560225a,2026-08-22T18:33:42.333906
dist/assets/erb-DXfck5VN.js,2607,75bfcd8caa36f9d2daa3732ac62743964a1e39b83a779803f97b4a68d7d9427e,2026-08-22T18:33:43.357660
dist/assets/erlang-Dh270pQQ.js,37480,bc6c1d2e61d014976739f106dd46d3b3f0841de7e178b9e4877e9b1d90aa0e94,2026-08-22T18:33:43.363739
dist/assets/erlang-DsQrWhSR.js,37480,5dea30124e59e6a84f9519a5da5944d3470182989e62d9aa65bb9b068df90c13,2026-08-22T18:33:42.335905
dist/assets/escrowService-B1cnLFzb.js,2055,4c8a749bc4428d72033c83b6a8b7bf25b94dadb343091d3c6df1a4eaa85aa686,2026-08-22T18:33:42.056835
dist/assets/everforest-dark-BgDCqdQA.js,53745,826c6890db7a065c9d4ac75850fbadde410ca10872705c74bb6c1f543f051676,2026-08-22T18:33:42.888505
dist/assets/everforest-dark-BxQkAq-6.js,53745,826c6890db7a065c9d4ac75850fbadde410ca10872705c74bb6c1f543f051676,2026-08-22T18:33:43.728989
dist/assets/everforest-light-C8M2exoo.js,53748,2ac34042eb335675bd7c5035f2c81ccd503e6a60fe8b047396ab6486fa4f20f3,2026-08-22T18:33:42.893126
dist/assets/everforest-light-CcLVmqFl.js,53748,2ac34042eb335675bd7c5035f2c81ccd503e6a60fe8b047396ab6486fa4f20f3,2026-08-22T18:33:43.728989
dist/assets/fennel-BYunw83y.js,4768,0bb4581df6bc62ce293fd6715c42bfe54b77ffb18ce9761d0262eee728079c6e,2026-08-22T18:33:42.335905
dist/assets/fennel-CKW7gc4E.js,4768,0bb4581df6bc62ce293fd6715c42bfe54b77ffb18ce9761d0262eee728079c6e,2026-08-22T18:33:43.384345
dist/assets/fish-BiaFC76h.js,13038,31e609691f04394f54edcf86890e0f7a66aa8fed436d63da5480381875b1a3e5,2026-08-22T18:33:43.366740
dist/assets/fish-BvzEVeQv.js,13038,31e609691f04394f54edcf86890e0f7a66aa8fed436d63da5480381875b1a3e5,2026-08-22T18:33:42.336903
dist/assets/fluent-C1VbA1FI.js,3610,2929a3bca0b053d7bf7abbe02db3da7d65692836a281dc04510baaa635514cb0,2026-08-22T18:33:43.367739
dist/assets/fluent-C4IJs8-o.js,3610,2929a3bca0b053d7bf7abbe02db3da7d65692836a281dc04510baaa635514cb0,2026-08-22T18:33:42.337903
dist/assets/fortran-fixed-form-B5hFr6Yn.js,1665,55e45d52c5983206ac25101120b6a51807b14043687dfdd9a34d4ab887f24940,2026-08-22T18:33:43.367739
dist/assets/fortran-fixed-form-CkoXwp7k.js,1665,5368f7fe5dc74f0601978b78fea6617eaf5c03090f9f8600d67bd126729f9283,2026-08-22T18:33:42.336903
dist/assets/fortran-free-form-BuX3zftO.js,88969,9aa28f072525e1fd2c4963431f29d5d0918c6bd422142c98e6182e4b998370dc,2026-08-22T18:33:43.367739
dist/assets/fortran-free-form-BxgE0vQu.js,88969,9aa28f072525e1fd2c4963431f29d5d0918c6bd422142c98e6182e4b998370dc,2026-08-22T18:33:42.337903
dist/assets/fsharp-B6CigNpP.js,25305,a91f776c51a0fe0702fac9db664c6fd71dca6c8ec0d4916a5ff39bde6c12060e,2026-08-22T18:33:43.382338
dist/assets/fsharp-CXgrBDvD.js,25305,2c0618c951b62650650d0c44950072534f0cfe3b4fcd58573a0024a64e53c52a,2026-08-22T18:33:42.347429
dist/assets/gdresource-BOOCDP_w.js,5285,b62c5b30cb3163053b3315e0c340475e6584a76363c80c553641fbeb9d243b9e,2026-08-22T18:33:42.349428
dist/assets/gdresource-TyuKm33G.js,5285,2182a7647b0df4685fd22312e036a4d205e4d99524c13c62147988b40e84e4c4,2026-08-22T18:33:43.389347
dist/assets/gdscript-C5YyOfLZ.js,18992,05e593d1c80b8f314bd99795db1ebd519c2389ce3850674c1affc5e0472b630d,2026-08-22T18:33:42.396658
dist/assets/gdscript-DqcFQ5yU.js,19088,bfc1eee2b816f02cbc065c443c31c47560040b7e34ae9ba256a3e0ecb7569e36,2026-08-22T18:33:43.384345
dist/assets/gdshader-DkwncUOv.js,6326,73f353c2c614fec2d8cfae89fb40ee57d4c406bc00b8aeafe4f7a0aa3395f603,2026-08-22T18:33:42.396658
dist/assets/gdshader-MbeiIFWW.js,6326,73f353c2c614fec2d8cfae89fb40ee57d4c406bc00b8aeafe4f7a0aa3395f603,2026-08-22T18:33:43.384345
dist/assets/genie-CTXGoN_z.js,3356,1ae6367d77ad7ef0abbac818ca67a213ee812abb47d1aefc5427120b1a6fd13c,2026-08-22T18:33:43.393884
dist/assets/genie-D0YGMca9.js,3356,1ae6367d77ad7ef0abbac818ca67a213ee812abb47d1aefc5427120b1a6fd13c,2026-08-22T18:33:42.396658
dist/assets/gherkin-DQeIZrj7.js,11946,c7bd366597ab12a5977d62813a92022bfbce506f2a3c70d0b3819aa39344c7ae,2026-08-22T18:33:43.395880
dist/assets/gherkin-DyxjwDmM.js,11946,c7bd366597ab12a5977d62813a92022bfbce506f2a3c70d0b3819aa39344c7ae,2026-08-22T18:33:42.397664
dist/assets/git-commit-BicZTByO.js,1230,1607eda5189b473c6d3f9bc9053b120bf74c64dab6296b92ea325cd9c4c0d206,2026-08-22T18:33:43.395880
dist/assets/git-commit-F4YmCXRG.js,1230,783b8cb9af4cb9b869335cd5cca6a2125bb97719b21ef21b004c0974181bcae6,2026-08-22T18:33:42.397664
dist/assets/git-rebase-Bzlpfr7M.js,983,2d9a7332766c8bd04abf69f54de455fd57db7ae447713b675502535400d3a2d2,2026-08-22T18:33:43.396882
dist/assets/git-rebase-r7XF79zn.js,983,88402cafff4897e7d7931bdb17acfcad0916e1f54353e578e876b21055ccbef9,2026-08-22T18:33:42.396658
dist/assets/github-dark-DHJKELXO.js,11405,8f7ccd8274e8950ef099d389c70d379782cf17f39424090949ba45833eeee022,2026-08-22T18:33:42.901189
dist/assets/github-dark-default-BuB7GGZr.js,14435,c748b560af550be6ed802ebe5433b0688f617925feafdd98d8e3d43470c24a1b,2026-08-22T18:33:43.730496
dist/assets/github-dark-default-Cuk6v7N8.js,14435,c748b560af550be6ed802ebe5433b0688f617925feafdd98d8e3d43470c24a1b,2026-08-22T18:33:42.905207
dist/assets/github-dark-dimmed-CQQ2kH1a.js,14433,8bb97e7c16cb22f8acf952c9e0af4d9bc1e13cc7ad44fadd98b5df37bf3ba5f4,2026-08-22T18:33:43.737514
dist/assets/github-dark-dimmed-DH5Ifo-i.js,14433,8bb97e7c16cb22f8acf952c9e0af4d9bc1e13cc7ad44fadd98b5df37bf3ba5f4,2026-08-22T18:33:42.907205
dist/assets/github-dark-high-contrast-E3gJ1_iC.js,14595,18f1a70b963db803f141be93c79c80a0dc38f78cd47fea1ff8b05cec409b7fe9,2026-08-22T18:33:42.926774
dist/assets/github-dark-high-contrast-fZoHxlg3.js,14595,18f1a70b963db803f141be93c79c80a0dc38f78cd47fea1ff8b05cec409b7fe9,2026-08-22T18:33:43.740513
dist/assets/github-dark-vbPMK5nw.js,11405,8f7ccd8274e8950ef099d389c70d379782cf17f39424090949ba45833eeee022,2026-08-22T18:33:43.734512
dist/assets/github-light-CBO01_j6.js,11184,9ad9f268476dc0edc85cdb9a9ae940ee7d0ad267d5de82810fef40d2f13462ab,2026-08-22T18:33:43.741019
dist/assets/github-light-DAi9KRSo.js,11184,9ad9f268476dc0edc85cdb9a9ae940ee7d0ad267d5de82810fef40d2f13462ab,2026-08-22T18:33:42.926774
dist/assets/github-light-default-D7oLnXFd.js,14156,212b28c6987d30991d6bc3f812cf69d93694a557235bd9e1e4460855edb2e4f4,2026-08-22T18:33:42.926774
dist/assets/github-light-default-DNniaknl.js,14156,212b28c6987d30991d6bc3f812cf69d93694a557235bd9e1e4460855edb2e4f4,2026-08-22T18:33:43.741019
dist/assets/github-light-high-contrast-BfjtVDDH.js,14275,1b1d4ff8b3fccaa0e7cfcf8688e7fb75b086e8b879c62353f6c580f8cd260e54,2026-08-22T18:33:42.927772
dist/assets/github-light-high-contrast-Kh_Z1r_U.js,14275,1b1d4ff8b3fccaa0e7cfcf8688e7fb75b086e8b879c62353f6c580f8cd260e54,2026-08-22T18:33:43.737514
dist/assets/gleam-B-IqXlZK.js,2577,96ee8ab10150415113386ffb698a6e578947cf099f72daf24984f09da77c2118,2026-08-22T18:33:43.396882
dist/assets/gleam-BspZqrRM.js,2577,96ee8ab10150415113386ffb698a6e578947cf099f72daf24984f09da77c2118,2026-08-22T18:33:42.399205
dist/assets/glimmer-js-ByusRIyA.js,20071,a6a55b0b40a0414993f5634139e2ba2bcce5e46bcbbb6d40901e84f5b8ef18ce,2026-08-22T18:33:43.397882
dist/assets/glimmer-js-Rg0-pVw9.js,20071,41ff2390d3d87dbba88aed68a5dbc6af2a074697412a69d93ecf92c265c615dd,2026-08-22T18:33:42.399205
dist/assets/glimmer-ts-BfAWNZQY.js,20071,6c72cbfe6a5a38bb7076b1f3f21b87a6934b697a1e21584bbc914a15e2827fa4,2026-08-22T18:33:43.397882
dist/assets/glimmer-ts-U6CK756n.js,20071,90bd2b279afd03f599ec90b7323e3c414cf7f3b44038551ece8f9e59522beaac,2026-08-22T18:33:42.400215
dist/assets/glsl-Bk7TyU8J.js,3634,e4630a751aac7b3e5927461d6da1e36f5763d317e9ffc7f3a310abd4a4cb58df,2026-08-22T18:33:43.312696
dist/assets/glsl-DplSGwfg.js,3634,d73db15d8c26ce44204eccdc3f250039018f34902874d55920b51f171d75a737,2026-08-22T18:33:42.229298
dist/assets/gn-deNdZ1en.js,4002,8ebd06d1b7db73d2b6a50f2072c23af6b2164783b8268fa8c8d643d4d3e72ae0,2026-08-22T18:33:43.397882
dist/assets/gn-n2N0HUVH.js,4002,8ebd06d1b7db73d2b6a50f2072c23af6b2164783b8268fa8c8d643d4d3e72ae0,2026-08-22T18:33:42.399205
dist/assets/gnuplot-BBjkHhdK.js,14783,44e79156d6f1fda5d964731ffbf67170dfc593edd18e9ad76f2e984d5e90a17c,2026-08-22T18:33:43.401391
dist/assets/gnuplot-DdkO51Og.js,14783,44e79156d6f1fda5d964731ffbf67170dfc593edd18e9ad76f2e984d5e90a17c,2026-08-22T18:33:42.399205
dist/assets/go-C27-OAKa.js,46818,46ec75c1455e917fb6e0b1b4aa0f0b15686386aba0c8e3ca3615984ae9be696e,2026-08-22T18:33:43.403401
dist/assets/go-CxLEBnE3.js,46808,7a9b30622fce8b7e26e4d4fdad80993b0a63471268cdd171d3b9de7b1a273261,2026-08-22T18:33:42.399205
dist/assets/graphql-By4-2MiP.js,18002,406db6ca810533a8f68b97a8ae8f06e8add46c44aab96abbaf81ae661f21b844,2026-08-22T18:33:43.357660
dist/assets/graphql-ChdNCCLP.js,18002,ce3367ffe23232e3d6d2ce940d1bb233839c0ebf02b9f12b151108c8bc2d4b58,2026-08-22T18:33:42.333906
dist/assets/groovy-DjMbfbx0.js,19179,a03245cec1dc1cbbf9d68a083dcc04b77cbf748ad95bdd0291bf7ae3555bc1b2,2026-08-22T18:33:43.403401
dist/assets/groovy-gcz8RCvz.js,19179,a03245cec1dc1cbbf9d68a083dcc04b77cbf748ad95bdd0291bf7ae3555bc1b2,2026-08-22T18:33:42.400215
dist/assets/gruvbox-dark-hard-B-lrt2RD.js,22633,d298e64968c577792359edbd2bee987149cd3b6252b82836f28dbd96cb521d3f,2026-08-22T18:33:43.739511
dist/assets/gruvbox-dark-hard-CFHQjOhq.js,22633,d298e64968c577792359edbd2bee987149cd3b6252b82836f28dbd96cb521d3f,2026-08-22T18:33:42.927772
dist/assets/gruvbox-dark-medium-DqRMfHwY.js,22637,cd2d75705169e923822a9f8bc1141e8f5e7c0a5af0b5ded469dc76e5d03ada21,2026-08-22T18:33:43.739511
dist/assets/gruvbox-dark-medium-GsRaNv29.js,22637,cd2d75705169e923822a9f8bc1141e8f5e7c0a5af0b5ded469dc76e5d03ada21,2026-08-22T18:33:42.927772
dist/assets/gruvbox-dark-soft-0cd3aJ5k.js,22633,fdbd1d78ed6a4fce75feefb8797570a4568edce8ded59af0d99f83e20f3307dc,2026-08-22T18:33:43.740513
dist/assets/gruvbox-dark-soft-CVdnzihN.js,22633,fdbd1d78ed6a4fce75feefb8797570a4568edce8ded59af0d99f83e20f3307dc,2026-08-22T18:33:42.927772
dist/assets/gruvbox-light-hard-CH1njM8p.js,22636,7b2fa3d574f3ef80a213d88fddb684431e94bdb472d523d8f0caad96d5d376f8,2026-08-22T18:33:42.928773
dist/assets/gruvbox-light-hard-CdMyBl7-.js,22636,7b2fa3d574f3ef80a213d88fddb684431e94bdb472d523d8f0caad96d5d376f8,2026-08-22T18:33:43.798388
dist/assets/gruvbox-light-medium-DRw_LuNl.js,22640,62a938850d5e4fc934e44213eff465fb3618456b0490adc4887d4a83bd0d9e29,2026-08-22T18:33:42.928773
dist/assets/gruvbox-light-medium-k_NbMmjL.js,22640,62a938850d5e4fc934e44213eff465fb3618456b0490adc4887d4a83bd0d9e29,2026-08-22T18:33:43.740513
dist/assets/gruvbox-light-soft-B_wmbOPu.js,22636,090f38c249b8bccd7b283926da32fa0095e8c27b5dd88ae2746863f7b7bc4ccd,2026-08-22T18:33:43.741019
dist/assets/gruvbox-light-soft-hJgmCMqR.js,22636,090f38c249b8bccd7b283926da32fa0095e8c27b5dd88ae2746863f7b7bc4ccd,2026-08-22T18:33:42.928773
dist/assets/hack-BWmVpMyf.js,81131,6f8661b08bbef75cd3c2f200f288389ee81630cb011020ffc471d9ce54369441,2026-08-22T18:33:43.409431
dist/assets/hack-CaT9iCJl.js,80241,e1a5064e1ee240147e7a5000884c157de6a4b6ff9a6a140bcd3194a09106d5d2,2026-08-22T18:33:42.400215
dist/assets/haml-B8DHNrY2.js,8263,d10c129fed07a700ec284adfba6c8bba53540c90fc6f881d7ff816eba26f16a6,2026-08-22T18:33:42.333906
dist/assets/haml-D5jkg6IW.js,8263,e13ab492818afe2c580013d9f4997b6c208af62abe9070db87aca75e57032bb3,2026-08-22T18:33:43.356661
dist/assets/handlebars-BL8al0AC.js,12150,7ae55c034a41370a303c867c5e5bd40a4e8eea6baa69a4dd9b10a28e98fc4236,2026-08-22T18:33:42.400215
dist/assets/handlebars-BpdQsYii.js,12150,c23cdd9ad3e44c79a7f3ca970c5eb9145f0dafec185d328ef13125503c2edabd,2026-08-22T18:33:43.410940
dist/assets/haskell-Df6bDoY_.js,41490,164e3b023115e70432602c2da71d1c0ac7184ea91deea1dc70cf17ef74b84fa6,2026-08-22T18:33:42.400724
dist/assets/haskell-DtebQ3Kv.js,41490,164e3b023115e70432602c2da71d1c0ac7184ea91deea1dc70cf17ef74b84fa6,2026-08-22T18:33:43.410940
dist/assets/haxe-CfZj7gIn.js,35953,ff0c7a20b0534485bc9a6dae421fcb7bc623bba5d646ba188bd38dcb4b85fff6,2026-08-22T18:33:43.411949
dist/assets/haxe-CzTSHFRz.js,35164,9758d15765769f46874c4bc90d672c3a465b8ce0a1b2db6ffed3a116e6d5a7b8,2026-08-22T18:33:42.400724
dist/assets/hcl-BWvSN4gD.js,10053,2d11254542388410861c6a6a3c0f57deb9c218fdc2c1c5ffac901bdb876fe80a,2026-08-22T18:33:42.401747
dist/assets/hcl-shhv74hy.js,10053,2d11254542388410861c6a6a3c0f57deb9c218fdc2c1c5ffac901bdb876fe80a,2026-08-22T18:33:43.416457
dist/assets/highlighted-body-OFNGDK62-D139WQWW.js,629,4a70cf872d766733b51621fe4a7478c08c45481234126f7097bae6c134d5c9e2,2026-08-22T18:33:42.062922
dist/assets/hjson-BEMFYqr7.js,12053,6a7e74cb9d734dfd58aeeae9224a7b4b69a86edcc6b73d0e3e36e98dacb3300b,2026-08-22T18:33:43.416457
dist/assets/hjson-D5-asLiD.js,12053,6a7e74cb9d734dfd58aeeae9224a7b4b69a86edcc6b73d0e3e36e98dacb3300b,2026-08-22T18:33:42.402735
dist/assets/hlsl-D3lLCCz7.js,7264,f5bff090211e17e314660363157f351c5a0b8e707db3ef26cdd78c8522c7d133,2026-08-22T18:33:42.402735
dist/assets/hlsl-Pefxhtaj.js,7264,f5bff090211e17e314660363157f351c5a0b8e707db3ef26cdd78c8522c7d133,2026-08-22T18:33:43.416457
dist/assets/horizon-BUw7H-hv.js,8780,d43f28552f920fd99607f754ce527ee0be5654097c479c446d86df933c911b72,2026-08-22T18:33:42.929772
dist/assets/horizon-Dr-pOaOB.js,8780,d43f28552f920fd99607f754ce527ee0be5654097c479c446d86df933c911b72,2026-08-22T18:33:43.741019
dist/assets/horizon-bright-CUuTKBJd.js,8787,d0979e7f67f06dcbce9465dc5e78779ff667236e9cffdaa91d1078e6706b6047,2026-08-22T18:33:43.741019
dist/assets/horizon-bright-Cn-bp-IR.js,8786,b69099a7451825f86a289c6741582f048f9518965229156fb84552d8d64ca575,2026-08-22T18:33:42.929772
dist/assets/houston-D7pTNItX.js,35422,91c981557306d7a18f7ff39d9060dd2b582604a75aff38ae79edc647e4d9ff93,2026-08-22T18:33:43.742527
dist/assets/houston-DnULxvSX.js,35422,91c981557306d7a18f7ff39d9060dd2b582604a75aff38ae79edc647e4d9ff93,2026-08-22T18:33:42.931282
dist/assets/html-GMplVEZG.js,57247,b50c5444419c4bdd9464606b005a02ec2dab4f9a21f26651bee94332f213c567,2026-08-22T18:33:42.129138
dist/assets/html-derivative-BFtXZ54Q.js,900,8af372f33242dcdabf3c39a52c2354419f00ec560b589269d03c05e0e799b84c,2026-08-22T18:33:42.202368
dist/assets/html-derivative-DlHx6ybY.js,900,5cc909150138a1faf28a69c29c2f97ee0743e4a1493c1ff64c86a5b1e865d6a9,2026-08-22T18:33:43.254313
dist/assets/html-pp8916En.js,57247,cdaf69aa50dfcdb8a57fb971c767627a67b11bb472dfad3b9285a044d2cfd6b3,2026-08-22T18:33:43.160746
dist/assets/http-D0p2QOuJ.js,4549,4bf2242e820cdd603131362cdedd247bd5665fa6da1085dcb730c76c56b0fac7,2026-08-22T18:33:43.417964
dist/assets/http-jrhK8wxY.js,4549,5bb8464898add03e8c22970d9eb4cc467b40ae2888e4d5623c9fde4209dd4d29,2026-08-22T18:33:42.416429
dist/assets/hurl-CeF7EoTQ.js,3652,91813eef6f404bb96571c94fe3efe67a845147bb9453b5ee3339b5a13a55d709,2026-08-22T18:33:43.417964
dist/assets/hurl-irOxFIW8.js,3652,f87e3fbbc06d52e9d69c1a8cb0a3d64e430ccb85faddeb7a5f87aa12ed6d01a2,2026-08-22T18:33:42.415418
dist/assets/hxml-2-FPmUDs.js,1894,99083d2dd0908659f9dff7dce19edf0d572d8bc936dc22795b1f6cf0d1ce4f70,2026-08-22T18:33:43.420483
dist/assets/hxml-Bvhsp5Yf.js,1743,59530b894cd868887490a330da6b8366214246b8eef502a261bc99ca7ccf63af,2026-08-22T18:33:42.416429
dist/assets/hy-CTpXmg0M.js,2648,22df29d8b5c5119f1bd25e998bf7b359a29dc5b826e50597cee67731679cca68,2026-08-22T18:33:43.420483
dist/assets/hy-DFXneXwc.js,2648,22df29d8b5c5119f1bd25e998bf7b359a29dc5b826e50597cee67731679cca68,2026-08-22T18:33:42.416429
dist/assets/imba-DGztddWO.js,49930,73402caea94e54100c970c652577abf4995f79310e7528744b46a37227057e35,2026-08-22T18:33:42.417429
dist/assets/imba-z_cUhu9e.js,49930,73402caea94e54100c970c652577abf4995f79310e7528744b46a37227057e35,2026-08-22T18:33:43.429017
dist/assets/index-Dl__L5pD.css,138819,debb10395ea778b0e8a76206f2ffaa8f2c981cc6469d0e0c8d389ddf080351d3,2026-08-22T18:33:41.994161
dist/assets/index-DuRF2aDm.js,217420,e74192c722eb9e1ed0c431336b4e93b619aead8437d9246261c5bdf92e7361cd,2026-08-22T18:33:43.947774
dist/assets/ini-BEwlwnbL.js,1525,7830e62a2a96e22c418b5a1e52ba15545ece3c5684346dd50fc174a60b3c225f,2026-08-22T18:33:42.469090
dist/assets/ini-DOGW4-0C.js,1525,7830e62a2a96e22c418b5a1e52ba15545ece3c5684346dd50fc174a60b3c225f,2026-08-22T18:33:43.429017
dist/assets/java-B2AjWfgk.js,27219,2bec4be5ba0dea3d8258669df1e6957e1ba2590a1ad56c6e103ea8c00baeba7e,2026-08-22T18:33:43.196168
dist/assets/java-CylS5w8V.js,27219,2bec4be5ba0dea3d8258669df1e6957e1ba2590a1ad56c6e103ea8c00baeba7e,2026-08-22T18:33:42.134664
dist/assets/javascript-XPxc2APE.js,174827,a4a56cc72c7d0f1ecbbeb1ba6bf5f532193c8d13fc3de19910f8d64c70aec4e9,2026-08-22T18:33:43.161756
dist/assets/javascript-wDzz0qaB.js,174827,a4a56cc72c7d0f1ecbbeb1ba6bf5f532193c8d13fc3de19910f8d64c70aec4e9,2026-08-22T18:33:42.131658
dist/assets/jinja-4LBKfQ-Z.js,5685,1801f5eb0d83c09dabe24151cd4cb508b2d0e2c1db33ef92dcf691f240db83f2,2026-08-22T18:33:43.902400
dist/assets/jinja-f2NsQr07.js,5685,c2904424088fdd45ae37bc7510c4efa8f353d4c3973d30514d3ff3f999712136,2026-08-22T18:33:43.905110
dist/assets/jison-DRGa8fbr.js,9690,331d6f91bc737b0148f8c030a779a3dffac351d61d25f03a06b19ca5399f9a30,2026-08-22T18:33:43.430523
dist/assets/jison-wvAkD_A8.js,9690,3d09bd59c47dffe52f1eee5bd2371ecc2c8340daac0400872472affdf0c95392,2026-08-22T18:33:42.470597
dist/assets/json-CjLXzM_z.js,2824,ca32840cab9c2eb61da2afd6581e7a22c9937229f6b1a47115eea432794e7740,2026-08-22T18:33:43.196168
dist/assets/json-Cp-IABpG.js,2824,ca32840cab9c2eb61da2afd6581e7a22c9937229f6b1a47115eea432794e7740,2026-08-22T18:33:42.134664
dist/assets/json5-C9tS-k6U.js,3254,84985fb6e4953e5eccc4d704e4db9eb5c0045b74a11d3edd3a9b4c0bd3d5c2e4,2026-08-22T18:33:42.471606
dist/assets/json5-DE06a0U2.js,3254,84985fb6e4953e5eccc4d704e4db9eb5c0045b74a11d3edd3a9b4c0bd3d5c2e4,2026-08-22T18:33:43.430523
dist/assets/jsonc-BYi4HS05.js,3109,1a23e00b91a35d38fba019125c68139ed9c6b9a0bdb953e9b21a709875f41125,2026-08-22T18:33:43.430523
dist/assets/jsonc-Des-eS-w.js,3109,1a23e00b91a35d38fba019125c68139ed9c6b9a0bdb953e9b21a709875f41125,2026-08-22T18:33:42.471606
dist/assets/jsonl-CuhIcKDk.js,3011,10ebbfda6fda38f977a98ef80441310d350b084c6c27c811296ddcf2d84ba3ea,2026-08-22T18:33:43.430523
dist/assets/jsonl-DcaNXYhu.js,3011,10ebbfda6fda38f977a98ef80441310d350b084c6c27c811296ddcf2d84ba3ea,2026-08-22T18:33:42.472606
dist/assets/jsonnet-DFQXde-d.js,3618,198a5e9985d5d96fae3f00e0d707841393882f4b9e2bf60ab5145af13c88b513,2026-08-22T18:33:42.472606
dist/assets/jsonnet-DtQdHwK-.js,3618,198a5e9985d5d96fae3f00e0d707841393882f4b9e2bf60ab5145af13c88b513,2026-08-22T18:33:43.431531
dist/assets/jssm-BlhucWo7.js,2238,5b09940400c8fb823c95c198c9363791948e6a9229da2873bdf27b806452b831,2026-08-22T18:33:43.436048
dist/assets/jssm-C2t-YnRu.js,2238,5b09940400c8fb823c95c198c9363791948e6a9229da2873bdf27b806452b831,2026-08-22T18:33:42.472606
dist/assets/jsx-BGEKFWBk.js,177792,abb8a7007d9a1f743c33283c233a509dc702eb618d1447d128b1330b73851bf2,2026-08-22T18:33:43.362731
dist/assets/jsx-g9-lgVsj.js,177792,abb8a7007d9a1f743c33283c233a509dc702eb618d1447d128b1330b73851bf2,2026-08-22T18:33:42.335905
dist/assets/julia-5Bft2YPA.js,31076,38f43b1f39c07cecaec1c4fa90ec4b52917c5b761b74222a84dd982bbb873649,2026-08-22T18:33:43.436048
dist/assets/julia-CxzCAyBv.js,31066,44816ad3fcafca4b4b97959c2bec42e38f18bbb02d7a7ed8f4f6ef8a884697a9,2026-08-22T18:33:42.472606
dist/assets/just-Cw27pwNe.js,11162,816a83790036ab1865d99440ad98d3cc3d40fb3fc48ea23c1cbee4d52d1bcfa7,2026-08-22T18:33:42.473606
dist/assets/just-Cwhn7H3k.js,11233,5e6efd43da230bf3724aeeeeba76295d56b4c34b713f003ba014194fc6a91836,2026-08-22T18:33:43.459116
dist/assets/kanagawa-dragon-BuwD2xS4.js,17123,b8c65fd96235e984ceae45fa618fbe6d1e12c351a0bd5ed598740e8626100aa6,2026-08-22T18:33:43.777728
dist/assets/kanagawa-dragon-CkXjmgJE.js,17127,d45808ad5de1205ef39b8a53037311667253a7a4b13ed40e4ebd70faf55e4089,2026-08-22T18:33:42.960936
dist/assets/kanagawa-lotus-C3DzagqV.js,17122,97f5cb8e805ce43842308ed2fc5d658c45c22b2ebfd5321e4abd3e85bbea3e93,2026-08-22T18:33:43.777728
dist/assets/kanagawa-lotus-CfQXZHmo.js,17126,4a9b14832c6f978395fb8fc63107094b3d51ef6aa92003b38bc21e00b769fb54,2026-08-22T18:33:42.961945
dist/assets/kanagawa-wave-DFGoQZhC.js,17119,8013315ef8e305c56ab87cfdf3d74a1f284a2cbecde3a6e2e9311217fd522d90,2026-08-22T18:33:43.777728
dist/assets/kanagawa-wave-DWedfzmr.js,17123,25c129a062f9ac87decb56e2299d4a6aa652d1b20f3488c4e30f80eb9f8aa78d,2026-08-22T18:33:42.961945
dist/assets/kdl-DJsF4U57.js,3629,24eccbf01c8c213cb407ee8b0294e0fe4d362c2a6c173a9516d41bf76e8cd387,2026-08-22T18:33:43.461364
dist/assets/kdl-DV7GczEv.js,3629,24eccbf01c8c213cb407ee8b0294e0fe4d362c2a6c173a9516d41bf76e8cd387,2026-08-22T18:33:42.473606
dist/assets/kotlin-BdnUsdx6.js,8785,2a95758b9ec1532516fb3fa38cdd82fed5534d944ca791f327e624ec94e829ac,2026-08-22T18:33:42.473606
dist/assets/kotlin-DwKqsDKK.js,8785,2a95758b9ec1532516fb3fa38cdd82fed5534d944ca791f327e624ec94e829ac,2026-08-22T18:33:43.462879
dist/assets/kusto-DZf3V79B.js,15173,a5d665eee0a12fcab22699da3b1c2cab4a1726b94a9947c1b6da3f3709d0d96b,2026-08-22T18:33:42.473606
dist/assets/kusto-wEQ09or8.js,15173,255f5391b61f30323769884f680e235da9cfe6d696f2dd9200543911c361f88c,2026-08-22T18:33:43.468878
dist/assets/laserwave-Crdg5MSq.js,11499,d56a0486f8b143d6d31a0b0230ccc5914ffbb751543a7dc97d697cbc1152da69,2026-08-22T18:33:43.805345
dist/assets/laserwave-DUszq2jm.js,11499,d56a0486f8b143d6d31a0b0230ccc5914ffbb751543a7dc97d697cbc1152da69,2026-08-22T18:33:42.990520
dist/assets/latex-CWtU0Tv5.js,72644,a544f1361ee85779a47677047f3b2f002820d522f10ee48bc98bb045ab06d2af,2026-08-22T18:33:42.473606
dist/assets/latex-D5pSuvFb.js,72902,f8a21f5b96903566d1db591922ed566e07acdc687e54bac1421a6b99cd164e62,2026-08-22T18:33:43.464880
dist/assets/lean-BZvkOJ9d.js,5784,b34bf987976167f4de82af23930eaa4471b06320f236a5d00e3e9098fc704301,2026-08-22T18:33:42.508022
dist/assets/lean-QIsVZaRF.js,5784,b34bf987976167f4de82af23930eaa4471b06320f236a5d00e3e9098fc704301,2026-08-22T18:33:43.464880
dist/assets/less-B1dDrJ26.js,97633,ed3ea44927fda1db6ba56ae932f08ce7f82f8d8a06d2b3d63e3b29db54ec5c65,2026-08-22T18:33:42.508022
dist/assets/less-C76OjOdF.js,97633,ed3ea44927fda1db6ba56ae932f08ce7f82f8d8a06d2b3d63e3b29db54ec5c65,2026-08-22T18:33:43.468878
dist/assets/light-plus-B7mTdjB0.js,9941,44ec2993b3cc158ca691da352114658cacc0812ba4678faec2a6370262415979,2026-08-22T18:33:43.022092
dist/assets/light-plus-Keeg-hmX.js,9941,44ec2993b3cc158ca691da352114658cacc0812ba4678faec2a6370262415979,2026-08-22T18:33:43.779098
dist/assets/liquid-C0sCDyMI.js,18089,8527defc32d0d2ad87f4948bbaeaced38ef37ca5850cb2a014d166ce15089874,2026-08-22T18:33:43.468878
dist/assets/liquid-DYVedYrR.js,18089,4d5bb9fbbd8f34a140dc9fdbc4e17c56fd7bb686805e5822be6326dd0288233d,2026-08-22T18:33:42.509023
dist/assets/llvm-BZoOZj88.js,5040,9a303336a89f1f144e8dd97d8ffe91aa164544e6ab744a1c4b8b50b9fd54f66f,2026-08-22T18:33:43.470881
dist/assets/llvm-DjAJT7YJ.js,5050,4937d05e28115e0d9161616a786aecdcce209dfbe4c8ef070150937a58befab4,2026-08-22T18:33:42.509023
dist/assets/log-2UxHyX5q.js,2852,784500daa4b6a6ac32f95c19dc166914133189decc3ed10faf43578fe522a786,2026-08-22T18:33:42.512544
dist/assets/log-CbW7hOWU.js,2852,784500daa4b6a6ac32f95c19dc166914133189decc3ed10faf43578fe522a786,2026-08-22T18:33:43.488965
dist/assets/logo-BbooMuDm.js,3127,0ded9d4454ae3e08017b17f93c117c3e451698f42109e15d69380ec089406060,2026-08-22T18:33:43.469881
dist/assets/logo-BtOb2qkB.js,3127,0ded9d4454ae3e08017b17f93c117c3e451698f42109e15d69380ec089406060,2026-08-22T18:33:42.517554
dist/assets/lua-BaeVxFsk.js,15535,890724e2d1bc79e6f6498ce6cedd5a4bed0d9489121621c1946ef05e209f5623,2026-08-22T18:33:42.334904
dist/assets/lua-JmSlR1pZ.js,15535,9ced2f5286ae171c0cf8693838bb2b7fa83c2d4257bfdf8d740d8402b061ba5d,2026-08-22T18:33:43.357660
dist/assets/luau-BnpPk5vE.js,16138,d0910710cdeed2d7202da8c450539dcac97f6507c2e5dc0d25b0ae59a856b9d9,2026-08-22T18:33:43.469881
dist/assets/luau-C-HG3fhB.js,13964,b969611adf3271fd488730a32acb9dbbab5c0377231c610ed0bee0bf4719ffa3,2026-08-22T18:33:42.517554
dist/assets/make-CHLpvVh8.js,8961,50df72a259773a4ca73a97534238010cdef78d632729871d880b58fcc6d3112f,2026-08-22T18:33:42.518554
dist/assets/make-s9FKP0VE.js,8961,50df72a259773a4ca73a97534238010cdef78d632729871d880b58fcc6d3112f,2026-08-22T18:33:43.469881
dist/assets/markdown-CKXSK5AY.js,59335,ce6a8b1a6ed9b803b1847231214ba37621c2fa51611ec3037d38b561b360c278,2026-08-22T18:33:43.363739
dist/assets/markdown-Cvjx9yec.js,59335,ce6a8b1a6ed9b803b1847231214ba37621c2fa51611ec3037d38b561b360c278,2026-08-22T18:33:42.335905
dist/assets/marko-CnJfTvn9.js,25479,c6d06de9c7098dd02d0d4d0b60a78cde16bb039c5cefecc2573f12f8bc124e1a,2026-08-22T18:33:42.530616
dist/assets/marko-DjSrsDqO.js,25479,3dfb88732014c232ee9747a330a2ee0101c386838a24dea15364f50dd3b592a5,2026-08-22T18:33:43.469881
dist/assets/material-theme-BjSij5jK.js,18615,d0950f3965aecb678089843c133f238db6b308f218e98bdee1412de56b0af425,2026-08-22T18:33:43.779606
dist/assets/material-theme-D5KoaKCx.js,18615,d0950f3965aecb678089843c133f238db6b308f218e98bdee1412de56b0af425,2026-08-22T18:33:43.021461
dist/assets/material-theme-darker-BfHTSMKl.js,18629,ec892813b7a31e9e2d83f54a05450f9a406de273628838b016e828db7ed72572,2026-08-22T18:33:43.023297
dist/assets/material-theme-darker-Ci314V8G.js,18629,ec892813b7a31e9e2d83f54a05450f9a406de273628838b016e828db7ed72572,2026-08-22T18:33:43.782136
dist/assets/material-theme-lighter-B0m2ddpp.js,18634,4547e1325624259cb17dfa811e29b0d3e3f9a07c9f37b4cb8d4b4f945d9f2f5b,2026-08-22T18:33:43.023297
dist/assets/material-theme-lighter-BsHhGFQr.js,18634,4547e1325624259cb17dfa811e29b0d3e3f9a07c9f37b4cb8d4b4f945d9f2f5b,2026-08-22T18:33:43.782136
dist/assets/material-theme-ocean-CyktbL80.js,18629,f80d8209f2d352d0aea9f47759017fa0f994e71e79db1e722be9d82a974692a4,2026-08-22T18:33:43.023297
dist/assets/material-theme-ocean-DcalBkIS.js,18629,f80d8209f2d352d0aea9f47759017fa0f994e71e79db1e722be9d82a974692a4,2026-08-22T18:33:43.783145
dist/assets/material-theme-palenight-Csfq5Kiy.js,18635,6261dfa64833f4e0c0316a1d41efc5ba6fc43a376bca6f936b4f3b76a6396af7,2026-08-22T18:33:43.023297
dist/assets/material-theme-palenight-GGCMgrXw.js,18635,6261dfa64833f4e0c0316a1d41efc5ba6fc43a376bca6f936b4f3b76a6396af7,2026-08-22T18:33:43.788607
dist/assets/matlab-BQKM-LA_.js,16086,463b698b6acd5b08065007f5376b060dda4fe19f9e27259da52d40a30bc2bc66,2026-08-22T18:33:43.490472
dist/assets/matlab-D7o27uSR.js,16086,463b698b6acd5b08065007f5376b060dda4fe19f9e27259da52d40a30bc2bc66,2026-08-22T18:33:42.530616
dist/assets/mdc-BMNejdWA.js,19632,7a05fb8bd772509b14aad9b776fea0e8734c4a3099a3e68f4d1887bbaef0ef00,2026-08-22T18:33:42.531626
dist/assets/mdc-D1_yUvq7.js,20175,436b891cc85f4304d2a62009cc417a2a530b35398ea8b9c5f5f38090d3e0a92a,2026-08-22T18:33:43.492482
dist/assets/mdx-BWRhHdFl.js,136114,c2c652334464f6085341dd1c46e32717e22556890fbc0d2651d9200f372069bb,2026-08-22T18:33:43.492482
dist/assets/mdx-Cmh6b_Ma.js,136114,c2c652334464f6085341dd1c46e32717e22556890fbc0d2651d9200f372069bb,2026-08-22T18:33:42.531626
dist/assets/mermaid-CQcHuHx7.js,54814,82f6b9a2ce0fadf1bf76a24d14b621412f28535d2786b60ea65cd656a1ef8576,2026-08-22T18:33:43.493482
dist/assets/mermaid-GHXKKRXX-Ceg6dawZ.js,1630563,c9f64b4bb944722bdbccb9446dd96d9a761c8cbf6ffcad285cec150c0973b2de,2026-08-22T18:33:43.981975
dist/assets/mermaid-mWjccvbQ.js,29511,6802dd4aaed6afb26068d1b0acc945071cd5360809baec6b102fc2ac23d8a322,2026-08-22T18:33:42.532627
dist/assets/min-dark-CDSXMz5a.js,6291,4c0956f147c2dd5aef71894b78d7e95b7a766deeb20712ad94e5897bed620792,2026-08-22T18:33:43.796700
dist/assets/min-dark-CafNBF8u.js,6291,4c0956f147c2dd5aef71894b78d7e95b7a766deeb20712ad94e5897bed620792,2026-08-22T18:33:43.023297
dist/assets/min-light-CM5JNFAA.js,6969,27e91e09c261ea328ed371e734655f83543da150143a49d5ae39598dad6cd844,2026-08-22T18:33:43.797385
dist/assets/min-light-CTRr51gU.js,6969,27e91e09c261ea328ed371e734655f83543da150143a49d5ae39598dad6cd844,2026-08-22T18:33:43.023297
dist/assets/mipsasm-BElnB_7Q.js,3259,c2cdb4e8e7172f68f5bb6e0615696c2a023a2b8bfe008f424c8bbae1e120dd2b,2026-08-22T18:33:43.493482
dist/assets/mipsasm-CKIfxQSi.js,3259,c2cdb4e8e7172f68f5bb6e0615696c2a023a2b8bfe008f424c8bbae1e120dd2b,2026-08-22T18:33:42.533636
dist/assets/mojo-DJz3ZmWd.js,69517,2ae4b80c95b301f58b8e7d8501dc64f73618221dd6b5614ed21b73b015971df9,2026-08-22T18:33:43.494990
dist/assets/mojo-rZm6bMo-.js,69799,9e70dea75c07fa27e22d7f5bce1afe758f65ecfcaa4c48682e67a83f00d17dc5,2026-08-22T18:33:42.533636
dist/assets/monokai-BRVnQi9A.js,8032,7fc9211de0c0bb35524c6046c295201246b50441e96820c26aff7899441da823,2026-08-22T18:33:43.797385
dist/assets/monokai-D4h5O-jR.js,7884,cff833ee8a81cd91ccfa57ee0d5924577aa1406e209a80087bb9675ad2ea8d0f,2026-08-22T18:33:43.023297
dist/assets/moonbit-CHtswR0a.js,24939,d05eeed6319a5c728763648765a96cff3b65640c38cfadea62e464e1a4bfedca,2026-08-22T18:33:43.494990
dist/assets/moonbit-_H4v1dQx.js,5900,ce085206edfae15f55e78824eac04480d7169ea96755d6fc4e57642c5641c0a4,2026-08-22T18:33:42.533636
dist/assets/move-IF9eRakj.js,17505,e90046ae9e34086d261731f85a1399439ece1b8cd11635066a2fb910eb3f73f5,2026-08-22T18:33:42.534636
dist/assets/move-el3G9tDJ.js,17657,b687a211e984e5dceb76fdd7eccdf8626d35241a97bb4f4e135d046db76aa46a,2026-08-22T18:33:43.497000
dist/assets/narrat-Cy2k80UN.js,3672,37b1a4a08e1a0d4cf06e1ca8adddf1c51b9600b695f017b911799099ac5d8671,2026-08-22T18:33:43.497000
dist/assets/narrat-DRg8JJMk.js,3672,37b1a4a08e1a0d4cf06e1ca8adddf1c51b9600b695f017b911799099ac5d8671,2026-08-22T18:33:42.545168
dist/assets/nextflow-C-mBbutL.js,4510,7c78f3d862753953afee76d5ae146df0b7dd4febb549893199ada62ae433b4b9,2026-08-22T18:33:43.499000
dist/assets/nextflow-Zz6hmt5N.js,4510,de0fbf3f19a3e632ab10ce7df53ec378e2f7f210b286d5a7dd69aedce0827f9c,2026-08-22T18:33:42.547163
dist/assets/nextflow-groovy-BeH2EWoN.js,10406,26c7440b7660ef7115c3b7fd6f6cd4fd1a7215bc8b574def16c547cca3546730,2026-08-22T18:33:42.561227
dist/assets/nextflow-groovy-vE_lwT2v.js,10438,b5e6334e56f5db6b389035922e884a0adb984b420b231d71be73d6716b337815,2026-08-22T18:33:43.499000
dist/assets/nginx-BpAMiNFr.js,35374,25b53af8ecce64bdefc084c8b7af5f27537ef7022618e8d90e4b20fd1ebe485f,2026-08-22T18:33:42.563240
dist/assets/nginx-bBKbG2uI.js,35374,e64d0611ccb62f4dde9cc921b7ed5e2d15f4796ee75a21a1434265db7124bfe0,2026-08-22T18:33:43.499000
dist/assets/night-owl-C39BiMTA.js,28913,2b8554d4a01b6e062bb929507c741070c04d4f194b424942c5f208891afa1360,2026-08-22T18:33:43.023297
dist/assets/night-owl-NZdGqbHT.js,28913,2b8554d4a01b6e062bb929507c741070c04d4f194b424942c5f208891afa1360,2026-08-22T18:33:43.797880
dist/assets/night-owl-light-CMTm3GFP.js,25902,68b5b21d900e1409b772220982c7837bd77003f084069160edc37f9eccd46758,2026-08-22T18:33:43.023297
dist/assets/night-owl-light-Dx-BWqtN.js,25902,68b5b21d900e1409b772220982c7837bd77003f084069160edc37f9eccd46758,2026-08-22T18:33:43.798769
dist/assets/nim-BIad80T-.js,22460,b96bdcea776f4be0746c22c40c2096ad7404c4ce5ae75f79222621302d8de000,2026-08-22T18:33:43.499000
dist/assets/nim-CVrawwO9.js,22460,2a0ac9212274e3ae8926531fdf55664e68594051f02f3e46107551d7fd087cf3,2026-08-22T18:33:42.564246
dist/assets/nix-CwoSXNpI.js,15511,1d064eb88b18c48846c1ad0e438c869aa25813361efba72de9725932c0310449,2026-08-22T18:33:43.902400
dist/assets/nix-DFZZLjuC.js,15511,1d064eb88b18c48846c1ad0e438c869aa25813361efba72de9725932c0310449,2026-08-22T18:33:43.909111
dist/assets/nord-BNMOv-tL.js,26723,243a9dfea9c93c40586d279de5ea4cd8f3de380c2e3c0ea7ba58e93ef12cbcf5,2026-08-22T18:33:43.798769
dist/assets/nord-Ddv68eIx.js,26723,243a9dfea9c93c40586d279de5ea4cd8f3de380c2e3c0ea7ba58e93ef12cbcf5,2026-08-22T18:33:43.023297
dist/assets/nsis-BlV79W_Q.js,13126,33258d96bfe4dc252fc7c102ecc8f777ff72dbdea8d1d7786e079db5150b448a,2026-08-22T18:33:43.499000
dist/assets/nushell-Cz2AlsmD.js,20413,14a523801c0d9238c1c62d5f5055c80cffc460564875f4b3e020f7e4d27a72c6,2026-08-22T18:33:42.564975
dist/assets/nushell-D3jzshHO.js,20882,cbc1512887f0c8d9be69dfc2c1f1dee3df53ec9ae8e2e8501b0123c995946db5,2026-08-22T18:33:43.499000
dist/assets/objective-c-DXmwc3jG.js,105413,aa3b80179150c0bf74649497bbeb60a36f025631ea64ca23c9e2aca64ec71c44,2026-08-22T18:33:42.564975
dist/assets/objective-c-sgtl-PdD.js,105413,aa3b80179150c0bf74649497bbeb60a36f025631ea64ca23c9e2aca64ec71c44,2026-08-22T18:33:43.509056
dist/assets/objective-cpp-BTQ37cYs.js,171972,9841e552a948f571c39f594fc27661f1262e589c9f53898c8ac2de469b1d85f3,2026-08-22T18:33:43.500508
dist/assets/objective-cpp-CLxacb5B.js,171972,9841e552a948f571c39f594fc27661f1262e589c9f53898c8ac2de469b1d85f3,2026-08-22T18:33:42.565985
dist/assets/ocaml-BvBP9Lm0.js,62449,eb5a88927867a33e866a8fea38c91799b28739c6038264e5a3560519951d1dc3,2026-08-22T18:33:43.500508
dist/assets/ocaml-C0hk2d4L.js,62449,eb5a88927867a33e866a8fea38c91799b28739c6038264e5a3560519951d1dc3,2026-08-22T18:33:42.566986
dist/assets/odin-BBf5iR-q.js,16513,886d9212bdf48ee8eb6ba85adb1a07ca6519e5c60e4e73b5323c1cb4d8969939,2026-08-22T18:33:42.566986
dist/assets/odin-BTnrxC4P.js,16513,886d9212bdf48ee8eb6ba85adb1a07ca6519e5c60e4e73b5323c1cb4d8969939,2026-08-22T18:33:43.501522
dist/assets/one-dark-pro-DVMEJ2y_.js,33787,7c55d00426abb85391f3432fd1282150e0bd7d54a8e5de7553a1d65c31459eb2,2026-08-22T18:33:43.024305
dist/assets/one-dark-pro-DnMjqbdW.js,33787,7c55d00426abb85391f3432fd1282150e0bd7d54a8e5de7553a1d65c31459eb2,2026-08-22T18:33:43.839615
dist/assets/one-light-C3Wv6jpd.js,25300,8f9b7f248dd34ae2acccfb35c8c095f0b581ea4e0d3351c7fe25721b914ae177,2026-08-22T18:33:43.023297
dist/assets/one-light-dsKzgxTn.js,25300,8f9b7f248dd34ae2acccfb35c8c095f0b581ea4e0d3351c7fe25721b914ae177,2026-08-22T18:33:43.799276
dist/assets/openscad-C4EeE6gA.js,2824,36bb06e21f4dae2e8f47a92050501a4c989273bafde4096e151f591635fbed55,2026-08-22T18:33:42.567987
dist/assets/openscad-Dmi2c_42.js,2824,36bb06e21f4dae2e8f47a92050501a4c989273bafde4096e151f591635fbed55,2026-08-22T18:33:43.549149
dist/assets/org-DM6o9KBp.js,36323,7dfc51b5e638a4c222c3cc4a3059690668f034ae393480ab51902ef489fdcfb1,2026-08-22T18:33:43.531095
dist/assets/pascal-D93ZcfNL.js,4150,65c2b6be568561feb139eb54e384137c54c3d53b49be7be851e28aa0fc2f8c22,2026-08-22T18:33:42.568985
dist/assets/pascal-DYjw0AuS.js,4150,65c2b6be568561feb139eb54e384137c54c3d53b49be7be851e28aa0fc2f8c22,2026-08-22T18:33:43.556181
dist/assets/perl-B9cMNwum.js,43156,6f20f61e9849e148d203b9223ab1b304f1f5f39a0a05f58c840d804dd55d9589,2026-08-22T18:33:43.459116
dist/assets/perl-C0TMdlhV.js,43156,7e84c2f819dc04b8dabc2f0f1871151fcc710a8822ba9abc849922440eb6de54,2026-08-22T18:33:42.505024
dist/assets/php-Csjmro_R.js,113090,37dd4ff1967ca13678fe9b02ee0e057f2f3b5bc7f8b80becc5466902302f3562,2026-08-22T18:33:43.549149
dist/assets/php-Dhbhpdrm.js,111058,498359c1dd0c0109bf7aefba4f4ddf6ebabeeae8d0332b0e69d953c79d2ca218,2026-08-22T18:33:42.568985
dist/assets/pierre-dark-CyvmCCZW.js,30549,0c175d6c74f820a077750c7cb2b4c8181ddff4f3b13a450b805e7ec45c8a4a65,2026-08-22T18:33:43.129058
dist/assets/pierre-dark-protanopia-deuteranopia-Rgc0TwpF.js,30599,cbb84a7695736b5a47221834fb8b693d3215cf731ce0dbbed6f69345ddd5e16e,2026-08-22T18:33:43.150162
dist/assets/pierre-dark-soft-BHGpRqa4.js,30559,7435205d2325f2e04bf837c39de7436aead30ab3c3594bead97b423b6113ee5d,2026-08-22T18:33:43.128058
dist/assets/pierre-dark-tritanopia-Beq2gCRQ.js,30571,8afa3494c6bfe9e399a1219899532f6e5b21bc0d4ca3e8881823d417777f8fd3,2026-08-22T18:33:43.150162
dist/assets/pierre-dark-vibrant-BWBVywrn.js,44761,4c1628c286664dee7ae5142862a51d694f3d879c433c4faddd0789e7de7e1780,2026-08-22T18:33:43.128058
dist/assets/pierre-light-480U9XYS.js,30552,6ea77bc3ddc8a98e6ffdcc915b56da29b36141d580e4c1b8c7000cac21ee323d,2026-08-22T18:33:43.132595
dist/assets/pierre-light-protanopia-deuteranopia-CaVOBURG.js,30602,2e2ddedf97c9641d49597d9282424fad03aa1d325e2c476405bbdfbf4b544e5e,2026-08-22T18:33:43.162755
dist/assets/pierre-light-soft-CVdyfjmI.js,30562,3a6094e087ca2f157a7f864cb676d159f25e4c09b8c0cf300e1a9a441e17a2cb,2026-08-22T18:33:43.154685
dist/assets/pierre-light-tritanopia-B4_gpKOM.js,30574,e5e902ce9eb8dffce0312a6190f4cdf1e6da12f2ce28eb45b6fa24232ce2e2b2,2026-08-22T18:33:43.159193
dist/assets/pierre-light-vibrant-DdTDNdfJ.js,44764,ebb1f922a3468306dd9fb16b44f068071d1b0a583b4f172c7824d35b96a55664,2026-08-22T18:33:43.154685
dist/assets/pkl-Cij4Vm9z.js,10372,1acafc1de9c65cd06c2b6a3b0bfb928a92fd13fa5182fbc4df0f03f41ca79c24,2026-08-22T18:33:43.554181
dist/assets/pkl-u5AG7uiY.js,10372,1acafc1de9c65cd06c2b6a3b0bfb928a92fd13fa5182fbc4df0f03f41ca79c24,2026-08-22T18:33:42.568985
dist/assets/plastic-3e1v2bzS.js,9295,f507b7e3105e92c0d7de6346751da2f369d9d10a9237539fb2f41ca22f3f674d,2026-08-22T18:33:43.024305
dist/assets/plastic-Ckcm5hoS.js,9295,f507b7e3105e92c0d7de6346751da2f369d9d10a9237539fb2f41ca22f3f674d,2026-08-22T18:33:43.803344
dist/assets/plsql-Bd6NdBJI.js,8512,5b08ff2f2caca88ca87a1e02c740ec32d06d8b96d70e210abcc2729858cd9a2e,2026-08-22T18:33:43.555180
dist/assets/plsql-ChMvpjG-.js,8512,5b08ff2f2caca88ca87a1e02c740ec32d06d8b96d70e210abcc2729858cd9a2e,2026-08-22T18:33:42.568985
dist/assets/po-BTJTHyun.js,3239,c6925708c8b9b9a2793d10218ab601e30f79eab0c2892985fd6b3f8382377b32,2026-08-22T18:33:42.568985
dist/assets/po-CUhVi7la.js,3239,c6925708c8b9b9a2793d10218ab601e30f79eab0c2892985fd6b3f8382377b32,2026-08-22T18:33:43.556181
dist/assets/poimandres-BbcZclLp.js,33494,f3a6399c5ae3fe8b7ce02c29c7278199a4ca3ff9b39be1b455a9124c17227de3,2026-08-22T18:33:43.823572
dist/assets/poimandres-CS3Unz2-.js,33494,f3a6399c5ae3fe8b7ce02c29c7278199a4ca3ff9b39be1b455a9124c17227de3,2026-08-22T18:33:43.050858
dist/assets/polar-B-qJ3AIy.js,4671,b6205f4f60671b327a436f3a5c02197826ed563c0c23d22d8231095515274c6d,2026-08-22T18:33:43.556181
dist/assets/polar-C0HS_06l.js,4671,b6205f4f60671b327a436f3a5c02197826ed563c0c23d22d8231095515274c6d,2026-08-22T18:33:42.603096
dist/assets/popover-Dj4y0FU8.js,5247,908d0978a3b7fc62dbb1ef037c1c33cac4b032e927829f63a540d766fc2f76b6,2026-08-22T18:33:43.855701
dist/assets/postcss-BSGhOJ4k.js,6417,748810304adf9da83f71983e99219a242fac24424483e68c0145e0edb6610136,2026-08-22T18:33:43.244895
dist/assets/postcss-CXtECtnM.js,6417,748810304adf9da83f71983e99219a242fac24424483e68c0145e0edb6610136,2026-08-22T18:33:42.136667
dist/assets/powerquery-CC1XieQO.js,5903,2560bd4cef47cf5dee7b8c2204ae8008ce73f85f41764683afa1d0988f4d1d7e,2026-08-22T18:33:43.556181
dist/assets/powerquery-CEu0bR-o.js,5903,2560bd4cef47cf5dee7b8c2204ae8008ce73f85f41764683afa1d0988f4d1d7e,2026-08-22T18:33:42.603096
dist/assets/powershell-BmBUJMz7.js,20158,dc784b8a7baa1ec8a68fe8a790d540ae21c924c3181b239683d48bea87cfb1e0,2026-08-22T18:33:43.558181
dist/assets/powershell-Dpen1YoG.js,20151,97259eb4370f2ded7fb394e103aec42e12ff7c2ba37c846a43506410672cb473,2026-08-22T18:33:42.603096
dist/assets/prisma-Dd19v3D-.js,6330,82e0167743a332958b14c0e40875bf207de8def0521189323b3ae3066e715615,2026-08-22T18:33:42.612633
dist/assets/prisma-Vru482bI.js,7744,b3fde1ec204bd87bc16f820a438db08ec481521edebdf36ab0c033ef0cfd5a1e,2026-08-22T18:33:43.559688
dist/assets/prolog-CbFg5uaA.js,11356,3cbc885011b27249f5a0b7660b6f7c87ac5ab4f44487107cc1e92d0c19ebb3cd,2026-08-22T18:33:42.613644
dist/assets/prolog-bSi0SE3D.js,11356,3cbc885011b27249f5a0b7660b6f7c87ac5ab4f44487107cc1e92d0c19ebb3cd,2026-08-22T18:33:43.559180
dist/assets/proto-BZ_yZy5q.js,6548,2f6893062281306a31a73dcc50949a332ade86a11565f7b78d66e28ed2aaa627,2026-08-22T18:33:43.563714
dist/assets/proto-C7zT0LnQ.js,6548,2f6893062281306a31a73dcc50949a332ade86a11565f7b78d66e28ed2aaa627,2026-08-22T18:33:42.621834
dist/assets/pug-CGlum2m_.js,13842,1afaa5bff782f8df502f7c03fbeaba94cd8921a5f1f690e27508e45c27e2e8ed,2026-08-22T18:33:42.654729
dist/assets/pug-DKIMFp6K.js,13842,80114c6fb80729f6083a281bca3c9fc0f8fa0024a4d63d2e236d49d0636ca6f5,2026-08-22T18:33:43.562705
dist/assets/puppet-BMWR74SV.js,11437,a7a22bdeccfe37f60d59da8851019f47f08eef8250f9a1e2f25560c12a021467,2026-08-22T18:33:42.655725
dist/assets/puppet-ja2MI9-b.js,11437,a7a22bdeccfe37f60d59da8851019f47f08eef8250f9a1e2f25560c12a021467,2026-08-22T18:33:43.563714
dist/assets/purescript-CklMAg4u.js,24686,8fd484a61ea9faa0ef7e299f9188cb74dabea59625c822f537f7ae850d18daac,2026-08-22T18:33:42.657728
dist/assets/purescript-CxgsQa43.js,24686,8fd484a61ea9faa0ef7e299f9188cb74dabea59625c822f537f7ae850d18daac,2026-08-22T18:33:43.563714
dist/assets/python-B6aJPvgy.js,69952,7652ab863f920a5959c4aa52d6decb8c11d23fd590773977ce8aa0fbb3c555c4,2026-08-22T18:33:42.211893
dist/assets/python-DgE28U1V.js,69952,7652ab863f920a5959c4aa52d6decb8c11d23fd590773977ce8aa0fbb3c555c4,2026-08-22T18:33:43.260899
dist/assets/qml-3beO22l8.js,5336,5c58408fde8b3b813f2519a720d074dc688eaff4cc4b6db2fb1b6215dd4aff65,2026-08-22T18:33:42.657728
dist/assets/qml-BEkX6VoX.js,5336,bd5e08d7e04d0cb7d548b4ab5ced31a088fcf61a675a8de52a1b77d97dfbe602,2026-08-22T18:33:43.563714
dist/assets/qmldir-C8lEn-DE.js,1002,ad76c02c2bb338b0314af1cb1514f1fbbd31a1a78d5d931632e313fb9b374480,2026-08-22T18:33:42.657728
dist/assets/qmldir-DNYHzgow.js,1002,ad76c02c2bb338b0314af1cb1514f1fbbd31a1a78d5d931632e313fb9b374480,2026-08-22T18:33:43.590818
dist/assets/qss-BZsEMKxJ.js,7472,24a87ea2b74ac3f815e14d173752f42380cd4ad6faabba3b0737c66c83d7e8c3,2026-08-22T18:33:43.590818
dist/assets/qss-IeuSbFQv.js,7472,24a87ea2b74ac3f815e14d173752f42380cd4ad6faabba3b0737c66c83d7e8c3,2026-08-22T18:33:42.657728
dist/assets/r-Cf5RLm7j.js,6735,128c2bf72b3160e52494e9ee0a7ff6b89bf33eb2ceb8c03de16cacd8cedd1614,2026-08-22T18:33:43.459116
dist/assets/r-Dspwwk_N.js,6541,a535cd6fea8b2a66a5f5433a367db740066053ae8ad3a531d8ed351b5fadf5a1,2026-08-22T18:33:42.472606
dist/assets/racket-BqYA7rlc.js,92389,34061595fb5ce70cda2139f9d82f5a980821fd92ea3ad48c6bbdde5ce887ff01,2026-08-22T18:33:42.657728
dist/assets/racket-CzHBKLyy.js,92389,34061595fb5ce70cda2139f9d82f5a980821fd92ea3ad48c6bbdde5ce887ff01,2026-08-22T18:33:43.591828
dist/assets/raku-CPccoUN1.js,10472,5fcd9c398ef0361d59c9d8122e3f949d13316c2f9dd673a3385c951b768ca711,2026-08-22T18:33:43.551664
dist/assets/raku-DXvB9xmW.js,10472,5fcd9c398ef0361d59c9d8122e3f949d13316c2f9dd673a3385c951b768ca711,2026-08-22T18:33:42.660238
dist/assets/razor-BjBPvh-w.js,27510,78f60ef678077da100e53688ec5e9f9a650a2ae4e68567b62eca21c3162af6c5,2026-08-22T18:33:43.595336
dist/assets/razor-Uh8Bk_45.js,27510,da4924826de242f392eee4bdbc5b6eb9974488520a6bbf81310fc42ba12acc98,2026-08-22T18:33:42.660747
dist/assets/rbs-CpoqiR4B.js,3311,bef624b689e102d17e49bdb3305ba7ac1b3f5e3cbba51e1f5e2651adaae68183,2026-08-22T18:33:43.591828
dist/assets/red-bN70gL4F.js,6262,e16c7107408cb6110f4ef29bac94c1769e589df38f271160e6f52b1a4d27b6df,2026-08-22T18:33:43.080690
dist/assets/red-hvxz__6c.js,6418,3b40434758594762bb16e5104430da75fc93299f3be3b71b0bb82f1343d9cadb,2026-08-22T18:33:43.824574
dist/assets/reg-C-SQnVFl.js,2345,c944196b442e75be8722bce04f9aa6ef7698200cfe314e998cd29b70faa75fff,2026-08-22T18:33:42.661756
dist/assets/reg-DkqHJyC0.js,2345,c944196b442e75be8722bce04f9aa6ef7698200cfe314e998cd29b70faa75fff,2026-08-22T18:33:43.592826
dist/assets/regexp-BW_zLBm-.js,7988,4f4da7e45d7bac4acaf584b492337cc0fcfc0b2453073026b7f2d2878935ed7a,2026-08-22T18:33:43.313429
dist/assets/regexp-CDVJQ6XC.js,7988,4f4da7e45d7bac4acaf584b492337cc0fcfc0b2453073026b7f2d2878935ed7a,2026-08-22T18:33:42.229298
dist/assets/rel-BIqKdwke.js,3368,5e46343461aedbfdd92b75bcc78bf3f40b0383490f4e139874221766c4c73158,2026-08-22T18:33:43.591828
dist/assets/rel-C3B-1QV4.js,3368,5e46343461aedbfdd92b75bcc78bf3f40b0383490f4e139874221766c4c73158,2026-08-22T18:33:42.661756
dist/assets/riscv-BM1_JUlF.js,6914,287e2bda433a92ccd15dbd75b8b95e2ee9ca016d3501387d1b923660fa69a52c,2026-08-22T18:33:42.661756
dist/assets/riscv-s6spwTFp.js,6914,287e2bda433a92ccd15dbd75b8b95e2ee9ca016d3501387d1b923660fa69a52c,2026-08-22T18:33:43.593827
dist/assets/ron-CloI94uS.js,3914,c91a2f5aabc02f69e8844c66e8abbb5e2d6997c5868b974679b0dca8e68a6746,2026-08-22T18:33:43.595336
dist/assets/ron-D8l8udqQ.js,3914,c91a2f5aabc02f69e8844c66e8abbb5e2d6997c5868b974679b0dca8e68a6746,2026-08-22T18:33:42.662653
dist/assets/rose-pine-5qJOZa0Y.js,21741,2792556423027effc6d8f295bc358e0d0d503dc4044d9faa552373b100fc200c,2026-08-22T18:33:43.851688
dist/assets/rose-pine-dawn-DHQR4-dF.js,21754,28569d6dc3cdbec1638a55294d4703993fffc7de3c4f96f9a9e7e0ee58271b45,2026-08-22T18:33:43.080178
dist/assets/rose-pine-dawn-zx0QlTCp.js,21752,281bac5cda64efc5b80c0227f3be933529a2a8075ef7a7ee79e6391b84181576,2026-08-22T18:33:43.823572
dist/assets/rose-pine-moon-C9pEdX9L.js,21751,be365d605f464bd505051701ffe065723ee5cae7cb87126ea49f6e8833229de1,2026-08-22T18:33:43.824574
dist/assets/rose-pine-moon-D4_iv3hh.js,21753,54f8cee6d3bb36072d095cf6f3c42304149f984bb8ac005b4329502e469e4f58,2026-08-22T18:33:43.081308
dist/assets/rose-pine-qdsjHGoJ.js,21743,bd1f7abe9b7645a7d2ea4769311d5b60b694a0577005cf76f13a76ef5c07034b,2026-08-22T18:33:43.082374
dist/assets/rosmsg-BJDFO7_C.js,4523,895c74a701284063ecd96cff31b08b9e7d913b68d069907bd562b6db4f2a078d,2026-08-22T18:33:42.662653
dist/assets/rosmsg-TcL_zzr8.js,4523,895c74a701284063ecd96cff31b08b9e7d913b68d069907bd562b6db4f2a078d,2026-08-22T18:33:43.597348
dist/assets/rst-BrH8l1NY.js,10673,d6c50859a0348550f4b31759c5538b6a44a7de757022ed08231d4944c7624cc6,2026-08-22T18:33:42.663165
dist/assets/rst-bs7f0vWN.js,10673,4dfae3f61d7386919b54ebe73a62ce0175569aaefbc4b04b4d2a49339fc7425b,2026-08-22T18:33:43.616910
dist/assets/ruby-C0TQ7zu5.js,46719,c3fce210b7b37093816dd9f0959878568da37f6a093de297817531ae9f4befd6,2026-08-22T18:33:43.356661
dist/assets/ruby-Dw2BHqvy.js,45953,ab3d7f8c774ddb0ac21c4666d98177263fa5e5640fb15513b68fcb1331b84e36,2026-08-22T18:33:42.333906
dist/assets/rust-B1yitclQ.js,15069,c48161f6b21740ac415d982a627f24bb81081225f7405632784f667cf915d985,2026-08-22T18:33:42.663165
dist/assets/rust-DJErdhjk.js,15069,c48161f6b21740ac415d982a627f24bb81081225f7405632784f667cf915d985,2026-08-22T18:33:43.551664
dist/assets/sas-DEy46yEz.js,9062,0c67e604de0d4e3f02965e9ad7e9cb5b6d58757441537f0a929c237fc9939132,2026-08-22T18:33:43.596348
dist/assets/sas-cz2c8ADy.js,9062,0605b0f0b9c6e33e0db7008a1ae9ee5d8bfed82f5db17d1124905ab226e320bc,2026-08-22T18:33:42.664173
dist/assets/sass-CIfQ9yqV.js,9289,d3d1152bdf9e9582f0d94521982944d7dacd0e8ece70a6a51dc621b146f90c05,2026-08-22T18:33:43.597348
dist/assets/sass-Cj5Yp3dK.js,9289,d3d1152bdf9e9582f0d94521982944d7dacd0e8ece70a6a51dc621b146f90c05,2026-08-22T18:33:42.666093
dist/assets/scala-C151Ov-r.js,28884,f4811c36dc6a16b2500146c2450c441e8ea673f57505a20c2a03c8b965248c65,2026-08-22T18:33:42.692763
dist/assets/scala-CqE71os6.js,28889,49722f789f01275a832469db84cef6009c48b2e9ceb5bf047b798399d5ce6093,2026-08-22T18:33:43.550656
dist/assets/scheme-ByM66cy_.js,7169,743503a0223f9e794eaa6e2ec9b1a4b9e23870ea92f8a91c608bd5632159a820,2026-08-22T18:33:43.618973
dist/assets/scheme-C98Dy4si.js,7169,743503a0223f9e794eaa6e2ec9b1a4b9e23870ea92f8a91c608bd5632159a820,2026-08-22T18:33:42.688573
dist/assets/scss-D5BDwBP9.js,27204,82424791b215254726f7754b2b7ac79cf90ec58a31c023cc959957e832fa0326,2026-08-22T18:33:43.180853
dist/assets/scss-OYdSNvt2.js,27204,b1026ec94017417e3c24178ae96e4134fe9ffadc50d1fbd8f622da7961ca70a7,2026-08-22T18:33:42.131658
dist/assets/sdbl-C5Q1usnU.js,4702,09bba6eb98cb1660429de423a032b8ecc9e943af9b2ae4dc798fe665b2f4de19,2026-08-22T18:33:43.257835
dist/assets/sdbl-DVxCFoDh.js,4702,09bba6eb98cb1660429de423a032b8ecc9e943af9b2ae4dc798fe665b2f4de19,2026-08-22T18:33:42.204377
dist/assets/shaderlab-DNkMdb2B.js,5922,6c6e8672d9cd4491cbed97adc4b22a8d5b97189aa7710b874326cfc731bd6b79,2026-08-22T18:33:43.619626
dist/assets/shaderlab-Dg9Lc6iA.js,5922,0f15272ff852b3807636b594b3f7ee05de4f01acf6cd35622e94c14eed99353f,2026-08-22T18:33:42.690586
dist/assets/shellscript-CE-5zpiL.js,41479,6a7311ff85af4098e170435bf140299e6be66e458e51d97ff91b2cea51300438,2026-08-22T18:33:43.314950
dist/assets/shellscript-Yzrsuije.js,41479,6a7311ff85af4098e170435bf140299e6be66e458e51d97ff91b2cea51300438,2026-08-22T18:33:42.230808
dist/assets/shellsession-BADoaaVG.js,711,8bb2a6459a5dbbe5364b504567be9b0eec02b9271d893c6377a1bb64d3f13c25,2026-08-22T18:33:42.707836
dist/assets/shellsession-BhddCRKA.js,711,cda2aa0fb3224d6d44c4770011da9e91f2e6c30f01dc325f9b5155a77b703953,2026-08-22T18:33:43.618973
dist/assets/slack-dark-BthQWCQV.js,9117,f9254bd3bd7981950384332249c3bd31ff108fc659edd24b49ee6716bc23fac0,2026-08-22T18:33:43.085460
dist/assets/slack-dark-DBfAPHjY.js,9117,f9254bd3bd7981950384332249c3bd31ff108fc659edd24b49ee6716bc23fac0,2026-08-22T18:33:43.825083
dist/assets/slack-ochin-DqwNpetd.js,9431,1ede16ae081bae361e415891901a4aa6dc20de301aef52403863933d74b76783,2026-08-22T18:33:43.087806
dist/assets/slack-ochin-szRk-9hG.js,9431,1ede16ae081bae361e415891901a4aa6dc20de301aef52403863933d74b76783,2026-08-22T18:33:43.829092
dist/assets/smalltalk-BERRCDM3.js,6587,0920bbda736cbf5dc1c5acdeb961dedcdaf98dec24e153fb473c540f21347d6e,2026-08-22T18:33:42.692763
dist/assets/smalltalk-BOQMe2GC.js,14126,8a82ac5a55be2929a527f1f1881f7d14af5d259b1f4982e3986f70427d991866,2026-08-22T18:33:43.619626
dist/assets/smithy-cds9vsN8.js,9134,85bdf3806717e727b7a434840d9a3de7ff1f5c89b3ea383b4e9b5174129964ab,2026-08-22T18:33:43.619626
dist/assets/snazzy-light-Bw305WKR.js,20773,7721708cf2d4a690c8c599de620236acddccbbfedacf09ab0c6cc463f60ebe00,2026-08-22T18:33:43.087806
dist/assets/snazzy-light-CBYPMa6b.js,20773,7721708cf2d4a690c8c599de620236acddccbbfedacf09ab0c6cc463f60ebe00,2026-08-22T18:33:43.838618
dist/assets/solarized-dark-CpvCGNkr.js,7000,6b2fb4056522348f65d9b08d2151f1164cf98ab31f47112a170808bfe2f49184,2026-08-22T18:33:43.838618
dist/assets/solarized-dark-DXbdFlpD.js,6846,2b283375c0600da201944caca3a2620bb9890d6bc28d69f4b989cca5ec11cb7b,2026-08-22T18:33:43.087806
dist/assets/solarized-light-Dlz6yCKv.js,6628,123fd62b5015be797ca48aa510639da5ff1d1a818150a947fe817faab92c2212,2026-08-22T18:33:43.850679
dist/assets/solarized-light-L9t79GZl.js,6480,873638320dde0e3d4261407d298960260305fd39179da30458271ffc0d6fae56,2026-08-22T18:33:43.087806
dist/assets/solidity-DijEV5ha.js,16407,1220df9d38a31beeaafca62c249ba525d705c53eff4b013b1aa4d354e440bc41,2026-08-22T18:33:43.626673
dist/assets/solidity-rGO070M0.js,16074,6c8c7573726b8dec0ce1e54415c33e590f4551b15f97dbb34c2eb4426d21543e,2026-08-22T18:33:42.692763
dist/assets/soy-8wufbnw4.js,6981,76369194bfb39409dc6c92fce75d31e4c958db2830b07333913056cd0e6d17a5,2026-08-22T18:33:43.626673
dist/assets/soy-Brmx7dQM.js,6981,dcd5c00fd4b67322d89a1930edfb14e841ff11cf98a332303b218d5568dfdecb,2026-08-22T18:33:42.700816
dist/assets/sparql-CHK3vDkL.js,1480,667883b06614a7a889038726f1c4f8c446f7828f8140d1055128ded5319fd9c2,2026-08-22T18:33:43.627673
dist/assets/sparql-rVzFXLq3.js,1480,7ad999b9fba56728f2297fbee2250f845093f2b57eacd1fcb045d6f5a32d7de2,2026-08-22T18:33:42.698776
dist/assets/splunk-BtCnVYZw.js,3436,64ebc92eebd3550e91fbfc5fcbd72bfdec37d3e1d299660140ca28c2cd30cc1f,2026-08-22T18:33:42.700816
dist/assets/splunk-YU1HCmJX.js,3436,64ebc92eebd3550e91fbfc5fcbd72bfdec37d3e1d299660140ca28c2cd30cc1f,2026-08-22T18:33:43.628673
dist/assets/sql-BLtJtn59.js,23407,e2621cd8e6d6bc3aad625e5da5afd16b8f1c64a40c77649ac6948a4b306174e5,2026-08-22T18:33:42.203377
dist/assets/sql-CRqJ_cUM.js,23428,6df4a8b7587aced94ab3c692d791a8095269b8cb3106c7276088aaa3b7a016e7,2026-08-22T18:33:43.255311
dist/assets/ssh-config-Cpnw3KEt.js,3617,59773508bec4b474f7a01df0c9a1d67d9cc6a5e90cd8be3355e7a51d45a48718,2026-08-22T18:33:43.628673
dist/assets/ssh-config-_ykCGR6B.js,3617,59773508bec4b474f7a01df0c9a1d67d9cc6a5e90cd8be3355e7a51d45a48718,2026-08-22T18:33:42.706836
dist/assets/stata-BH5u7GGu.js,56991,11bb422f2421e05ce75bcfb2c8c8c0795309ac0462249ddc6a8f82cccd985ac9,2026-08-22T18:33:42.705834
dist/assets/stata-DI20mbqo.js,56991,c1088b99636bbb8fcc125b1ff81b737bdf2f28d610ec6b66e7db8bafcd851e7b,2026-08-22T18:33:43.629673
dist/assets/stylus-BEDo0Tqx.js,31074,7f4744cdde011a08696b25091cb57a8af8762c48fe52bda2f929376600a17f23,2026-08-22T18:33:42.706836
dist/assets/stylus-CHekGIgu.js,31074,7f4744cdde011a08696b25091cb57a8af8762c48fe52bda2f929376600a17f23,2026-08-22T18:33:43.629673
dist/assets/surrealql-Bq5Q-fJD.js,22583,3ca44462a4b2e800e70e918dc6a861fcfb303df674f0109c9373fdac8dfcc130,2026-08-22T18:33:42.707836
dist/assets/surrealql-Cjom0U5J.js,12059,e852e92fc26e1592511a97d1db154e34878c28bdfdfc7f7e35c4bda31b9c3a6d,2026-08-22T18:33:43.649370
dist/assets/svelte-C_ipcX3V.js,18242,b070641a497d9730f796568d9242c5ac7061f9f839af423649b8647267ad0155,2026-08-22T18:33:42.706836
dist/assets/svelte-Cy7k_4gC.js,18242,5d106d5334f6f49edd9837f9f929f67f595c582e99e35ce085f12e0461211880,2026-08-22T18:33:43.649370
dist/assets/swift-C2oV4EkX.js,87231,9f7077844a225a537eea5869de8ca98bd00d512cf62674f7d0b903d827cab839,2026-08-22T18:33:43.638410
dist/assets/swift-D82vCrfD.js,86687,8b87fd88e98da6fee33e181d3a03ad5e7fdec59008fa592c28a9ab28e28d8fbe,2026-08-22T18:33:42.707836
dist/assets/synthwave-84-CNQ9Fj-_.js,14036,345be8ec59dedde8193a830c5119b99ab1a263d8a0b8d0d98580b21e5b53856f,2026-08-22T18:33:43.841121
dist/assets/synthwave-84-CbfX1IO0.js,14036,345be8ec59dedde8193a830c5119b99ab1a263d8a0b8d0d98580b21e5b53856f,2026-08-22T18:33:43.087806
dist/assets/system-verilog-0hqHdDBg.js,26556,94cef5676056c5a825431204170f562e1c4ddddcaf298ed19ed095c079fda2f7,2026-08-22T18:33:43.649370
dist/assets/system-verilog-CnnmHF94.js,26203,911a3857f3ec086298e981939056da2893098881fe5c100ec44132ba87f011ba,2026-08-22T18:33:42.709837
dist/assets/systemd-4A_iFExJ.js,7869,7ee808ec3ed0bd4d87a6c0b5f034ce21b5522664b1a956381a3c287c674c0ffa,2026-08-22T18:33:42.719127
dist/assets/systemd-C1FfcI00.js,7869,7ee808ec3ed0bd4d87a6c0b5f034ce21b5522664b1a956381a3c287c674c0ffa,2026-08-22T18:33:43.648367
dist/assets/talonscript-CkByrt1z.js,6757,df10bc43abea3666beac95f07c8082bbd953cfcce01b384cac1e5bb783e3d656,2026-08-22T18:33:42.764627
dist/assets/talonscript-bksoRmW6.js,6757,df10bc43abea3666beac95f07c8082bbd953cfcce01b384cac1e5bb783e3d656,2026-08-22T18:33:43.649370
dist/assets/tasl-Bl4tsGRM.js,3288,f8ad184dcd423a710bfe0a7c84487334383318e2e1b7b98ef0371be9f3e6c130,2026-08-22T18:33:43.649370
dist/assets/tasl-QIJgUcNo.js,3288,f8ad184dcd423a710bfe0a7c84487334383318e2e1b7b98ef0371be9f3e6c130,2026-08-22T18:33:42.711343
dist/assets/tcl-B2_VAYrd.js,4429,a1a8b949384eb718737fa7f088b806e0ab6736264dbd3135ca01eaee68295f12,2026-08-22T18:33:43.649370
dist/assets/tcl-dwOrl1Do.js,4429,a1a8b949384eb718737fa7f088b806e0ab6736264dbd3135ca01eaee68295f12,2026-08-22T18:33:42.719127
dist/assets/templ-DhtptRzy.js,24064,4cbbebb1913c06a209b9334e9ce438ffbb9eec7173f9e20f68ab1da83dd203ed,2026-08-22T18:33:43.649370
dist/assets/templ-P3uqSqPl.js,24064,5bc6bac791203f2e943afcfabbeb84ae08128397aefb7a5f319ae1645eaac7b4,2026-08-22T18:33:42.763627
dist/assets/terraform-BETggiCN.js,11389,845d38e761505099172e28bb36870b326f66ab907aaa625fcc9c4d0fee4eca49,2026-08-22T18:33:42.765627
dist/assets/terraform-Ba94thAr.js,11389,845d38e761505099172e28bb36870b326f66ab907aaa625fcc9c4d0fee4eca49,2026-08-22T18:33:43.649370
dist/assets/tex-D96PA37w.js,9669,7ed401f4a81fc4d476c64370bcdb5320b2628c597fd55f3a6c211fd2ac9305ac,2026-08-22T18:33:43.464880
dist/assets/tex-idrVyKtj.js,9669,0fb7d18ae0984bfed6a46009afb2a3c59e1b8d2fabd2c9088f66de457306a25a,2026-08-22T18:33:42.508022
dist/assets/tokyo-night-J9jDJp4U.js,35665,e00a860ce7f328571e523246063124ac104fd16c7c4a1939985c04e2912dc8dc,2026-08-22T18:33:43.851688
dist/assets/tokyo-night-hegEt444.js,35665,e00a860ce7f328571e523246063124ac104fd16c7c4a1939985c04e2912dc8dc,2026-08-22T18:33:43.087806
dist/assets/toml-Btlk-g9G.js,6426,13957c3e75de850523d59c55223a274de54f38319159b54c11a41e1e909965de,2026-08-22T18:33:43.649370
dist/assets/toml-vGWfd6FD.js,6426,13957c3e75de850523d59c55223a274de54f38319159b54c11a41e1e909965de,2026-08-22T18:33:42.767133
dist/assets/ts-tags-D351s5mN.js,16571,95477dd86827aa601ca6ce7b66a4c1c8fef6a1c298d6b0d33503f13119322486,2026-08-22T18:33:43.911623
dist/assets/ts-tags-zn1MmPIZ.js,8948,69bcc441aa876587e58720c6b99457b56a6b08643249c262d3efee8bd69acd67,2026-08-22T18:33:43.912625
dist/assets/tsv-B_m7g4N7.js,739,1a04ec966e09f3783309f7536dae8e824d4f8ec6ec0b6e1880c1b95a3d17762b,2026-08-22T18:33:42.767133
dist/assets/tsv-DYfmKMIW.js,739,1a04ec966e09f3783309f7536dae8e824d4f8ec6ec0b6e1880c1b95a3d17762b,2026-08-22T18:33:43.651889
dist/assets/tsx-COt5Ahok.js,175536,6f65bdaf80285d2241cf747f58b0c2bdd7485e25bbfbc0144840ed8e13f31a4d,2026-08-22T18:33:42.137666
dist/assets/tsx-Dio8iE-N.js,175536,6f65bdaf80285d2241cf747f58b0c2bdd7485e25bbfbc0144840ed8e13f31a4d,2026-08-22T18:33:43.243894
dist/assets/turtle-BsS91CYL.js,3700,b39750a94e32101604c09b24cbc2b03cfec7089ea6b3af27863d2889003046bd,2026-08-22T18:33:42.694776
dist/assets/turtle-whXsfw69.js,3700,b39750a94e32101604c09b24cbc2b03cfec7089ea6b3af27863d2889003046bd,2026-08-22T18:33:43.627673
dist/assets/twig-27uCiNez.js,21976,dfbd2ffd14fd05541f21024f89b86432a755381f0e0f819a83566373452aa3d4,2026-08-22T18:33:43.654849
dist/assets/twig-DNn4PbVi.js,21364,8522bd1c3bbd67de36a3de2ab1864071d3264513ef45cbe587590a59a74370cb,2026-08-22T18:33:42.768144
dist/assets/typescript-BPQ3VLAy.js,181080,fcdcca54a7ccb637627d4dba50774a3dc7a5bae93a9f0a43c7748114b1d1d75f,2026-08-22T18:33:42.136667
dist/assets/typescript-DttGkNCf.js,181080,fcdcca54a7ccb637627d4dba50774a3dc7a5bae93a9f0a43c7748114b1d1d75f,2026-08-22T18:33:43.245896
dist/assets/typespec-BGHnOYBU.js,24020,5dfdba0ad831c33537dfdd6bceecdde8c788b953500fa5b006027287949fa461,2026-08-22T18:33:42.769143
dist/assets/typespec-CAFt9gP4.js,25045,e1c6fefd6eda7001eeff766e90748b59a26bef3d5cbb7e35c3ed02d6b27fad3a,2026-08-22T18:33:43.675797
dist/assets/typst-BUadGCkm.js,163547,939d8a4a374df8d24ffbc517df7450a5ae6eb2db795c175077a8c4dc0114f99c,2026-08-22T18:33:43.675797
dist/assets/typst-DHCkPAjA.js,8387,ff1b2bfc233e39112abd22f9ac638a833f1a2504929034f4559c9d88a1ecbcb2,2026-08-22T18:33:42.769143
dist/assets/v-BGw2Nkan.js,13330,2bb9592de1acc804eed5b3ea93f85a38740130bacc614a1ffdf2604f129607a0,2026-08-22T18:33:43.676467
dist/assets/v-BcVCzyr7.js,13214,3580b3a6f9b7d1b570299b26518f866efd3d264369f1569395ddee1c39918af6,2026-08-22T18:33:42.770653
dist/assets/vala-B_5xOBNr.js,3370,9ca40f96a2c5ea6c15a4aa070af170b6a4fb19dce1aea0162639c456e88c1ee6,2026-08-22T18:33:43.676971
dist/assets/vala-CsfeWuGM.js,3370,9ca40f96a2c5ea6c15a4aa070af170b6a4fb19dce1aea0162639c456e88c1ee6,2026-08-22T18:33:42.798264
dist/assets/vb-Cu-pLBUe.js,6075,90340c8b81180fcf3b886697596aa2d9519645c8c2a9cd4eaf92703898338938,2026-08-22T18:33:43.548149
dist/assets/vb-D17OF-Vu.js,6093,c07bc7f87b29209a696181ee1952faa6855fc8424975a04514315972d652da0a,2026-08-22T18:33:42.799264
dist/assets/vendor-globe-D7zBdOhQ.js,1821365,31045f0743fee3ead55a9e5a2d867f70e54918da8111a5177e45b6ba974cebf3,2026-08-22T18:33:42.046318
dist/assets/vendor-gsap-DSpwt0cg.js,70444,ae35c8d26e1fba541c53b03a6fab2f0048c89b5085dd8d1bab0830c5a7960c79,2026-08-22T18:33:42.002736
dist/assets/vendor-icons-B5uOv-wl.js,31189,886db48fa384727917a2bb2bd10090dd8e28983c784eafabc374366da0d26a5c,2026-08-22T18:33:42.002736
dist/assets/vendor-motion-Dl5yfeJd.js,145719,bf59b9c3f3d4d095eb2f5b765582893ffcbbeff20fdbfaef2c98cc2c0825f0de,2026-08-22T18:33:42.002736
dist/assets/vendor-react-1byv5T9U.js,185920,3db378eab66c3412b977ac278c3e5f33bea03665caad43f4959cd8d1193c6e4e,2026-08-22T18:33:42.001735
dist/assets/verilog-BQ8w6xss.js,5931,d4e90d3476e4c94e05271d13254bb7ce735ba6fd8ed49292337d9356368a9eaa,2026-08-22T18:33:42.798264
dist/assets/verilog-nZwndyjY.js,6407,4f4570244b06c1271caac10a3993318e7dc8badbba3d36c978500adb673b8e10,2026-08-22T18:33:43.676467
dist/assets/vesper-DRje8inN.js,12733,58c6b0d954b34636e4629f8fff94dec40609e9522fb08ebfd615d8063d017b54,2026-08-22T18:33:43.851688
dist/assets/vesper-DU1UobuO.js,12692,ad07a972a70962a9f68b1028c90126dc75057cf9dd98f079d050a1bd11e6e19e,2026-08-22T18:33:43.088816
dist/assets/vhdl-Bmgbkl_-.js,24264,4aa59b0e56b6ade915050f27c9359de4b33c7435f1e715b1027f6c44ff08d05f,2026-08-22T18:33:43.676971
dist/assets/vhdl-CeAyd5Ju.js,24264,4aa59b0e56b6ade915050f27c9359de4b33c7435f1e715b1027f6c44ff08d05f,2026-08-22T18:33:42.799264
dist/assets/viml-3ZODU9FQ.js,20365,255a5fbaf5961b394d403c022e2b57baf6855132db6ab4e8b3f8b6ccffdc5fc6,2026-08-22T18:33:43.676467
dist/assets/viml-CJc9bBzg.js,20365,255a5fbaf5961b394d403c022e2b57baf6855132db6ab4e8b3f8b6ccffdc5fc6,2026-08-22T18:33:42.799264
dist/assets/vitesse-black-BeJXV_f5.js,13677,f25530f6e39e64d7dcc0464821c2fff73bf5aab1e311d61645cd740e886a2160,2026-08-22T18:33:43.851688
dist/assets/vitesse-black-Bkuqu6BP.js,13677,f25530f6e39e64d7dcc0464821c2fff73bf5aab1e311d61645cd740e886a2160,2026-08-22T18:33:43.088816
dist/assets/vitesse-dark-D0r3Knsf.js,13759,f3a4064c8e89ebd2349cf3dbf3e211d73b05d11cbd9bbc00feefa1820d74990b,2026-08-22T18:33:43.126048
dist/assets/vitesse-dark-mzFqOv-V.js,13759,f3a4064c8e89ebd2349cf3dbf3e211d73b05d11cbd9bbc00feefa1820d74990b,2026-08-22T18:33:43.851688
dist/assets/vitesse-light-BoFwUIac.js,13616,272401bf8f7fa77313d7d3dbdc609a59bde479c8d69763047b5aa508e16ead9d,2026-08-22T18:33:43.852694
dist/assets/vitesse-light-CVO1_9PV.js,13616,272401bf8f7fa77313d7d3dbdc609a59bde479c8d69763047b5aa508e16ead9d,2026-08-22T18:33:43.127056
dist/assets/vue-BqiEGhQt.js,24956,7f0994638ef848a02127b7b20f95e6314d957874f3da0cc5291c718d923a2af5,2026-08-22T18:33:43.911623
dist/assets/vue-DN_0RTcg.js,24484,f281a5b5a38f6d7aca7ad2c5cfc54c5531603ef963798eddef0ca3a9bbdb600a,2026-08-22T18:33:43.910615
dist/assets/vue-html-AaS7Mt5G.js,8472,a9066b052de965759c4456bed9e3e412c25f1050f3585a2dc6714747bbec1c0e,2026-08-22T18:33:42.799264
dist/assets/vue-html-BM4TQ0nH.js,8472,9b68c7dcacf973295819e9b8c1bd363a087d7a6a7bc3fae882a3c541b84228c6,2026-08-22T18:33:43.682675
dist/assets/vue-vine-BoDAl6tE.js,190051,b6d0574a336aa5d9db78967933acf1628f890c5ead41647a163208c3646f0f9a,2026-08-22T18:33:43.684683
dist/assets/vue-vine-CQOfvN7w.js,190051,95c5be9942daee9da06a3a00052df782c2a7f6b1c85ecbe261da63d35d5d09e7,2026-08-22T18:33:42.799264
dist/assets/vyper-B6NKdirK.js,74648,ff66f70ed9d0a15a77389cfc35cef85ff1f4932bef9e508f9a19b1c87d7f46e9,2026-08-22T18:33:43.684683
dist/assets/vyper-CDx5xZoG.js,74648,ff66f70ed9d0a15a77389cfc35cef85ff1f4932bef9e508f9a19b1c87d7f46e9,2026-08-22T18:33:42.801784
dist/assets/wasm-CG6Dc4jp.js,622336,8deb47b0d7b203f733275b554ccf654df3b76026bd14cab89130ae2a61abd719,2026-08-22T18:33:42.878966
dist/assets/wasm-Ck_ssClF.js,622336,8deb47b0d7b203f733275b554ccf654df3b76026bd14cab89130ae2a61abd719,2026-08-22T18:33:43.130566
dist/assets/wasm-LUzQYg3H.js,12007,ecac025bef526964873260d057a8af935fe8b86da2b9845051051266b019c8da,2026-08-22T18:33:43.684683
dist/assets/wasm-MzD3tlZU.js,12007,ecac025bef526964873260d057a8af935fe8b86da2b9845051051266b019c8da,2026-08-22T18:33:42.804308
dist/assets/wenyan-8fXatRyt.js,2157,40ed524c0cfce810853c17a6e99f8c357dc1ea9d5df901dcf60a2b7a45e63f7f,2026-08-22T18:33:43.685684
dist/assets/wenyan-BV7otONQ.js,2157,40ed524c0cfce810853c17a6e99f8c357dc1ea9d5df901dcf60a2b7a45e63f7f,2026-08-22T18:33:42.805317
dist/assets/wgsl-CECC3vJ5.js,5144,97dee41e3f719e15ac2c06cbf36677252c7654e254f178128113744841a4806e,2026-08-22T18:33:43.688707
dist/assets/wgsl-Dx-B1_4e.js,5144,97dee41e3f719e15ac2c06cbf36677252c7654e254f178128113744841a4806e,2026-08-22T18:33:42.804308
dist/assets/wikitext-BaRWL9sq.js,55885,22c8b6a379a9a1aa4df1fa90a85d054b78c5414e772c062611997d98de2cdb64,2026-08-22T18:33:43.685684
dist/assets/wikitext-BhOHFoWU.js,55885,22c8b6a379a9a1aa4df1fa90a85d054b78c5414e772c062611997d98de2cdb64,2026-08-22T18:33:42.806318
dist/assets/wit-5i3qLPDT.js,21467,2b2cfcdfceebf61cad332a1b126a7bce2afe89b0b5c6bf8791067154e8229bb9,2026-08-22T18:33:42.809277
dist/assets/wit-MEd50GYB.js,21467,2b2cfcdfceebf61cad332a1b126a7bce2afe89b0b5c6bf8791067154e8229bb9,2026-08-22T18:33:43.705258
dist/assets/wolfram-CmMaIVaG.js,262391,5077bf9f804422eafafce9c7bc5bfd04f094ae624f0136c9a33daeac942fe75d,2026-08-22T18:33:43.685684
dist/assets/wolfram-lXgVvXCa.js,262391,5077bf9f804422eafafce9c7bc5bfd04f094ae624f0136c9a33daeac942fe75d,2026-08-22T18:33:42.810784
dist/assets/xml-DtyAt_xK.js,5384,496b2880146a69e8ee63c7ec8cca5e6c5d8621ccca1da1442d60efe7ebe34325,2026-08-22T18:33:43.196168
dist/assets/xml-sdJ4AIDG.js,5384,50f00554f7503986c098ada8706f8e6a8fdad39e5158c7626d31532a883a51e8,2026-08-22T18:33:42.132659
dist/assets/xsl-Btrj9DhN.js,1385,79cf8d3ac5e1852f4628b889221c538cb760e3d1141ceb5ce9a1768662397681,2026-08-22T18:33:43.555180
dist/assets/xsl-CtQFsRM5.js,1385,b47bbb39b319947a57525dc114ec30eb2e697bf451be75f0b79850866f6811be,2026-08-22T18:33:42.849399
dist/assets/yaml-B92AUxDB.js,10506,a7a8b4fc14fa7ba338598f61185a3a13e49d7450830af367407ae61b9634bede,2026-08-22T18:33:43.359167
dist/assets/yaml-Buea-lGh.js,10506,a7a8b4fc14fa7ba338598f61185a3a13e49d7450830af367407ae61b9634bede,2026-08-22T18:33:42.335905
dist/assets/zenscript-DVFEvuxE.js,3912,58a812eb8d71121ee3bd6e513b8a20555bec44f968f7c378bd7ecbfde05866a7,2026-08-22T18:33:42.810784
dist/assets/zenscript-Dja4fBOE.js,3912,58a812eb8d71121ee3bd6e513b8a20555bec44f968f7c378bd7ecbfde05866a7,2026-08-22T18:33:43.712812
dist/assets/zig-LhWa2ADv.js,5340,7c369292579d89b781e91b76a4df1bfba604287c7a5e2c426925935ef08c0841,2026-08-22T18:33:43.551664
dist/assets/zig-VOosw3JB.js,5340,7c369292579d89b781e91b76a4df1bfba604287c7a5e2c426925935ef08c0841,2026-08-22T18:33:42.857923
dist/index.html,1917,7bf30f43f22e4d992526f3f7658e8c76ae13879cc894163d2422dcac6ac0967a,2026-08-22T18:33:43.947774
dist/placeholder.svg,3253,64badf7aabda0b9630b87020ffb6095cb858ccbcf66b355c2aa08b1063954d3b,2026-08-16T02:13:05.399459
dist/pokemon.ico,4286,0e5ca5ba6ab38dcf9e038d3c2784f7cb2c259249dccea7e85fff795e6dcb844d,2026-08-16T09:05:13.816960
dist/robots.txt,160,a3d27b3ca5ce32341fa9f96f01169b521b1657c05d1860c45d1e53a6258e9e8b,2026-08-16T02:13:05.428216
docs/AI_CONTEXT.md,7750,eebc5985f3dc1b89e8a90c8b45af70c187d411c382376b1c1ff79299be78f1d0,2026-08-22T18:29:33.214677
docs/DATASET_COLUMNS_CATALOG.md,76892,4b770a04818a79576dcf22b8c721f10a128d7745ddb9e1b746834f7d08cb9ab9,2026-08-22T18:29:33.215676
docs/DESTINATION_RANKING_LAYER.md,13844,f30286a306d987967acdd127d7b36faf99a2f204fe67cf205e682c8f02958d95,2026-08-22T19:54:40.579679
docs/FINAL_IMPLEMENTATION_STATUS.md,3766,1fe1bac39c91f6d904f19910e0c1694101c22ddd64bb5d18f7990c4d7dc92955,2026-08-22T18:29:33.217675
docs/PROJECT_OVERVIEW.md,2304,be8763dd13b82a72f31bb448206e88c33da093e6b77c0622a78d7bb1e7a861ed,2026-08-22T18:29:33.220477
docs/README.md,4411,4a1c530820f8a48cdf53fdf52b11d0d7e665ea66501cf9e13c6eba78659c43ee,2026-08-22T18:29:33.222484
docs/TECH_STACK.md,1688,b62f17c2d2f2a599bf78712a87b06133e9e75f9a33c123d45ece3c9991ce9e3b,2026-08-22T18:29:33.223991
docs/architecture/AI_ML_ARCHITECTURE.md,5054,a4b385924d0b1d7a19d6c94fbb612a370d0b3141cfe49b0cf31acc8b9c2de7e7,2026-08-22T18:29:33.225999
docs/architecture/API_CONTRACTS.md,3838,3782c6ebb733058dd93d4cd7469df4e483126a50071986545ff085e3927c1000,2026-08-22T18:29:33.227001
docs/architecture/APPWRITE_ARCHITECTURE.md,3029,210c40a089bff20143450e1a1c2d2c8263032a07ffe1e0ee414a4aad78fce65e,2026-08-22T18:29:33.228001
docs/architecture/ARCHITECTURE.md,4482,1c536fd1e4f3b97a5f041514ddf7caf7978e3cc964749515c9b413bd32ca479c,2026-08-22T18:29:33.228999
docs/architecture/BLOCKCHAIN_ARCHITECTURE.md,2136,30d63403e5c18104dde41bdb8358681d62c29f1441401637224a6f23e6b218e1,2026-08-22T18:29:33.230506
docs/architecture/DATA_MODEL.md,4852,bb6e0a36602b5476a81ea26cc4600b66a7adcb52fc7075a80adfbdb6728b0330,2026-08-22T18:29:33.231515
docs/architecture/GLOBE_ARCHITECTURE.md,2909,72c9565ef50e3862e2e5af78eb3cb54e4426bcc668467c51bcb90e0aed5a9103,2026-08-22T18:29:33.233029
docs/architecture/GLOBE_INTEGRATION.md,1725,2b5d7e055d6019ad1e5262820ae3a6dcce4b039284866af0e6deaa047c723b2a,2026-08-22T18:29:33.234028
docs/architecture/N8N_ARCHITECTURE.md,3407,27647dc604bbb6892c26f2d06dedc6e4a2821035785641f4c98f100b6a1686b0,2026-08-22T18:29:33.235031
docs/decisions/COMPONENT_AUDIT.md,3588,e8b05835a6fd54a033c5a4d1aae6843634ccf60bd46a8c8154c9c83362731d2d,2026-08-22T18:29:33.237029
docs/decisions/DECISIONS.md,3451,48be8548774836ea8ba678348f79513c56f2c9cfa0fc08d95d8f748776e0ec22,2026-08-22T18:29:33.238038
docs/decisions/DESIGN_AUDIT.md,3967,18177df54b17e84128e982e90809b0d906d815e2aac461a056b30bf47ff8e953,2026-08-22T18:29:33.240152
docs/decisions/IMPLEMENTATION_DECISIONS.md,14372,303e8ad29dce88a5cdae9a7bbf5903b08884b74efae9f7efebe45645da1b7f33,2026-08-22T18:29:33.240660
docs/decisions/UX_DECISIONS.md,2708,87c5c96b58b321d7e093a9b8674331a54287cffd2e7090fc413c13c3ab46b4bb,2026-08-22T18:29:33.242668
docs/decisions/join_cleaning_justification_v2.md,22187,4c30cffd1bccf37b7d094cb7db2af82eb2a7ec9649f0c0602a72b21b1e21785f,2026-08-22T18:29:33.242668
docs/design/USER_FLOW.md,3838,a6a7512e4b63f451cffbe45d82157278039fab81252cdc83add2218bb7c039e9,2026-08-22T18:29:33.244688
docs/design/design_standards.md,22186,618d0c36b51fb3bbdf103045aa1e537b73a3a57d7e11afdc1a01efc9ffb76699,2026-08-22T18:29:33.245698
docs/design/workflow.md,23108,aafc45f391420a6536addd643e7bdcef776a9e8db8c4e12b2daad75cbeb11eed,2026-08-22T18:29:33.246696
docs/directory_inventory_before.csv,175382,91ebcada21e8bcdd59f7daef46193ca1e74654aacc839cc0569c5baa0cab5685,2026-08-23T00:24:11.149821
docs/model_inventory.md,9004,776c17710191689ebb010719f2e1eb8f49f2ad84cccb7f734dea9d6026e2423f,2026-08-22T19:54:40.580717
docs/recovery_log.md,2746,d14271df4bec79c42949ecdaab2ca3847aeb72522bd1629bef55dab459ea0a0a,2026-08-22T23:21:28.026804
eslint.config.js,765,c55264234fef783629810643d995cd522c3adaeb60e7157906310607292015a3,2026-08-16T02:13:05.220336
globe/.gitignore,253,fe718e7babb14f3cbad2d97f08889b9ce5215ed3fe0e43b2b8cfbfb3b9b844e8,2026-08-16T07:20:02.617056
globe/bun.lockb,301311,9e26f4daa3186b46408c5a71b4f0344983955b4be986dd3e1463adec3f962d7f,2026-08-16T07:20:02.674359
globe/components.json,414,9820835141c54e5b5dfbb68b3c3790db73c9ebfb967884ae3fccd058d698a1a6,2026-08-16T07:20:02.700048
globe/eslint.config.js,765,c55264234fef783629810643d995cd522c3adaeb60e7157906310607292015a3,2026-08-16T07:20:02.713558
globe/index.html,991,b810a2e6ba6c206cae11b67ced92b531c8cd97827156941161393145332192b0,2026-08-16T09:20:50.241836
globe/package-lock.json,290958,2c6e157b339b69491ada3ab5b7b592d821f698a09c3f6120fe9ca5d1b1cbe52b,2026-08-16T09:21:45.040511
globe/package.json,3012,65ea6778e2bc82efa97ef97e1b61aa12f19788eecd6af2c87fc6a39b0a155107,2026-08-16T09:20:50.249758
globe/postcss.config.js,81,e32657baf631d7c5f4dc67b4b2ee0ec8e7d5b3c41860e09cddce7c0377cd80bc,2026-08-16T07:20:02.792235
globe/public/favicon.ico,20373,dd821076a9b03adc2173c93956226aea3d92482d7578fc4339c5d3a2e9c24586,2026-08-16T07:20:02.828851
globe/public/placeholder.svg,3253,64badf7aabda0b9630b87020ffb6095cb858ccbcf66b355c2aa08b1063954d3b,2026-08-16T07:20:02.847581
globe/public/robots.txt,160,a3d27b3ca5ce32341fa9f96f01169b521b1657c05d1860c45d1e53a6258e9e8b,2026-08-16T07:20:02.866149
globe/src/App.css,606,a0715e0a09edbd0fbde65816a75e0fa0fc8b314c5260c0768c19bf3aac22621a,2026-08-16T07:20:02.899247
globe/src/App.tsx,871,4e69ef9f71a824d0a6b0965300a4738f34e54a39d58433104162a61b6d072d49,2026-08-16T07:20:02.921794
globe/src/components/GlobeTooltip.tsx,1549,200740a48b03c54a56f8948bdf53b04425ff39238a82541293ad3a6871baf934,2026-08-16T07:20:03.023177
globe/src/components/NavLink.tsx,751,c09f73102288d8a89e5e7b728715ba0697783c43b687e20dedce3536aa7049df,2026-08-16T07:20:03.045717
globe/src/components/SidePanel.tsx,5192,93983b996a678e56402ad6513ad96cd2f2509b74f2926c0b21b9f3a1b45f1d64,2026-08-16T07:20:03.065779
globe/src/components/TradeGlobe.tsx,4809,cfc1365ba5a281ced864c7412dd7c5ec17cdb47812f578ba102ada6c0a62ea17,2026-08-16T07:20:03.088861
globe/src/components/ui/accordion.tsx,1976,9587b5ca80cf0aa68bc2a4e6baacebbe07eab14e1c66c6b6420033aeca9219d1,2026-08-16T07:20:03.121915
globe/src/components/ui/alert-dialog.tsx,4313,c8b01137c7552e63c9ccf2c38ef92e5417bd6616b6980d56d3015db027465283,2026-08-16T07:20:03.146042
globe/src/components/ui/alert.tsx,1546,6352c232d36b2aeb20cce9692fecd98a472c8bb0b8c3f8a45446c433382e2da7,2026-08-16T07:20:03.166586
globe/src/components/ui/aspect-ratio.tsx,143,d72c73d629e37995a0a71647d851d68d6fdcd7ec120797f36ab83a8ee89f2cab,2026-08-16T07:20:03.202848
globe/src/components/ui/avatar.tsx,1365,4a8bc00e5514912c54d414e207266fa100906aec2754d590adcc8ccc46d4c5c9,2026-08-16T07:20:03.232495
globe/src/components/ui/badge.tsx,1089,b851d9ba385c4d60de471c5f43da38067298bbcc3470807e992acb224041c75c,2026-08-16T07:20:03.248898
globe/src/components/ui/breadcrumb.tsx,2687,e5589a54c1ed42101bb24cd67bbc72469fbfbe6b694c46e006424375ad77183e,2026-08-16T07:20:03.268636
globe/src/components/ui/button.tsx,1840,99e5091c618896c9a46eba931d23814039709f9a1d150c4ac99217c1bba044fd,2026-08-16T07:20:03.307453
globe/src/components/ui/calendar.tsx,2563,845a0b0fdec33d8d49ab8ed05dd29a12c10b5bbcf60f24d0b9fc0a731ab18621,2026-08-16T07:20:03.334313
globe/src/components/ui/card.tsx,1785,bdfb74248321c52e89c2129d9d8088a56a3e33dd7850a7c9b0563a7b5ac937a0,2026-08-16T07:20:03.353958
globe/src/components/ui/carousel.tsx,6249,561cab7fcb619deed3532d027cbf18ef8e3ebae9def4206b0d36bd22b8474c3a,2026-08-16T07:20:03.385719
globe/src/components/ui/chart.tsx,9987,a759d32aa240fa6e929f204b04252e45d6ae458558eebd37dccf4ae9e05ab5e2,2026-08-16T07:20:03.403052
globe/src/components/ui/checkbox.tsx,1053,178f8177bedb1704b4dd3e748f4826848981c8af43178c04e1a276a7f017cf1f,2026-08-16T07:20:03.428736
globe/src/components/ui/collapsible.tsx,320,fbe07841b794e0d7d08e87ddaaafadf1dc0c63ecc8389cd2c5b4a0a3f5500df1,2026-08-16T07:20:03.477012
globe/src/components/ui/command.tsx,4821,2b640fee593528d494ca19b2888db68a396a96950ea0bb6f1b50536e26e26019,2026-08-16T07:20:03.515224
globe/src/components/ui/context-menu.tsx,7191,2d294c5e421c41b817f1644f2d54bfdde628cffae2682e69ca504ae754739ad6,2026-08-16T07:20:03.541591
globe/src/components/ui/dialog.tsx,3761,8e755711b3fd5e8d7339baea7627da546293fe2df1a88775729c2857e0de4b57,2026-08-16T07:20:03.571114
globe/src/components/ui/drawer.tsx,2941,3739cdfc80503412db604efb3ac0149db5f7cd5fec18508839d18dec195720e1,2026-08-16T07:20:03.603127
globe/src/components/ui/dropdown-menu.tsx,7260,b1ede0a4144b64853dc7ba62d184c09df479482eada86f936ce5b3d0b67a9a19,2026-08-16T07:20:03.652011
globe/src/components/ui/form.tsx,4014,7f6f3b157f0c08880937ae41d5e61647703c7163c3d8444656de711fb0576faf,2026-08-16T07:20:03.687847
globe/src/components/ui/hover-card.tsx,1193,8d606e166ef5f9bc4fc3efb1f6ce2f4bb376177a2c6fef16f67f87ad2d13d005,2026-08-16T07:20:03.717166
globe/src/components/ui/input-otp.tsx,2166,a301658db5430d30108004cf05cb9469457a882f93dc057097f777ade4ca5423,2026-08-16T07:20:03.744714
globe/src/components/ui/input.tsx,799,aacef8933fe99ab553e12a82c874a23c97e2b5602eb6f00018454fa0a8d4f7f2,2026-08-16T07:20:03.770584
globe/src/components/ui/label.tsx,696,d5dc9497cbb28a5401b864bd44a15f010c302584fbe8e07e015dbe443f103753,2026-08-16T07:20:03.787891
globe/src/components/ui/menubar.tsx,7863,9a44756ba91e4c486b30574910b72f58c136c7a9281ccf0c13bf366962c7cdaf,2026-08-16T07:20:03.815161
globe/src/components/ui/navigation-menu.tsx,5030,92736fbbe66e31d1b981d10436f9048c76f4b91d8b89e93b679ef2eb54204770,2026-08-16T07:20:03.839484
globe/src/components/ui/pagination.tsx,2683,ac9da1e191c3485524c1e8d8cdbe0b9fa4ea2729c9554f796e2516485c839260,2026-08-16T07:20:03.858936
globe/src/components/ui/popover.tsx,1239,ee5f78ece57c9e8eb5f9b4186e2bb9ebe46b69b52f03f1edd9a601883bc64772,2026-08-16T07:20:03.878355
globe/src/components/ui/progress.tsx,765,bdc4847f05de3aea1276966e0df9b4a293297f0ca7d7b430a1cb16cf5626728f,2026-08-16T07:20:03.904422
globe/src/components/ui/radio-group.tsx,1447,995ec983735b204597f11ae5dd22ba0175dfc633da2ddecf222847bbca387adb,2026-08-16T07:20:03.928882
globe/src/components/ui/resizable.tsx,1696,a31af34c14c7c86612d1c2e51c90da59e0edae37dab5210bc1dd2c91dc2f3edd,2026-08-16T07:20:03.948906
globe/src/components/ui/scroll-area.tsx,1608,998181a10164aa6e508210064ba61b2f772a92958d7bb2141867007f0ebd9783,2026-08-16T07:20:03.978124
globe/src/components/ui/select.tsx,5575,a2b62120a033b36c8d6c4a1693aa9231645fa69251740e15eacec24c1eea4d82,2026-08-16T07:20:04.005812
globe/src/components/ui/separator.tsx,698,6c271e740c3d7b54947bb727383e5355788f0176b7b683c3bb970cad9883dded,2026-08-16T07:20:04.031990
globe/src/components/ui/sheet.tsx,4197,e7d726b34d0f3214f597a844c7f2c4fc869933f7433eddb74e7fd2eb92500be3,2026-08-16T07:20:04.061281
globe/src/components/ui/sidebar.tsx,22837,5754b54ecb6151d7a138426a44a1057a4937ac5a173dfbd1f596a6c9d75b851b,2026-08-16T07:20:04.084355
globe/src/components/ui/skeleton.tsx,234,a229c310b9cbcb01ddd5e580865a6f14a19061aff7f6a97ef82a40b6a83583a4,2026-08-16T07:20:04.130933
globe/src/components/ui/slider.tsx,1065,b81a683197551322cd8f13653bc955ad4c3bca6fe62376d33acb2bcd04361d02,2026-08-16T07:20:04.151790
globe/src/components/ui/sonner.tsx,877,720fa5658777a469a3096e2fbb59b8f3453c744aab53a35d9ad47c873177b4ca,2026-08-16T07:20:04.182836
globe/src/components/ui/switch.tsx,1147,99cda942c2d215d8f25dd33ae06ed1278bcf912b262ed0e907b04f35881ac507,2026-08-16T07:20:04.209962
globe/src/components/ui/table.tsx,2694,fab18d9eeb84781f534330ff4b2c2cbe3a93f9bdf5c449debff2f682a83a4876,2026-08-16T07:20:04.237552
globe/src/components/ui/tabs.tsx,1897,b313d08a8c85e586a282b615cf30ce0b6ec1eca3ea92149b731f14b4082f4d71,2026-08-16T07:20:04.264991
globe/src/components/ui/textarea.tsx,751,2f5b24d28dc5c41817ca69653a396adcb2fe495200f8184777d086a62fc70461,2026-08-16T07:20:04.293016
globe/src/components/ui/toast.tsx,4798,8f4db67ae4633904c3cccee6629a1061472bb23f5368e5b7e72a306cc494f9d3,2026-08-16T07:20:04.313458
globe/src/components/ui/toaster.tsx,730,600d661340ddc3ee7b5f9088684e1b3072cf60c9275b2f84bf4860dc29fe0fba,2026-08-16T07:20:04.337106
globe/src/components/ui/toggle-group.tsx,1714,a3ea231230c8fff22ff6e0b457e71addf961fe1f80deaba0c80d17e649d34bf3,2026-08-16T07:20:04.363811
globe/src/components/ui/toggle.tsx,1416,fb0f786bce638fd414f220e31ad3c902f5c6e25eee9c95ac955cacd50638d6ff,2026-08-16T07:20:04.382681
globe/src/components/ui/tooltip.tsx,1155,bd9361649477cf9496f4b48415a2eafb9ae1ebca81af58a29b61b1516adc88c1,2026-08-16T07:20:04.404839
globe/src/components/ui/use-toast.ts,82,d48c4c490e5101aa42ceed9b8ca49642d66152ba11daf7ee6c29bee0f5172c37,2026-08-16T07:20:04.416366
globe/src/hooks/use-mobile.tsx,576,21eff740f9e5c965c7f0782925a7e8f67ddfcdf0f58b6613550f99c3e1c454e9,2026-08-16T07:20:04.446540
globe/src/hooks/use-toast.ts,3935,0602ac84d95719f2a27075ce60333db73128e09c0b07365dce7f9c77441c9d7c,2026-08-16T07:20:04.462626
globe/src/hooks/useCsvParser.ts,957,dba9d65ebc070e3d143507c3a7ba0fb0ecd1cbb0006f6b449186233d6fa3b957,2026-08-16T07:20:04.478471
globe/src/index.css,3200,5ee0bbe6e9f32928fcbc05407f637f68e350dbec5bf3b926d4b8b77eac704939,2026-08-16T07:20:02.948850
globe/src/lib/colors.ts,732,9eb8cb3b2e2abaa0feecfc53c3901ea678db9da0e1ee756e3297b36aa396006c,2026-08-16T07:20:04.503694
globe/src/lib/tradeData.ts,7425,2542d789e9fb210f678bcbff21fccf3e651cd0e74c0e7ed37c0451f16623a814,2026-08-16T07:20:04.520838
globe/src/lib/utils.ts,169,d1f1e0d62cb8d8d1e04c26e14de842d8a151f75812d81b046c65b5d1fe8e4b27,2026-08-16T07:20:04.531903
globe/src/main.tsx,161,c633525e3d3cf96bf7ccbb096074f6af64fc02f82b2339a4abb357ebc34441fd,2026-08-16T07:20:02.971388
globe/src/pages/Index.tsx,3885,6595f46af0012d1c6afc7493d24014837e495d40fd789c05a64b0e9f1d0c7ac0,2026-08-16T07:20:04.563907
globe/src/pages/NotFound.tsx,727,a36a58816a781780bd3ffd098d916c5cf45c0908a618b897f489889c3d7fe80f,2026-08-16T07:20:04.584592
globe/src/test/example.test.ts,143,f0278cbf0875cdc304f02ceebbc62e93e2690a1c284d7ff2ebbae509e4d70349,2026-08-16T07:20:04.607511
globe/src/test/setup.ts,353,7fb65ef092291d0278639dc0567ebfd960f097fef0c869d43d0b9b4485449bfc,2026-08-16T07:20:04.622224
globe/src/vite-env.d.ts,38,65996936fbb042915f7b74a200fcdde7e410f32a669b1ab9597cfaa4b0faddb5,2026-08-16T07:20:02.986292
globe/tailwind.config.ts,2729,40fccc8da5ebceb6c5dadd426fd263dceff8b94e2f86b180d6c2426005f3c2cb,2026-08-16T07:20:04.639003
globe/tsconfig.app.json,685,fdde6eb9539a3fb1101906bb2cbeab2cda7c2d0a5c75a926f92ac051ddd4713b,2026-08-16T07:20:04.658504
globe/tsconfig.json,369,3a667cdf83b8335029de6380d1dc190d298d976df6c16259d562786ef13e3f07,2026-08-16T07:20:04.677083
globe/tsconfig.node.json,481,a96b9ba5e40d95b92adf56431fdf9cbe25b5c2557621f0666615bff6889dfc50,2026-08-16T07:20:04.701893
globe/vite.config.ts,383,0907f1803e3f141c925c20eed7d07fd0a4d871b91545cb7deab4f298064073a0,2026-08-16T09:20:50.246462
globe/vitest.config.ts,395,2c64550d05cdec49d120f28afd53056372945035b13d54cbd16f8027329f2a84,2026-08-16T07:20:04.735307
index.html,1486,70896c1a1a45a46a4fac8e2a04dd1b5b7172e43b2d87098fd4a45f52d3f1199c,2026-08-16T09:20:50.231730
models/destination_ranking/feature_schema.json,2451,a85a19b4fa89fdf05d35f4b955970c4dc4069a754b22a8114b727ed50289613e,2026-08-22T19:50:36.954799
models/destination_ranking/model_metadata.json,786,2bca35da15e309c7dccecc718da094fd416c9afe1af7e7197f4faa06ba1c36ad,2026-08-22T19:50:36.955327
models/destination_ranking/product_catalogue.csv,3225,5e12dc81205662bffa3976590dbab7889321b0769eac599623e52eb9da5afc09,2026-08-22T19:51:15.508115
models/destination_ranking/product_catalogue.parquet,4180,8b47f01255ceac44d69f7d59d1d360d2bfbde077a02b36ea6368118016f7750f,2026-08-22T19:51:15.513149
models/destination_ranking/ranking_config.json,1711,9d48e9e1f458bff1d3aaf16d6c47dca8b49df9e3b76766c2695402f22dc6a2a8,2026-08-22T19:50:36.953288
models/partner_discovery/forecasting/benchmark_comparison.csv,695,a0aa3d2cd9a18eb4f90f751eefd4121605279f64e31db3e3746c01d9b0c9f5bb,2026-08-22T23:18:38.813756
models/partner_discovery/forecasting/gru_multi_output.pt,182777,25a1b1d53181da4edc695683ab66b159bfd3fc7a93968757ac2baba0d09b25d0,2026-08-23T00:12:02.152895
models/partner_discovery/forecasting/gru_scaler_metadata.joblib,471,eb0a025046ab219848b4214f09f219eb8d789aebfed3885b9abaab85ea176f24,2026-08-22T23:18:38.621149
models/partner_discovery/forecasting/metadata.joblib,731,5aa76c1b328cd97723ae9b59f5a3b2ce1597b91cd78fc01472821ba0cd40b444,2026-08-23T00:12:02.156943
models/partner_discovery/ranking/product_catalogue.csv,3225,5e12dc81205662bffa3976590dbab7889321b0769eac599623e52eb9da5afc09,2026-08-22T19:51:15.493827
models/partner_discovery/ranking/product_catalogue.parquet,4180,8b47f01255ceac44d69f7d59d1d360d2bfbde077a02b36ea6368118016f7750f,2026-08-22T19:51:15.505085
models/partner_discovery/ranking/ranking_config.json,1711,9d48e9e1f458bff1d3aaf16d6c47dca8b49df9e3b76766c2695402f22dc6a2a8,2026-08-22T19:50:36.949952
models/partner_forecasting/benchmark_comparison.csv,695,a0aa3d2cd9a18eb4f90f751eefd4121605279f64e31db3e3746c01d9b0c9f5bb,2026-08-22T23:18:38.813756
models/partner_forecasting/gru_multi_output.pt,182777,25a1b1d53181da4edc695683ab66b159bfd3fc7a93968757ac2baba0d09b25d0,2026-08-23T00:12:02.152895
models/partner_forecasting/gru_scaler_metadata.joblib,471,eb0a025046ab219848b4214f09f219eb8d789aebfed3885b9abaab85ea176f24,2026-08-22T23:18:38.621149
models/partner_forecasting/metadata.joblib,731,5aa76c1b328cd97723ae9b59f5a3b2ce1597b91cd78fc01472821ba0cd40b444,2026-08-23T00:12:02.156943
models/ranking/feature_schema.json,2451,a85a19b4fa89fdf05d35f4b955970c4dc4069a754b22a8114b727ed50289613e,2026-08-22T19:50:36.951467
models/ranking/model_metadata.json,786,2bca35da15e309c7dccecc718da094fd416c9afe1af7e7197f4faa06ba1c36ad,2026-08-22T19:50:36.952270
models/ranking/product_catalogue.csv,3225,5e12dc81205662bffa3976590dbab7889321b0769eac599623e52eb9da5afc09,2026-08-22T19:51:15.493827
models/ranking/product_catalogue.parquet,4180,8b47f01255ceac44d69f7d59d1d360d2bfbde077a02b36ea6368118016f7750f,2026-08-22T19:51:15.505085
models/ranking/ranking_config.json,1711,9d48e9e1f458bff1d3aaf16d6c47dca8b49df9e3b76766c2695402f22dc6a2a8,2026-08-22T19:50:36.949952
models/trade_anomaly/feature_list.json,455,6a117fc6ae7763514d4cea597fe7975dea90871051a29e8b87a38192713f1308,2026-08-22T19:17:34.047731
models/trade_anomaly/model_metadata.json,765,ed9942cc199a40d436ed48ae8ad0367563c37b30962fa4d52e8af9d71a7c4ef7,2026-08-22T19:17:34.048729
models/trade_anomaly/preprocessor.joblib,4136,2352e88d543b462be35e1f12cce765e98a03897df61ce6061efdc50820a5e4d7,2026-08-22T19:17:34.035537
models/trade_anomaly/threshold_config.json,56,40e15f79a70f57aeb723f2aa23d18a31f6c180b6fb3560724e644123703984a4,2026-08-22T19:17:34.046732
models/trade_anomaly/xgboost_anomaly_model.joblib,254229,d57c8bfb242ce25227cbdb28a99aa35a09ca7b2741cfe28db78ede1b5f80eb45,2026-08-22T19:17:34.045720
models/trade_risk/gru_autoencoder.pt,61977,9e95a74c3ae1b3e093172a160eab6b34e6cbd8bdd990ee7068e0684a44ac46bc,2026-08-22T19:17:35.124347
models/trade_risk/isolation_forest.joblib,4297869,8255adfac59c42ae34bdda8ceabb6f1da069112455f1fbfb5737e4617b6e156c,2026-08-22T19:17:35.006557
models/trade_risk/risk_model_metadata.json,1139,7b6b56adaf08783e221183fc36b49a2e9c2e70e87f5ebff62c4fa205ab68ec01,2026-08-22T19:17:35.125740
models/trade_risk/robust_scaler.joblib,927,3abaed9d04b55e0405485705ba97bc5a87bd8e2d8a4891395d89e7ea2d4fb9f7,2026-08-22T19:17:34.751057
models/trade_risk/selected_features.json,744,3b762869338f018d2b324c98c7af1390f3455349e0c74a30375a3d93c5ffa22a,2026-08-22T19:17:35.126740
notebook_contract.md,1365,0374704459931dc1913d9f6eb72e860219deebbf9f7e1279aaca17fff41bf15d,2026-08-22T23:39:01.057641
notebooks/01_destination_country_ranking_eda.ipynb,592023,2d92e1fb5bcd03afee9fa5fbba7c2382dba8a74810d05946f42dc5cb1a118ba3,2026-08-22T19:54:14.153779
notebooks/partner_discovery/01_destination_country_ranking_eda.ipynb,592023,2d92e1fb5bcd03afee9fa5fbba7c2382dba8a74810d05946f42dc5cb1a118ba3,2026-08-22T19:54:14.153779
notebooks/partner_discovery/partner_discovery_as_exporter_eda_and_model.ipynb,1123111,19e46de59f1e8991ccf8e131556b473ddea72fbae3fcad98ec50436da494b824,2026-08-23T00:12:02.307548
notebooks/partner_discovery/partner_discovery_forecasting_model.ipynb,10882,0d1039f92cbf1338d9edbcfd033043997f89a5f50c127b4c00b2a818b2ab99c7,2026-08-22T23:19:33.479151
notebooks/partner_discovery_as_exporter_eda_and_model.ipynb,1123111,19e46de59f1e8991ccf8e131556b473ddea72fbae3fcad98ec50436da494b824,2026-08-23T00:12:02.307548
notebooks/partner_discovery_forecasting_model.ipynb,10882,0d1039f92cbf1338d9edbcfd033043997f89a5f50c127b4c00b2a818b2ab99c7,2026-08-22T23:19:33.479151
outputs/ranking_feature_inventory.csv,4727,e75efaa4945de4352dea6d80f7f4d4ee2daf854d84081d868be80edd7a9e0dbf,2026-08-22T19:50:36.947911
package-lock.json,440993,392da4d411efaaf4a78c69f741127b35747624b5fdcbe06a8e514e448dcad9a1,2026-08-22T18:29:58.540913
package.json,3794,fac0241a51296ae0815f7b70f52cbe930eab781fef19634e87ffabc98f8391aa,2026-08-22T18:29:58.541420
postcss.config.js,81,e32657baf631d7c5f4dc67b4b2ee0ec8e7d5b3c41860e09cddce7c0377cd80bc,2026-08-16T02:13:05.337592
project_directory.md,2322,f1a43d3707fd02caf9b198ee9415cb2b25005a4c8537777260ea977c0345caba,2026-08-23T00:22:16.687029
prompt.md,5524,b52664447e6ae3fb04feda96b49795e68438fd48efde8c1d799ede6e86bfe2ac,2026-08-23T00:22:18.196632
public/placeholder.svg,3253,64badf7aabda0b9630b87020ffb6095cb858ccbcf66b355c2aa08b1063954d3b,2026-08-16T02:13:05.399459
public/pokemon.ico,4286,0e5ca5ba6ab38dcf9e038d3c2784f7cb2c259249dccea7e85fff795e6dcb844d,2026-08-16T09:05:13.816960
public/robots.txt,160,a3d27b3ca5ce32341fa9f96f01169b521b1657c05d1860c45d1e53a6258e9e8b,2026-08-16T02:13:05.428216
ranking_contract.md,7744,a4d3f5734e65c8f8b37641e5112b199166d3eec9a664ddf0c85624ca74c45eed,2026-08-22T22:08:59.639529
recovery_manifest.md,3575,49a11211756a7c31a9c230982e6428ab26b1f5914ff29706567ca0f385ff8023,2026-08-22T22:09:01.084257
reports/exporter_eda_report.md,2745,ded7ac78a42314c2f3f903aa574242c25710f6aae69f13085cffa4613eed1c37,2026-08-23T00:12:45.579741
reports/forecasting_model_comparison.md,2276,cf55c16613735379abe5fa51256133341531189a30c10d95e2ab3fc2a46dbe52,2026-08-23T00:12:45.580750
reports/partner_discovery_data_dictionary.md,4395,7c832a4b3db28a369987ff7be6305dd5910ce9eee88f22accbd87f42ec8f89ae,2026-08-22T23:21:17.310941
reports/partner_discovery_forecasting_evaluation_report.md,4586,5a6f8594088b2e4f68cb4723ffcbde7cd20836ca3aa7dc22d59faed6407a634b,2026-08-22T23:21:07.530158
reports/partner_ranking_model_card.md,2759,dce65b1009ce26c1a391e337246ef74e47248a3be7e54f2cdc8aafaad452b56f,2026-08-22T23:21:12.220005
reports/ranking_validation.md,2013,099a9f18c4f116371422a46757369d0fae27311cb91203b7ca737e6341aa6245,2026-08-23T00:12:45.580750
scripts/build_and_execute_full_notebook.py,52396,e52e3118ddffc5f0859fbf163cb00372fa68cc07f0004777299788eba1672ba8,2026-08-22T23:43:55.812994
scripts/build_canonical.py,33143,ca6f2124edf9122c8a7d3f67a39e2b3233e9f3aba427ec3e324229df5b87c411,2026-08-22T22:56:32.337254
scripts/build_data.py,17,cd9be77d8c6a1405d516ae5ac139cd3eba0b5298f9d86c9944298225a2e36e96,2026-08-22T22:55:29.292220
scripts/data/build_canonical.py,33143,ca6f2124edf9122c8a7d3f67a39e2b3233e9f3aba427ec3e324229df5b87c411,2026-08-22T22:56:32.337254
scripts/execute_notebook_standalone.py,5428,a81f413b84f8cac15ef2afc32183e68d9a1ab5ea35c27a7c2cbc0c7cb62ea608,2026-08-22T23:43:30.712530
scripts/generate_and_run_notebook.py,57310,be1ef5f43a6e5de6e63f6f0f57f9b0e5e1b0fc3a9b7329f7a4a2d4d76c9a9563,2026-08-22T23:57:24.948771
scripts/generate_notebook.py,9117,39c57588266036ae8c82260406a19e5ac2cd0598451d4c22724abcfdbbc60be8,2026-08-22T23:19:28.965394
scripts/notebooks/build_and_execute_full_notebook.py,52396,e52e3118ddffc5f0859fbf163cb00372fa68cc07f0004777299788eba1672ba8,2026-08-22T23:43:55.812994
scripts/notebooks/execute_notebook_standalone.py,5428,a81f413b84f8cac15ef2afc32183e68d9a1ab5ea35c27a7c2cbc0c7cb62ea608,2026-08-22T23:43:30.712530
scripts/notebooks/generate_and_run_notebook.py,57310,be1ef5f43a6e5de6e63f6f0f57f9b0e5e1b0fc3a9b7329f7a4a2d4d76c9a9563,2026-08-22T23:57:24.948771
scripts/reorganize_safely.py,13962,b6d547dcae71af978365d9354023e474b0a4554002388dcb02ee585c7e4756fc,2026-08-23T00:23:27.565381
scripts/train_and_benchmark_forecasting.py,1534,d430b17d7b81890ac7be7178fb7754e72262f34968ebc62c5e611c60707f22ec,2026-08-22T22:58:25.951830
scripts/training/train_and_benchmark_forecasting.py,1534,d430b17d7b81890ac7be7178fb7754e72262f34968ebc62c5e611c60707f22ec,2026-08-22T22:58:25.951830
src/App.css,606,a0715e0a09edbd0fbde65816a75e0fa0fc8b314c5260c0768c19bf3aac22621a,2026-08-16T02:13:05.489425
src/App.tsx,7238,334d3f2e19cb1bd2a614c5377315eea404597e3dff47bba138439d8ce65b3266,2026-08-22T18:31:09.919150
src/components/GlobeTooltip.tsx,1549,200740a48b03c54a56f8948bdf53b04425ff39238a82541293ad3a6871baf934,2026-08-16T02:13:05.637505
src/components/NavLink.tsx,751,c09f73102288d8a89e5e7b728715ba0697783c43b687e20dedce3536aa7049df,2026-08-16T02:13:05.662229
src/components/SidePanel.tsx,5192,93983b996a678e56402ad6513ad96cd2f2509b74f2926c0b21b9f3a1b45f1d64,2026-08-16T02:13:05.690585
src/components/TradeGlobe.tsx,37199,13202aea73f0c255124b0d79113388195f9402577b47d45e48afaf6c1e25e103,2026-08-16T23:12:37.461182
src/components/agent-elements/agent-chat.tsx,7628,10be40254e5960d1e694e2b5e536f9d7b761f5053adbcb6c86bf2f261d37d554,2026-08-16T04:24:25.082554
src/components/agent-elements/agent-ui.css,6335,198490b39a47e8940eea7c15a2dd671e0e189dd31b591df146935c5b830529b6,2026-08-22T06:36:10.077880
src/components/agent-elements/error-message.tsx,661,7aff59f36a3b01b7c51ff09acb6d218fb0bbcb6b3ba6944b4de9cc410342b2ee,2026-08-16T04:24:11.598974
src/components/agent-elements/hooks/use-tool-complete.ts,418,8ebcacc22b933095ce04a8ca71c2954d758f2a6955ef09fcb1241a924f011da7,2026-08-16T04:24:16.613839
src/components/agent-elements/icons.tsx,1929,5deb63b538acb93562895f40eeaa1d367657d8f99956d52ca47ab6ba6f067aa6,2026-08-16T04:24:21.342687
src/components/agent-elements/icons/file-ext-icon.tsx,3494,4c4307b54c03c6ec199ef4beebd2b7587590d7d891f067329aed6de0fa0d7037,2026-08-16T04:24:18.015121
src/components/agent-elements/icons/source-icons.ts,194,1606ce1c3626d8d6d80637215b3b7cf79f9c4ae534cde9adf2c5fad79aa90cf8,2026-08-16T04:24:20.313065
src/components/agent-elements/image-lightbox.tsx,5758,1534dfbfb40d90c4fc6fbfdee53f94f2cf268bb005e7cd21857546cf7ff4028d,2026-08-16T04:24:12.689825
src/components/agent-elements/input-bar.tsx,19362,4a85f7da95071a456baaa0be3fe64bcb89f27c1f440d0724341fff96bc8a4ad2,2026-08-16T04:24:22.110749
src/components/agent-elements/input/attachment-button.tsx,1576,dd91d50da400e1881918be0b1a1382badf6e8a6853fa3d58245802a5bb7da47d,2026-08-16T04:24:10.144200
src/components/agent-elements/input/file-attachment.tsx,5491,8619d5cd4b445d329e8ba706be317148bbae386788538832e610db763cd7a7bd,2026-08-16T04:24:12.091726
src/components/agent-elements/input/input-typing.tsx,1304,b80ebb92bed404d01e783c8a88d5b5dee5798dbe3a3b94bf6fad2793d28f9403,2026-08-16T04:24:22.573877
src/components/agent-elements/input/send-button.tsx,1004,a3e59598834e3e854e5b96f1f665391b4a2c2eef4a0e77d5b2464ba1e87293cc,2026-08-16T04:24:13.092987
src/components/agent-elements/input/suggestions.tsx,1355,7364fed98fe743c8b24c6b0a3d650ab08641d5b3e7e11d2b96e7c3fbd762a8eb,2026-08-16T04:24:13.491682
src/components/agent-elements/markdown.tsx,4682,5774a8ea60ff39ce635d0fff34ad47edf9655f6f6defa3f05942587f16db92ac,2026-08-16T04:24:13.921538
src/components/agent-elements/message-list.tsx,25439,70b5401a8be1a77b88c8f05298a0f68b0904ba8355425b7b0e58f07e357ded4f,2026-08-16T04:24:23.791143
src/components/agent-elements/question/question-prompt.tsx,11328,0d5a337ff3f06c3ff2bfafea118f5d5d54b88bd51eeed605cac60b3525f46f37,2026-08-16T04:24:14.822514
src/components/agent-elements/question/question-tool.tsx,6178,409381248d223d514f0aad6b5c014dc9b7000d057492c6a4172d510d9364a86d,2026-08-16T04:24:14.383124
src/components/agent-elements/spiral-loader-data.ts,3230,6e90e646de678de9a8773e368c055d7c4f1a510e3011e7cab82d9137d6eed9a9,2026-08-16T04:24:15.562856
src/components/agent-elements/spiral-loader.tsx,2934,16f4991481c76fcb6e8d7e044dd20e1b0c51a74fdb6bf83b33ca0cf669ffb27e,2026-08-16T04:31:52.752024
src/components/agent-elements/text-shimmer.tsx,924,70d6753e15afbdc9424a724b96ad03569834defc74de7edf51ae7f3acb0c1870,2026-08-16T04:24:10.725235
src/components/agent-elements/tools/bash-tool.tsx,3894,37b761d3edda9cdc463bfd0b70f6828f34fa9c86599edbd4db921456370ef478,2026-08-16T04:24:15.912577
src/components/agent-elements/tools/edit-tool.tsx,9512,8f16b3e2843416f7a7118933830af001b56c584f26b19274b2e3c270de526763,2026-08-16T04:24:17.616069
src/components/agent-elements/tools/generic-tool.tsx,1334,a2202fbc49df12b2a3239dce43636879b980d0f67e2e5621396739bea0989390,2026-08-16T04:24:18.316688
src/components/agent-elements/tools/mcp-tool.tsx,6099,1ceeacf1c057b65bf70daf2b7b97edcd314a1de4e5da235290ceed40815c99d7,2026-08-16T04:24:18.972944
src/components/agent-elements/tools/plan-tool.tsx,5814,81565457066c7c5c6f13452fcf1a1eba85f56425b3a321db4fa4183ae34da358,2026-08-16T04:24:22.948472
src/components/agent-elements/tools/search-tool.tsx,5718,9fa74a146b7e1a0cee2a085e568433960eb5f592a58d8742fd7b83b2035021f8,2026-08-16T04:24:19.982845
src/components/agent-elements/tools/thinking-tool.tsx,2806,df1cff0df392f458d9dba901e39a49f7b8de157b56d1285a0e4e2e5ad78183b5,2026-08-16T04:24:20.697065
src/components/agent-elements/tools/todo-tool.tsx,5228,2a3ae59989d2c2761a11b102e4ab358e2560d26b081052a7ffb8c4b8ee6823ed,2026-08-16T04:24:21.020535
src/components/agent-elements/tools/tool-approval-footer.tsx,3267,8f8cdd2d50196246c68e21e7e7564dbffd3acce011814b5814d538f87aa9385e,2026-08-16T04:24:17.264118
src/components/agent-elements/tools/tool-group.tsx,9180,73349250873dad695ffb337e4d23fbacdc26bcab22f3845b66df019ba627e451,2026-08-16T04:24:23.367756
src/components/agent-elements/tools/tool-registry.ts,12791,d65ba05f35ce46375bb5306e7fe6b2cbe6e4b9047fd4780d0c880e15208f91a7,2026-08-16T08:56:07.646643
src/components/agent-elements/tools/tool-renderer.tsx,3921,4ad8df2041311b80d8808ddf2dc982f7afdd748302d8f20e91bf5966c94c8dda,2026-08-16T04:24:24.406500
src/components/agent-elements/tools/tool-row-base.tsx,3196,f049928325d2a323b2d158c318737333bed40c5ed22190798c6f7d7b8684ac57,2026-08-16T04:24:18.646925
src/components/agent-elements/types.ts,5340,cbf4d89285c3d6cc59c4c801eb75c3f9c2750efb8c15b9febb1b5c4841b35e0c,2026-08-16T04:24:24.106007
src/components/agent-elements/types/timeline.ts,1036,473a2eee0935a7095af87ce5906fb13b3ee8f102bf7e09cfe5811d4c0711faf7,2026-08-16T04:24:16.291822
src/components/agent-elements/user-message.tsx,5031,8d3a5fec29a7f6edbf3e6ed87adbcff22306ee8c6e930b8380e0c8b4e65ee471,2026-08-16T04:24:21.723661
src/components/agent-elements/utils/cn.ts,169,d1f1e0d62cb8d8d1e04c26e14de842d8a151f75812d81b046c65b5d1fe8e4b27,2026-08-16T04:24:11.169074
src/components/agent-elements/utils/format-tool.ts,2490,3226e8feaa05cf70158428bf3bf0ce05a81b90ab2af69c8880ab3719f6fe8564,2026-08-16T04:24:19.258305
src/components/agent-elements/utils/tool-adapters.ts,5838,1f3a748c20aed59deb3f12cb1b640b8a9c4110f63202041ddd2b8b31d45451c1,2026-08-16T04:24:16.942770
src/components/agent-elements/utils/tool-part-normalizer.ts,1684,781f73fe62bd3d44aefa6fc4f74d1807328fdd6f38dfb7a2f8f9e80262cf5ecd,2026-08-16T04:24:24.747444
src/components/ai/MatchExplanation.tsx,2977,0b8febd4c75713871bab8342340d3deda8125b129f251d7625024f202460b385,2026-08-16T08:53:21.581057
src/components/auth/AuthAccordion.tsx,28238,2019eea8fde1f7df8b64f47047693a27317f470d11502299a0c841cb30a06786,2026-08-22T06:36:10.080185
src/components/auth/AuthContextPanel.tsx,6806,b461088960ac590d58cd1c16792534180c175509451e6c8127fc9a43ce8adc0d,2026-08-16T21:09:37.875230
src/components/auth/AuthShell.tsx,597,643cb1950cdb150893f9786a074b6a936629a69d08abb923a939102f056404b0,2026-08-16T22:01:41.456685
src/components/blockchain/PublicTradeLedgerTable.tsx,3768,8a1da843f652fbbc63373622805f38039486f4a4765be2b645a9194d7d7178cd,2026-08-16T20:43:48.787626
src/components/common/CommandPalette.tsx,7388,db5d96236644a4c0c7ee9664b96cb684402610ca4278545a881a397109fe90ec,2026-08-16T20:37:06.422448
src/components/common/DetailDrawer.tsx,3852,cf4d001d6a82b40a2a845becce7a8c0a71412a3e16335bc682df1c806d14ba16,2026-08-16T15:08:11.065356
src/components/common/FilterBar.tsx,2567,b2c24e71bd79206b771bf2abbc1d02d78f9e6c82b814e8644f584d2bf62a609b,2026-08-16T20:36:54.201191
src/components/common/MetricStrip.tsx,1916,389479e1427d86dca2299305e388d206efdcee4993865192b0a949974edbf97d,2026-08-16T20:36:47.276069
src/components/common/PageHeader.tsx,2934,e6b6bbe274ff0591222b218bb00ade976615a78bab9da4789d346c96a91c3bb6,2026-08-16T15:07:55.494699
src/components/common/PrimaryAction.tsx,2060,74a0c952af8df46027fd41936dffed82c47b2d6142ecbc1766a1f7f754d0738c,2026-08-16T20:02:47.171108
src/components/common/Section.tsx,1390,d06e8ccf690e18d66ba73f4dff2c6fbd31700699c42db2b9538dda6e2da239e3,2026-08-16T15:08:07.125813
src/components/common/StatusBadge.tsx,2741,261be4fce4599418bbaea94baa6a9cb10c7c2e40966143c1a3e43986c9e7a9ec,2026-08-16T15:07:48.227101
src/components/common/ThemeToggle.tsx,2547,90fac4968ba8944b88e31dca88b68810ef2feb931b1efef676da90198a8c16b1,2026-08-22T06:36:12.251958
src/components/common/TradeProgress.tsx,4243,0f21eaaf58b3f118723895df0db61482cc96ca0e4f41aa399ed58524f4d31b61,2026-08-16T15:08:00.585804
src/components/common/TradeSummary.tsx,3822,38c2664a86acbc5d27d914b4295622ef94c95ed2271add1445490edb309dbc11,2026-08-16T15:08:04.116275
src/components/compliance/ComplianceChecklistWidget.tsx,5473,c4323997fccc940bb5165ead54496b477c405d346b7833e10705adfb679def54,2026-08-16T03:02:50.337343
src/components/disputes/DisputeResolutionSuite.tsx,9080,71f1da9f1a95eb394f673aaa220c613defa90846ea5eb765dd429a90c342a6a3,2026-08-16T22:59:10.477326
src/components/documents/DocumentDetailDrawer.tsx,7077,b99ef363b0ac7c17a265b4e609be4f9797a0ac26e79fecda0a04f2d65d3ab28e,2026-08-16T21:18:31.197204
src/components/documents/DocumentVerificationStudio.tsx,11609,5f1258147bbb1d6d417e44f8d324a1b4e6b402bc8ccf4442493d3f7ef39e8dfd,2026-08-16T20:42:36.211048
src/components/escrow/CryptoEscrowCard.tsx,7326,c9052d50ef626434e7242ebb6a3b70ee76e947ef3b53b86adb789428f7c5c086,2026-08-16T20:42:48.830095
src/components/landing/GSAPLifecycleTracer.tsx,7137,01d5561277e7149b2bf64bec3b515770449c4744456c7c15e6a563e485a994d5,2026-08-16T07:37:12.801611
src/components/landing/LiveTradeActivityTicker.tsx,4393,9f56141dcdd21b232f835ff237558e71c1d9ae3bfb347c2cc4e3569bc9f09291,2026-08-16T22:33:00.966286
src/components/landing/SequencedTradeSimulator.tsx,16318,f95bcb5aeb5d8210f8b893a0c9c9c0742262fa3d7db3d885aedd27fd8bb959b0,2026-08-16T21:54:21.193921
src/components/layout/AppShell.tsx,2139,259d03f4fe64f84283b683faa96b5ae683eb7a5faf2316af5b866018d5b139d7,2026-08-22T06:36:10.082405
src/components/layout/CoreFlowSidebar.tsx,3225,fde08940c5fdf6168221ca0c800c835dbbb7a0bf558a331d274ba8b19b8a77f4,2026-08-16T21:07:18.054069
src/components/layout/DemoPersonaSwitcher.tsx,7544,4d9a9ad6e4dd2bcb468bcda9b1c2caca1d8ba453204901520d9de28f77c40d46,2026-08-16T22:33:04.335017
src/components/layout/ErrorBoundary.tsx,3797,dc051f883b903974088405bd0b89a342e760340766e5fb42e9c38977999a0603,2026-08-22T18:44:55.031803
src/components/layout/Footer.tsx,1510,7d951a2a96b9ec33c04ab19e073e2d533fe95de0800c536f07308b8d574fa452,2026-08-16T08:54:59.096888
src/components/layout/Navbar.tsx,15305,2556b4451783b69c92ec87f79a78507e60831bbbb5d41460b6f41d0868dec18e,2026-08-22T18:31:09.921667
src/components/layout/PageTransition.tsx,777,67ba1a5f4d569425b61382c21f4fe4e2e0a1ace16ccfb816b0b0b367cd93da3e,2026-08-16T16:40:32.597579
src/components/layout/RoleNavigation.tsx,22613,dce171a523bde028d4bfadafc742399523f6ff09a2a823df3c0faeabe8ca6c4f,2026-08-22T18:31:14.943042
src/components/layout/ShaderBackground.tsx,6470,35a5fe76cf4050ad52cb5f677b45abace3da4c9361b71e9984bcb293a59cbffb,2026-08-16T07:40:11.026593
src/components/layout/Sidebar.tsx,4698,0721f5506e16f8f350d554c2144feada5a792953f3ca0c944c3c70995845a350,2026-08-16T08:55:04.728083
src/components/marketplace/AIMatchResultsPanel.tsx,6805,e4dd5e58741f48352c813def7536ebe9b27e29549165b9b3c7c960d8bcb32afa,2026-08-16T21:54:08.394891
src/components/marketplace/BuyerDetailDrawer.tsx,8388,cd5d8f168b50816e94b85bff787f55fd1af47b33cca31143cc8f4cb6e2a0d28b,2026-08-16T22:13:43.808649
src/components/marketplace/BuyerMatchingForm.tsx,9195,a985e8b098ee65c5c32e688a3c5ff95f856ccc902cc42b67f9ed1cc3bddb8bd2,2026-08-22T06:36:10.084611
src/components/marketplace/BuyerMatchingResults.tsx,10941,1cedf07ec277d167b05d98d9dc46f762255fcc1e08c821adcfb2d2225f6f6c1b,2026-08-22T06:36:10.085185
src/components/marketplace/CreateTradeRequestDrawer.tsx,21367,0b3b812b27f85cbafa86b7e0c3685f54a3d1772443af2f24488384cdb81d9fc8,2026-08-22T06:36:10.086268
src/components/marketplace/ListingCard.tsx,5533,471faaf131e9ec4678f99d7fee01de0ec75a37ae7bb0de65afc6bbc1ede0591a,2026-08-22T18:29:58.547942
src/components/marketplace/ListingDetailDrawer.tsx,7544,1cdde8cb44fd6ce5b8a395fb36a85e3ec61203ad05dc2b8e7f22cde3bfd764b5,2026-08-22T18:29:58.547942
src/components/marketplace/MarketplaceBento.tsx,3574,47d94ffecb2a14fb3ed877683f0da8b0dc7da5bd7614f796eecdb7e9b4b0ce97,2026-08-16T21:42:28.588835
src/components/marketplace/TopBuyersRankedList.tsx,3989,2f443768facb0abc7a8c79552e883ff9ee1f349abb96be94ed64654b4cda5070,2026-08-16T21:42:20.855078
src/components/marketplace/TrustedPartnerShelf.tsx,5144,efe14728375b89b4d5981f2147f4b3dcb0a57b5e2e24009460904979a62eda44,2026-08-16T07:24:31.818715
src/components/reactbits/AnimatedList.tsx,7420,c7207746bcc5ad5ab1db988c772c882ba6336a04b464db2101a56e655966f34b,2026-08-16T20:51:26.369181
src/components/reactbits/Auth4Block.tsx,21190,b0edbff98b2b53caf539bd820e2191e10d1f6c06a3698ef83fb13f843b1e3628,2026-08-16T22:33:08.917551
src/components/reactbits/CountUp.tsx,1330,f1a8c77182b0a2798d7f185da9f7e977e4dd1c8aa1ef098908da9b9b537614da,2026-08-16T21:10:43.145213
src/components/reactbits/DecryptedText.tsx,1806,63a5de91567937e040bbe19bb4e53c5969906f16643672c90e45658ae0012d0b,2026-08-16T03:04:38.044730
src/components/reactbits/MagicBento.tsx,24472,292f527adaa90db490717319680c47403cc6b29ac486c8eccbce641cc1a2f601,2026-08-16T20:03:01.804030
src/components/reactbits/ShinyText.tsx,606,7cd45674bc9096abd24c997041f1495e4e2c1f8cae67707cbcb1910a9b479def,2026-08-16T03:04:40.936426
src/components/reactbits/SpotlightCard.tsx,1980,c2ae1b76d95b3d7aba00679a0824de8ffe4389d644c0e5f5bc4b9647aba499e8,2026-08-16T21:10:48.898996
src/components/risk/TradeRiskCompositeCard.tsx,4966,2a6b9dfe0fae4f50c67f007cc42200bd09637cee9b136dfc4d28c407e3eb5709,2026-08-16T03:45:44.884189
src/components/shipments/ShipmentTracker.tsx,6227,62d69738ee77eaa0936ffa59eab38f6ab8a636c9c5ea4fb7d6c48faf34379858,2026-08-16T20:43:05.411345
src/components/trade/TradeTabs.tsx,4223,c91e30ad4647aab2f051077314ee53cf51d449e07c950fa32e898a43047701e1,2026-08-16T08:37:33.757767
src/components/trust/RiskBreakdown.tsx,3618,81024eda74646db0e1e4f610bce7146fc2e39ed923345c1278dbc1d723b5fa20,2026-08-16T08:36:52.573810
src/components/trust/TrustBreakdownDrawer.tsx,7870,a715fea780649292de06178e997eaf3ed46f7cff74aa8960df8352ef13ff7ab1,2026-08-16T08:23:10.739931
src/components/trust/TrustScore.tsx,2343,59e605396f3f53124c33f42ca9f9ebc84f728c7ab7908a535976d44f15499250,2026-08-16T08:37:44.180940
src/components/trust/TrustScoreGauge.tsx,6435,1ea8d350984af69cb458c0626121e549ce737ef8a38784287be0a27b5dfdf085,2026-08-16T03:45:37.559707
src/components/ui/LineSidebar.tsx,6401,2f61d3456d4543815dccc4064be670180ea0026fefbaee71c9b0ebff04489e2d,2026-08-16T20:51:07.735862
src/components/ui/PillNav.tsx,15782,547bc72af843ad3349f85eb229ab1abfe6e719e64e26668a8da9890b9dc3eca7,2026-08-22T18:29:58.549088
src/components/ui/SpecularButton.tsx,7617,196f219456572ab9db15619f075b8216221347b8a03084e6c7d8207bb584b98b,2026-08-22T06:36:10.087881
src/components/ui/accordion.tsx,1976,9587b5ca80cf0aa68bc2a4e6baacebbe07eab14e1c66c6b6420033aeca9219d1,2026-08-16T02:13:05.783808
src/components/ui/alert-dialog.tsx,4313,c8b01137c7552e63c9ccf2c38ef92e5417bd6616b6980d56d3015db027465283,2026-08-16T02:13:05.814806
src/components/ui/alert.tsx,1546,6352c232d36b2aeb20cce9692fecd98a472c8bb0b8c3f8a45446c433382e2da7,2026-08-16T02:13:05.846942
src/components/ui/animated-beam.tsx,4361,5a16a65cb30ee5ecb50e97c6f70aecce526d6ea6557ad998862c1ae6b5928b69,2026-08-16T03:40:43.793348
src/components/ui/aspect-ratio.tsx,143,d72c73d629e37995a0a71647d851d68d6fdcd7ec120797f36ab83a8ee89f2cab,2026-08-16T02:13:05.892489
src/components/ui/avatar.tsx,1365,4a8bc00e5514912c54d414e207266fa100906aec2754d590adcc8ccc46d4c5c9,2026-08-16T02:13:05.982434
src/components/ui/badge.tsx,1089,b851d9ba385c4d60de471c5f43da38067298bbcc3470807e992acb224041c75c,2026-08-16T02:13:06.017700
src/components/ui/border-beam.tsx,1460,468dc1f0a9d48ee66fd2e49f125a511108b1657de7a4585dd3cf731330aaa87e,2026-08-16T03:40:46.940908
src/components/ui/breadcrumb.tsx,2687,e5589a54c1ed42101bb24cd67bbc72469fbfbe6b694c46e006424375ad77183e,2026-08-16T02:13:06.056302
src/components/ui/button.tsx,1840,99e5091c618896c9a46eba931d23814039709f9a1d150c4ac99217c1bba044fd,2026-08-16T02:13:06.107143
src/components/ui/calendar.tsx,2563,845a0b0fdec33d8d49ab8ed05dd29a12c10b5bbcf60f24d0b9fc0a731ab18621,2026-08-16T02:13:06.133333
src/components/ui/card-spotlight.tsx,1842,a92089850501d75390bdf1b313c42aef22881fc1306a5006e00966c1cc73815a,2026-08-16T03:41:02.149688
src/components/ui/card.tsx,1785,bdfb74248321c52e89c2129d9d8088a56a3e33dd7850a7c9b0563a7b5ac937a0,2026-08-16T02:13:06.168294
src/components/ui/carousel.tsx,6249,561cab7fcb619deed3532d027cbf18ef8e3ebae9def4206b0d36bd22b8474c3a,2026-08-16T02:13:06.213005
src/components/ui/chart.tsx,9987,a759d32aa240fa6e929f204b04252e45d6ae458558eebd37dccf4ae9e05ab5e2,2026-08-16T02:13:06.245140
src/components/ui/checkbox.tsx,1053,178f8177bedb1704b4dd3e748f4826848981c8af43178c04e1a276a7f017cf1f,2026-08-16T02:13:06.273865
src/components/ui/circular-carousel.tsx,8654,07756d6622381d496e6ac4d9df111b7911ac3da60b8a8f887d6f2c29ce296ae8,2026-08-16T03:26:36.629782
src/components/ui/collapsible.tsx,320,fbe07841b794e0d7d08e87ddaaafadf1dc0c63ecc8389cd2c5b4a0a3f5500df1,2026-08-16T02:13:06.325706
src/components/ui/command.tsx,4821,2b640fee593528d494ca19b2888db68a396a96950ea0bb6f1b50536e26e26019,2026-08-16T02:13:06.356232
src/components/ui/container-text-flip.tsx,3211,593026cdbc3ae45b0ac3e7a31525b33311e5bb10057538e24209f7cd1e460bad,2026-08-16T03:40:33.539665
src/components/ui/context-menu.tsx,7191,2d294c5e421c41b817f1644f2d54bfdde628cffae2682e69ca504ae754739ad6,2026-08-16T02:13:06.388963
src/components/ui/dialog.tsx,3761,8e755711b3fd5e8d7339baea7627da546293fe2df1a88775729c2857e0de4b57,2026-08-16T02:13:06.419833
src/components/ui/dotted-glow-background.tsx,1073,77af4de7dd649c692fec2bf444cb9a723e49d39ff633e7571e0dc2a4bb2dda9d,2026-08-16T03:41:18.327123
src/components/ui/drawer.tsx,2941,3739cdfc80503412db604efb3ac0149db5f7cd5fec18508839d18dec195720e1,2026-08-16T02:13:06.455186
src/components/ui/dropdown-menu.tsx,7260,b1ede0a4144b64853dc7ba62d184c09df479482eada86f936ce5b3d0b67a9a19,2026-08-16T02:13:06.496495
src/components/ui/focus-cards.tsx,1063,7308effe4249c44c370f66740a9cb418ac68a9b9d57370747f13adb7910c2aa7,2026-08-16T03:41:05.177409
src/components/ui/form.tsx,4014,7f6f3b157f0c08880937ae41d5e61647703c7163c3d8444656de711fb0576faf,2026-08-16T02:13:06.535657
src/components/ui/glowing-effect.tsx,929,7e9db1374255b035f6cdc4211e61d7dc73a15ea53ee99044878e575aee07510e,2026-08-16T03:41:15.527288
src/components/ui/hover-card.tsx,1193,8d606e166ef5f9bc4fc3efb1f6ce2f4bb376177a2c6fef16f67f87ad2d13d005,2026-08-16T02:13:06.582610
src/components/ui/infinite-moving-cards.tsx,3556,be714f5c1de1a9b7c506488b76ee301e67342d48cae224d5366d75d4cd35493d,2026-08-16T03:41:09.583731
src/components/ui/input-otp.tsx,2166,a301658db5430d30108004cf05cb9469457a882f93dc057097f777ade4ca5423,2026-08-16T02:13:06.621159
src/components/ui/input.tsx,799,aacef8933fe99ab553e12a82c874a23c97e2b5602eb6f00018454fa0a8d4f7f2,2026-08-16T02:13:06.669388
src/components/ui/interactive-button.tsx,2651,95b30eba1809ec6b35c5df5f53cbdc004982119fa01a9237d018a9001f5d6c72,2026-08-16T07:48:50.816297
src/components/ui/label.tsx,696,d5dc9497cbb28a5401b864bd44a15f010c302584fbe8e07e015dbe443f103753,2026-08-16T02:13:06.712765
src/components/ui/marquee.tsx,1248,a66137698ccb3d9478bbb1fadb7eae86fc0b19bd89235eba63b78f8243e561a0,2026-08-16T03:40:34.595724
src/components/ui/menubar.tsx,7863,9a44756ba91e4c486b30574910b72f58c136c7a9281ccf0c13bf366962c7cdaf,2026-08-16T02:13:06.766411
src/components/ui/moving-border.tsx,3085,b1cf4ffc66cc3c220383fb0904d7505265bf65ebfbec2e714763114599ea8b25,2026-08-16T03:31:42.503666
src/components/ui/navigation-menu.tsx,5030,92736fbbe66e31d1b981d10436f9048c76f4b91d8b89e93b679ef2eb54204770,2026-08-16T02:13:06.812792
src/components/ui/pagination.tsx,2683,ac9da1e191c3485524c1e8d8cdbe0b9fa4ea2729c9554f796e2516485c839260,2026-08-16T02:13:06.852454
src/components/ui/popover.tsx,1239,ee5f78ece57c9e8eb5f9b4186e2bb9ebe46b69b52f03f1edd9a601883bc64772,2026-08-16T02:13:06.887097
src/components/ui/progress.tsx,765,bdc4847f05de3aea1276966e0df9b4a293297f0ca7d7b430a1cb16cf5626728f,2026-08-16T02:13:06.933157
src/components/ui/radio-group.tsx,1447,995ec983735b204597f11ae5dd22ba0175dfc633da2ddecf222847bbca387adb,2026-08-16T02:13:06.972794
src/components/ui/resizable-navbar.tsx,8140,e8700b291b6b73155154029965f28ec66669e7f11f5e91fe14be37abfb1a25ea,2026-08-16T03:41:39.944168
src/components/ui/resizable.tsx,1696,a31af34c14c7c86612d1c2e51c90da59e0edae37dab5210bc1dd2c91dc2f3edd,2026-08-16T02:13:07.008260
src/components/ui/scroll-area.tsx,1608,998181a10164aa6e508210064ba61b2f772a92958d7bb2141867007f0ebd9783,2026-08-16T02:13:07.051975
src/components/ui/scroll-reveal.tsx,2164,f9ef9656596664898662d3e5c1fb369a28c1f2aba722b25b035cb51dcec482f0,2026-08-16T06:55:54.853084
src/components/ui/select.tsx,5575,a2b62120a033b36c8d6c4a1693aa9231645fa69251740e15eacec24c1eea4d82,2026-08-16T02:13:07.091910
src/components/ui/separator.tsx,698,6c271e740c3d7b54947bb727383e5355788f0176b7b683c3bb970cad9883dded,2026-08-16T02:13:07.129659
src/components/ui/sheet.tsx,4197,e7d726b34d0f3214f597a844c7f2c4fc869933f7433eddb74e7fd2eb92500be3,2026-08-16T02:13:07.167067
src/components/ui/sidebar.tsx,22837,5754b54ecb6151d7a138426a44a1057a4937ac5a173dfbd1f596a6c9d75b851b,2026-08-16T02:13:07.199992
src/components/ui/skeleton.tsx,234,a229c310b9cbcb01ddd5e580865a6f14a19061aff7f6a97ef82a40b6a83583a4,2026-08-16T02:13:07.230763
src/components/ui/slider.tsx,1065,b81a683197551322cd8f13653bc955ad4c3bca6fe62376d33acb2bcd04361d02,2026-08-16T02:13:07.267803
src/components/ui/sonner.tsx,877,720fa5658777a469a3096e2fbb59b8f3453c744aab53a35d9ad47c873177b4ca,2026-08-16T02:13:07.301351
src/components/ui/split-text.tsx,1245,f63506bb0b29ad2b254c11ce3e95965de9e6d17c1c80c25eb245f9937db4910b,2026-08-16T04:07:01.397413
src/components/ui/spotlight-new.tsx,3581,7231f31ab0df6269dfcfce011af4a4b03860b7e157c1cda8c3d329e9a8f12b44,2026-08-16T03:30:27.023280
src/components/ui/stagger-reveal.tsx,1867,5b4ac30821bc4431a6055d835a9893675e196d4f2e7d6e6912c59e69b74d1a81,2026-08-16T06:56:05.671379
src/components/ui/star-border.tsx,1875,9048fb0a3dc430665e4bf0b7afe97ba596d46a727e760dcacaaafec53466d3a1,2026-08-16T07:46:00.979351
src/components/ui/stateful-button.tsx,3523,b19e3cee5986e376b9bffb740b77747ffd3c149d150c9e36b73c395ba7cb2ef9,2026-08-16T03:40:44.201567
src/components/ui/sticky-banner.tsx,1274,d71e7f35e884778d05724944b49d43e96864e9d815210696e5d87dde360df710,2026-08-16T03:41:21.277775
src/components/ui/switch.tsx,1147,99cda942c2d215d8f25dd33ae06ed1278bcf912b262ed0e907b04f35881ac507,2026-08-16T02:13:07.338465
src/components/ui/table.tsx,2694,fab18d9eeb84781f534330ff4b2c2cbe3a93f9bdf5c449debff2f682a83a4876,2026-08-16T02:13:07.378421
src/components/ui/tabs.tsx,1897,b313d08a8c85e586a282b615cf30ce0b6ec1eca3ea92149b731f14b4082f4d71,2026-08-16T02:13:07.413203
src/components/ui/text-generate-effect.tsx,1385,f2a73f7adcb16395da2323b2485b2eed0c59caddcdb3b6ac2c0fadae81d1c22f,2026-08-16T03:31:27.739495
src/components/ui/textarea.tsx,751,2f5b24d28dc5c41817ca69653a396adcb2fe495200f8184777d086a62fc70461,2026-08-16T02:13:07.443533
src/components/ui/timeline.tsx,3340,c19d99c3af6de0fdf0f63f78f0cc5feb9b68019f12abf8ac520ff11f2a0b1e2e,2026-08-16T03:33:28.543910
src/components/ui/toast.tsx,4798,8f4db67ae4633904c3cccee6629a1061472bb23f5368e5b7e72a306cc494f9d3,2026-08-16T02:13:07.481311
src/components/ui/toaster.tsx,730,600d661340ddc3ee7b5f9088684e1b3072cf60c9275b2f84bf4860dc29fe0fba,2026-08-16T02:13:07.524958
src/components/ui/toggle-group.tsx,1714,a3ea231230c8fff22ff6e0b457e71addf961fe1f80deaba0c80d17e649d34bf3,2026-08-16T02:13:07.575816
src/components/ui/toggle.tsx,1416,fb0f786bce638fd414f220e31ad3c902f5c6e25eee9c95ac955cacd50638d6ff,2026-08-16T02:13:07.616799
src/components/ui/tooltip.tsx,1155,bd9361649477cf9496f4b48415a2eafb9ae1ebca81af58a29b61b1516adc88c1,2026-08-16T02:13:07.662387
src/components/ui/use-toast.ts,82,d48c4c490e5101aa42ceed9b8ca49642d66152ba11daf7ee6c29bee0f5172c37,2026-08-16T02:13:07.686689
src/context/ThemeContext.tsx,1862,cde542e534799239ee78631e4719d58f6b0bf0e32c5b70f8868528bc0ed19ac5,2026-08-22T06:36:12.253036
src/context/WorkspaceContext.tsx,5926,a9fdba3098ca705e026c9bb908e3f1f69a288f6be7cdd32c1273059ccc7f585f,2026-08-22T18:29:58.550595
src/data/mockTradeData.ts,45121,f9d0c99d8849a329997acf559bed352f51392ea47071fb6887f729e14b6fe336,2026-08-16T22:32:13.764124
src/hooks/use-mobile.tsx,576,21eff740f9e5c965c7f0782925a7e8f67ddfcdf0f58b6613550f99c3e1c454e9,2026-08-16T02:13:07.735373
src/hooks/use-toast.ts,3935,0602ac84d95719f2a27075ce60333db73128e09c0b07365dce7f9c77441c9d7c,2026-08-16T02:13:07.756547
src/hooks/useCsvParser.ts,957,dba9d65ebc070e3d143507c3a7ba0fb0ecd1cbb0006f6b449186233d6fa3b957,2026-08-16T02:13:07.786343
src/hooks/useSmoothScroll.ts,1260,ca6a626e9c8afff8baf748245e4b334d03847a0508f51a91c6b3ed09014d5dff,2026-08-16T06:55:39.518564
src/index.css,3953,4781fa02816da9e6236038229b32e6ffdd6ff12fbad69f2ad49b42d5156a6773,2026-08-22T18:31:09.924184
src/lib/colors.ts,732,9eb8cb3b2e2abaa0feecfc53c3901ea678db9da0e1ee756e3297b36aa396006c,2026-08-16T02:13:07.826641
src/lib/tradeData.ts,7425,2542d789e9fb210f678bcbff21fccf3e651cd0e74c0e7ed37c0451f16623a814,2026-08-16T02:13:07.854724
src/lib/utils.ts,169,d1f1e0d62cb8d8d1e04c26e14de842d8a151f75812d81b046c65b5d1fe8e4b27,2026-08-16T02:13:07.885648
src/main.tsx,292,9c789fe0a9ed95f69e48a2d2e8ff42c2a26cf72066684dd3eb068a77512b1466,2026-08-22T06:36:10.089411
src/pages/AdminSystemPage.tsx,7843,4135060eb672021c6a781354df062657a70541c7a21a76044e2ad68b882db412,2026-08-16T20:56:00.180111
src/pages/AuthPage.tsx,847,ece17f1eba46a90bbecac687451627f95d4d32c9df03ba30f9db1c4331ab7fb7,2026-08-16T21:10:03.221226
src/pages/BlockchainLedgerPage.tsx,867,776c955e7c5087919bfa0639f8cad318a1b90a6ff73e34a04a35ba15179ccb79,2026-08-16T20:55:38.469373
src/pages/CounterpartyDetailPage.tsx,4540,a8d8fb6d049f173fa66f440db1727c7d1b16f3145dad2f96c316f898f14e90b0,2026-08-16T20:40:36.104804
src/pages/CreateListingPage.tsx,18956,16b80e9eb698863c730b73d4037c8da854c1255f799417402e1c73868edfcca1,2026-08-22T18:29:58.551603
src/pages/DashboardPage.tsx,40785,01378df59b9f83cf88cf92c552174f4d1ce59c5270edf3ea94ac77c6ee288faa,2026-08-22T18:31:09.925192
src/pages/DisputesPage.tsx,874,b20ba90fe5129256ad9ff89062ed817e13bcdaca44973dde6131c621190c8479,2026-08-16T20:55:33.253448
src/pages/DocumentVerificationPage.tsx,857,828a10972b7f8e19973095698c913b8ca05b2f1de69fbb84e554b822995f8f86,2026-08-16T20:55:18.302284
src/pages/EscrowPage.tsx,804,de9517ff9177173d345ce00bbe4ddcf4d56cc633cc07fd5941d133000a1bb794,2026-08-16T20:55:22.759010
src/pages/Index.tsx,3885,6595f46af0012d1c6afc7493d24014837e495d40fd789c05a64b0e9f1d0c7ac0,2026-08-16T02:13:07.956653
src/pages/LandingPage.tsx,10423,8ceb2680675d4bf3dc7599a5b42c6fa827dc6b2b3d605de593269aeecb3ee248,2026-08-22T06:36:10.091702
src/pages/MarketIntelligencePage.tsx,7340,13e33d56c86e62199cbe545449d8ca643a65328ca60ee84a15797a5eb099cc66,2026-08-16T21:24:28.813645
src/pages/MarketplacePage.tsx,9658,ea96cab06221d3cc4380dbe259e5fe165d0b3e61be68d3cc63deac90c2ec71ac,2026-08-22T18:29:58.554120
src/pages/MyListingsPage.tsx,21148,28568029f87300922a93ed27886f20414a37d3d99e7235199da1d00d39df03af,2026-08-16T22:32:43.789283
src/pages/NotFound.tsx,727,a36a58816a781780bd3ffd098d916c5cf45c0908a618b897f489889c3d7fe80f,2026-08-16T02:13:08.038482
src/pages/OnboardingPage.tsx,10805,b5137840564e953cebdbcf19df16d0d915772652a1980dbd342afdc5a33c183b,2026-08-16T21:54:00.625353
src/pages/ProductDetailPage.tsx,5348,c6106694075fdc96a4551bc6c6917a844f1687de9b6010044310f755b73dbee7,2026-08-22T18:29:58.555120
src/pages/ShipmentsPage.tsx,835,0637634d58a0e6bbdcd5b489b9a9a38c399351d34b7ce9ee20b4c47706c96ecc,2026-08-16T20:55:29.421892
src/pages/TradeAnalysisPage.tsx,10802,be8c7f52557856eba47c829075df5801337a7a5a0fc3f6b5dc7f12901b52c50e,2026-08-16T21:25:30.370626
src/pages/TradeIntentWizardPage.tsx,17993,7cb5db1ea31c932f35c249053e793a0684382a9112e70df83acb48d20273e6b8,2026-08-22T06:36:10.092792
src/pages/TradeWorkspacePage.tsx,17456,85cc53530b6ab08fdd00e7148f50ef68cd56d9df726d2a2bb6b8d3530e8f163e,2026-08-16T21:21:10.669772
src/pages/WishlistPage.tsx,17499,12d5b29739711122c7a1e78dd407964b0804eb703b97c005d8ef9a7a8df8b379,2026-08-22T18:31:09.926191
src/partner_discovery/__init__.py,754,881550973479d20540c50a8a4c3fd80b7b16b6042a1428b2e9700b37fefaafa7,2026-08-22T22:57:21.177955
src/partner_discovery/data.py,6521,8e26261661620e327aeb3ba675aec9c97b758375aece13a62be44ef6339d1abd,2026-08-22T22:57:27.444720
src/partner_discovery/explainability.py,5782,d0e9311209d15187c2bbd4bd51bc12e8a2a954ebbadef6d8f1546925d7b93574,2026-08-22T22:58:06.823153
src/partner_discovery/features.py,8667,ad05bb9ba98129d142db8ec06b21ffb699f91f0ef43d882cc3b5fd31670add56,2026-08-22T22:59:05.714666
src/partner_discovery/forecasting.py,13045,68f40b1c463fd4ad363dee1cfbbd55d80c55d2818e4de289baac061129b02a59,2026-08-22T22:57:46.084580
src/partner_discovery/inference.py,5176,b33dc34c4ce16a82fe3ff289167f55f5ad01dce36f029459eb9e174f5fe98b81,2026-08-22T22:58:12.737529
src/partner_discovery/ranking.py,8681,87a30fafb5f5582c02166cf5e98de304a600feae6ce6db39a1405e115a76439a,2026-08-22T22:57:54.990559
src/partner_discovery/risk_integration.py,3758,f37188c0199156db97a7f25a9bc34e5f9528f7c28806741ee6961cecd30f0747,2026-08-22T22:58:00.582066
src/ranking/__init__.py,643,5b9c7f54be8cc2594883678be54e05ef26af5629fa373e3a34a37a0cfa2cded1,2026-08-22T14:09:33.107664
src/ranking/explainability.py,1977,7b07c913b211a82b5c566affa22919d54a564eb48983979ab140541faf4e41d0,2026-08-22T14:09:30.353800
src/ranking/feature_engineering.py,12914,e166267c72f87675c0d481ba1ccd3663c47fe45c36de5cfc951e56c5eaebcec8,2026-08-22T19:13:25.579720
src/ranking/ingestion.py,6366,a43fdb04113a7f0934de4d424c057efb676fa3d0254fbb2b812dfd6e5ee71154,2026-08-22T19:53:26.631974
src/ranking/product_resolver.py,5483,dff8bfbd0b76430e0398e1ee7e653d3633d63f1e9aa41fa6467ec922d67a544d,2026-08-22T19:13:22.727281
src/ranking/ranking_engine.py,11347,1e289fcc76cfebe0919bc9b3af9e7a19e88a698c8f71738f79099ab04297d45f,2026-08-22T14:09:26.153067
src/services/api/aiService.ts,15096,a1fa6e460b713a6aa666450accaf33a8f3a0ed7dd120c6dc695495299d6eaa72,2026-08-16T22:13:08.803949
src/services/appwrite/client.ts,5992,26e68f0fc98cfa203fa36b57a9a02edaf71661799dd1f6109a1635ab80ac46d5,2026-08-22T06:36:06.173961
src/services/blockchain/escrowService.ts,3805,324a452e80806de7e2aabf903597d192f7408241f56b24aeeeb0eb0672f746e4,2026-08-16T03:02:04.638801
src/services/n8n/workflowService.ts,4668,a0b978bf0e17a910ee31c00acf8374411f6b4c3ff6f2fbbf346b5a5cdd36d76e,2026-08-16T03:02:00.624150
src/test/coreFlowAndAuth.test.tsx,2196,4f873631e8d373d59c244f02a4fd55fe3528b0f439d4d43924856a0a8db932ea,2026-08-16T22:15:35.104185
src/test/example.test.ts,143,f0278cbf0875cdc304f02ceebbc62e93e2690a1c284d7ff2ebbae509e4d70349,2026-08-16T02:13:08.073798
src/test/setup.ts,353,7fb65ef092291d0278639dc0567ebfd960f097fef0c869d43d0b9b4485449bfc,2026-08-16T02:13:08.095770
src/trade_anomaly/__init__.py,1533,bb65af6d36f639300a20b30af3ee17233b76b82ae7fa9f6bd5208e3c4911edad,2026-08-22T17:52:15.721025
src/trade_anomaly/api.py,3384,753a3d06383609388595033c4f30458d2422afafcb9521a9e388ae5daac1295d,2026-08-22T17:52:13.181420
src/trade_anomaly/data_loader.py,5159,d7f7505f160ab5e0679a5145a60c1f9c611d0e21e7a1c2abac7224e13fe3c787,2026-08-22T19:06:46.029721
src/trade_anomaly/feature_pipeline.py,8765,f22e2b3e3da5bbe7a4992a45c7c884da55d01947f87ff5ab6d9f8083a970d0e7,2026-08-22T17:51:28.930641
src/trade_anomaly/inference.py,13931,87669fee7b8b37f84dcaf940cbd4080f6ed1e92f1fb26384d820971922f881c5,2026-08-22T17:52:06.411353
src/trade_anomaly/models.py,15583,321bd29593525e636d3d04133f9f67a8459c62f8e95a4e30d3e6324e5bf8f06f,2026-08-22T17:51:56.190057
src/types/trade.ts,6670,6048deda24871f031bc96ac315668f7b892786b535a440a421027133de0c3233,2026-08-16T03:01:14.960260
src/vite-env.d.ts,38,65996936fbb042915f7b74a200fcdde7e410f32a669b1ab9597cfaa4b0faddb5,2026-08-16T02:13:05.590045
tailwind.config.js,6225,bd0459011374c3331d652abbbfdfaef0b3db3a73f1bf7c240dccbd819f85c9d9,2026-08-22T06:36:12.253590
task V2.md,18519,e191325c388fd02b95bee005a81382df4aaaea37de19556a0ec143ace38fb615,2026-08-22T19:20:09.554388
task_globex_integration_execution.md,11789,bdcba3e47c76b204e404436c0bcb9538b13a268f55f9fffa5cf639cdd14ba21a,2026-08-22T19:00:59.209208
task_rankinglayer_regeneration.md,15154,b9a5be48916268863d2586ce6ee8d6bb7f3fab819e7f165b07b4b1ee2c5c8374,2026-08-22T19:46:03.609283
tasks.md,2300,78eef37af1e3986b123250d1a61678528786b01f4daad8b1db529955fb1c492c,2026-08-23T00:22:18.250315
tests/test_partner_discovery_pipeline.py,5880,9e1194a6c19beb45f8fb034f863b41e7edb67527979acc52d2988bff1cc9e0b9,2026-08-22T23:19:56.842442
tests/test_ranking_engine.py,3681,08d38e742fa3bca4a0c26fa942efb513ab20cc654299575e191123c91e6e39a1,2026-08-22T23:20:45.080325
tests/test_trade_anomaly.py,9501,f6d202278c5df5774eea4161e33e65f6b6ed7901d48dd209cfa7b8016ee7e00d,2026-08-22T18:03:05.584360
tsconfig.app.json,685,fdde6eb9539a3fb1101906bb2cbeab2cda7c2d0a5c75a926f92ac051ddd4713b,2026-08-16T02:13:08.148683
tsconfig.json,369,3a667cdf83b8335029de6380d1dc190d298d976df6c16259d562786ef13e3f07,2026-08-16T02:13:08.174238
tsconfig.node.json,481,a96b9ba5e40d95b92adf56431fdf9cbe25b5c2557621f0666615bff6889dfc50,2026-08-16T02:13:08.200687
vercel.json,631,01871de62e6639b8523f5c91987a749ef52ee71676701db2b98a675307690281,2026-08-16T16:05:35.912610
vite.config.ts,942,5c54c792274cdf4bd8e47ef1d8f3125ece9df25d0a78b68597709fc59a945637,2026-08-22T18:38:34.228882
vitest.config.ts,395,2c64550d05cdec49d120f28afd53056372945035b13d54cbd16f8027329f2a84,2026-08-16T02:13:08.246822
