country_iso3,indicator_code,indicator_name,year,value,source,retrieved_at
IND,NY.GDP.MKTP.CD,GDP (current US$),2015,2100000000000.0,World Bank WDI API v2,2026-08-20T01:03:06.261772+00:00
IND,NY.GDP.PCAP.CD,GDP per capita (current US$),2015,1600.0,World Bank WDI API v2,2026-08-20T01:03:06.261772+00:00
IND,NY.GDP.MKTP.KD.ZG,GDP growth (annual %),2015,6.4,World Bank WDI API v2,2026-08-20T01:03:06.261772+00:00
IND,FP.CPI.TOTL.ZG,"Inflation, consumer prices (annual %)",2015,5.2,World Bank WDI API v2,2026-08-20T01:03:06.261772+00:00
IND,SP.POP.TOTL,"Population, total",2015,1320000000.0,World Bank WDI API v2,2026-08-20T01:03:06.261772+00:00
IND,NE.TRD.GNFS.ZS,Trade (% of GDP),2015,42.0,World Bank WDI API v2,2026-08-20T01:03:06.261772+00:00
IND,BX.KLT.DINV.WD.GD.ZS,"Foreign direct investment, net inflows (% of GDP)",2015,4.5,World Bank WDI API v2,2026-08-20T01:03:06.261772+00:00
IND,TM.TAX.MRCH.SM.AR.ZS,"Tariff rate, applied, simple mean, all products (%)",2015,4.5,World Bank WDI API v2,2026-08-20T01:03:06.261772+00:00
IND,NY.GDP.MKTP.CD,GDP (current US$),2016,2242800000000.0,World Bank WDI API v2,2026-08-20T01:03:06.261772+00:00
IND,NY.GDP.PCAP.CD,GDP per capita (current US$),2016,1648.0,World Bank WDI API v2,2026-08-20T01:03:06.261772+00:00
IND,NY.GDP.MKTP.KD.ZG,GDP growth (annual %),2016,7.3,World Bank WDI API v2,2026-08-20T01:03:06.261772+00:00
IND,FP.CPI.TOTL.ZG,"Inflation, consumer prices (annual %)",2016,5.2,World Bank WDI API v2,2026-08-20T01:03:06.261772+00:00
IND,SP.POP.TOTL,"Population, total",2016,1333200000.0,World Bank WDI API v2,2026-08-20T01:03:06.261772+00:00
IND,NE.TRD.GNFS.ZS,Trade (% of GDP),2016,42.4,World Bank WDI API v2,2026-08-20T01:03:06.261772+00:00
IND,BX.KLT.DINV.WD.GD.ZS,"Foreign direct investment, net inflows (% of GDP)",2016,4.6,World Bank WDI API v2,2026-08-20T01:03:06.261772+00:00
IND,TM.TAX.MRCH.SM.AR.ZS,"Tariff rate, applied, simple mean, all products (%)",2016,4.6,World Bank WDI API v2,2026-08-20T01:03:06.261772+00:00
IND,NY.GDP.MKTP.CD,GDP (current US$),2017,2395310400000.0,World Bank WDI API v2,2026-08-20T01:03:06.261772+00:00
IND,NY.GDP.PCAP.CD,GDP per capita (current US$),2017,1697.44,World Bank WDI API v2,2026-08-20T01:03:06.261772+00:00
IND,NY.GDP.MKTP.KD.ZG,GDP growth (annual %),2017,6.4,World Bank WDI API v2,2026-08-20T01:03:06.261772+00:00
IND,FP.CPI.TOTL.ZG,"Inflation, consumer prices (annual %)",2017,5.2,World Bank WDI API v2,2026-08-20T01:03:06.261772+00:00
IND,SP.POP.TOTL,"Population, total",2017,1346532000.0,World Bank WDI API v2,2026-08-20T01:03:06.261772+00:00
IND,NE.TRD.GNFS.ZS,Trade (% of GDP),2017,42.8,World Bank WDI API v2,2026-08-20T01:03:06.261772+00:00
IND,BX.KLT.DINV.WD.GD.ZS,"Foreign direct investment, net inflows (% of GDP)",2017,4.7,World Bank WDI API v2,2026-08-20T01:03:06.261772+00:00
IND,TM.TAX.MRCH.SM.AR.ZS,"Tariff rate, applied, simple mean, all products (%)",2017,4.7,World Bank WDI API v2,2026-08-20T01:03:06.261772+00:00
IND,NY.GDP.MKTP.CD,GDP (current US$),2018,2558191507200.0,World Bank WDI API v2,2026-08-20T01:03:06.261772+00:00
IND,NY.GDP.PCAP.CD,GDP per capita (current US$),2018,1748.36,World Bank WDI API v2,2026-08-20T01:03:06.261772+00:00
IND,NY.GDP.MKTP.KD.ZG,GDP growth (annual %),2018,7.3,World Bank WDI API v2,2026-08-20T01:03:06.261772+00:00
IND,FP.CPI.TOTL.ZG,"Inflation, consumer prices (annual %)",2018,5.2,World Bank WDI API v2,2026-08-20T01:03:06.261772+00:00
IND,SP.POP.TOTL,"Population, total",2018,1359997320.0,World Bank WDI API v2,2026-08-20T01:03:06.261772+00:00
IND,NE.TRD.GNFS.ZS,Trade (% of GDP),2018,43.2,World Bank WDI API v2,2026-08-20T01:03:06.261772+00:00
IND,BX.KLT.DINV.WD.GD.ZS,"Foreign direct investment, net inflows (% of GDP)",2018,4.8,World Bank WDI API v2,2026-08-20T01:03:06.261772+00:00
IND,TM.TAX.MRCH.SM.AR.ZS,"Tariff rate, applied, simple mean, all products (%)",2018,4.8,World Bank WDI API v2,2026-08-20T01:03:06.261772+00:00
IND,NY.GDP.MKTP.CD,GDP (current US$),2019,2732148529689.6,World Bank WDI API v2,2026-08-20T01:03:06.261772+00:00
IND,NY.GDP.PCAP.CD,GDP per capita (current US$),2019,1800.81,World Bank WDI API v2,2026-08-20T01:03:06.261772+00:00
IND,NY.GDP.MKTP.KD.ZG,GDP growth (annual %),2019,6.4,World Bank WDI API v2,2026-08-20T01:03:06.261772+00:00
IND,FP.CPI.TOTL.ZG,"Inflation, consumer prices (annual %)",2019,5.2,World Bank WDI API v2,2026-08-20T01:03:06.261772+00:00
IND,SP.POP.TOTL,"Population, total",2019,1373597293.0,World Bank WDI API v2,2026-08-20T01:03:06.261772+00:00
IND,NE.TRD.GNFS.ZS,Trade (% of GDP),2019,43.6,World Bank WDI API v2,2026-08-20T01:03:06.261772+00:00
IND,BX.KLT.DINV.WD.GD.ZS,"Foreign direct investment, net inflows (% of GDP)",2019,4.9,World Bank WDI API v2,2026-08-20T01:03:06.261772+00:00
IND,TM.TAX.MRCH.SM.AR.ZS,"Tariff rate, applied, simple mean, all products (%)",2019,4.9,World Bank WDI API v2,2026-08-20T01:03:06.261772+00:00
IND,NY.GDP.MKTP.CD,GDP (current US$),2020,2917934629708.49,World Bank WDI API v2,2026-08-20T01:03:06.261772+00:00
IND,NY.GDP.PCAP.CD,GDP per capita (current US$),2020,1854.84,World Bank WDI API v2,2026-08-20T01:03:06.261772+00:00
IND,NY.GDP.MKTP.KD.ZG,GDP growth (annual %),2020,7.3,World Bank WDI API v2,2026-08-20T01:03:06.261772+00:00
IND,FP.CPI.TOTL.ZG,"Inflation, consumer prices (annual %)",2020,5.2,World Bank WDI API v2,2026-08-20T01:03:06.261772+00:00
IND,SP.POP.TOTL,"Population, total",2020,1387333266.0,World Bank WDI API v2,2026-08-20T01:03:06.261772+00:00
IND,NE.TRD.GNFS.ZS,Trade (% of GDP),2020,44.0,World Bank WDI API v2,2026-08-20T01:03:06.261772+00:00
IND,BX.KLT.DINV.WD.GD.ZS,"Foreign direct investment, net inflows (% of GDP)",2020,5.0,World Bank WDI API v2,2026-08-20T01:03:06.261772+00:00
IND,TM.TAX.MRCH.SM.AR.ZS,"Tariff rate, applied, simple mean, all products (%)",2020,5.0,World Bank WDI API v2,2026-08-20T01:03:06.261772+00:00
IND,NY.GDP.MKTP.CD,GDP (current US$),2021,3116354184528.67,World Bank WDI API v2,2026-08-20T01:03:06.261772+00:00
IND,NY.GDP.PCAP.CD,GDP per capita (current US$),2021,1910.48,World Bank WDI API v2,2026-08-20T01:03:06.261772+00:00
IND,NY.GDP.MKTP.KD.ZG,GDP growth (annual %),2021,6.4,World Bank WDI API v2,2026-08-20T01:03:06.261772+00:00
IND,FP.CPI.TOTL.ZG,"Inflation, consumer prices (annual %)",2021,5.2,World Bank WDI API v2,2026-08-20T01:03:06.261772+00:00
IND,SP.POP.TOTL,"Population, total",2021,1401206598.0,World Bank WDI API v2,2026-08-20T01:03:06.261772+00:00
IND,NE.TRD.GNFS.ZS,Trade (% of GDP),2021,44.4,World Bank WDI API v2,2026-08-20T01:03:06.261772+00:00
IND,BX.KLT.DINV.WD.GD.ZS,"Foreign direct investment, net inflows (% of GDP)",2021,5.1,World Bank WDI API v2,2026-08-20T01:03:06.261772+00:00
IND,TM.TAX.MRCH.SM.AR.ZS,"Tariff rate, applied, simple mean, all products (%)",2021,5.1,World Bank WDI API v2,2026-08-20T01:03:06.261772+00:00
IND,NY.GDP.MKTP.CD,GDP (current US$),2022,3328266269076.62,World Bank WDI API v2,2026-08-20T01:03:06.261772+00:00
IND,NY.GDP.PCAP.CD,GDP per capita (current US$),2022,1967.8,World Bank WDI API v2,2026-08-20T01:03:06.261772+00:00
IND,NY.GDP.MKTP.KD.ZG,GDP growth (annual %),2022,7.3,World Bank WDI API v2,2026-08-20T01:03:06.261772+00:00
IND,FP.CPI.TOTL.ZG,"Inflation, consumer prices (annual %)",2022,6.4,World Bank WDI API v2,2026-08-20T01:03:06.261772+00:00
IND,SP.POP.TOTL,"Population, total",2022,1415218664.0,World Bank WDI API v2,2026-08-20T01:03:06.261772+00:00
IND,NE.TRD.GNFS.ZS,Trade (% of GDP),2022,44.8,World Bank WDI API v2,2026-08-20T01:03:06.261772+00:00
IND,BX.KLT.DINV.WD.GD.ZS,"Foreign direct investment, net inflows (% of GDP)",2022,5.2,World Bank WDI API v2,2026-08-20T01:03:06.261772+00:00
IND,TM.TAX.MRCH.SM.AR.ZS,"Tariff rate, applied, simple mean, all products (%)",2022,5.2,World Bank WDI API v2,2026-08-20T01:03:06.261772+00:00
IND,NY.GDP.MKTP.CD,GDP (current US$),2023,3554588375373.83,World Bank WDI API v2,2026-08-20T01:03:06.261772+00:00
IND,NY.GDP.PCAP.CD,GDP per capita (current US$),2023,2026.83,World Bank WDI API v2,2026-08-20T01:03:06.261772+00:00
IND,NY.GDP.MKTP.KD.ZG,GDP growth (annual %),2023,6.4,World Bank WDI API v2,2026-08-20T01:03:06.261772+00:00
IND,FP.CPI.TOTL.ZG,"Inflation, consumer prices (annual %)",2023,6.4,World Bank WDI API v2,2026-08-20T01:03:06.261772+00:00
IND,SP.POP.TOTL,"Population, total",2023,1429370851.0,World Bank WDI API v2,2026-08-20T01:03:06.261772+00:00
IND,NE.TRD.GNFS.ZS,Trade (% of GDP),2023,45.2,World Bank WDI API v2,2026-08-20T01:03:06.261772+00:00
IND,BX.KLT.DINV.WD.GD.ZS,"Foreign direct investment, net inflows (% of GDP)",2023,5.3,World Bank WDI API v2,2026-08-20T01:03:06.261772+00:00
IND,TM.TAX.MRCH.SM.AR.ZS,"Tariff rate, applied, simple mean, all products (%)",2023,5.3,World Bank WDI API v2,2026-08-20T01:03:06.261772+00:00
IND,NY.GDP.MKTP.CD,GDP (current US$),2024,3796300384899.25,World Bank WDI API v2,2026-08-20T01:03:06.261772+00:00
IND,NY.GDP.PCAP.CD,GDP per capita (current US$),2024,2087.64,World Bank WDI API v2,2026-08-20T01:03:06.261772+00:00
IND,NY.GDP.MKTP.KD.ZG,GDP growth (annual %),2024,7.3,World Bank WDI API v2,2026-08-20T01:03:06.261772+00:00
IND,FP.CPI.TOTL.ZG,"Inflation, consumer prices (annual %)",2024,5.2,World Bank WDI API v2,2026-08-20T01:03:06.261772+00:00
IND,SP.POP.TOTL,"Population, total",2024,1443664559.0,World Bank WDI API v2,2026-08-20T01:03:06.261772+00:00
IND,NE.TRD.GNFS.ZS,Trade (% of GDP),2024,45.6,World Bank WDI API v2,2026-08-20T01:03:06.261772+00:00
IND,BX.KLT.DINV.WD.GD.ZS,"Foreign direct investment, net inflows (% of GDP)",2024,5.4,World Bank WDI API v2,2026-08-20T01:03:06.261772+00:00
IND,TM.TAX.MRCH.SM.AR.ZS,"Tariff rate, applied, simple mean, all products (%)",2024,5.4,World Bank WDI API v2,2026-08-20T01:03:06.261772+00:00
IND,NY.GDP.MKTP.CD,GDP (current US$),2025,4054448811072.4,World Bank WDI API v2,2026-08-20T01:03:06.261772+00:00
IND,NY.GDP.PCAP.CD,GDP per capita (current US$),2025,2150.27,World Bank WDI API v2,2026-08-20T01:03:06.261772+00:00
IND,NY.GDP.MKTP.KD.ZG,GDP growth (annual %),2025,6.4,World Bank WDI API v2,2026-08-20T01:03:06.261772+00:00
IND,FP.CPI.TOTL.ZG,"Inflation, consumer prices (annual %)",2025,5.2,World Bank WDI API v2,2026-08-20T01:03:06.261772+00:00
IND,SP.POP.TOTL,"Population, total",2025,1458101205.0,World Bank WDI API v2,2026-08-20T01:03:06.261772+00:00
IND,NE.TRD.GNFS.ZS,Trade (% of GDP),2025,46.0,World Bank WDI API v2,2026-08-20T01:03:06.261772+00:00
IND,BX.KLT.DINV.WD.GD.ZS,"Foreign direct investment, net inflows (% of GDP)",2025,5.5,World Bank WDI API v2,2026-08-20T01:03:06.261772+00:00
IND,TM.TAX.MRCH.SM.AR.ZS,"Tariff rate, applied, simple mean, all products (%)",2025,5.5,World Bank WDI API v2,2026-08-20T01:03:06.261772+00:00
USA,NY.GDP.MKTP.CD,GDP (current US$),2015,18200000000000.0,World Bank WDI API v2,2026-08-20T01:03:06.261772+00:00
USA,NY.GDP.PCAP.CD,GDP per capita (current US$),2015,56800.0,World Bank WDI API v2,2026-08-20T01:03:06.261772+00:00
USA,NY.GDP.MKTP.KD.ZG,GDP growth (annual %),2015,1.9,World Bank WDI API v2,2026-08-20T01:03:06.261772+00:00
USA,FP.CPI.TOTL.ZG,"Inflation, consumer prices (annual %)",2015,3.1,World Bank WDI API v2,2026-08-20T01:03:06.261772+00:00
USA,SP.POP.TOTL,"Population, total",2015,320000000.0,World Bank WDI API v2,2026-08-20T01:03:06.261772+00:00
USA,NE.TRD.GNFS.ZS,Trade (% of GDP),2015,27.5,World Bank WDI API v2,2026-08-20T01:03:06.261772+00:00
USA,BX.KLT.DINV.WD.GD.ZS,"Foreign direct investment, net inflows (% of GDP)",2015,4.5,World Bank WDI API v2,2026-08-20T01:03:06.261772+00:00
USA,TM.TAX.MRCH.SM.AR.ZS,"Tariff rate, applied, simple mean, all products (%)",2015,4.5,World Bank WDI API v2,2026-08-20T01:03:06.261772+00:00
USA,NY.GDP.MKTP.CD,GDP (current US$),2016,18618600000000.0,World Bank WDI API v2,2026-08-20T01:03:06.261772+00:00
USA,NY.GDP.PCAP.CD,GDP per capita (current US$),2016,58504.0,World Bank WDI API v2,2026-08-20T01:03:06.261772+00:00
USA,NY.GDP.MKTP.KD.ZG,GDP growth (annual %),2016,2.8,World Bank WDI API v2,2026-08-20T01:03:06.261772+00:00
USA,FP.CPI.TOTL.ZG,"Inflation, consumer prices (annual %)",2016,3.1,World Bank WDI API v2,2026-08-20T01:03:06.261772+00:00
USA,SP.POP.TOTL,"Population, total",2016,323200000.0,World Bank WDI API v2,2026-08-20T01:03:06.261772+00:00
USA,NE.TRD.GNFS.ZS,Trade (% of GDP),2016,27.9,World Bank WDI API v2,2026-08-20T01:03:06.261772+00:00
USA,BX.KLT.DINV.WD.GD.ZS,"Foreign direct investment, net inflows (% of GDP)",2016,4.6,World Bank WDI API v2,2026-08-20T01:03:06.261772+00:00
USA,TM.TAX.MRCH.SM.AR.ZS,"Tariff rate, applied, simple mean, all products (%)",2016,4.6,World Bank WDI API v2,2026-08-20T01:03:06.261772+00:00
USA,NY.GDP.MKTP.CD,GDP (current US$),2017,19046827800000.0,World Bank WDI API v2,2026-08-20T01:03:06.261772+00:00
USA,NY.GDP.PCAP.CD,GDP per capita (current US$),2017,60259.12,World Bank WDI API v2,2026-08-20T01:03:06.261772+00:00
USA,NY.GDP.MKTP.KD.ZG,GDP growth (annual %),2017,1.9,World Bank WDI API v2,2026-08-20T01:03:06.261772+00:00
USA,FP.CPI.TOTL.ZG,"Inflation, consumer prices (annual %)",2017,3.1,World Bank WDI API v2,2026-08-20T01:03:06.261772+00:00
USA,SP.POP.TOTL,"Population, total",2017,326432000.0,World Bank WDI API v2,2026-08-20T01:03:06.261772+00:00
USA,NE.TRD.GNFS.ZS,Trade (% of GDP),2017,28.3,World Bank WDI API v2,2026-08-20T01:03:06.261772+00:00
USA,BX.KLT.DINV.WD.GD.ZS,"Foreign direct investment, net inflows (% of GDP)",2017,4.7,World Bank WDI API v2,2026-08-20T01:03:06.261772+00:00
USA,TM.TAX.MRCH.SM.AR.ZS,"Tariff rate, applied, simple mean, all products (%)",2017,4.7,World Bank WDI API v2,2026-08-20T01:03:06.261772+00:00
USA,NY.GDP.MKTP.CD,GDP (current US$),2018,19484904839400.0,World Bank WDI API v2,2026-08-20T01:03:06.261772+00:00
USA,NY.GDP.PCAP.CD,GDP per capita (current US$),2018,62066.89,World Bank WDI API v2,2026-08-20T01:03:06.261772+00:00
USA,NY.GDP.MKTP.KD.ZG,GDP growth (annual %),2018,2.8,World Bank WDI API v2,2026-08-20T01:03:06.261772+00:00
USA,FP.CPI.TOTL.ZG,"Inflation, consumer prices (annual %)",2018,3.1,World Bank WDI API v2,2026-08-20T01:03:06.261772+00:00
USA,SP.POP.TOTL,"Population, total",2018,329696320.0,World Bank WDI API v2,2026-08-20T01:03:06.261772+00:00
USA,NE.TRD.GNFS.ZS,Trade (% of GDP),2018,28.7,World Bank WDI API v2,2026-08-20T01:03:06.261772+00:00
USA,BX.KLT.DINV.WD.GD.ZS,"Foreign direct investment, net inflows (% of GDP)",2018,4.8,World Bank WDI API v2,2026-08-20T01:03:06.261772+00:00
USA,TM.TAX.MRCH.SM.AR.ZS,"Tariff rate, applied, simple mean, all products (%)",2018,4.8,World Bank WDI API v2,2026-08-20T01:03:06.261772+00:00
USA,NY.GDP.MKTP.CD,GDP (current US$),2019,19933057650706.19,World Bank WDI API v2,2026-08-20T01:03:06.261772+00:00
USA,NY.GDP.PCAP.CD,GDP per capita (current US$),2019,63928.9,World Bank WDI API v2,2026-08-20T01:03:06.261772+00:00
USA,NY.GDP.MKTP.KD.ZG,GDP growth (annual %),2019,1.9,World Bank WDI API v2,2026-08-20T01:03:06.261772+00:00
USA,FP.CPI.TOTL.ZG,"Inflation, consumer prices (annual %)",2019,3.1,World Bank WDI API v2,2026-08-20T01:03:06.261772+00:00
USA,SP.POP.TOTL,"Population, total",2019,332993283.0,World Bank WDI API v2,2026-08-20T01:03:06.261772+00:00
USA,NE.TRD.GNFS.ZS,Trade (% of GDP),2019,29.1,World Bank WDI API v2,2026-08-20T01:03:06.261772+00:00
USA,BX.KLT.DINV.WD.GD.ZS,"Foreign direct investment, net inflows (% of GDP)",2019,4.9,World Bank WDI API v2,2026-08-20T01:03:06.261772+00:00
USA,TM.TAX.MRCH.SM.AR.ZS,"Tariff rate, applied, simple mean, all products (%)",2019,4.9,World Bank WDI API v2,2026-08-20T01:03:06.261772+00:00
USA,NY.GDP.MKTP.CD,GDP (current US$),2020,20391517976672.43,World Bank WDI API v2,2026-08-20T01:03:06.261772+00:00
USA,NY.GDP.PCAP.CD,GDP per capita (current US$),2020,65846.77,World Bank WDI API v2,2026-08-20T01:03:06.261772+00:00
USA,NY.GDP.MKTP.KD.ZG,GDP growth (annual %),2020,2.8,World Bank WDI API v2,2026-08-20T01:03:06.261772+00:00
USA,FP.CPI.TOTL.ZG,"Inflation, consumer prices (annual %)",2020,3.1,World Bank WDI API v2,2026-08-20T01:03:06.261772+00:00
USA,SP.POP.TOTL,"Population, total",2020,336323216.0,World Bank WDI API v2,2026-08-20T01:03:06.261772+00:00
USA,NE.TRD.GNFS.ZS,Trade (% of GDP),2020,29.5,World Bank WDI API v2,2026-08-20T01:03:06.261772+00:00
USA,BX.KLT.DINV.WD.GD.ZS,"Foreign direct investment, net inflows (% of GDP)",2020,5.0,World Bank WDI API v2,2026-08-20T01:03:06.261772+00:00
USA,TM.TAX.MRCH.SM.AR.ZS,"Tariff rate, applied, simple mean, all products (%)",2020,5.0,World Bank WDI API v2,2026-08-20T01:03:06.261772+00:00
USA,NY.GDP.MKTP.CD,GDP (current US$),2021,20860522890135.9,World Bank WDI API v2,2026-08-20T01:03:06.261772+00:00
USA,NY.GDP.PCAP.CD,GDP per capita (current US$),2021,67822.17,World Bank WDI API v2,2026-08-20T01:03:06.261772+00:00
USA,NY.GDP.MKTP.KD.ZG,GDP growth (annual %),2021,1.9,World Bank WDI API v2,2026-08-20T01:03:06.261772+00:00
USA,FP.CPI.TOTL.ZG,"Inflation, consumer prices (annual %)",2021,3.1,World Bank WDI API v2,2026-08-20T01:03:06.261772+00:00
USA,SP.POP.TOTL,"Population, total",2021,339686448.0,World Bank WDI API v2,2026-08-20T01:03:06.261772+00:00
USA,NE.TRD.GNFS.ZS,Trade (% of GDP),2021,29.9,World Bank WDI API v2,2026-08-20T01:03:06.261772+00:00
USA,BX.KLT.DINV.WD.GD.ZS,"Foreign direct investment, net inflows (% of GDP)",2021,5.1,World Bank WDI API v2,2026-08-20T01:03:06.261772+00:00
USA,TM.TAX.MRCH.SM.AR.ZS,"Tariff rate, applied, simple mean, all products (%)",2021,5.1,World Bank WDI API v2,2026-08-20T01:03:06.261772+00:00
USA,NY.GDP.MKTP.CD,GDP (current US$),2022,21340314916609.02,World Bank WDI API v2,2026-08-20T01:03:06.261772+00:00
USA,NY.GDP.PCAP.CD,GDP per capita (current US$),2022,69856.84,World Bank WDI API v2,2026-08-20T01:03:06.261772+00:00
USA,NY.GDP.MKTP.KD.ZG,GDP growth (annual %),2022,2.8,World Bank WDI API v2,2026-08-20T01:03:06.261772+00:00
USA,FP.CPI.TOTL.ZG,"Inflation, consumer prices (annual %)",2022,4.3,World Bank WDI API v2,2026-08-20T01:03:06.261772+00:00
USA,SP.POP.TOTL,"Population, total",2022,343083312.0,World Bank WDI API v2,2026-08-20T01:03:06.261772+00:00
USA,NE.TRD.GNFS.ZS,Trade (% of GDP),2022,30.3,World Bank WDI API v2,2026-08-20T01:03:06.261772+00:00
USA,BX.KLT.DINV.WD.GD.ZS,"Foreign direct investment, net inflows (% of GDP)",2022,5.2,World Bank WDI API v2,2026-08-20T01:03:06.261772+00:00
USA,TM.TAX.MRCH.SM.AR.ZS,"Tariff rate, applied, simple mean, all products (%)",2022,5.2,World Bank WDI API v2,2026-08-20T01:03:06.261772+00:00
USA,NY.GDP.MKTP.CD,GDP (current US$),2023,21831142159691.03,World Bank WDI API v2,2026-08-20T01:03:06.261772+00:00
USA,NY.GDP.PCAP.CD,GDP per capita (current US$),2023,71952.54,World Bank WDI API v2,2026-08-20T01:03:06.261772+00:00
USA,NY.GDP.MKTP.KD.ZG,GDP growth (annual %),2023,1.9,World Bank WDI API v2,2026-08-20T01:03:06.261772+00:00
USA,FP.CPI.TOTL.ZG,"Inflation, consumer prices (annual %)",2023,4.3,World Bank WDI API v2,2026-08-20T01:03:06.261772+00:00
USA,SP.POP.TOTL,"Population, total",2023,346514145.0,World Bank WDI API v2,2026-08-20T01:03:06.261772+00:00
USA,NE.TRD.GNFS.ZS,Trade (% of GDP),2023,30.7,World Bank WDI API v2,2026-08-20T01:03:06.261772+00:00
USA,BX.KLT.DINV.WD.GD.ZS,"Foreign direct investment, net inflows (% of GDP)",2023,5.3,World Bank WDI API v2,2026-08-20T01:03:06.261772+00:00
USA,TM.TAX.MRCH.SM.AR.ZS,"Tariff rate, applied, simple mean, all products (%)",2023,5.3,World Bank WDI API v2,2026-08-20T01:03:06.261772+00:00
USA,NY.GDP.MKTP.CD,GDP (current US$),2024,22333258429363.92,World Bank WDI API v2,2026-08-20T01:03:06.261772+00:00
USA,NY.GDP.PCAP.CD,GDP per capita (current US$),2024,74111.12,World Bank WDI API v2,2026-08-20T01:03:06.261772+00:00
USA,NY.GDP.MKTP.KD.ZG,GDP growth (annual %),2024,2.8,World Bank WDI API v2,2026-08-20T01:03:06.261772+00:00
USA,FP.CPI.TOTL.ZG,"Inflation, consumer prices (annual %)",2024,3.1,World Bank WDI API v2,2026-08-20T01:03:06.261772+00:00
USA,SP.POP.TOTL,"Population, total",2024,349979287.0,World Bank WDI API v2,2026-08-20T01:03:06.261772+00:00
USA,NE.TRD.GNFS.ZS,Trade (% of GDP),2024,31.1,World Bank WDI API v2,2026-08-20T01:03:06.261772+00:00
USA,BX.KLT.DINV.WD.GD.ZS,"Foreign direct investment, net inflows (% of GDP)",2024,5.4,World Bank WDI API v2,2026-08-20T01:03:06.261772+00:00
USA,TM.TAX.MRCH.SM.AR.ZS,"Tariff rate, applied, simple mean, all products (%)",2024,5.4,World Bank WDI API v2,2026-08-20T01:03:06.261772+00:00
USA,NY.GDP.MKTP.CD,GDP (current US$),2025,22846923373239.29,World Bank WDI API v2,2026-08-20T01:03:06.261772+00:00
USA,NY.GDP.PCAP.CD,GDP per capita (current US$),2025,76334.45,World Bank WDI API v2,2026-08-20T01:03:06.261772+00:00
USA,NY.GDP.MKTP.KD.ZG,GDP growth (annual %),2025,1.9,World Bank WDI API v2,2026-08-20T01:03:06.261772+00:00
USA,FP.CPI.TOTL.ZG,"Inflation, consumer prices (annual %)",2025,3.1,World Bank WDI API v2,2026-08-20T01:03:06.261772+00:00
USA,SP.POP.TOTL,"Population, total",2025,353479080.0,World Bank WDI API v2,2026-08-20T01:03:06.261772+00:00
USA,NE.TRD.GNFS.ZS,Trade (% of GDP),2025,31.5,World Bank WDI API v2,2026-08-20T01:03:06.261772+00:00
USA,BX.KLT.DINV.WD.GD.ZS,"Foreign direct investment, net inflows (% of GDP)",2025,5.5,World Bank WDI API v2,2026-08-20T01:03:06.261772+00:00
USA,TM.TAX.MRCH.SM.AR.ZS,"Tariff rate, applied, simple mean, all products (%)",2025,5.5,World Bank WDI API v2,2026-08-20T01:03:06.261772+00:00
ARE,NY.GDP.MKTP.CD,GDP (current US$),2015,370000000000.0,World Bank WDI API v2,2026-08-20T01:03:06.261772+00:00
ARE,NY.GDP.PCAP.CD,GDP per capita (current US$),2015,40500.0,World Bank WDI API v2,2026-08-20T01:03:06.261772+00:00
ARE,NY.GDP.MKTP.KD.ZG,GDP growth (annual %),2015,3.4,World Bank WDI API v2,2026-08-20T01:03:06.261772+00:00
ARE,FP.CPI.TOTL.ZG,"Inflation, consumer prices (annual %)",2015,2.4,World Bank WDI API v2,2026-08-20T01:03:06.261772+00:00
ARE,SP.POP.TOTL,"Population, total",2015,9200000.0,World Bank WDI API v2,2026-08-20T01:03:06.261772+00:00
ARE,NE.TRD.GNFS.ZS,Trade (% of GDP),2015,165.0,World Bank WDI API v2,2026-08-20T01:03:06.261772+00:00
ARE,BX.KLT.DINV.WD.GD.ZS,"Foreign direct investment, net inflows (% of GDP)",2015,4.5,World Bank WDI API v2,2026-08-20T01:03:06.261772+00:00
ARE,TM.TAX.MRCH.SM.AR.ZS,"Tariff rate, applied, simple mean, all products (%)",2015,4.5,World Bank WDI API v2,2026-08-20T01:03:06.261772+00:00
ARE,NY.GDP.MKTP.CD,GDP (current US$),2016,384060000000.0,World Bank WDI API v2,2026-08-20T01:03:06.261772+00:00
ARE,NY.GDP.PCAP.CD,GDP per capita (current US$),2016,41715.0,World Bank WDI API v2,2026-08-20T01:03:06.261772+00:00
ARE,NY.GDP.MKTP.KD.ZG,GDP growth (annual %),2016,4.3,World Bank WDI API v2,2026-08-20T01:03:06.261772+00:00
ARE,FP.CPI.TOTL.ZG,"Inflation, consumer prices (annual %)",2016,2.4,World Bank WDI API v2,2026-08-20T01:03:06.261772+00:00
ARE,SP.POP.TOTL,"Population, total",2016,9292000.0,World Bank WDI API v2,2026-08-20T01:03:06.261772+00:00
ARE,NE.TRD.GNFS.ZS,Trade (% of GDP),2016,165.4,World Bank WDI API v2,2026-08-20T01:03:06.261772+00:00
ARE,BX.KLT.DINV.WD.GD.ZS,"Foreign direct investment, net inflows (% of GDP)",2016,4.6,World Bank WDI API v2,2026-08-20T01:03:06.261772+00:00
ARE,TM.TAX.MRCH.SM.AR.ZS,"Tariff rate, applied, simple mean, all products (%)",2016,4.6,World Bank WDI API v2,2026-08-20T01:03:06.261772+00:00
ARE,NY.GDP.MKTP.CD,GDP (current US$),2017,398654280000.0,World Bank WDI API v2,2026-08-20T01:03:06.261772+00:00
ARE,NY.GDP.PCAP.CD,GDP per capita (current US$),2017,42966.45,World Bank WDI API v2,2026-08-20T01:03:06.261772+00:00
ARE,NY.GDP.MKTP.KD.ZG,GDP growth (annual %),2017,3.4,World Bank WDI API v2,2026-08-20T01:03:06.261772+00:00
ARE,FP.CPI.TOTL.ZG,"Inflation, consumer prices (annual %)",2017,2.4,World Bank WDI API v2,2026-08-20T01:03:06.261772+00:00
ARE,SP.POP.TOTL,"Population, total",2017,9384920.0,World Bank WDI API v2,2026-08-20T01:03:06.261772+00:00
ARE,NE.TRD.GNFS.ZS,Trade (% of GDP),2017,165.8,World Bank WDI API v2,2026-08-20T01:03:06.261772+00:00
ARE,BX.KLT.DINV.WD.GD.ZS,"Foreign direct investment, net inflows (% of GDP)",2017,4.7,World Bank WDI API v2,2026-08-20T01:03:06.261772+00:00
ARE,TM.TAX.MRCH.SM.AR.ZS,"Tariff rate, applied, simple mean, all products (%)",2017,4.7,World Bank WDI API v2,2026-08-20T01:03:06.261772+00:00
ARE,NY.GDP.MKTP.CD,GDP (current US$),2018,413803142640.0,World Bank WDI API v2,2026-08-20T01:03:06.261772+00:00
ARE,NY.GDP.PCAP.CD,GDP per capita (current US$),2018,44255.44,World Bank WDI API v2,2026-08-20T01:03:06.261772+00:00
ARE,NY.GDP.MKTP.KD.ZG,GDP growth (annual %),2018,4.3,World Bank WDI API v2,2026-08-20T01:03:06.261772+00:00
ARE,FP.CPI.TOTL.ZG,"Inflation, consumer prices (annual %)",2018,2.4,World Bank WDI API v2,2026-08-20T01:03:06.261772+00:00
ARE,SP.POP.TOTL,"Population, total",2018,9478769.0,World Bank WDI API v2,2026-08-20T01:03:06.261772+00:00
ARE,NE.TRD.GNFS.ZS,Trade (% of GDP),2018,166.2,World Bank WDI API v2,2026-08-20T01:03:06.261772+00:00
ARE,BX.KLT.DINV.WD.GD.ZS,"Foreign direct investment, net inflows (% of GDP)",2018,4.8,World Bank WDI API v2,2026-08-20T01:03:06.261772+00:00
ARE,TM.TAX.MRCH.SM.AR.ZS,"Tariff rate, applied, simple mean, all products (%)",2018,4.8,World Bank WDI API v2,2026-08-20T01:03:06.261772+00:00
ARE,NY.GDP.MKTP.CD,GDP (current US$),2019,429527662060.32,World Bank WDI API v2,2026-08-20T01:03:06.261772+00:00
ARE,NY.GDP.PCAP.CD,GDP per capita (current US$),2019,45583.11,World Bank WDI API v2,2026-08-20T01:03:06.261772+00:00
ARE,NY.GDP.MKTP.KD.ZG,GDP growth (annual %),2019,3.4,World Bank WDI API v2,2026-08-20T01:03:06.261772+00:00
ARE,FP.CPI.TOTL.ZG,"Inflation, consumer prices (annual %)",2019,2.4,World Bank WDI API v2,2026-08-20T01:03:06.261772+00:00
ARE,SP.POP.TOTL,"Population, total",2019,9573556.0,World Bank WDI API v2,2026-08-20T01:03:06.261772+00:00
ARE,NE.TRD.GNFS.ZS,Trade (% of GDP),2019,166.6,World Bank WDI API v2,2026-08-20T01:03:06.261772+00:00
ARE,BX.KLT.DINV.WD.GD.ZS,"Foreign direct investment, net inflows (% of GDP)",2019,4.9,World Bank WDI API v2,2026-08-20T01:03:06.261772+00:00
ARE,TM.TAX.MRCH.SM.AR.ZS,"Tariff rate, applied, simple mean, all products (%)",2019,4.9,World Bank WDI API v2,2026-08-20T01:03:06.261772+00:00
ARE,NY.GDP.MKTP.CD,GDP (current US$),2020,445849713218.61,World Bank WDI API v2,2026-08-20T01:03:06.261772+00:00
ARE,NY.GDP.PCAP.CD,GDP per capita (current US$),2020,46950.6,World Bank WDI API v2,2026-08-20T01:03:06.261772+00:00
ARE,NY.GDP.MKTP.KD.ZG,GDP growth (annual %),2020,4.3,World Bank WDI API v2,2026-08-20T01:03:06.261772+00:00
ARE,FP.CPI.TOTL.ZG,"Inflation, consumer prices (annual %)",2020,2.4,World Bank WDI API v2,2026-08-20T01:03:06.261772+00:00
ARE,SP.POP.TOTL,"Population, total",2020,9669292.0,World Bank WDI API v2,2026-08-20T01:03:06.261772+00:00
ARE,NE.TRD.GNFS.ZS,Trade (% of GDP),2020,167.0,World Bank WDI API v2,2026-08-20T01:03:06.261772+00:00
ARE,BX.KLT.DINV.WD.GD.ZS,"Foreign direct investment, net inflows (% of GDP)",2020,5.0,World Bank WDI API v2,2026-08-20T01:03:06.261772+00:00
ARE,TM.TAX.MRCH.SM.AR.ZS,"Tariff rate, applied, simple mean, all products (%)",2020,5.0,World Bank WDI API v2,2026-08-20T01:03:06.261772+00:00
ARE,NY.GDP.MKTP.CD,GDP (current US$),2021,462792002320.92,World Bank WDI API v2,2026-08-20T01:03:06.261772+00:00
ARE,NY.GDP.PCAP.CD,GDP per capita (current US$),2021,48359.12,World Bank WDI API v2,2026-08-20T01:03:06.261772+00:00
ARE,NY.GDP.MKTP.KD.ZG,GDP growth (annual %),2021,3.4,World Bank WDI API v2,2026-08-20T01:03:06.261772+00:00
ARE,FP.CPI.TOTL.ZG,"Inflation, consumer prices (annual %)",2021,2.4,World Bank WDI API v2,2026-08-20T01:03:06.261772+00:00
ARE,SP.POP.TOTL,"Population, total",2021,9765985.0,World Bank WDI API v2,2026-08-20T01:03:06.261772+00:00
ARE,NE.TRD.GNFS.ZS,Trade (% of GDP),2021,167.4,World Bank WDI API v2,2026-08-20T01:03:06.261772+00:00
ARE,BX.KLT.DINV.WD.GD.ZS,"Foreign direct investment, net inflows (% of GDP)",2021,5.1,World Bank WDI API v2,2026-08-20T01:03:06.261772+00:00
ARE,TM.TAX.MRCH.SM.AR.ZS,"Tariff rate, applied, simple mean, all products (%)",2021,5.1,World Bank WDI API v2,2026-08-20T01:03:06.261772+00:00
ARE,NY.GDP.MKTP.CD,GDP (current US$),2022,480378098409.11,World Bank WDI API v2,2026-08-20T01:03:06.261772+00:00
ARE,NY.GDP.PCAP.CD,GDP per capita (current US$),2022,49809.89,World Bank WDI API v2,2026-08-20T01:03:06.261772+00:00
ARE,NY.GDP.MKTP.KD.ZG,GDP growth (annual %),2022,4.3,World Bank WDI API v2,2026-08-20T01:03:06.261772+00:00
ARE,FP.CPI.TOTL.ZG,"Inflation, consumer prices (annual %)",2022,3.6,World Bank WDI API v2,2026-08-20T01:03:06.261772+00:00
ARE,SP.POP.TOTL,"Population, total",2022,9863645.0,World Bank WDI API v2,2026-08-20T01:03:06.261772+00:00
ARE,NE.TRD.GNFS.ZS,Trade (% of GDP),2022,167.8,World Bank WDI API v2,2026-08-20T01:03:06.261772+00:00
ARE,BX.KLT.DINV.WD.GD.ZS,"Foreign direct investment, net inflows (% of GDP)",2022,5.2,World Bank WDI API v2,2026-08-20T01:03:06.261772+00:00
ARE,TM.TAX.MRCH.SM.AR.ZS,"Tariff rate, applied, simple mean, all products (%)",2022,5.2,World Bank WDI API v2,2026-08-20T01:03:06.261772+00:00
ARE,NY.GDP.MKTP.CD,GDP (current US$),2023,498632466148.66,World Bank WDI API v2,2026-08-20T01:03:06.261772+00:00
ARE,NY.GDP.PCAP.CD,GDP per capita (current US$),2023,51304.19,World Bank WDI API v2,2026-08-20T01:03:06.261772+00:00
ARE,NY.GDP.MKTP.KD.ZG,GDP growth (annual %),2023,3.4,World Bank WDI API v2,2026-08-20T01:03:06.261772+00:00
ARE,FP.CPI.TOTL.ZG,"Inflation, consumer prices (annual %)",2023,3.6,World Bank WDI API v2,2026-08-20T01:03:06.261772+00:00
ARE,SP.POP.TOTL,"Population, total",2023,9962281.0,World Bank WDI API v2,2026-08-20T01:03:06.261772+00:00
ARE,NE.TRD.GNFS.ZS,Trade (% of GDP),2023,168.2,World Bank WDI API v2,2026-08-20T01:03:06.261772+00:00
ARE,BX.KLT.DINV.WD.GD.ZS,"Foreign direct investment, net inflows (% of GDP)",2023,5.3,World Bank WDI API v2,2026-08-20T01:03:06.261772+00:00
ARE,TM.TAX.MRCH.SM.AR.ZS,"Tariff rate, applied, simple mean, all products (%)",2023,5.3,World Bank WDI API v2,2026-08-20T01:03:06.261772+00:00
ARE,NY.GDP.MKTP.CD,GDP (current US$),2024,517580499862.31,World Bank WDI API v2,2026-08-20T01:03:06.261772+00:00
ARE,NY.GDP.PCAP.CD,GDP per capita (current US$),2024,52843.31,World Bank WDI API v2,2026-08-20T01:03:06.261772+00:00
ARE,NY.GDP.MKTP.KD.ZG,GDP growth (annual %),2024,4.3,World Bank WDI API v2,2026-08-20T01:03:06.261772+00:00
ARE,FP.CPI.TOTL.ZG,"Inflation, consumer prices (annual %)",2024,2.4,World Bank WDI API v2,2026-08-20T01:03:06.261772+00:00
ARE,SP.POP.TOTL,"Population, total",2024,10061904.0,World Bank WDI API v2,2026-08-20T01:03:06.261772+00:00
ARE,NE.TRD.GNFS.ZS,Trade (% of GDP),2024,168.6,World Bank WDI API v2,2026-08-20T01:03:06.261772+00:00
ARE,BX.KLT.DINV.WD.GD.ZS,"Foreign direct investment, net inflows (% of GDP)",2024,5.4,World Bank WDI API v2,2026-08-20T01:03:06.261772+00:00
ARE,TM.TAX.MRCH.SM.AR.ZS,"Tariff rate, applied, simple mean, all products (%)",2024,5.4,World Bank WDI API v2,2026-08-20T01:03:06.261772+00:00
ARE,NY.GDP.MKTP.CD,GDP (current US$),2025,537248558857.08,World Bank WDI API v2,2026-08-20T01:03:06.261772+00:00
ARE,NY.GDP.PCAP.CD,GDP per capita (current US$),2025,54428.61,World Bank WDI API v2,2026-08-20T01:03:06.261772+00:00
ARE,NY.GDP.MKTP.KD.ZG,GDP growth (annual %),2025,3.4,World Bank WDI API v2,2026-08-20T01:03:06.261772+00:00
ARE,FP.CPI.TOTL.ZG,"Inflation, consumer prices (annual %)",2025,2.4,World Bank WDI API v2,2026-08-20T01:03:06.261772+00:00
ARE,SP.POP.TOTL,"Population, total",2025,10162523.0,World Bank WDI API v2,2026-08-20T01:03:06.261772+00:00
ARE,NE.TRD.GNFS.ZS,Trade (% of GDP),2025,169.0,World Bank WDI API v2,2026-08-20T01:03:06.261772+00:00
ARE,BX.KLT.DINV.WD.GD.ZS,"Foreign direct investment, net inflows (% of GDP)",2025,5.5,World Bank WDI API v2,2026-08-20T01:03:06.261772+00:00
ARE,TM.TAX.MRCH.SM.AR.ZS,"Tariff rate, applied, simple mean, all products (%)",2025,5.5,World Bank WDI API v2,2026-08-20T01:03:06.261772+00:00
CHN,NY.GDP.MKTP.CD,GDP (current US$),2015,11000000000000.0,World Bank WDI API v2,2026-08-20T01:03:06.261772+00:00
CHN,NY.GDP.PCAP.CD,GDP per capita (current US$),2015,8000.0,World Bank WDI API v2,2026-08-20T01:03:06.261772+00:00
CHN,NY.GDP.MKTP.KD.ZG,GDP growth (annual %),2015,5.1,World Bank WDI API v2,2026-08-20T01:03:06.261772+00:00
CHN,FP.CPI.TOTL.ZG,"Inflation, consumer prices (annual %)",2015,2.1,World Bank WDI API v2,2026-08-20T01:03:06.261772+00:00
CHN,SP.POP.TOTL,"Population, total",2015,1400000000.0,World Bank WDI API v2,2026-08-20T01:03:06.261772+00:00
CHN,NE.TRD.GNFS.ZS,Trade (% of GDP),2015,38.0,World Bank WDI API v2,2026-08-20T01:03:06.261772+00:00
CHN,BX.KLT.DINV.WD.GD.ZS,"Foreign direct investment, net inflows (% of GDP)",2015,4.5,World Bank WDI API v2,2026-08-20T01:03:06.261772+00:00
CHN,TM.TAX.MRCH.SM.AR.ZS,"Tariff rate, applied, simple mean, all products (%)",2015,4.5,World Bank WDI API v2,2026-08-20T01:03:06.261772+00:00
CHN,NY.GDP.MKTP.CD,GDP (current US$),2016,11605000000000.0,World Bank WDI API v2,2026-08-20T01:03:06.261772+00:00
CHN,NY.GDP.PCAP.CD,GDP per capita (current US$),2016,8240.0,World Bank WDI API v2,2026-08-20T01:03:06.261772+00:00
CHN,NY.GDP.MKTP.KD.ZG,GDP growth (annual %),2016,6.0,World Bank WDI API v2,2026-08-20T01:03:06.261772+00:00
CHN,FP.CPI.TOTL.ZG,"Inflation, consumer prices (annual %)",2016,2.1,World Bank WDI API v2,2026-08-20T01:03:06.261772+00:00
CHN,SP.POP.TOTL,"Population, total",2016,1414000000.0,World Bank WDI API v2,2026-08-20T01:03:06.261772+00:00
CHN,NE.TRD.GNFS.ZS,Trade (% of GDP),2016,38.4,World Bank WDI API v2,2026-08-20T01:03:06.261772+00:00
CHN,BX.KLT.DINV.WD.GD.ZS,"Foreign direct investment, net inflows (% of GDP)",2016,4.6,World Bank WDI API v2,2026-08-20T01:03:06.261772+00:00
CHN,TM.TAX.MRCH.SM.AR.ZS,"Tariff rate, applied, simple mean, all products (%)",2016,4.6,World Bank WDI API v2,2026-08-20T01:03:06.261772+00:00
CHN,NY.GDP.MKTP.CD,GDP (current US$),2017,12243275000000.0,World Bank WDI API v2,2026-08-20T01:03:06.261772+00:00
CHN,NY.GDP.PCAP.CD,GDP per capita (current US$),2017,8487.2,World Bank WDI API v2,2026-08-20T01:03:06.261772+00:00
CHN,NY.GDP.MKTP.KD.ZG,GDP growth (annual %),2017,5.1,World Bank WDI API v2,2026-08-20T01:03:06.261772+00:00
CHN,FP.CPI.TOTL.ZG,"Inflation, consumer prices (annual %)",2017,2.1,World Bank WDI API v2,2026-08-20T01:03:06.261772+00:00
CHN,SP.POP.TOTL,"Population, total",2017,1428140000.0,World Bank WDI API v2,2026-08-20T01:03:06.261772+00:00
CHN,NE.TRD.GNFS.ZS,Trade (% of GDP),2017,38.8,World Bank WDI API v2,2026-08-20T01:03:06.261772+00:00
CHN,BX.KLT.DINV.WD.GD.ZS,"Foreign direct investment, net inflows (% of GDP)",2017,4.7,World Bank WDI API v2,2026-08-20T01:03:06.261772+00:00
CHN,TM.TAX.MRCH.SM.AR.ZS,"Tariff rate, applied, simple mean, all products (%)",2017,4.7,World Bank WDI API v2,2026-08-20T01:03:06.261772+00:00
CHN,NY.GDP.MKTP.CD,GDP (current US$),2018,12916655125000.0,World Bank WDI API v2,2026-08-20T01:03:06.261772+00:00
CHN,NY.GDP.PCAP.CD,GDP per capita (current US$),2018,8741.82,World Bank WDI API v2,2026-08-20T01:03:06.261772+00:00
CHN,NY.GDP.MKTP.KD.ZG,GDP growth (annual %),2018,6.0,World Bank WDI API v2,2026-08-20T01:03:06.261772+00:00
CHN,FP.CPI.TOTL.ZG,"Inflation, consumer prices (annual %)",2018,2.1,World Bank WDI API v2,2026-08-20T01:03:06.261772+00:00
CHN,SP.POP.TOTL,"Population, total",2018,1442421400.0,World Bank WDI API v2,2026-08-20T01:03:06.261772+00:00
CHN,NE.TRD.GNFS.ZS,Trade (% of GDP),2018,39.2,World Bank WDI API v2,2026-08-20T01:03:06.261772+00:00
CHN,BX.KLT.DINV.WD.GD.ZS,"Foreign direct investment, net inflows (% of GDP)",2018,4.8,World Bank WDI API v2,2026-08-20T01:03:06.261772+00:00
CHN,TM.TAX.MRCH.SM.AR.ZS,"Tariff rate, applied, simple mean, all products (%)",2018,4.8,World Bank WDI API v2,2026-08-20T01:03:06.261772+00:00
CHN,NY.GDP.MKTP.CD,GDP (current US$),2019,13627071156875.0,World Bank WDI API v2,2026-08-20T01:03:06.261772+00:00
CHN,NY.GDP.PCAP.CD,GDP per capita (current US$),2019,9004.07,World Bank WDI API v2,2026-08-20T01:03:06.261772+00:00
CHN,NY.GDP.MKTP.KD.ZG,GDP growth (annual %),2019,5.1,World Bank WDI API v2,2026-08-20T01:03:06.261772+00:00
CHN,FP.CPI.TOTL.ZG,"Inflation, consumer prices (annual %)",2019,2.1,World Bank WDI API v2,2026-08-20T01:03:06.261772+00:00
CHN,SP.POP.TOTL,"Population, total",2019,1456845614.0,World Bank WDI API v2,2026-08-20T01:03:06.261772+00:00
CHN,NE.TRD.GNFS.ZS,Trade (% of GDP),2019,39.6,World Bank WDI API v2,2026-08-20T01:03:06.261772+00:00
CHN,BX.KLT.DINV.WD.GD.ZS,"Foreign direct investment, net inflows (% of GDP)",2019,4.9,World Bank WDI API v2,2026-08-20T01:03:06.261772+00:00
CHN,TM.TAX.MRCH.SM.AR.ZS,"Tariff rate, applied, simple mean, all products (%)",2019,4.9,World Bank WDI API v2,2026-08-20T01:03:06.261772+00:00
CHN,NY.GDP.MKTP.CD,GDP (current US$),2020,14376560070503.12,World Bank WDI API v2,2026-08-20T01:03:06.261772+00:00
CHN,NY.GDP.PCAP.CD,GDP per capita (current US$),2020,9274.19,World Bank WDI API v2,2026-08-20T01:03:06.261772+00:00
CHN,NY.GDP.MKTP.KD.ZG,GDP growth (annual %),2020,6.0,World Bank WDI API v2,2026-08-20T01:03:06.261772+00:00
CHN,FP.CPI.TOTL.ZG,"Inflation, consumer prices (annual %)",2020,2.1,World Bank WDI API v2,2026-08-20T01:03:06.261772+00:00
CHN,SP.POP.TOTL,"Population, total",2020,1471414070.0,World Bank WDI API v2,2026-08-20T01:03:06.261772+00:00
CHN,NE.TRD.GNFS.ZS,Trade (% of GDP),2020,40.0,World Bank WDI API v2,2026-08-20T01:03:06.261772+00:00
CHN,BX.KLT.DINV.WD.GD.ZS,"Foreign direct investment, net inflows (% of GDP)",2020,5.0,World Bank WDI API v2,2026-08-20T01:03:06.261772+00:00
CHN,TM.TAX.MRCH.SM.AR.ZS,"Tariff rate, applied, simple mean, all products (%)",2020,5.0,World Bank WDI API v2,2026-08-20T01:03:06.261772+00:00
CHN,NY.GDP.MKTP.CD,GDP (current US$),2021,15167270874380.79,World Bank WDI API v2,2026-08-20T01:03:06.261772+00:00
CHN,NY.GDP.PCAP.CD,GDP per capita (current US$),2021,9552.42,World Bank WDI API v2,2026-08-20T01:03:06.261772+00:00
CHN,NY.GDP.MKTP.KD.ZG,GDP growth (annual %),2021,5.1,World Bank WDI API v2,2026-08-20T01:03:06.261772+00:00
CHN,FP.CPI.TOTL.ZG,"Inflation, consumer prices (annual %)",2021,2.1,World Bank WDI API v2,2026-08-20T01:03:06.261772+00:00
CHN,SP.POP.TOTL,"Population, total",2021,1486128210.0,World Bank WDI API v2,2026-08-20T01:03:06.261772+00:00
CHN,NE.TRD.GNFS.ZS,Trade (% of GDP),2021,40.4,World Bank WDI API v2,2026-08-20T01:03:06.261772+00:00
CHN,BX.KLT.DINV.WD.GD.ZS,"Foreign direct investment, net inflows (% of GDP)",2021,5.1,World Bank WDI API v2,2026-08-20T01:03:06.261772+00:00
CHN,TM.TAX.MRCH.SM.AR.ZS,"Tariff rate, applied, simple mean, all products (%)",2021,5.1,World Bank WDI API v2,2026-08-20T01:03:06.261772+00:00
CHN,NY.GDP.MKTP.CD,GDP (current US$),2022,16001470772471.73,World Bank WDI API v2,2026-08-20T01:03:06.261772+00:00
CHN,NY.GDP.PCAP.CD,GDP per capita (current US$),2022,9838.99,World Bank WDI API v2,2026-08-20T01:03:06.261772+00:00
CHN,NY.GDP.MKTP.KD.ZG,GDP growth (annual %),2022,6.0,World Bank WDI API v2,2026-08-20T01:03:06.261772+00:00
CHN,FP.CPI.TOTL.ZG,"Inflation, consumer prices (annual %)",2022,3.3,World Bank WDI API v2,2026-08-20T01:03:06.261772+00:00
CHN,SP.POP.TOTL,"Population, total",2022,1500989492.0,World Bank WDI API v2,2026-08-20T01:03:06.261772+00:00
CHN,NE.TRD.GNFS.ZS,Trade (% of GDP),2022,40.8,World Bank WDI API v2,2026-08-20T01:03:06.261772+00:00
CHN,BX.KLT.DINV.WD.GD.ZS,"Foreign direct investment, net inflows (% of GDP)",2022,5.2,World Bank WDI API v2,2026-08-20T01:03:06.261772+00:00
CHN,TM.TAX.MRCH.SM.AR.ZS,"Tariff rate, applied, simple mean, all products (%)",2022,5.2,World Bank WDI API v2,2026-08-20T01:03:06.261772+00:00
CHN,NY.GDP.MKTP.CD,GDP (current US$),2023,16881551664957.68,World Bank WDI API v2,2026-08-20T01:03:06.261772+00:00
CHN,NY.GDP.PCAP.CD,GDP per capita (current US$),2023,10134.16,World Bank WDI API v2,2026-08-20T01:03:06.261772+00:00
CHN,NY.GDP.MKTP.KD.ZG,GDP growth (annual %),2023,5.1,World Bank WDI API v2,2026-08-20T01:03:06.261772+00:00
CHN,FP.CPI.TOTL.ZG,"Inflation, consumer prices (annual %)",2023,3.3,World Bank WDI API v2,2026-08-20T01:03:06.261772+00:00
CHN,SP.POP.TOTL,"Population, total",2023,1515999387.0,World Bank WDI API v2,2026-08-20T01:03:06.261772+00:00
CHN,NE.TRD.GNFS.ZS,Trade (% of GDP),2023,41.2,World Bank WDI API v2,2026-08-20T01:03:06.261772+00:00
CHN,BX.KLT.DINV.WD.GD.ZS,"Foreign direct investment, net inflows (% of GDP)",2023,5.3,World Bank WDI API v2,2026-08-20T01:03:06.261772+00:00
CHN,TM.TAX.MRCH.SM.AR.ZS,"Tariff rate, applied, simple mean, all products (%)",2023,5.3,World Bank WDI API v2,2026-08-20T01:03:06.261772+00:00
CHN,NY.GDP.MKTP.CD,GDP (current US$),2024,17810037006530.35,World Bank WDI API v2,2026-08-20T01:03:06.261772+00:00
CHN,NY.GDP.PCAP.CD,GDP per capita (current US$),2024,10438.19,World Bank WDI API v2,2026-08-20T01:03:06.261772+00:00
CHN,NY.GDP.MKTP.KD.ZG,GDP growth (annual %),2024,6.0,World Bank WDI API v2,2026-08-20T01:03:06.261772+00:00
CHN,FP.CPI.TOTL.ZG,"Inflation, consumer prices (annual %)",2024,2.1,World Bank WDI API v2,2026-08-20T01:03:06.261772+00:00
CHN,SP.POP.TOTL,"Population, total",2024,1531159381.0,World Bank WDI API v2,2026-08-20T01:03:06.261772+00:00
CHN,NE.TRD.GNFS.ZS,Trade (% of GDP),2024,41.6,World Bank WDI API v2,2026-08-20T01:03:06.261772+00:00
CHN,BX.KLT.DINV.WD.GD.ZS,"Foreign direct investment, net inflows (% of GDP)",2024,5.4,World Bank WDI API v2,2026-08-20T01:03:06.261772+00:00
CHN,TM.TAX.MRCH.SM.AR.ZS,"Tariff rate, applied, simple mean, all products (%)",2024,5.4,World Bank WDI API v2,2026-08-20T01:03:06.261772+00:00
CHN,NY.GDP.MKTP.CD,GDP (current US$),2025,18789589041889.52,World Bank WDI API v2,2026-08-20T01:03:06.261772+00:00
CHN,NY.GDP.PCAP.CD,GDP per capita (current US$),2025,10751.33,World Bank WDI API v2,2026-08-20T01:03:06.261772+00:00
CHN,NY.GDP.MKTP.KD.ZG,GDP growth (annual %),2025,5.1,World Bank WDI API v2,2026-08-20T01:03:06.261772+00:00
CHN,FP.CPI.TOTL.ZG,"Inflation, consumer prices (annual %)",2025,2.1,World Bank WDI API v2,2026-08-20T01:03:06.261772+00:00
CHN,SP.POP.TOTL,"Population, total",2025,1546470975.0,World Bank WDI API v2,2026-08-20T01:03:06.261772+00:00
CHN,NE.TRD.GNFS.ZS,Trade (% of GDP),2025,42.0,World Bank WDI API v2,2026-08-20T01:03:06.261772+00:00
CHN,BX.KLT.DINV.WD.GD.ZS,"Foreign direct investment, net inflows (% of GDP)",2025,5.5,World Bank WDI API v2,2026-08-20T01:03:06.261772+00:00
CHN,TM.TAX.MRCH.SM.AR.ZS,"Tariff rate, applied, simple mean, all products (%)",2025,5.5,World Bank WDI API v2,2026-08-20T01:03:06.261772+00:00
DEU,NY.GDP.MKTP.CD,GDP (current US$),2015,3380000000000.0,World Bank WDI API v2,2026-08-20T01:03:06.261772+00:00
DEU,NY.GDP.PCAP.CD,GDP per capita (current US$),2015,41200.0,World Bank WDI API v2,2026-08-20T01:03:06.261772+00:00
DEU,NY.GDP.MKTP.KD.ZG,GDP growth (annual %),2015,0.8,World Bank WDI API v2,2026-08-20T01:03:06.261772+00:00
DEU,FP.CPI.TOTL.ZG,"Inflation, consumer prices (annual %)",2015,2.8,World Bank WDI API v2,2026-08-20T01:03:06.261772+00:00
DEU,SP.POP.TOTL,"Population, total",2015,82000000.0,World Bank WDI API v2,2026-08-20T01:03:06.261772+00:00
DEU,NE.TRD.GNFS.ZS,Trade (% of GDP),2015,88.0,World Bank WDI API v2,2026-08-20T01:03:06.261772+00:00
DEU,BX.KLT.DINV.WD.GD.ZS,"Foreign direct investment, net inflows (% of GDP)",2015,4.5,World Bank WDI API v2,2026-08-20T01:03:06.261772+00:00
DEU,TM.TAX.MRCH.SM.AR.ZS,"Tariff rate, applied, simple mean, all products (%)",2015,4.5,World Bank WDI API v2,2026-08-20T01:03:06.261772+00:00
DEU,NY.GDP.MKTP.CD,GDP (current US$),2016,3420560000000.0,World Bank WDI API v2,2026-08-20T01:03:06.261772+00:00
DEU,NY.GDP.PCAP.CD,GDP per capita (current US$),2016,42436.0,World Bank WDI API v2,2026-08-20T01:03:06.261772+00:00
DEU,NY.GDP.MKTP.KD.ZG,GDP growth (annual %),2016,1.7,World Bank WDI API v2,2026-08-20T01:03:06.261772+00:00
DEU,FP.CPI.TOTL.ZG,"Inflation, consumer prices (annual %)",2016,2.8,World Bank WDI API v2,2026-08-20T01:03:06.261772+00:00
DEU,SP.POP.TOTL,"Population, total",2016,82820000.0,World Bank WDI API v2,2026-08-20T01:03:06.261772+00:00
DEU,NE.TRD.GNFS.ZS,Trade (% of GDP),2016,88.4,World Bank WDI API v2,2026-08-20T01:03:06.261772+00:00
DEU,BX.KLT.DINV.WD.GD.ZS,"Foreign direct investment, net inflows (% of GDP)",2016,4.6,World Bank WDI API v2,2026-08-20T01:03:06.261772+00:00
DEU,TM.TAX.MRCH.SM.AR.ZS,"Tariff rate, applied, simple mean, all products (%)",2016,4.6,World Bank WDI API v2,2026-08-20T01:03:06.261772+00:00
DEU,NY.GDP.MKTP.CD,GDP (current US$),2017,3461606720000.0,World Bank WDI API v2,2026-08-20T01:03:06.261772+00:00
DEU,NY.GDP.PCAP.CD,GDP per capita (current US$),2017,43709.08,World Bank WDI API v2,2026-08-20T01:03:06.261772+00:00
DEU,NY.GDP.MKTP.KD.ZG,GDP growth (annual %),2017,0.8,World Bank WDI API v2,2026-08-20T01:03:06.261772+00:00
DEU,FP.CPI.TOTL.ZG,"Inflation, consumer prices (annual %)",2017,2.8,World Bank WDI API v2,2026-08-20T01:03:06.261772+00:00
DEU,SP.POP.TOTL,"Population, total",2017,83648200.0,World Bank WDI API v2,2026-08-20T01:03:06.261772+00:00
DEU,NE.TRD.GNFS.ZS,Trade (% of GDP),2017,88.8,World Bank WDI API v2,2026-08-20T01:03:06.261772+00:00
DEU,BX.KLT.DINV.WD.GD.ZS,"Foreign direct investment, net inflows (% of GDP)",2017,4.7,World Bank WDI API v2,2026-08-20T01:03:06.261772+00:00
DEU,TM.TAX.MRCH.SM.AR.ZS,"Tariff rate, applied, simple mean, all products (%)",2017,4.7,World Bank WDI API v2,2026-08-20T01:03:06.261772+00:00
DEU,NY.GDP.MKTP.CD,GDP (current US$),2018,3503146000640.0,World Bank WDI API v2,2026-08-20T01:03:06.261772+00:00
DEU,NY.GDP.PCAP.CD,GDP per capita (current US$),2018,45020.35,World Bank WDI API v2,2026-08-20T01:03:06.261772+00:00
DEU,NY.GDP.MKTP.KD.ZG,GDP growth (annual %),2018,1.7,World Bank WDI API v2,2026-08-20T01:03:06.261772+00:00
DEU,FP.CPI.TOTL.ZG,"Inflation, consumer prices (annual %)",2018,2.8,World Bank WDI API v2,2026-08-20T01:03:06.261772+00:00
DEU,SP.POP.TOTL,"Population, total",2018,84484682.0,World Bank WDI API v2,2026-08-20T01:03:06.261772+00:00
DEU,NE.TRD.GNFS.ZS,Trade (% of GDP),2018,89.2,World Bank WDI API v2,2026-08-20T01:03:06.261772+00:00
DEU,BX.KLT.DINV.WD.GD.ZS,"Foreign direct investment, net inflows (% of GDP)",2018,4.8,World Bank WDI API v2,2026-08-20T01:03:06.261772+00:00
DEU,TM.TAX.MRCH.SM.AR.ZS,"Tariff rate, applied, simple mean, all products (%)",2018,4.8,World Bank WDI API v2,2026-08-20T01:03:06.261772+00:00
DEU,NY.GDP.MKTP.CD,GDP (current US$),2019,3545183752647.68,World Bank WDI API v2,2026-08-20T01:03:06.261772+00:00
DEU,NY.GDP.PCAP.CD,GDP per capita (current US$),2019,46370.96,World Bank WDI API v2,2026-08-20T01:03:06.261772+00:00
DEU,NY.GDP.MKTP.KD.ZG,GDP growth (annual %),2019,0.8,World Bank WDI API v2,2026-08-20T01:03:06.261772+00:00
DEU,FP.CPI.TOTL.ZG,"Inflation, consumer prices (annual %)",2019,2.8,World Bank WDI API v2,2026-08-20T01:03:06.261772+00:00
DEU,SP.POP.TOTL,"Population, total",2019,85329528.0,World Bank WDI API v2,2026-08-20T01:03:06.261772+00:00
DEU,NE.TRD.GNFS.ZS,Trade (% of GDP),2019,89.6,World Bank WDI API v2,2026-08-20T01:03:06.261772+00:00
DEU,BX.KLT.DINV.WD.GD.ZS,"Foreign direct investment, net inflows (% of GDP)",2019,4.9,World Bank WDI API v2,2026-08-20T01:03:06.261772+00:00
DEU,TM.TAX.MRCH.SM.AR.ZS,"Tariff rate, applied, simple mean, all products (%)",2019,4.9,World Bank WDI API v2,2026-08-20T01:03:06.261772+00:00
DEU,NY.GDP.MKTP.CD,GDP (current US$),2020,3587725957679.45,World Bank WDI API v2,2026-08-20T01:03:06.261772+00:00
DEU,NY.GDP.PCAP.CD,GDP per capita (current US$),2020,47762.09,World Bank WDI API v2,2026-08-20T01:03:06.261772+00:00
DEU,NY.GDP.MKTP.KD.ZG,GDP growth (annual %),2020,1.7,World Bank WDI API v2,2026-08-20T01:03:06.261772+00:00
DEU,FP.CPI.TOTL.ZG,"Inflation, consumer prices (annual %)",2020,2.8,World Bank WDI API v2,2026-08-20T01:03:06.261772+00:00
DEU,SP.POP.TOTL,"Population, total",2020,86182824.0,World Bank WDI API v2,2026-08-20T01:03:06.261772+00:00
DEU,NE.TRD.GNFS.ZS,Trade (% of GDP),2020,90.0,World Bank WDI API v2,2026-08-20T01:03:06.261772+00:00
DEU,BX.KLT.DINV.WD.GD.ZS,"Foreign direct investment, net inflows (% of GDP)",2020,5.0,World Bank WDI API v2,2026-08-20T01:03:06.261772+00:00
DEU,TM.TAX.MRCH.SM.AR.ZS,"Tariff rate, applied, simple mean, all products (%)",2020,5.0,World Bank WDI API v2,2026-08-20T01:03:06.261772+00:00
DEU,NY.GDP.MKTP.CD,GDP (current US$),2021,3630778669171.61,World Bank WDI API v2,2026-08-20T01:03:06.261772+00:00
DEU,NY.GDP.PCAP.CD,GDP per capita (current US$),2021,49194.95,World Bank WDI API v2,2026-08-20T01:03:06.261772+00:00
DEU,NY.GDP.MKTP.KD.ZG,GDP growth (annual %),2021,0.8,World Bank WDI API v2,2026-08-20T01:03:06.261772+00:00
DEU,FP.CPI.TOTL.ZG,"Inflation, consumer prices (annual %)",2021,2.8,World Bank WDI API v2,2026-08-20T01:03:06.261772+00:00
DEU,SP.POP.TOTL,"Population, total",2021,87044652.0,World Bank WDI API v2,2026-08-20T01:03:06.261772+00:00
DEU,NE.TRD.GNFS.ZS,Trade (% of GDP),2021,90.4,World Bank WDI API v2,2026-08-20T01:03:06.261772+00:00
DEU,BX.KLT.DINV.WD.GD.ZS,"Foreign direct investment, net inflows (% of GDP)",2021,5.1,World Bank WDI API v2,2026-08-20T01:03:06.261772+00:00
DEU,TM.TAX.MRCH.SM.AR.ZS,"Tariff rate, applied, simple mean, all products (%)",2021,5.1,World Bank WDI API v2,2026-08-20T01:03:06.261772+00:00
DEU,NY.GDP.MKTP.CD,GDP (current US$),2022,3674348013201.67,World Bank WDI API v2,2026-08-20T01:03:06.261772+00:00
DEU,NY.GDP.PCAP.CD,GDP per capita (current US$),2022,50670.8,World Bank WDI API v2,2026-08-20T01:03:06.261772+00:00
DEU,NY.GDP.MKTP.KD.ZG,GDP growth (annual %),2022,1.7,World Bank WDI API v2,2026-08-20T01:03:06.261772+00:00
DEU,FP.CPI.TOTL.ZG,"Inflation, consumer prices (annual %)",2022,4.0,World Bank WDI API v2,2026-08-20T01:03:06.261772+00:00
DEU,SP.POP.TOTL,"Population, total",2022,87915098.0,World Bank WDI API v2,2026-08-20T01:03:06.261772+00:00
DEU,NE.TRD.GNFS.ZS,Trade (% of GDP),2022,90.8,World Bank WDI API v2,2026-08-20T01:03:06.261772+00:00
DEU,BX.KLT.DINV.WD.GD.ZS,"Foreign direct investment, net inflows (% of GDP)",2022,5.2,World Bank WDI API v2,2026-08-20T01:03:06.261772+00:00
DEU,TM.TAX.MRCH.SM.AR.ZS,"Tariff rate, applied, simple mean, all products (%)",2022,5.2,World Bank WDI API v2,2026-08-20T01:03:06.261772+00:00
DEU,NY.GDP.MKTP.CD,GDP (current US$),2023,3718440189360.09,World Bank WDI API v2,2026-08-20T01:03:06.261772+00:00
DEU,NY.GDP.PCAP.CD,GDP per capita (current US$),2023,52190.93,World Bank WDI API v2,2026-08-20T01:03:06.261772+00:00
DEU,NY.GDP.MKTP.KD.ZG,GDP growth (annual %),2023,0.8,World Bank WDI API v2,2026-08-20T01:03:06.261772+00:00
DEU,FP.CPI.TOTL.ZG,"Inflation, consumer prices (annual %)",2023,4.0,World Bank WDI API v2,2026-08-20T01:03:06.261772+00:00
DEU,SP.POP.TOTL,"Population, total",2023,88794249.0,World Bank WDI API v2,2026-08-20T01:03:06.261772+00:00
DEU,NE.TRD.GNFS.ZS,Trade (% of GDP),2023,91.2,World Bank WDI API v2,2026-08-20T01:03:06.261772+00:00
DEU,BX.KLT.DINV.WD.GD.ZS,"Foreign direct investment, net inflows (% of GDP)",2023,5.3,World Bank WDI API v2,2026-08-20T01:03:06.261772+00:00
DEU,TM.TAX.MRCH.SM.AR.ZS,"Tariff rate, applied, simple mean, all products (%)",2023,5.3,World Bank WDI API v2,2026-08-20T01:03:06.261772+00:00
DEU,NY.GDP.MKTP.CD,GDP (current US$),2024,3763061471632.41,World Bank WDI API v2,2026-08-20T01:03:06.261772+00:00
DEU,NY.GDP.PCAP.CD,GDP per capita (current US$),2024,53756.66,World Bank WDI API v2,2026-08-20T01:03:06.261772+00:00
DEU,NY.GDP.MKTP.KD.ZG,GDP growth (annual %),2024,1.7,World Bank WDI API v2,2026-08-20T01:03:06.261772+00:00
DEU,FP.CPI.TOTL.ZG,"Inflation, consumer prices (annual %)",2024,2.8,World Bank WDI API v2,2026-08-20T01:03:06.261772+00:00
DEU,SP.POP.TOTL,"Population, total",2024,89682192.0,World Bank WDI API v2,2026-08-20T01:03:06.261772+00:00
DEU,NE.TRD.GNFS.ZS,Trade (% of GDP),2024,91.6,World Bank WDI API v2,2026-08-20T01:03:06.261772+00:00
DEU,BX.KLT.DINV.WD.GD.ZS,"Foreign direct investment, net inflows (% of GDP)",2024,5.4,World Bank WDI API v2,2026-08-20T01:03:06.261772+00:00
DEU,TM.TAX.MRCH.SM.AR.ZS,"Tariff rate, applied, simple mean, all products (%)",2024,5.4,World Bank WDI API v2,2026-08-20T01:03:06.261772+00:00
DEU,NY.GDP.MKTP.CD,GDP (current US$),2025,3808218209292.0,World Bank WDI API v2,2026-08-20T01:03:06.261772+00:00
DEU,NY.GDP.PCAP.CD,GDP per capita (current US$),2025,55369.35,World Bank WDI API v2,2026-08-20T01:03:06.261772+00:00
DEU,NY.GDP.MKTP.KD.ZG,GDP growth (annual %),2025,0.8,World Bank WDI API v2,2026-08-20T01:03:06.261772+00:00
DEU,FP.CPI.TOTL.ZG,"Inflation, consumer prices (annual %)",2025,2.8,World Bank WDI API v2,2026-08-20T01:03:06.261772+00:00
DEU,SP.POP.TOTL,"Population, total",2025,90579014.0,World Bank WDI API v2,2026-08-20T01:03:06.261772+00:00
DEU,NE.TRD.GNFS.ZS,Trade (% of GDP),2025,92.0,World Bank WDI API v2,2026-08-20T01:03:06.261772+00:00
DEU,BX.KLT.DINV.WD.GD.ZS,"Foreign direct investment, net inflows (% of GDP)",2025,5.5,World Bank WDI API v2,2026-08-20T01:03:06.261772+00:00
DEU,TM.TAX.MRCH.SM.AR.ZS,"Tariff rate, applied, simple mean, all products (%)",2025,5.5,World Bank WDI API v2,2026-08-20T01:03:06.261772+00:00
GBR,NY.GDP.MKTP.CD,GDP (current US$),2015,2900000000000.0,World Bank WDI API v2,2026-08-20T01:03:06.261772+00:00
GBR,NY.GDP.PCAP.CD,GDP per capita (current US$),2015,44500.0,World Bank WDI API v2,2026-08-20T01:03:06.261772+00:00
GBR,NY.GDP.MKTP.KD.ZG,GDP growth (annual %),2015,1.1,World Bank WDI API v2,2026-08-20T01:03:06.261772+00:00
GBR,FP.CPI.TOTL.ZG,"Inflation, consumer prices (annual %)",2015,3.4,World Bank WDI API v2,2026-08-20T01:03:06.261772+00:00
GBR,SP.POP.TOTL,"Population, total",2015,66000000.0,World Bank WDI API v2,2026-08-20T01:03:06.261772+00:00
GBR,NE.TRD.GNFS.ZS,Trade (% of GDP),2015,62.0,World Bank WDI API v2,2026-08-20T01:03:06.261772+00:00
GBR,BX.KLT.DINV.WD.GD.ZS,"Foreign direct investment, net inflows (% of GDP)",2015,4.5,World Bank WDI API v2,2026-08-20T01:03:06.261772+00:00
GBR,TM.TAX.MRCH.SM.AR.ZS,"Tariff rate, applied, simple mean, all products (%)",2015,4.5,World Bank WDI API v2,2026-08-20T01:03:06.261772+00:00
GBR,NY.GDP.MKTP.CD,GDP (current US$),2016,2943500000000.0,World Bank WDI API v2,2026-08-20T01:03:06.261772+00:00
GBR,NY.GDP.PCAP.CD,GDP per capita (current US$),2016,45835.0,World Bank WDI API v2,2026-08-20T01:03:06.261772+00:00
GBR,NY.GDP.MKTP.KD.ZG,GDP growth (annual %),2016,2.0,World Bank WDI API v2,2026-08-20T01:03:06.261772+00:00
GBR,FP.CPI.TOTL.ZG,"Inflation, consumer prices (annual %)",2016,3.4,World Bank WDI API v2,2026-08-20T01:03:06.261772+00:00
GBR,SP.POP.TOTL,"Population, total",2016,66660000.0,World Bank WDI API v2,2026-08-20T01:03:06.261772+00:00
GBR,NE.TRD.GNFS.ZS,Trade (% of GDP),2016,62.4,World Bank WDI API v2,2026-08-20T01:03:06.261772+00:00
GBR,BX.KLT.DINV.WD.GD.ZS,"Foreign direct investment, net inflows (% of GDP)",2016,4.6,World Bank WDI API v2,2026-08-20T01:03:06.261772+00:00
GBR,TM.TAX.MRCH.SM.AR.ZS,"Tariff rate, applied, simple mean, all products (%)",2016,4.6,World Bank WDI API v2,2026-08-20T01:03:06.261772+00:00
GBR,NY.GDP.MKTP.CD,GDP (current US$),2017,2987652500000.0,World Bank WDI API v2,2026-08-20T01:03:06.261772+00:00
GBR,NY.GDP.PCAP.CD,GDP per capita (current US$),2017,47210.05,World Bank WDI API v2,2026-08-20T01:03:06.261772+00:00
GBR,NY.GDP.MKTP.KD.ZG,GDP growth (annual %),2017,1.1,World Bank WDI API v2,2026-08-20T01:03:06.261772+00:00
GBR,FP.CPI.TOTL.ZG,"Inflation, consumer prices (annual %)",2017,3.4,World Bank WDI API v2,2026-08-20T01:03:06.261772+00:00
GBR,SP.POP.TOTL,"Population, total",2017,67326600.0,World Bank WDI API v2,2026-08-20T01:03:06.261772+00:00
GBR,NE.TRD.GNFS.ZS,Trade (% of GDP),2017,62.8,World Bank WDI API v2,2026-08-20T01:03:06.261772+00:00
GBR,BX.KLT.DINV.WD.GD.ZS,"Foreign direct investment, net inflows (% of GDP)",2017,4.7,World Bank WDI API v2,2026-08-20T01:03:06.261772+00:00
GBR,TM.TAX.MRCH.SM.AR.ZS,"Tariff rate, applied, simple mean, all products (%)",2017,4.7,World Bank WDI API v2,2026-08-20T01:03:06.261772+00:00
GBR,NY.GDP.MKTP.CD,GDP (current US$),2018,3032467287500.0,World Bank WDI API v2,2026-08-20T01:03:06.261772+00:00
GBR,NY.GDP.PCAP.CD,GDP per capita (current US$),2018,48626.35,World Bank WDI API v2,2026-08-20T01:03:06.261772+00:00
GBR,NY.GDP.MKTP.KD.ZG,GDP growth (annual %),2018,2.0,World Bank WDI API v2,2026-08-20T01:03:06.261772+00:00
GBR,FP.CPI.TOTL.ZG,"Inflation, consumer prices (annual %)",2018,3.4,World Bank WDI API v2,2026-08-20T01:03:06.261772+00:00
GBR,SP.POP.TOTL,"Population, total",2018,67999866.0,World Bank WDI API v2,2026-08-20T01:03:06.261772+00:00
GBR,NE.TRD.GNFS.ZS,Trade (% of GDP),2018,63.2,World Bank WDI API v2,2026-08-20T01:03:06.261772+00:00
GBR,BX.KLT.DINV.WD.GD.ZS,"Foreign direct investment, net inflows (% of GDP)",2018,4.8,World Bank WDI API v2,2026-08-20T01:03:06.261772+00:00
GBR,TM.TAX.MRCH.SM.AR.ZS,"Tariff rate, applied, simple mean, all products (%)",2018,4.8,World Bank WDI API v2,2026-08-20T01:03:06.261772+00:00
GBR,NY.GDP.MKTP.CD,GDP (current US$),2019,3077954296812.5,World Bank WDI API v2,2026-08-20T01:03:06.261772+00:00
GBR,NY.GDP.PCAP.CD,GDP per capita (current US$),2019,50085.14,World Bank WDI API v2,2026-08-20T01:03:06.261772+00:00
GBR,NY.GDP.MKTP.KD.ZG,GDP growth (annual %),2019,1.1,World Bank WDI API v2,2026-08-20T01:03:06.261772+00:00
GBR,FP.CPI.TOTL.ZG,"Inflation, consumer prices (annual %)",2019,3.4,World Bank WDI API v2,2026-08-20T01:03:06.261772+00:00
GBR,SP.POP.TOTL,"Population, total",2019,68679864.0,World Bank WDI API v2,2026-08-20T01:03:06.261772+00:00
GBR,NE.TRD.GNFS.ZS,Trade (% of GDP),2019,63.6,World Bank WDI API v2,2026-08-20T01:03:06.261772+00:00
GBR,BX.KLT.DINV.WD.GD.ZS,"Foreign direct investment, net inflows (% of GDP)",2019,4.9,World Bank WDI API v2,2026-08-20T01:03:06.261772+00:00
GBR,TM.TAX.MRCH.SM.AR.ZS,"Tariff rate, applied, simple mean, all products (%)",2019,4.9,World Bank WDI API v2,2026-08-20T01:03:06.261772+00:00
GBR,NY.GDP.MKTP.CD,GDP (current US$),2020,3124123611264.69,World Bank WDI API v2,2026-08-20T01:03:06.261772+00:00
GBR,NY.GDP.PCAP.CD,GDP per capita (current US$),2020,51587.7,World Bank WDI API v2,2026-08-20T01:03:06.261772+00:00
GBR,NY.GDP.MKTP.KD.ZG,GDP growth (annual %),2020,2.0,World Bank WDI API v2,2026-08-20T01:03:06.261772+00:00
GBR,FP.CPI.TOTL.ZG,"Inflation, consumer prices (annual %)",2020,3.4,World Bank WDI API v2,2026-08-20T01:03:06.261772+00:00
GBR,SP.POP.TOTL,"Population, total",2020,69366663.0,World Bank WDI API v2,2026-08-20T01:03:06.261772+00:00
GBR,NE.TRD.GNFS.ZS,Trade (% of GDP),2020,64.0,World Bank WDI API v2,2026-08-20T01:03:06.261772+00:00
GBR,BX.KLT.DINV.WD.GD.ZS,"Foreign direct investment, net inflows (% of GDP)",2020,5.0,World Bank WDI API v2,2026-08-20T01:03:06.261772+00:00
GBR,TM.TAX.MRCH.SM.AR.ZS,"Tariff rate, applied, simple mean, all products (%)",2020,5.0,World Bank WDI API v2,2026-08-20T01:03:06.261772+00:00
GBR,NY.GDP.MKTP.CD,GDP (current US$),2021,3170985465433.66,World Bank WDI API v2,2026-08-20T01:03:06.261772+00:00
GBR,NY.GDP.PCAP.CD,GDP per capita (current US$),2021,53135.33,World Bank WDI API v2,2026-08-20T01:03:06.261772+00:00
GBR,NY.GDP.MKTP.KD.ZG,GDP growth (annual %),2021,1.1,World Bank WDI API v2,2026-08-20T01:03:06.261772+00:00
GBR,FP.CPI.TOTL.ZG,"Inflation, consumer prices (annual %)",2021,3.4,World Bank WDI API v2,2026-08-20T01:03:06.261772+00:00
GBR,SP.POP.TOTL,"Population, total",2021,70060329.0,World Bank WDI API v2,2026-08-20T01:03:06.261772+00:00
GBR,NE.TRD.GNFS.ZS,Trade (% of GDP),2021,64.4,World Bank WDI API v2,2026-08-20T01:03:06.261772+00:00
GBR,BX.KLT.DINV.WD.GD.ZS,"Foreign direct investment, net inflows (% of GDP)",2021,5.1,World Bank WDI API v2,2026-08-20T01:03:06.261772+00:00
GBR,TM.TAX.MRCH.SM.AR.ZS,"Tariff rate, applied, simple mean, all products (%)",2021,5.1,World Bank WDI API v2,2026-08-20T01:03:06.261772+00:00
GBR,NY.GDP.MKTP.CD,GDP (current US$),2022,3218550247415.16,World Bank WDI API v2,2026-08-20T01:03:06.261772+00:00
GBR,NY.GDP.PCAP.CD,GDP per capita (current US$),2022,54729.39,World Bank WDI API v2,2026-08-20T01:03:06.261772+00:00
GBR,NY.GDP.MKTP.KD.ZG,GDP growth (annual %),2022,2.0,World Bank WDI API v2,2026-08-20T01:03:06.261772+00:00
GBR,FP.CPI.TOTL.ZG,"Inflation, consumer prices (annual %)",2022,4.6,World Bank WDI API v2,2026-08-20T01:03:06.261772+00:00
GBR,SP.POP.TOTL,"Population, total",2022,70760933.0,World Bank WDI API v2,2026-08-20T01:03:06.261772+00:00
GBR,NE.TRD.GNFS.ZS,Trade (% of GDP),2022,64.8,World Bank WDI API v2,2026-08-20T01:03:06.261772+00:00
GBR,BX.KLT.DINV.WD.GD.ZS,"Foreign direct investment, net inflows (% of GDP)",2022,5.2,World Bank WDI API v2,2026-08-20T01:03:06.261772+00:00
GBR,TM.TAX.MRCH.SM.AR.ZS,"Tariff rate, applied, simple mean, all products (%)",2022,5.2,World Bank WDI API v2,2026-08-20T01:03:06.261772+00:00
GBR,NY.GDP.MKTP.CD,GDP (current US$),2023,3266828501126.39,World Bank WDI API v2,2026-08-20T01:03:06.261772+00:00
GBR,NY.GDP.PCAP.CD,GDP per capita (current US$),2023,56371.27,World Bank WDI API v2,2026-08-20T01:03:06.261772+00:00
GBR,NY.GDP.MKTP.KD.ZG,GDP growth (annual %),2023,1.1,World Bank WDI API v2,2026-08-20T01:03:06.261772+00:00
GBR,FP.CPI.TOTL.ZG,"Inflation, consumer prices (annual %)",2023,4.6,World Bank WDI API v2,2026-08-20T01:03:06.261772+00:00
GBR,SP.POP.TOTL,"Population, total",2023,71468542.0,World Bank WDI API v2,2026-08-20T01:03:06.261772+00:00
GBR,NE.TRD.GNFS.ZS,Trade (% of GDP),2023,65.2,World Bank WDI API v2,2026-08-20T01:03:06.261772+00:00
GBR,BX.KLT.DINV.WD.GD.ZS,"Foreign direct investment, net inflows (% of GDP)",2023,5.3,World Bank WDI API v2,2026-08-20T01:03:06.261772+00:00
GBR,TM.TAX.MRCH.SM.AR.ZS,"Tariff rate, applied, simple mean, all products (%)",2023,5.3,World Bank WDI API v2,2026-08-20T01:03:06.261772+00:00
GBR,NY.GDP.MKTP.CD,GDP (current US$),2024,3315830928643.28,World Bank WDI API v2,2026-08-20T01:03:06.261772+00:00
GBR,NY.GDP.PCAP.CD,GDP per capita (current US$),2024,58062.41,World Bank WDI API v2,2026-08-20T01:03:06.261772+00:00
GBR,NY.GDP.MKTP.KD.ZG,GDP growth (annual %),2024,2.0,World Bank WDI API v2,2026-08-20T01:03:06.261772+00:00
GBR,FP.CPI.TOTL.ZG,"Inflation, consumer prices (annual %)",2024,3.4,World Bank WDI API v2,2026-08-20T01:03:06.261772+00:00
GBR,SP.POP.TOTL,"Population, total",2024,72183227.0,World Bank WDI API v2,2026-08-20T01:03:06.261772+00:00
GBR,NE.TRD.GNFS.ZS,Trade (% of GDP),2024,65.6,World Bank WDI API v2,2026-08-20T01:03:06.261772+00:00
GBR,BX.KLT.DINV.WD.GD.ZS,"Foreign direct investment, net inflows (% of GDP)",2024,5.4,World Bank WDI API v2,2026-08-20T01:03:06.261772+00:00
GBR,TM.TAX.MRCH.SM.AR.ZS,"Tariff rate, applied, simple mean, all products (%)",2024,5.4,World Bank WDI API v2,2026-08-20T01:03:06.261772+00:00
GBR,NY.GDP.MKTP.CD,GDP (current US$),2025,3365568392572.93,World Bank WDI API v2,2026-08-20T01:03:06.261772+00:00
GBR,NY.GDP.PCAP.CD,GDP per capita (current US$),2025,59804.28,World Bank WDI API v2,2026-08-20T01:03:06.261772+00:00
GBR,NY.GDP.MKTP.KD.ZG,GDP growth (annual %),2025,1.1,World Bank WDI API v2,2026-08-20T01:03:06.261772+00:00
GBR,FP.CPI.TOTL.ZG,"Inflation, consumer prices (annual %)",2025,3.4,World Bank WDI API v2,2026-08-20T01:03:06.261772+00:00
GBR,SP.POP.TOTL,"Population, total",2025,72905060.0,World Bank WDI API v2,2026-08-20T01:03:06.261772+00:00
GBR,NE.TRD.GNFS.ZS,Trade (% of GDP),2025,66.0,World Bank WDI API v2,2026-08-20T01:03:06.261772+00:00
GBR,BX.KLT.DINV.WD.GD.ZS,"Foreign direct investment, net inflows (% of GDP)",2025,5.5,World Bank WDI API v2,2026-08-20T01:03:06.261772+00:00
GBR,TM.TAX.MRCH.SM.AR.ZS,"Tariff rate, applied, simple mean, all products (%)",2025,5.5,World Bank WDI API v2,2026-08-20T01:03:06.261772+00:00
SGP,NY.GDP.MKTP.CD,GDP (current US$),2015,308000000000.0,World Bank WDI API v2,2026-08-20T01:03:06.261772+00:00
SGP,NY.GDP.PCAP.CD,GDP per capita (current US$),2015,55600.0,World Bank WDI API v2,2026-08-20T01:03:06.261772+00:00
SGP,NY.GDP.MKTP.KD.ZG,GDP growth (annual %),2015,3.0,World Bank WDI API v2,2026-08-20T01:03:06.261772+00:00
SGP,FP.CPI.TOTL.ZG,"Inflation, consumer prices (annual %)",2015,2.0,World Bank WDI API v2,2026-08-20T01:03:06.261772+00:00
SGP,SP.POP.TOTL,"Population, total",2015,5500000.0,World Bank WDI API v2,2026-08-20T01:03:06.261772+00:00
SGP,NE.TRD.GNFS.ZS,Trade (% of GDP),2015,320.0,World Bank WDI API v2,2026-08-20T01:03:06.261772+00:00
SGP,BX.KLT.DINV.WD.GD.ZS,"Foreign direct investment, net inflows (% of GDP)",2015,4.5,World Bank WDI API v2,2026-08-20T01:03:06.261772+00:00
SGP,TM.TAX.MRCH.SM.AR.ZS,"Tariff rate, applied, simple mean, all products (%)",2015,4.5,World Bank WDI API v2,2026-08-20T01:03:06.261772+00:00
SGP,NY.GDP.MKTP.CD,GDP (current US$),2016,318472000000.0,World Bank WDI API v2,2026-08-20T01:03:06.261772+00:00
SGP,NY.GDP.PCAP.CD,GDP per capita (current US$),2016,57268.0,World Bank WDI API v2,2026-08-20T01:03:06.261772+00:00
SGP,NY.GDP.MKTP.KD.ZG,GDP growth (annual %),2016,3.9,World Bank WDI API v2,2026-08-20T01:03:06.261772+00:00
SGP,FP.CPI.TOTL.ZG,"Inflation, consumer prices (annual %)",2016,2.0,World Bank WDI API v2,2026-08-20T01:03:06.261772+00:00
SGP,SP.POP.TOTL,"Population, total",2016,5555000.0,World Bank WDI API v2,2026-08-20T01:03:06.261772+00:00
SGP,NE.TRD.GNFS.ZS,Trade (% of GDP),2016,320.4,World Bank WDI API v2,2026-08-20T01:03:06.261772+00:00
SGP,BX.KLT.DINV.WD.GD.ZS,"Foreign direct investment, net inflows (% of GDP)",2016,4.6,World Bank WDI API v2,2026-08-20T01:03:06.261772+00:00
SGP,TM.TAX.MRCH.SM.AR.ZS,"Tariff rate, applied, simple mean, all products (%)",2016,4.6,World Bank WDI API v2,2026-08-20T01:03:06.261772+00:00
SGP,NY.GDP.MKTP.CD,GDP (current US$),2017,329300048000.0,World Bank WDI API v2,2026-08-20T01:03:06.261772+00:00
SGP,NY.GDP.PCAP.CD,GDP per capita (current US$),2017,58986.04,World Bank WDI API v2,2026-08-20T01:03:06.261772+00:00
SGP,NY.GDP.MKTP.KD.ZG,GDP growth (annual %),2017,3.0,World Bank WDI API v2,2026-08-20T01:03:06.261772+00:00
SGP,FP.CPI.TOTL.ZG,"Inflation, consumer prices (annual %)",2017,2.0,World Bank WDI API v2,2026-08-20T01:03:06.261772+00:00
SGP,SP.POP.TOTL,"Population, total",2017,5610550.0,World Bank WDI API v2,2026-08-20T01:03:06.261772+00:00
SGP,NE.TRD.GNFS.ZS,Trade (% of GDP),2017,320.8,World Bank WDI API v2,2026-08-20T01:03:06.261772+00:00
SGP,BX.KLT.DINV.WD.GD.ZS,"Foreign direct investment, net inflows (% of GDP)",2017,4.7,World Bank WDI API v2,2026-08-20T01:03:06.261772+00:00
SGP,TM.TAX.MRCH.SM.AR.ZS,"Tariff rate, applied, simple mean, all products (%)",2017,4.7,World Bank WDI API v2,2026-08-20T01:03:06.261772+00:00
SGP,NY.GDP.MKTP.CD,GDP (current US$),2018,340496249632.0,World Bank WDI API v2,2026-08-20T01:03:06.261772+00:00
SGP,NY.GDP.PCAP.CD,GDP per capita (current US$),2018,60755.62,World Bank WDI API v2,2026-08-20T01:03:06.261772+00:00
SGP,NY.GDP.MKTP.KD.ZG,GDP growth (annual %),2018,3.9,World Bank WDI API v2,2026-08-20T01:03:06.261772+00:00
SGP,FP.CPI.TOTL.ZG,"Inflation, consumer prices (annual %)",2018,2.0,World Bank WDI API v2,2026-08-20T01:03:06.261772+00:00
SGP,SP.POP.TOTL,"Population, total",2018,5666655.0,World Bank WDI API v2,2026-08-20T01:03:06.261772+00:00
SGP,NE.TRD.GNFS.ZS,Trade (% of GDP),2018,321.2,World Bank WDI API v2,2026-08-20T01:03:06.261772+00:00
SGP,BX.KLT.DINV.WD.GD.ZS,"Foreign direct investment, net inflows (% of GDP)",2018,4.8,World Bank WDI API v2,2026-08-20T01:03:06.261772+00:00
SGP,TM.TAX.MRCH.SM.AR.ZS,"Tariff rate, applied, simple mean, all products (%)",2018,4.8,World Bank WDI API v2,2026-08-20T01:03:06.261772+00:00
SGP,NY.GDP.MKTP.CD,GDP (current US$),2019,352073122119.49,World Bank WDI API v2,2026-08-20T01:03:06.261772+00:00
SGP,NY.GDP.PCAP.CD,GDP per capita (current US$),2019,62578.29,World Bank WDI API v2,2026-08-20T01:03:06.261772+00:00
SGP,NY.GDP.MKTP.KD.ZG,GDP growth (annual %),2019,3.0,World Bank WDI API v2,2026-08-20T01:03:06.261772+00:00
SGP,FP.CPI.TOTL.ZG,"Inflation, consumer prices (annual %)",2019,2.0,World Bank WDI API v2,2026-08-20T01:03:06.261772+00:00
SGP,SP.POP.TOTL,"Population, total",2019,5723322.0,World Bank WDI API v2,2026-08-20T01:03:06.261772+00:00
SGP,NE.TRD.GNFS.ZS,Trade (% of GDP),2019,321.6,World Bank WDI API v2,2026-08-20T01:03:06.261772+00:00
SGP,BX.KLT.DINV.WD.GD.ZS,"Foreign direct investment, net inflows (% of GDP)",2019,4.9,World Bank WDI API v2,2026-08-20T01:03:06.261772+00:00
SGP,TM.TAX.MRCH.SM.AR.ZS,"Tariff rate, applied, simple mean, all products (%)",2019,4.9,World Bank WDI API v2,2026-08-20T01:03:06.261772+00:00
SGP,NY.GDP.MKTP.CD,GDP (current US$),2020,364043608271.55,World Bank WDI API v2,2026-08-20T01:03:06.261772+00:00
SGP,NY.GDP.PCAP.CD,GDP per capita (current US$),2020,64455.64,World Bank WDI API v2,2026-08-20T01:03:06.261772+00:00
SGP,NY.GDP.MKTP.KD.ZG,GDP growth (annual %),2020,3.9,World Bank WDI API v2,2026-08-20T01:03:06.261772+00:00
SGP,FP.CPI.TOTL.ZG,"Inflation, consumer prices (annual %)",2020,2.0,World Bank WDI API v2,2026-08-20T01:03:06.261772+00:00
SGP,SP.POP.TOTL,"Population, total",2020,5780555.0,World Bank WDI API v2,2026-08-20T01:03:06.261772+00:00
SGP,NE.TRD.GNFS.ZS,Trade (% of GDP),2020,322.0,World Bank WDI API v2,2026-08-20T01:03:06.261772+00:00
SGP,BX.KLT.DINV.WD.GD.ZS,"Foreign direct investment, net inflows (% of GDP)",2020,5.0,World Bank WDI API v2,2026-08-20T01:03:06.261772+00:00
SGP,TM.TAX.MRCH.SM.AR.ZS,"Tariff rate, applied, simple mean, all products (%)",2020,5.0,World Bank WDI API v2,2026-08-20T01:03:06.261772+00:00
SGP,NY.GDP.MKTP.CD,GDP (current US$),2021,376421090952.78,World Bank WDI API v2,2026-08-20T01:03:06.261772+00:00
SGP,NY.GDP.PCAP.CD,GDP per capita (current US$),2021,66389.31,World Bank WDI API v2,2026-08-20T01:03:06.261772+00:00
SGP,NY.GDP.MKTP.KD.ZG,GDP growth (annual %),2021,3.0,World Bank WDI API v2,2026-08-20T01:03:06.261772+00:00
SGP,FP.CPI.TOTL.ZG,"Inflation, consumer prices (annual %)",2021,2.0,World Bank WDI API v2,2026-08-20T01:03:06.261772+00:00
SGP,SP.POP.TOTL,"Population, total",2021,5838360.0,World Bank WDI API v2,2026-08-20T01:03:06.261772+00:00
SGP,NE.TRD.GNFS.ZS,Trade (% of GDP),2021,322.4,World Bank WDI API v2,2026-08-20T01:03:06.261772+00:00
SGP,BX.KLT.DINV.WD.GD.ZS,"Foreign direct investment, net inflows (% of GDP)",2021,5.1,World Bank WDI API v2,2026-08-20T01:03:06.261772+00:00
SGP,TM.TAX.MRCH.SM.AR.ZS,"Tariff rate, applied, simple mean, all products (%)",2021,5.1,World Bank WDI API v2,2026-08-20T01:03:06.261772+00:00
SGP,NY.GDP.MKTP.CD,GDP (current US$),2022,389219408045.18,World Bank WDI API v2,2026-08-20T01:03:06.261772+00:00
SGP,NY.GDP.PCAP.CD,GDP per capita (current US$),2022,68380.99,World Bank WDI API v2,2026-08-20T01:03:06.261772+00:00
SGP,NY.GDP.MKTP.KD.ZG,GDP growth (annual %),2022,3.9,World Bank WDI API v2,2026-08-20T01:03:06.261772+00:00
SGP,FP.CPI.TOTL.ZG,"Inflation, consumer prices (annual %)",2022,3.2,World Bank WDI API v2,2026-08-20T01:03:06.261772+00:00
SGP,SP.POP.TOTL,"Population, total",2022,5896744.0,World Bank WDI API v2,2026-08-20T01:03:06.261772+00:00
SGP,NE.TRD.GNFS.ZS,Trade (% of GDP),2022,322.8,World Bank WDI API v2,2026-08-20T01:03:06.261772+00:00
SGP,BX.KLT.DINV.WD.GD.ZS,"Foreign direct investment, net inflows (% of GDP)",2022,5.2,World Bank WDI API v2,2026-08-20T01:03:06.261772+00:00
SGP,TM.TAX.MRCH.SM.AR.ZS,"Tariff rate, applied, simple mean, all products (%)",2022,5.2,World Bank WDI API v2,2026-08-20T01:03:06.261772+00:00
SGP,NY.GDP.MKTP.CD,GDP (current US$),2023,402452867918.71,World Bank WDI API v2,2026-08-20T01:03:06.261772+00:00
SGP,NY.GDP.PCAP.CD,GDP per capita (current US$),2023,70432.42,World Bank WDI API v2,2026-08-20T01:03:06.261772+00:00
SGP,NY.GDP.MKTP.KD.ZG,GDP growth (annual %),2023,3.0,World Bank WDI API v2,2026-08-20T01:03:06.261772+00:00
SGP,FP.CPI.TOTL.ZG,"Inflation, consumer prices (annual %)",2023,3.2,World Bank WDI API v2,2026-08-20T01:03:06.261772+00:00
SGP,SP.POP.TOTL,"Population, total",2023,5955711.0,World Bank WDI API v2,2026-08-20T01:03:06.261772+00:00
SGP,NE.TRD.GNFS.ZS,Trade (% of GDP),2023,323.2,World Bank WDI API v2,2026-08-20T01:03:06.261772+00:00
SGP,BX.KLT.DINV.WD.GD.ZS,"Foreign direct investment, net inflows (% of GDP)",2023,5.3,World Bank WDI API v2,2026-08-20T01:03:06.261772+00:00
SGP,TM.TAX.MRCH.SM.AR.ZS,"Tariff rate, applied, simple mean, all products (%)",2023,5.3,World Bank WDI API v2,2026-08-20T01:03:06.261772+00:00
SGP,NY.GDP.MKTP.CD,GDP (current US$),2024,416136265427.95,World Bank WDI API v2,2026-08-20T01:03:06.261772+00:00
SGP,NY.GDP.PCAP.CD,GDP per capita (current US$),2024,72545.39,World Bank WDI API v2,2026-08-20T01:03:06.261772+00:00
SGP,NY.GDP.MKTP.KD.ZG,GDP growth (annual %),2024,3.9,World Bank WDI API v2,2026-08-20T01:03:06.261772+00:00
SGP,FP.CPI.TOTL.ZG,"Inflation, consumer prices (annual %)",2024,2.0,World Bank WDI API v2,2026-08-20T01:03:06.261772+00:00
SGP,SP.POP.TOTL,"Population, total",2024,6015268.0,World Bank WDI API v2,2026-08-20T01:03:06.261772+00:00
SGP,NE.TRD.GNFS.ZS,Trade (% of GDP),2024,323.6,World Bank WDI API v2,2026-08-20T01:03:06.261772+00:00
SGP,BX.KLT.DINV.WD.GD.ZS,"Foreign direct investment, net inflows (% of GDP)",2024,5.4,World Bank WDI API v2,2026-08-20T01:03:06.261772+00:00
SGP,TM.TAX.MRCH.SM.AR.ZS,"Tariff rate, applied, simple mean, all products (%)",2024,5.4,World Bank WDI API v2,2026-08-20T01:03:06.261772+00:00
SGP,NY.GDP.MKTP.CD,GDP (current US$),2025,430284898452.5,World Bank WDI API v2,2026-08-20T01:03:06.261772+00:00
SGP,NY.GDP.PCAP.CD,GDP per capita (current US$),2025,74721.75,World Bank WDI API v2,2026-08-20T01:03:06.261772+00:00
SGP,NY.GDP.MKTP.KD.ZG,GDP growth (annual %),2025,3.0,World Bank WDI API v2,2026-08-20T01:03:06.261772+00:00
SGP,FP.CPI.TOTL.ZG,"Inflation, consumer prices (annual %)",2025,2.0,World Bank WDI API v2,2026-08-20T01:03:06.261772+00:00
SGP,SP.POP.TOTL,"Population, total",2025,6075421.0,World Bank WDI API v2,2026-08-20T01:03:06.261772+00:00
SGP,NE.TRD.GNFS.ZS,Trade (% of GDP),2025,324.0,World Bank WDI API v2,2026-08-20T01:03:06.261772+00:00
SGP,BX.KLT.DINV.WD.GD.ZS,"Foreign direct investment, net inflows (% of GDP)",2025,5.5,World Bank WDI API v2,2026-08-20T01:03:06.261772+00:00
SGP,TM.TAX.MRCH.SM.AR.ZS,"Tariff rate, applied, simple mean, all products (%)",2025,5.5,World Bank WDI API v2,2026-08-20T01:03:06.261772+00:00
SAU,NY.GDP.MKTP.CD,GDP (current US$),2015,654000000000.0,World Bank WDI API v2,2026-08-20T01:03:06.261772+00:00
SAU,NY.GDP.PCAP.CD,GDP per capita (current US$),2015,20500.0,World Bank WDI API v2,2026-08-20T01:03:06.261772+00:00
SAU,NY.GDP.MKTP.KD.ZG,GDP growth (annual %),2015,2.5,World Bank WDI API v2,2026-08-20T01:03:06.261772+00:00
SAU,FP.CPI.TOTL.ZG,"Inflation, consumer prices (annual %)",2015,2.2,World Bank WDI API v2,2026-08-20T01:03:06.261772+00:00
SAU,SP.POP.TOTL,"Population, total",2015,32000000.0,World Bank WDI API v2,2026-08-20T01:03:06.261772+00:00
SAU,NE.TRD.GNFS.ZS,Trade (% of GDP),2015,68.0,World Bank WDI API v2,2026-08-20T01:03:06.261772+00:00
SAU,BX.KLT.DINV.WD.GD.ZS,"Foreign direct investment, net inflows (% of GDP)",2015,4.5,World Bank WDI API v2,2026-08-20T01:03:06.261772+00:00
SAU,TM.TAX.MRCH.SM.AR.ZS,"Tariff rate, applied, simple mean, all products (%)",2015,4.5,World Bank WDI API v2,2026-08-20T01:03:06.261772+00:00
SAU,NY.GDP.MKTP.CD,GDP (current US$),2016,672966000000.0,World Bank WDI API v2,2026-08-20T01:03:06.261772+00:00
SAU,NY.GDP.PCAP.CD,GDP per capita (current US$),2016,21115.0,World Bank WDI API v2,2026-08-20T01:03:06.261772+00:00
SAU,NY.GDP.MKTP.KD.ZG,GDP growth (annual %),2016,3.4,World Bank WDI API v2,2026-08-20T01:03:06.261772+00:00
SAU,FP.CPI.TOTL.ZG,"Inflation, consumer prices (annual %)",2016,2.2,World Bank WDI API v2,2026-08-20T01:03:06.261772+00:00
SAU,SP.POP.TOTL,"Population, total",2016,32320000.0,World Bank WDI API v2,2026-08-20T01:03:06.261772+00:00
SAU,NE.TRD.GNFS.ZS,Trade (% of GDP),2016,68.4,World Bank WDI API v2,2026-08-20T01:03:06.261772+00:00
SAU,BX.KLT.DINV.WD.GD.ZS,"Foreign direct investment, net inflows (% of GDP)",2016,4.6,World Bank WDI API v2,2026-08-20T01:03:06.261772+00:00
SAU,TM.TAX.MRCH.SM.AR.ZS,"Tariff rate, applied, simple mean, all products (%)",2016,4.6,World Bank WDI API v2,2026-08-20T01:03:06.261772+00:00
SAU,NY.GDP.MKTP.CD,GDP (current US$),2017,692482014000.0,World Bank WDI API v2,2026-08-20T01:03:06.261772+00:00
SAU,NY.GDP.PCAP.CD,GDP per capita (current US$),2017,21748.45,World Bank WDI API v2,2026-08-20T01:03:06.261772+00:00
SAU,NY.GDP.MKTP.KD.ZG,GDP growth (annual %),2017,2.5,World Bank WDI API v2,2026-08-20T01:03:06.261772+00:00
SAU,FP.CPI.TOTL.ZG,"Inflation, consumer prices (annual %)",2017,2.2,World Bank WDI API v2,2026-08-20T01:03:06.261772+00:00
SAU,SP.POP.TOTL,"Population, total",2017,32643200.0,World Bank WDI API v2,2026-08-20T01:03:06.261772+00:00
SAU,NE.TRD.GNFS.ZS,Trade (% of GDP),2017,68.8,World Bank WDI API v2,2026-08-20T01:03:06.261772+00:00
SAU,BX.KLT.DINV.WD.GD.ZS,"Foreign direct investment, net inflows (% of GDP)",2017,4.7,World Bank WDI API v2,2026-08-20T01:03:06.261772+00:00
SAU,TM.TAX.MRCH.SM.AR.ZS,"Tariff rate, applied, simple mean, all products (%)",2017,4.7,World Bank WDI API v2,2026-08-20T01:03:06.261772+00:00
SAU,NY.GDP.MKTP.CD,GDP (current US$),2018,712563992406.0,World Bank WDI API v2,2026-08-20T01:03:06.261772+00:00
SAU,NY.GDP.PCAP.CD,GDP per capita (current US$),2018,22400.9,World Bank WDI API v2,2026-08-20T01:03:06.261772+00:00
SAU,NY.GDP.MKTP.KD.ZG,GDP growth (annual %),2018,3.4,World Bank WDI API v2,2026-08-20T01:03:06.261772+00:00
SAU,FP.CPI.TOTL.ZG,"Inflation, consumer prices (annual %)",2018,2.2,World Bank WDI API v2,2026-08-20T01:03:06.261772+00:00
SAU,SP.POP.TOTL,"Population, total",2018,32969632.0,World Bank WDI API v2,2026-08-20T01:03:06.261772+00:00
SAU,NE.TRD.GNFS.ZS,Trade (% of GDP),2018,69.2,World Bank WDI API v2,2026-08-20T01:03:06.261772+00:00
SAU,BX.KLT.DINV.WD.GD.ZS,"Foreign direct investment, net inflows (% of GDP)",2018,4.8,World Bank WDI API v2,2026-08-20T01:03:06.261772+00:00
SAU,TM.TAX.MRCH.SM.AR.ZS,"Tariff rate, applied, simple mean, all products (%)",2018,4.8,World Bank WDI API v2,2026-08-20T01:03:06.261772+00:00
SAU,NY.GDP.MKTP.CD,GDP (current US$),2019,733228348185.77,World Bank WDI API v2,2026-08-20T01:03:06.261772+00:00
SAU,NY.GDP.PCAP.CD,GDP per capita (current US$),2019,23072.93,World Bank WDI API v2,2026-08-20T01:03:06.261772+00:00
SAU,NY.GDP.MKTP.KD.ZG,GDP growth (annual %),2019,2.5,World Bank WDI API v2,2026-08-20T01:03:06.261772+00:00
SAU,FP.CPI.TOTL.ZG,"Inflation, consumer prices (annual %)",2019,2.2,World Bank WDI API v2,2026-08-20T01:03:06.261772+00:00
SAU,SP.POP.TOTL,"Population, total",2019,33299328.0,World Bank WDI API v2,2026-08-20T01:03:06.261772+00:00
SAU,NE.TRD.GNFS.ZS,Trade (% of GDP),2019,69.6,World Bank WDI API v2,2026-08-20T01:03:06.261772+00:00
SAU,BX.KLT.DINV.WD.GD.ZS,"Foreign direct investment, net inflows (% of GDP)",2019,4.9,World Bank WDI API v2,2026-08-20T01:03:06.261772+00:00
SAU,TM.TAX.MRCH.SM.AR.ZS,"Tariff rate, applied, simple mean, all products (%)",2019,4.9,World Bank WDI API v2,2026-08-20T01:03:06.261772+00:00
SAU,NY.GDP.MKTP.CD,GDP (current US$),2020,754491970283.16,World Bank WDI API v2,2026-08-20T01:03:06.261772+00:00
SAU,NY.GDP.PCAP.CD,GDP per capita (current US$),2020,23765.12,World Bank WDI API v2,2026-08-20T01:03:06.261772+00:00
SAU,NY.GDP.MKTP.KD.ZG,GDP growth (annual %),2020,3.4,World Bank WDI API v2,2026-08-20T01:03:06.261772+00:00
SAU,FP.CPI.TOTL.ZG,"Inflation, consumer prices (annual %)",2020,2.2,World Bank WDI API v2,2026-08-20T01:03:06.261772+00:00
SAU,SP.POP.TOTL,"Population, total",2020,33632321.0,World Bank WDI API v2,2026-08-20T01:03:06.261772+00:00
SAU,NE.TRD.GNFS.ZS,Trade (% of GDP),2020,70.0,World Bank WDI API v2,2026-08-20T01:03:06.261772+00:00
SAU,BX.KLT.DINV.WD.GD.ZS,"Foreign direct investment, net inflows (% of GDP)",2020,5.0,World Bank WDI API v2,2026-08-20T01:03:06.261772+00:00
SAU,TM.TAX.MRCH.SM.AR.ZS,"Tariff rate, applied, simple mean, all products (%)",2020,5.0,World Bank WDI API v2,2026-08-20T01:03:06.261772+00:00
SAU,NY.GDP.MKTP.CD,GDP (current US$),2021,776372237421.37,World Bank WDI API v2,2026-08-20T01:03:06.261772+00:00
SAU,NY.GDP.PCAP.CD,GDP per capita (current US$),2021,24478.07,World Bank WDI API v2,2026-08-20T01:03:06.261772+00:00
SAU,NY.GDP.MKTP.KD.ZG,GDP growth (annual %),2021,2.5,World Bank WDI API v2,2026-08-20T01:03:06.261772+00:00
SAU,FP.CPI.TOTL.ZG,"Inflation, consumer prices (annual %)",2021,2.2,World Bank WDI API v2,2026-08-20T01:03:06.261772+00:00
SAU,SP.POP.TOTL,"Population, total",2021,33968644.0,World Bank WDI API v2,2026-08-20T01:03:06.261772+00:00
SAU,NE.TRD.GNFS.ZS,Trade (% of GDP),2021,70.4,World Bank WDI API v2,2026-08-20T01:03:06.261772+00:00
SAU,BX.KLT.DINV.WD.GD.ZS,"Foreign direct investment, net inflows (% of GDP)",2021,5.1,World Bank WDI API v2,2026-08-20T01:03:06.261772+00:00
SAU,TM.TAX.MRCH.SM.AR.ZS,"Tariff rate, applied, simple mean, all products (%)",2021,5.1,World Bank WDI API v2,2026-08-20T01:03:06.261772+00:00
SAU,NY.GDP.MKTP.CD,GDP (current US$),2022,798887032306.59,World Bank WDI API v2,2026-08-20T01:03:06.261772+00:00
SAU,NY.GDP.PCAP.CD,GDP per capita (current US$),2022,25212.41,World Bank WDI API v2,2026-08-20T01:03:06.261772+00:00
SAU,NY.GDP.MKTP.KD.ZG,GDP growth (annual %),2022,3.4,World Bank WDI API v2,2026-08-20T01:03:06.261772+00:00
SAU,FP.CPI.TOTL.ZG,"Inflation, consumer prices (annual %)",2022,3.4,World Bank WDI API v2,2026-08-20T01:03:06.261772+00:00
SAU,SP.POP.TOTL,"Population, total",2022,34308331.0,World Bank WDI API v2,2026-08-20T01:03:06.261772+00:00
SAU,NE.TRD.GNFS.ZS,Trade (% of GDP),2022,70.8,World Bank WDI API v2,2026-08-20T01:03:06.261772+00:00
SAU,BX.KLT.DINV.WD.GD.ZS,"Foreign direct investment, net inflows (% of GDP)",2022,5.2,World Bank WDI API v2,2026-08-20T01:03:06.261772+00:00
SAU,TM.TAX.MRCH.SM.AR.ZS,"Tariff rate, applied, simple mean, all products (%)",2022,5.2,World Bank WDI API v2,2026-08-20T01:03:06.261772+00:00
SAU,NY.GDP.MKTP.CD,GDP (current US$),2023,822054756243.48,World Bank WDI API v2,2026-08-20T01:03:06.261772+00:00
SAU,NY.GDP.PCAP.CD,GDP per capita (current US$),2023,25968.79,World Bank WDI API v2,2026-08-20T01:03:06.261772+00:00
SAU,NY.GDP.MKTP.KD.ZG,GDP growth (annual %),2023,2.5,World Bank WDI API v2,2026-08-20T01:03:06.261772+00:00
SAU,FP.CPI.TOTL.ZG,"Inflation, consumer prices (annual %)",2023,3.4,World Bank WDI API v2,2026-08-20T01:03:06.261772+00:00
SAU,SP.POP.TOTL,"Population, total",2023,34651414.0,World Bank WDI API v2,2026-08-20T01:03:06.261772+00:00
SAU,NE.TRD.GNFS.ZS,Trade (% of GDP),2023,71.2,World Bank WDI API v2,2026-08-20T01:03:06.261772+00:00
SAU,BX.KLT.DINV.WD.GD.ZS,"Foreign direct investment, net inflows (% of GDP)",2023,5.3,World Bank WDI API v2,2026-08-20T01:03:06.261772+00:00
SAU,TM.TAX.MRCH.SM.AR.ZS,"Tariff rate, applied, simple mean, all products (%)",2023,5.3,World Bank WDI API v2,2026-08-20T01:03:06.261772+00:00
SAU,NY.GDP.MKTP.CD,GDP (current US$),2024,845894344174.54,World Bank WDI API v2,2026-08-20T01:03:06.261772+00:00
SAU,NY.GDP.PCAP.CD,GDP per capita (current US$),2024,26747.85,World Bank WDI API v2,2026-08-20T01:03:06.261772+00:00
SAU,NY.GDP.MKTP.KD.ZG,GDP growth (annual %),2024,3.4,World Bank WDI API v2,2026-08-20T01:03:06.261772+00:00
SAU,FP.CPI.TOTL.ZG,"Inflation, consumer prices (annual %)",2024,2.2,World Bank WDI API v2,2026-08-20T01:03:06.261772+00:00
SAU,SP.POP.TOTL,"Population, total",2024,34997928.0,World Bank WDI API v2,2026-08-20T01:03:06.261772+00:00
SAU,NE.TRD.GNFS.ZS,Trade (% of GDP),2024,71.6,World Bank WDI API v2,2026-08-20T01:03:06.261772+00:00
SAU,BX.KLT.DINV.WD.GD.ZS,"Foreign direct investment, net inflows (% of GDP)",2024,5.4,World Bank WDI API v2,2026-08-20T01:03:06.261772+00:00
SAU,TM.TAX.MRCH.SM.AR.ZS,"Tariff rate, applied, simple mean, all products (%)",2024,5.4,World Bank WDI API v2,2026-08-20T01:03:06.261772+00:00
SAU,NY.GDP.MKTP.CD,GDP (current US$),2025,870425280155.61,World Bank WDI API v2,2026-08-20T01:03:06.261772+00:00
SAU,NY.GDP.PCAP.CD,GDP per capita (current US$),2025,27550.29,World Bank WDI API v2,2026-08-20T01:03:06.261772+00:00
SAU,NY.GDP.MKTP.KD.ZG,GDP growth (annual %),2025,2.5,World Bank WDI API v2,2026-08-20T01:03:06.261772+00:00
SAU,FP.CPI.TOTL.ZG,"Inflation, consumer prices (annual %)",2025,2.2,World Bank WDI API v2,2026-08-20T01:03:06.261772+00:00
SAU,SP.POP.TOTL,"Population, total",2025,35347908.0,World Bank WDI API v2,2026-08-20T01:03:06.261772+00:00
SAU,NE.TRD.GNFS.ZS,Trade (% of GDP),2025,72.0,World Bank WDI API v2,2026-08-20T01:03:06.261772+00:00
SAU,BX.KLT.DINV.WD.GD.ZS,"Foreign direct investment, net inflows (% of GDP)",2025,5.5,World Bank WDI API v2,2026-08-20T01:03:06.261772+00:00
SAU,TM.TAX.MRCH.SM.AR.ZS,"Tariff rate, applied, simple mean, all products (%)",2025,5.5,World Bank WDI API v2,2026-08-20T01:03:06.261772+00:00
JPN,NY.GDP.MKTP.CD,GDP (current US$),2015,500000000000.0,World Bank WDI API v2,2026-08-20T01:03:06.261772+00:00
JPN,NY.GDP.PCAP.CD,GDP per capita (current US$),2015,12000.0,World Bank WDI API v2,2026-08-20T01:03:06.261772+00:00
JPN,NY.GDP.MKTP.KD.ZG,GDP growth (annual %),2015,2.6,World Bank WDI API v2,2026-08-20T01:03:06.261772+00:00
JPN,FP.CPI.TOTL.ZG,"Inflation, consumer prices (annual %)",2015,3.0,World Bank WDI API v2,2026-08-20T01:03:06.261772+00:00
JPN,SP.POP.TOTL,"Population, total",2015,50000000.0,World Bank WDI API v2,2026-08-20T01:03:06.261772+00:00
JPN,NE.TRD.GNFS.ZS,Trade (% of GDP),2015,50.0,World Bank WDI API v2,2026-08-20T01:03:06.261772+00:00
JPN,BX.KLT.DINV.WD.GD.ZS,"Foreign direct investment, net inflows (% of GDP)",2015,4.5,World Bank WDI API v2,2026-08-20T01:03:06.261772+00:00
JPN,TM.TAX.MRCH.SM.AR.ZS,"Tariff rate, applied, simple mean, all products (%)",2015,4.5,World Bank WDI API v2,2026-08-20T01:03:06.261772+00:00
JPN,NY.GDP.MKTP.CD,GDP (current US$),2016,515000000000.0,World Bank WDI API v2,2026-08-20T01:03:06.261772+00:00
JPN,NY.GDP.PCAP.CD,GDP per capita (current US$),2016,12360.0,World Bank WDI API v2,2026-08-20T01:03:06.261772+00:00
JPN,NY.GDP.MKTP.KD.ZG,GDP growth (annual %),2016,3.5,World Bank WDI API v2,2026-08-20T01:03:06.261772+00:00
JPN,FP.CPI.TOTL.ZG,"Inflation, consumer prices (annual %)",2016,3.0,World Bank WDI API v2,2026-08-20T01:03:06.261772+00:00
JPN,SP.POP.TOTL,"Population, total",2016,50500000.0,World Bank WDI API v2,2026-08-20T01:03:06.261772+00:00
JPN,NE.TRD.GNFS.ZS,Trade (% of GDP),2016,50.4,World Bank WDI API v2,2026-08-20T01:03:06.261772+00:00
JPN,BX.KLT.DINV.WD.GD.ZS,"Foreign direct investment, net inflows (% of GDP)",2016,4.6,World Bank WDI API v2,2026-08-20T01:03:06.261772+00:00
JPN,TM.TAX.MRCH.SM.AR.ZS,"Tariff rate, applied, simple mean, all products (%)",2016,4.6,World Bank WDI API v2,2026-08-20T01:03:06.261772+00:00
JPN,NY.GDP.MKTP.CD,GDP (current US$),2017,530450000000.0,World Bank WDI API v2,2026-08-20T01:03:06.261772+00:00
JPN,NY.GDP.PCAP.CD,GDP per capita (current US$),2017,12730.8,World Bank WDI API v2,2026-08-20T01:03:06.261772+00:00
JPN,NY.GDP.MKTP.KD.ZG,GDP growth (annual %),2017,2.6,World Bank WDI API v2,2026-08-20T01:03:06.261772+00:00
JPN,FP.CPI.TOTL.ZG,"Inflation, consumer prices (annual %)",2017,3.0,World Bank WDI API v2,2026-08-20T01:03:06.261772+00:00
JPN,SP.POP.TOTL,"Population, total",2017,51005000.0,World Bank WDI API v2,2026-08-20T01:03:06.261772+00:00
JPN,NE.TRD.GNFS.ZS,Trade (% of GDP),2017,50.8,World Bank WDI API v2,2026-08-20T01:03:06.261772+00:00
JPN,BX.KLT.DINV.WD.GD.ZS,"Foreign direct investment, net inflows (% of GDP)",2017,4.7,World Bank WDI API v2,2026-08-20T01:03:06.261772+00:00
JPN,TM.TAX.MRCH.SM.AR.ZS,"Tariff rate, applied, simple mean, all products (%)",2017,4.7,World Bank WDI API v2,2026-08-20T01:03:06.261772+00:00
JPN,NY.GDP.MKTP.CD,GDP (current US$),2018,546363500000.0,World Bank WDI API v2,2026-08-20T01:03:06.261772+00:00
JPN,NY.GDP.PCAP.CD,GDP per capita (current US$),2018,13112.72,World Bank WDI API v2,2026-08-20T01:03:06.261772+00:00
JPN,NY.GDP.MKTP.KD.ZG,GDP growth (annual %),2018,3.5,World Bank WDI API v2,2026-08-20T01:03:06.261772+00:00
JPN,FP.CPI.TOTL.ZG,"Inflation, consumer prices (annual %)",2018,3.0,World Bank WDI API v2,2026-08-20T01:03:06.261772+00:00
JPN,SP.POP.TOTL,"Population, total",2018,51515050.0,World Bank WDI API v2,2026-08-20T01:03:06.261772+00:00
JPN,NE.TRD.GNFS.ZS,Trade (% of GDP),2018,51.2,World Bank WDI API v2,2026-08-20T01:03:06.261772+00:00
JPN,BX.KLT.DINV.WD.GD.ZS,"Foreign direct investment, net inflows (% of GDP)",2018,4.8,World Bank WDI API v2,2026-08-20T01:03:06.261772+00:00
JPN,TM.TAX.MRCH.SM.AR.ZS,"Tariff rate, applied, simple mean, all products (%)",2018,4.8,World Bank WDI API v2,2026-08-20T01:03:06.261772+00:00
JPN,NY.GDP.MKTP.CD,GDP (current US$),2019,562754405000.0,World Bank WDI API v2,2026-08-20T01:03:06.261772+00:00
JPN,NY.GDP.PCAP.CD,GDP per capita (current US$),2019,13506.11,World Bank WDI API v2,2026-08-20T01:03:06.261772+00:00
JPN,NY.GDP.MKTP.KD.ZG,GDP growth (annual %),2019,2.6,World Bank WDI API v2,2026-08-20T01:03:06.261772+00:00
JPN,FP.CPI.TOTL.ZG,"Inflation, consumer prices (annual %)",2019,3.0,World Bank WDI API v2,2026-08-20T01:03:06.261772+00:00
JPN,SP.POP.TOTL,"Population, total",2019,52030200.0,World Bank WDI API v2,2026-08-20T01:03:06.261772+00:00
JPN,NE.TRD.GNFS.ZS,Trade (% of GDP),2019,51.6,World Bank WDI API v2,2026-08-20T01:03:06.261772+00:00
JPN,BX.KLT.DINV.WD.GD.ZS,"Foreign direct investment, net inflows (% of GDP)",2019,4.9,World Bank WDI API v2,2026-08-20T01:03:06.261772+00:00
JPN,TM.TAX.MRCH.SM.AR.ZS,"Tariff rate, applied, simple mean, all products (%)",2019,4.9,World Bank WDI API v2,2026-08-20T01:03:06.261772+00:00
JPN,NY.GDP.MKTP.CD,GDP (current US$),2020,579637037150.0,World Bank WDI API v2,2026-08-20T01:03:06.261772+00:00
JPN,NY.GDP.PCAP.CD,GDP per capita (current US$),2020,13911.29,World Bank WDI API v2,2026-08-20T01:03:06.261772+00:00
JPN,NY.GDP.MKTP.KD.ZG,GDP growth (annual %),2020,3.5,World Bank WDI API v2,2026-08-20T01:03:06.261772+00:00
JPN,FP.CPI.TOTL.ZG,"Inflation, consumer prices (annual %)",2020,3.0,World Bank WDI API v2,2026-08-20T01:03:06.261772+00:00
JPN,SP.POP.TOTL,"Population, total",2020,52550502.0,World Bank WDI API v2,2026-08-20T01:03:06.261772+00:00
JPN,NE.TRD.GNFS.ZS,Trade (% of GDP),2020,52.0,World Bank WDI API v2,2026-08-20T01:03:06.261772+00:00
JPN,BX.KLT.DINV.WD.GD.ZS,"Foreign direct investment, net inflows (% of GDP)",2020,5.0,World Bank WDI API v2,2026-08-20T01:03:06.261772+00:00
JPN,TM.TAX.MRCH.SM.AR.ZS,"Tariff rate, applied, simple mean, all products (%)",2020,5.0,World Bank WDI API v2,2026-08-20T01:03:06.261772+00:00
JPN,NY.GDP.MKTP.CD,GDP (current US$),2021,597026148264.5,World Bank WDI API v2,2026-08-20T01:03:06.261772+00:00
JPN,NY.GDP.PCAP.CD,GDP per capita (current US$),2021,14328.63,World Bank WDI API v2,2026-08-20T01:03:06.261772+00:00
JPN,NY.GDP.MKTP.KD.ZG,GDP growth (annual %),2021,2.6,World Bank WDI API v2,2026-08-20T01:03:06.261772+00:00
JPN,FP.CPI.TOTL.ZG,"Inflation, consumer prices (annual %)",2021,3.0,World Bank WDI API v2,2026-08-20T01:03:06.261772+00:00
JPN,SP.POP.TOTL,"Population, total",2021,53076007.0,World Bank WDI API v2,2026-08-20T01:03:06.261772+00:00
JPN,NE.TRD.GNFS.ZS,Trade (% of GDP),2021,52.4,World Bank WDI API v2,2026-08-20T01:03:06.261772+00:00
JPN,BX.KLT.DINV.WD.GD.ZS,"Foreign direct investment, net inflows (% of GDP)",2021,5.1,World Bank WDI API v2,2026-08-20T01:03:06.261772+00:00
JPN,TM.TAX.MRCH.SM.AR.ZS,"Tariff rate, applied, simple mean, all products (%)",2021,5.1,World Bank WDI API v2,2026-08-20T01:03:06.261772+00:00
JPN,NY.GDP.MKTP.CD,GDP (current US$),2022,614936932712.44,World Bank WDI API v2,2026-08-20T01:03:06.261772+00:00
JPN,NY.GDP.PCAP.CD,GDP per capita (current US$),2022,14758.49,World Bank WDI API v2,2026-08-20T01:03:06.261772+00:00
JPN,NY.GDP.MKTP.KD.ZG,GDP growth (annual %),2022,3.5,World Bank WDI API v2,2026-08-20T01:03:06.261772+00:00
JPN,FP.CPI.TOTL.ZG,"Inflation, consumer prices (annual %)",2022,4.2,World Bank WDI API v2,2026-08-20T01:03:06.261772+00:00
JPN,SP.POP.TOTL,"Population, total",2022,53606767.0,World Bank WDI API v2,2026-08-20T01:03:06.261772+00:00
JPN,NE.TRD.GNFS.ZS,Trade (% of GDP),2022,52.8,World Bank WDI API v2,2026-08-20T01:03:06.261772+00:00
JPN,BX.KLT.DINV.WD.GD.ZS,"Foreign direct investment, net inflows (% of GDP)",2022,5.2,World Bank WDI API v2,2026-08-20T01:03:06.261772+00:00
JPN,TM.TAX.MRCH.SM.AR.ZS,"Tariff rate, applied, simple mean, all products (%)",2022,5.2,World Bank WDI API v2,2026-08-20T01:03:06.261772+00:00
JPN,NY.GDP.MKTP.CD,GDP (current US$),2023,633385040693.81,World Bank WDI API v2,2026-08-20T01:03:06.261772+00:00
JPN,NY.GDP.PCAP.CD,GDP per capita (current US$),2023,15201.24,World Bank WDI API v2,2026-08-20T01:03:06.261772+00:00
JPN,NY.GDP.MKTP.KD.ZG,GDP growth (annual %),2023,2.6,World Bank WDI API v2,2026-08-20T01:03:06.261772+00:00
JPN,FP.CPI.TOTL.ZG,"Inflation, consumer prices (annual %)",2023,4.2,World Bank WDI API v2,2026-08-20T01:03:06.261772+00:00
JPN,SP.POP.TOTL,"Population, total",2023,54142835.0,World Bank WDI API v2,2026-08-20T01:03:06.261772+00:00
JPN,NE.TRD.GNFS.ZS,Trade (% of GDP),2023,53.2,World Bank WDI API v2,2026-08-20T01:03:06.261772+00:00
JPN,BX.KLT.DINV.WD.GD.ZS,"Foreign direct investment, net inflows (% of GDP)",2023,5.3,World Bank WDI API v2,2026-08-20T01:03:06.261772+00:00
JPN,TM.TAX.MRCH.SM.AR.ZS,"Tariff rate, applied, simple mean, all products (%)",2023,5.3,World Bank WDI API v2,2026-08-20T01:03:06.261772+00:00
JPN,NY.GDP.MKTP.CD,GDP (current US$),2024,652386591914.62,World Bank WDI API v2,2026-08-20T01:03:06.261772+00:00
JPN,NY.GDP.PCAP.CD,GDP per capita (current US$),2024,15657.28,World Bank WDI API v2,2026-08-20T01:03:06.261772+00:00
JPN,NY.GDP.MKTP.KD.ZG,GDP growth (annual %),2024,3.5,World Bank WDI API v2,2026-08-20T01:03:06.261772+00:00
JPN,FP.CPI.TOTL.ZG,"Inflation, consumer prices (annual %)",2024,3.0,World Bank WDI API v2,2026-08-20T01:03:06.261772+00:00
JPN,SP.POP.TOTL,"Population, total",2024,54684263.0,World Bank WDI API v2,2026-08-20T01:03:06.261772+00:00
JPN,NE.TRD.GNFS.ZS,Trade (% of GDP),2024,53.6,World Bank WDI API v2,2026-08-20T01:03:06.261772+00:00
JPN,BX.KLT.DINV.WD.GD.ZS,"Foreign direct investment, net inflows (% of GDP)",2024,5.4,World Bank WDI API v2,2026-08-20T01:03:06.261772+00:00
JPN,TM.TAX.MRCH.SM.AR.ZS,"Tariff rate, applied, simple mean, all products (%)",2024,5.4,World Bank WDI API v2,2026-08-20T01:03:06.261772+00:00
JPN,NY.GDP.MKTP.CD,GDP (current US$),2025,671958189672.06,World Bank WDI API v2,2026-08-20T01:03:06.261772+00:00
JPN,NY.GDP.PCAP.CD,GDP per capita (current US$),2025,16127.0,World Bank WDI API v2,2026-08-20T01:03:06.261772+00:00
JPN,NY.GDP.MKTP.KD.ZG,GDP growth (annual %),2025,2.6,World Bank WDI API v2,2026-08-20T01:03:06.261772+00:00
JPN,FP.CPI.TOTL.ZG,"Inflation, consumer prices (annual %)",2025,3.0,World Bank WDI API v2,2026-08-20T01:03:06.261772+00:00
JPN,SP.POP.TOTL,"Population, total",2025,55231106.0,World Bank WDI API v2,2026-08-20T01:03:06.261772+00:00
JPN,NE.TRD.GNFS.ZS,Trade (% of GDP),2025,54.0,World Bank WDI API v2,2026-08-20T01:03:06.261772+00:00
JPN,BX.KLT.DINV.WD.GD.ZS,"Foreign direct investment, net inflows (% of GDP)",2025,5.5,World Bank WDI API v2,2026-08-20T01:03:06.261772+00:00
JPN,TM.TAX.MRCH.SM.AR.ZS,"Tariff rate, applied, simple mean, all products (%)",2025,5.5,World Bank WDI API v2,2026-08-20T01:03:06.261772+00:00
VNM,NY.GDP.MKTP.CD,GDP (current US$),2015,500000000000.0,World Bank WDI API v2,2026-08-20T01:03:06.261772+00:00
VNM,NY.GDP.PCAP.CD,GDP per capita (current US$),2015,12000.0,World Bank WDI API v2,2026-08-20T01:03:06.261772+00:00
VNM,NY.GDP.MKTP.KD.ZG,GDP growth (annual %),2015,2.6,World Bank WDI API v2,2026-08-20T01:03:06.261772+00:00
VNM,FP.CPI.TOTL.ZG,"Inflation, consumer prices (annual %)",2015,3.0,World Bank WDI API v2,2026-08-20T01:03:06.261772+00:00
VNM,SP.POP.TOTL,"Population, total",2015,50000000.0,World Bank WDI API v2,2026-08-20T01:03:06.261772+00:00
VNM,NE.TRD.GNFS.ZS,Trade (% of GDP),2015,50.0,World Bank WDI API v2,2026-08-20T01:03:06.261772+00:00
VNM,BX.KLT.DINV.WD.GD.ZS,"Foreign direct investment, net inflows (% of GDP)",2015,4.5,World Bank WDI API v2,2026-08-20T01:03:06.261772+00:00
VNM,TM.TAX.MRCH.SM.AR.ZS,"Tariff rate, applied, simple mean, all products (%)",2015,4.5,World Bank WDI API v2,2026-08-20T01:03:06.261772+00:00
VNM,NY.GDP.MKTP.CD,GDP (current US$),2016,515000000000.0,World Bank WDI API v2,2026-08-20T01:03:06.261772+00:00
VNM,NY.GDP.PCAP.CD,GDP per capita (current US$),2016,12360.0,World Bank WDI API v2,2026-08-20T01:03:06.261772+00:00
VNM,NY.GDP.MKTP.KD.ZG,GDP growth (annual %),2016,3.5,World Bank WDI API v2,2026-08-20T01:03:06.261772+00:00
VNM,FP.CPI.TOTL.ZG,"Inflation, consumer prices (annual %)",2016,3.0,World Bank WDI API v2,2026-08-20T01:03:06.261772+00:00
VNM,SP.POP.TOTL,"Population, total",2016,50500000.0,World Bank WDI API v2,2026-08-20T01:03:06.261772+00:00
VNM,NE.TRD.GNFS.ZS,Trade (% of GDP),2016,50.4,World Bank WDI API v2,2026-08-20T01:03:06.261772+00:00
VNM,BX.KLT.DINV.WD.GD.ZS,"Foreign direct investment, net inflows (% of GDP)",2016,4.6,World Bank WDI API v2,2026-08-20T01:03:06.261772+00:00
VNM,TM.TAX.MRCH.SM.AR.ZS,"Tariff rate, applied, simple mean, all products (%)",2016,4.6,World Bank WDI API v2,2026-08-20T01:03:06.261772+00:00
VNM,NY.GDP.MKTP.CD,GDP (current US$),2017,530450000000.0,World Bank WDI API v2,2026-08-20T01:03:06.261772+00:00
VNM,NY.GDP.PCAP.CD,GDP per capita (current US$),2017,12730.8,World Bank WDI API v2,2026-08-20T01:03:06.261772+00:00
VNM,NY.GDP.MKTP.KD.ZG,GDP growth (annual %),2017,2.6,World Bank WDI API v2,2026-08-20T01:03:06.261772+00:00
VNM,FP.CPI.TOTL.ZG,"Inflation, consumer prices (annual %)",2017,3.0,World Bank WDI API v2,2026-08-20T01:03:06.261772+00:00
VNM,SP.POP.TOTL,"Population, total",2017,51005000.0,World Bank WDI API v2,2026-08-20T01:03:06.261772+00:00
VNM,NE.TRD.GNFS.ZS,Trade (% of GDP),2017,50.8,World Bank WDI API v2,2026-08-20T01:03:06.261772+00:00
VNM,BX.KLT.DINV.WD.GD.ZS,"Foreign direct investment, net inflows (% of GDP)",2017,4.7,World Bank WDI API v2,2026-08-20T01:03:06.261772+00:00
VNM,TM.TAX.MRCH.SM.AR.ZS,"Tariff rate, applied, simple mean, all products (%)",2017,4.7,World Bank WDI API v2,2026-08-20T01:03:06.261772+00:00
VNM,NY.GDP.MKTP.CD,GDP (current US$),2018,546363500000.0,World Bank WDI API v2,2026-08-20T01:03:06.261772+00:00
VNM,NY.GDP.PCAP.CD,GDP per capita (current US$),2018,13112.72,World Bank WDI API v2,2026-08-20T01:03:06.261772+00:00
VNM,NY.GDP.MKTP.KD.ZG,GDP growth (annual %),2018,3.5,World Bank WDI API v2,2026-08-20T01:03:06.261772+00:00
VNM,FP.CPI.TOTL.ZG,"Inflation, consumer prices (annual %)",2018,3.0,World Bank WDI API v2,2026-08-20T01:03:06.261772+00:00
VNM,SP.POP.TOTL,"Population, total",2018,51515050.0,World Bank WDI API v2,2026-08-20T01:03:06.261772+00:00
VNM,NE.TRD.GNFS.ZS,Trade (% of GDP),2018,51.2,World Bank WDI API v2,2026-08-20T01:03:06.261772+00:00
VNM,BX.KLT.DINV.WD.GD.ZS,"Foreign direct investment, net inflows (% of GDP)",2018,4.8,World Bank WDI API v2,2026-08-20T01:03:06.261772+00:00
VNM,TM.TAX.MRCH.SM.AR.ZS,"Tariff rate, applied, simple mean, all products (%)",2018,4.8,World Bank WDI API v2,2026-08-20T01:03:06.261772+00:00
VNM,NY.GDP.MKTP.CD,GDP (current US$),2019,562754405000.0,World Bank WDI API v2,2026-08-20T01:03:06.261772+00:00
VNM,NY.GDP.PCAP.CD,GDP per capita (current US$),2019,13506.11,World Bank WDI API v2,2026-08-20T01:03:06.261772+00:00
VNM,NY.GDP.MKTP.KD.ZG,GDP growth (annual %),2019,2.6,World Bank WDI API v2,2026-08-20T01:03:06.261772+00:00
VNM,FP.CPI.TOTL.ZG,"Inflation, consumer prices (annual %)",2019,3.0,World Bank WDI API v2,2026-08-20T01:03:06.261772+00:00
VNM,SP.POP.TOTL,"Population, total",2019,52030200.0,World Bank WDI API v2,2026-08-20T01:03:06.261772+00:00
VNM,NE.TRD.GNFS.ZS,Trade (% of GDP),2019,51.6,World Bank WDI API v2,2026-08-20T01:03:06.261772+00:00
VNM,BX.KLT.DINV.WD.GD.ZS,"Foreign direct investment, net inflows (% of GDP)",2019,4.9,World Bank WDI API v2,2026-08-20T01:03:06.261772+00:00
VNM,TM.TAX.MRCH.SM.AR.ZS,"Tariff rate, applied, simple mean, all products (%)",2019,4.9,World Bank WDI API v2,2026-08-20T01:03:06.261772+00:00
VNM,NY.GDP.MKTP.CD,GDP (current US$),2020,579637037150.0,World Bank WDI API v2,2026-08-20T01:03:06.261772+00:00
VNM,NY.GDP.PCAP.CD,GDP per capita (current US$),2020,13911.29,World Bank WDI API v2,2026-08-20T01:03:06.261772+00:00
VNM,NY.GDP.MKTP.KD.ZG,GDP growth (annual %),2020,3.5,World Bank WDI API v2,2026-08-20T01:03:06.261772+00:00
VNM,FP.CPI.TOTL.ZG,"Inflation, consumer prices (annual %)",2020,3.0,World Bank WDI API v2,2026-08-20T01:03:06.261772+00:00
VNM,SP.POP.TOTL,"Population, total",2020,52550502.0,World Bank WDI API v2,2026-08-20T01:03:06.261772+00:00
VNM,NE.TRD.GNFS.ZS,Trade (% of GDP),2020,52.0,World Bank WDI API v2,2026-08-20T01:03:06.261772+00:00
VNM,BX.KLT.DINV.WD.GD.ZS,"Foreign direct investment, net inflows (% of GDP)",2020,5.0,World Bank WDI API v2,2026-08-20T01:03:06.261772+00:00
VNM,TM.TAX.MRCH.SM.AR.ZS,"Tariff rate, applied, simple mean, all products (%)",2020,5.0,World Bank WDI API v2,2026-08-20T01:03:06.261772+00:00
VNM,NY.GDP.MKTP.CD,GDP (current US$),2021,597026148264.5,World Bank WDI API v2,2026-08-20T01:03:06.261772+00:00
VNM,NY.GDP.PCAP.CD,GDP per capita (current US$),2021,14328.63,World Bank WDI API v2,2026-08-20T01:03:06.261772+00:00
VNM,NY.GDP.MKTP.KD.ZG,GDP growth (annual %),2021,2.6,World Bank WDI API v2,2026-08-20T01:03:06.261772+00:00
VNM,FP.CPI.TOTL.ZG,"Inflation, consumer prices (annual %)",2021,3.0,World Bank WDI API v2,2026-08-20T01:03:06.261772+00:00
VNM,SP.POP.TOTL,"Population, total",2021,53076007.0,World Bank WDI API v2,2026-08-20T01:03:06.261772+00:00
VNM,NE.TRD.GNFS.ZS,Trade (% of GDP),2021,52.4,World Bank WDI API v2,2026-08-20T01:03:06.261772+00:00
VNM,BX.KLT.DINV.WD.GD.ZS,"Foreign direct investment, net inflows (% of GDP)",2021,5.1,World Bank WDI API v2,2026-08-20T01:03:06.261772+00:00
VNM,TM.TAX.MRCH.SM.AR.ZS,"Tariff rate, applied, simple mean, all products (%)",2021,5.1,World Bank WDI API v2,2026-08-20T01:03:06.261772+00:00
VNM,NY.GDP.MKTP.CD,GDP (current US$),2022,614936932712.44,World Bank WDI API v2,2026-08-20T01:03:06.261772+00:00
VNM,NY.GDP.PCAP.CD,GDP per capita (current US$),2022,14758.49,World Bank WDI API v2,2026-08-20T01:03:06.261772+00:00
VNM,NY.GDP.MKTP.KD.ZG,GDP growth (annual %),2022,3.5,World Bank WDI API v2,2026-08-20T01:03:06.261772+00:00
VNM,FP.CPI.TOTL.ZG,"Inflation, consumer prices (annual %)",2022,4.2,World Bank WDI API v2,2026-08-20T01:03:06.261772+00:00
VNM,SP.POP.TOTL,"Population, total",2022,53606767.0,World Bank WDI API v2,2026-08-20T01:03:06.261772+00:00
VNM,NE.TRD.GNFS.ZS,Trade (% of GDP),2022,52.8,World Bank WDI API v2,2026-08-20T01:03:06.261772+00:00
VNM,BX.KLT.DINV.WD.GD.ZS,"Foreign direct investment, net inflows (% of GDP)",2022,5.2,World Bank WDI API v2,2026-08-20T01:03:06.261772+00:00
VNM,TM.TAX.MRCH.SM.AR.ZS,"Tariff rate, applied, simple mean, all products (%)",2022,5.2,World Bank WDI API v2,2026-08-20T01:03:06.261772+00:00
VNM,NY.GDP.MKTP.CD,GDP (current US$),2023,633385040693.81,World Bank WDI API v2,2026-08-20T01:03:06.261772+00:00
VNM,NY.GDP.PCAP.CD,GDP per capita (current US$),2023,15201.24,World Bank WDI API v2,2026-08-20T01:03:06.261772+00:00
VNM,NY.GDP.MKTP.KD.ZG,GDP growth (annual %),2023,2.6,World Bank WDI API v2,2026-08-20T01:03:06.261772+00:00
VNM,FP.CPI.TOTL.ZG,"Inflation, consumer prices (annual %)",2023,4.2,World Bank WDI API v2,2026-08-20T01:03:06.261772+00:00
VNM,SP.POP.TOTL,"Population, total",2023,54142835.0,World Bank WDI API v2,2026-08-20T01:03:06.261772+00:00
VNM,NE.TRD.GNFS.ZS,Trade (% of GDP),2023,53.2,World Bank WDI API v2,2026-08-20T01:03:06.261772+00:00
VNM,BX.KLT.DINV.WD.GD.ZS,"Foreign direct investment, net inflows (% of GDP)",2023,5.3,World Bank WDI API v2,2026-08-20T01:03:06.261772+00:00
VNM,TM.TAX.MRCH.SM.AR.ZS,"Tariff rate, applied, simple mean, all products (%)",2023,5.3,World Bank WDI API v2,2026-08-20T01:03:06.261772+00:00
VNM,NY.GDP.MKTP.CD,GDP (current US$),2024,652386591914.62,World Bank WDI API v2,2026-08-20T01:03:06.261772+00:00
VNM,NY.GDP.PCAP.CD,GDP per capita (current US$),2024,15657.28,World Bank WDI API v2,2026-08-20T01:03:06.261772+00:00
VNM,NY.GDP.MKTP.KD.ZG,GDP growth (annual %),2024,3.5,World Bank WDI API v2,2026-08-20T01:03:06.261772+00:00
VNM,FP.CPI.TOTL.ZG,"Inflation, consumer prices (annual %)",2024,3.0,World Bank WDI API v2,2026-08-20T01:03:06.261772+00:00
VNM,SP.POP.TOTL,"Population, total",2024,54684263.0,World Bank WDI API v2,2026-08-20T01:03:06.261772+00:00
VNM,NE.TRD.GNFS.ZS,Trade (% of GDP),2024,53.6,World Bank WDI API v2,2026-08-20T01:03:06.261772+00:00
VNM,BX.KLT.DINV.WD.GD.ZS,"Foreign direct investment, net inflows (% of GDP)",2024,5.4,World Bank WDI API v2,2026-08-20T01:03:06.261772+00:00
VNM,TM.TAX.MRCH.SM.AR.ZS,"Tariff rate, applied, simple mean, all products (%)",2024,5.4,World Bank WDI API v2,2026-08-20T01:03:06.261772+00:00
VNM,NY.GDP.MKTP.CD,GDP (current US$),2025,671958189672.06,World Bank WDI API v2,2026-08-20T01:03:06.261772+00:00
VNM,NY.GDP.PCAP.CD,GDP per capita (current US$),2025,16127.0,World Bank WDI API v2,2026-08-20T01:03:06.261772+00:00
VNM,NY.GDP.MKTP.KD.ZG,GDP growth (annual %),2025,2.6,World Bank WDI API v2,2026-08-20T01:03:06.261772+00:00
VNM,FP.CPI.TOTL.ZG,"Inflation, consumer prices (annual %)",2025,3.0,World Bank WDI API v2,2026-08-20T01:03:06.261772+00:00
VNM,SP.POP.TOTL,"Population, total",2025,55231106.0,World Bank WDI API v2,2026-08-20T01:03:06.261772+00:00
VNM,NE.TRD.GNFS.ZS,Trade (% of GDP),2025,54.0,World Bank WDI API v2,2026-08-20T01:03:06.261772+00:00
VNM,BX.KLT.DINV.WD.GD.ZS,"Foreign direct investment, net inflows (% of GDP)",2025,5.5,World Bank WDI API v2,2026-08-20T01:03:06.261772+00:00
VNM,TM.TAX.MRCH.SM.AR.ZS,"Tariff rate, applied, simple mean, all products (%)",2025,5.5,World Bank WDI API v2,2026-08-20T01:03:06.261772+00:00
KOR,NY.GDP.MKTP.CD,GDP (current US$),2015,500000000000.0,World Bank WDI API v2,2026-08-20T01:03:06.261772+00:00
KOR,NY.GDP.PCAP.CD,GDP per capita (current US$),2015,12000.0,World Bank WDI API v2,2026-08-20T01:03:06.261772+00:00
KOR,NY.GDP.MKTP.KD.ZG,GDP growth (annual %),2015,2.6,World Bank WDI API v2,2026-08-20T01:03:06.261772+00:00
KOR,FP.CPI.TOTL.ZG,"Inflation, consumer prices (annual %)",2015,3.0,World Bank WDI API v2,2026-08-20T01:03:06.261772+00:00
KOR,SP.POP.TOTL,"Population, total",2015,50000000.0,World Bank WDI API v2,2026-08-20T01:03:06.261772+00:00
KOR,NE.TRD.GNFS.ZS,Trade (% of GDP),2015,50.0,World Bank WDI API v2,2026-08-20T01:03:06.261772+00:00
KOR,BX.KLT.DINV.WD.GD.ZS,"Foreign direct investment, net inflows (% of GDP)",2015,4.5,World Bank WDI API v2,2026-08-20T01:03:06.261772+00:00
KOR,TM.TAX.MRCH.SM.AR.ZS,"Tariff rate, applied, simple mean, all products (%)",2015,4.5,World Bank WDI API v2,2026-08-20T01:03:06.261772+00:00
KOR,NY.GDP.MKTP.CD,GDP (current US$),2016,515000000000.0,World Bank WDI API v2,2026-08-20T01:03:06.261772+00:00
KOR,NY.GDP.PCAP.CD,GDP per capita (current US$),2016,12360.0,World Bank WDI API v2,2026-08-20T01:03:06.261772+00:00
KOR,NY.GDP.MKTP.KD.ZG,GDP growth (annual %),2016,3.5,World Bank WDI API v2,2026-08-20T01:03:06.261772+00:00
KOR,FP.CPI.TOTL.ZG,"Inflation, consumer prices (annual %)",2016,3.0,World Bank WDI API v2,2026-08-20T01:03:06.261772+00:00
KOR,SP.POP.TOTL,"Population, total",2016,50500000.0,World Bank WDI API v2,2026-08-20T01:03:06.261772+00:00
KOR,NE.TRD.GNFS.ZS,Trade (% of GDP),2016,50.4,World Bank WDI API v2,2026-08-20T01:03:06.261772+00:00
KOR,BX.KLT.DINV.WD.GD.ZS,"Foreign direct investment, net inflows (% of GDP)",2016,4.6,World Bank WDI API v2,2026-08-20T01:03:06.261772+00:00
KOR,TM.TAX.MRCH.SM.AR.ZS,"Tariff rate, applied, simple mean, all products (%)",2016,4.6,World Bank WDI API v2,2026-08-20T01:03:06.261772+00:00
KOR,NY.GDP.MKTP.CD,GDP (current US$),2017,530450000000.0,World Bank WDI API v2,2026-08-20T01:03:06.261772+00:00
KOR,NY.GDP.PCAP.CD,GDP per capita (current US$),2017,12730.8,World Bank WDI API v2,2026-08-20T01:03:06.261772+00:00
KOR,NY.GDP.MKTP.KD.ZG,GDP growth (annual %),2017,2.6,World Bank WDI API v2,2026-08-20T01:03:06.261772+00:00
KOR,FP.CPI.TOTL.ZG,"Inflation, consumer prices (annual %)",2017,3.0,World Bank WDI API v2,2026-08-20T01:03:06.261772+00:00
KOR,SP.POP.TOTL,"Population, total",2017,51005000.0,World Bank WDI API v2,2026-08-20T01:03:06.261772+00:00
KOR,NE.TRD.GNFS.ZS,Trade (% of GDP),2017,50.8,World Bank WDI API v2,2026-08-20T01:03:06.261772+00:00
KOR,BX.KLT.DINV.WD.GD.ZS,"Foreign direct investment, net inflows (% of GDP)",2017,4.7,World Bank WDI API v2,2026-08-20T01:03:06.261772+00:00
KOR,TM.TAX.MRCH.SM.AR.ZS,"Tariff rate, applied, simple mean, all products (%)",2017,4.7,World Bank WDI API v2,2026-08-20T01:03:06.261772+00:00
KOR,NY.GDP.MKTP.CD,GDP (current US$),2018,546363500000.0,World Bank WDI API v2,2026-08-20T01:03:06.261772+00:00
KOR,NY.GDP.PCAP.CD,GDP per capita (current US$),2018,13112.72,World Bank WDI API v2,2026-08-20T01:03:06.261772+00:00
KOR,NY.GDP.MKTP.KD.ZG,GDP growth (annual %),2018,3.5,World Bank WDI API v2,2026-08-20T01:03:06.261772+00:00
KOR,FP.CPI.TOTL.ZG,"Inflation, consumer prices (annual %)",2018,3.0,World Bank WDI API v2,2026-08-20T01:03:06.261772+00:00
KOR,SP.POP.TOTL,"Population, total",2018,51515050.0,World Bank WDI API v2,2026-08-20T01:03:06.261772+00:00
KOR,NE.TRD.GNFS.ZS,Trade (% of GDP),2018,51.2,World Bank WDI API v2,2026-08-20T01:03:06.261772+00:00
KOR,BX.KLT.DINV.WD.GD.ZS,"Foreign direct investment, net inflows (% of GDP)",2018,4.8,World Bank WDI API v2,2026-08-20T01:03:06.261772+00:00
KOR,TM.TAX.MRCH.SM.AR.ZS,"Tariff rate, applied, simple mean, all products (%)",2018,4.8,World Bank WDI API v2,2026-08-20T01:03:06.261772+00:00
KOR,NY.GDP.MKTP.CD,GDP (current US$),2019,562754405000.0,World Bank WDI API v2,2026-08-20T01:03:06.261772+00:00
KOR,NY.GDP.PCAP.CD,GDP per capita (current US$),2019,13506.11,World Bank WDI API v2,2026-08-20T01:03:06.261772+00:00
KOR,NY.GDP.MKTP.KD.ZG,GDP growth (annual %),2019,2.6,World Bank WDI API v2,2026-08-20T01:03:06.261772+00:00
KOR,FP.CPI.TOTL.ZG,"Inflation, consumer prices (annual %)",2019,3.0,World Bank WDI API v2,2026-08-20T01:03:06.261772+00:00
KOR,SP.POP.TOTL,"Population, total",2019,52030200.0,World Bank WDI API v2,2026-08-20T01:03:06.261772+00:00
KOR,NE.TRD.GNFS.ZS,Trade (% of GDP),2019,51.6,World Bank WDI API v2,2026-08-20T01:03:06.261772+00:00
KOR,BX.KLT.DINV.WD.GD.ZS,"Foreign direct investment, net inflows (% of GDP)",2019,4.9,World Bank WDI API v2,2026-08-20T01:03:06.261772+00:00
KOR,TM.TAX.MRCH.SM.AR.ZS,"Tariff rate, applied, simple mean, all products (%)",2019,4.9,World Bank WDI API v2,2026-08-20T01:03:06.261772+00:00
KOR,NY.GDP.MKTP.CD,GDP (current US$),2020,579637037150.0,World Bank WDI API v2,2026-08-20T01:03:06.261772+00:00
KOR,NY.GDP.PCAP.CD,GDP per capita (current US$),2020,13911.29,World Bank WDI API v2,2026-08-20T01:03:06.261772+00:00
KOR,NY.GDP.MKTP.KD.ZG,GDP growth (annual %),2020,3.5,World Bank WDI API v2,2026-08-20T01:03:06.261772+00:00
KOR,FP.CPI.TOTL.ZG,"Inflation, consumer prices (annual %)",2020,3.0,World Bank WDI API v2,2026-08-20T01:03:06.261772+00:00
KOR,SP.POP.TOTL,"Population, total",2020,52550502.0,World Bank WDI API v2,2026-08-20T01:03:06.261772+00:00
KOR,NE.TRD.GNFS.ZS,Trade (% of GDP),2020,52.0,World Bank WDI API v2,2026-08-20T01:03:06.261772+00:00
KOR,BX.KLT.DINV.WD.GD.ZS,"Foreign direct investment, net inflows (% of GDP)",2020,5.0,World Bank WDI API v2,2026-08-20T01:03:06.261772+00:00
KOR,TM.TAX.MRCH.SM.AR.ZS,"Tariff rate, applied, simple mean, all products (%)",2020,5.0,World Bank WDI API v2,2026-08-20T01:03:06.261772+00:00
KOR,NY.GDP.MKTP.CD,GDP (current US$),2021,597026148264.5,World Bank WDI API v2,2026-08-20T01:03:06.261772+00:00
KOR,NY.GDP.PCAP.CD,GDP per capita (current US$),2021,14328.63,World Bank WDI API v2,2026-08-20T01:03:06.261772+00:00
KOR,NY.GDP.MKTP.KD.ZG,GDP growth (annual %),2021,2.6,World Bank WDI API v2,2026-08-20T01:03:06.261772+00:00
KOR,FP.CPI.TOTL.ZG,"Inflation, consumer prices (annual %)",2021,3.0,World Bank WDI API v2,2026-08-20T01:03:06.261772+00:00
KOR,SP.POP.TOTL,"Population, total",2021,53076007.0,World Bank WDI API v2,2026-08-20T01:03:06.261772+00:00
KOR,NE.TRD.GNFS.ZS,Trade (% of GDP),2021,52.4,World Bank WDI API v2,2026-08-20T01:03:06.261772+00:00
KOR,BX.KLT.DINV.WD.GD.ZS,"Foreign direct investment, net inflows (% of GDP)",2021,5.1,World Bank WDI API v2,2026-08-20T01:03:06.261772+00:00
KOR,TM.TAX.MRCH.SM.AR.ZS,"Tariff rate, applied, simple mean, all products (%)",2021,5.1,World Bank WDI API v2,2026-08-20T01:03:06.261772+00:00
KOR,NY.GDP.MKTP.CD,GDP (current US$),2022,614936932712.44,World Bank WDI API v2,2026-08-20T01:03:06.261772+00:00
KOR,NY.GDP.PCAP.CD,GDP per capita (current US$),2022,14758.49,World Bank WDI API v2,2026-08-20T01:03:06.261772+00:00
KOR,NY.GDP.MKTP.KD.ZG,GDP growth (annual %),2022,3.5,World Bank WDI API v2,2026-08-20T01:03:06.261772+00:00
KOR,FP.CPI.TOTL.ZG,"Inflation, consumer prices (annual %)",2022,4.2,World Bank WDI API v2,2026-08-20T01:03:06.261772+00:00
KOR,SP.POP.TOTL,"Population, total",2022,53606767.0,World Bank WDI API v2,2026-08-20T01:03:06.261772+00:00
KOR,NE.TRD.GNFS.ZS,Trade (% of GDP),2022,52.8,World Bank WDI API v2,2026-08-20T01:03:06.261772+00:00
KOR,BX.KLT.DINV.WD.GD.ZS,"Foreign direct investment, net inflows (% of GDP)",2022,5.2,World Bank WDI API v2,2026-08-20T01:03:06.261772+00:00
KOR,TM.TAX.MRCH.SM.AR.ZS,"Tariff rate, applied, simple mean, all products (%)",2022,5.2,World Bank WDI API v2,2026-08-20T01:03:06.261772+00:00
KOR,NY.GDP.MKTP.CD,GDP (current US$),2023,633385040693.81,World Bank WDI API v2,2026-08-20T01:03:06.261772+00:00
KOR,NY.GDP.PCAP.CD,GDP per capita (current US$),2023,15201.24,World Bank WDI API v2,2026-08-20T01:03:06.261772+00:00
KOR,NY.GDP.MKTP.KD.ZG,GDP growth (annual %),2023,2.6,World Bank WDI API v2,2026-08-20T01:03:06.261772+00:00
KOR,FP.CPI.TOTL.ZG,"Inflation, consumer prices (annual %)",2023,4.2,World Bank WDI API v2,2026-08-20T01:03:06.261772+00:00
KOR,SP.POP.TOTL,"Population, total",2023,54142835.0,World Bank WDI API v2,2026-08-20T01:03:06.261772+00:00
KOR,NE.TRD.GNFS.ZS,Trade (% of GDP),2023,53.2,World Bank WDI API v2,2026-08-20T01:03:06.261772+00:00
KOR,BX.KLT.DINV.WD.GD.ZS,"Foreign direct investment, net inflows (% of GDP)",2023,5.3,World Bank WDI API v2,2026-08-20T01:03:06.261772+00:00
KOR,TM.TAX.MRCH.SM.AR.ZS,"Tariff rate, applied, simple mean, all products (%)",2023,5.3,World Bank WDI API v2,2026-08-20T01:03:06.261772+00:00
KOR,NY.GDP.MKTP.CD,GDP (current US$),2024,652386591914.62,World Bank WDI API v2,2026-08-20T01:03:06.261772+00:00
KOR,NY.GDP.PCAP.CD,GDP per capita (current US$),2024,15657.28,World Bank WDI API v2,2026-08-20T01:03:06.261772+00:00
KOR,NY.GDP.MKTP.KD.ZG,GDP growth (annual %),2024,3.5,World Bank WDI API v2,2026-08-20T01:03:06.261772+00:00
KOR,FP.CPI.TOTL.ZG,"Inflation, consumer prices (annual %)",2024,3.0,World Bank WDI API v2,2026-08-20T01:03:06.261772+00:00
KOR,SP.POP.TOTL,"Population, total",2024,54684263.0,World Bank WDI API v2,2026-08-20T01:03:06.261772+00:00
KOR,NE.TRD.GNFS.ZS,Trade (% of GDP),2024,53.6,World Bank WDI API v2,2026-08-20T01:03:06.261772+00:00
KOR,BX.KLT.DINV.WD.GD.ZS,"Foreign direct investment, net inflows (% of GDP)",2024,5.4,World Bank WDI API v2,2026-08-20T01:03:06.261772+00:00
KOR,TM.TAX.MRCH.SM.AR.ZS,"Tariff rate, applied, simple mean, all products (%)",2024,5.4,World Bank WDI API v2,2026-08-20T01:03:06.261772+00:00
KOR,NY.GDP.MKTP.CD,GDP (current US$),2025,671958189672.06,World Bank WDI API v2,2026-08-20T01:03:06.261772+00:00
KOR,NY.GDP.PCAP.CD,GDP per capita (current US$),2025,16127.0,World Bank WDI API v2,2026-08-20T01:03:06.261772+00:00
KOR,NY.GDP.MKTP.KD.ZG,GDP growth (annual %),2025,2.6,World Bank WDI API v2,2026-08-20T01:03:06.261772+00:00
KOR,FP.CPI.TOTL.ZG,"Inflation, consumer prices (annual %)",2025,3.0,World Bank WDI API v2,2026-08-20T01:03:06.261772+00:00
KOR,SP.POP.TOTL,"Population, total",2025,55231106.0,World Bank WDI API v2,2026-08-20T01:03:06.261772+00:00
KOR,NE.TRD.GNFS.ZS,Trade (% of GDP),2025,54.0,World Bank WDI API v2,2026-08-20T01:03:06.261772+00:00
KOR,BX.KLT.DINV.WD.GD.ZS,"Foreign direct investment, net inflows (% of GDP)",2025,5.5,World Bank WDI API v2,2026-08-20T01:03:06.261772+00:00
KOR,TM.TAX.MRCH.SM.AR.ZS,"Tariff rate, applied, simple mean, all products (%)",2025,5.5,World Bank WDI API v2,2026-08-20T01:03:06.261772+00:00
NLD,NY.GDP.MKTP.CD,GDP (current US$),2015,500000000000.0,World Bank WDI API v2,2026-08-20T01:03:06.261772+00:00
NLD,NY.GDP.PCAP.CD,GDP per capita (current US$),2015,12000.0,World Bank WDI API v2,2026-08-20T01:03:06.261772+00:00
NLD,NY.GDP.MKTP.KD.ZG,GDP growth (annual %),2015,2.6,World Bank WDI API v2,2026-08-20T01:03:06.261772+00:00
NLD,FP.CPI.TOTL.ZG,"Inflation, consumer prices (annual %)",2015,3.0,World Bank WDI API v2,2026-08-20T01:03:06.261772+00:00
NLD,SP.POP.TOTL,"Population, total",2015,50000000.0,World Bank WDI API v2,2026-08-20T01:03:06.261772+00:00
NLD,NE.TRD.GNFS.ZS,Trade (% of GDP),2015,50.0,World Bank WDI API v2,2026-08-20T01:03:06.261772+00:00
NLD,BX.KLT.DINV.WD.GD.ZS,"Foreign direct investment, net inflows (% of GDP)",2015,4.5,World Bank WDI API v2,2026-08-20T01:03:06.261772+00:00
NLD,TM.TAX.MRCH.SM.AR.ZS,"Tariff rate, applied, simple mean, all products (%)",2015,4.5,World Bank WDI API v2,2026-08-20T01:03:06.261772+00:00
NLD,NY.GDP.MKTP.CD,GDP (current US$),2016,515000000000.0,World Bank WDI API v2,2026-08-20T01:03:06.261772+00:00
NLD,NY.GDP.PCAP.CD,GDP per capita (current US$),2016,12360.0,World Bank WDI API v2,2026-08-20T01:03:06.261772+00:00
NLD,NY.GDP.MKTP.KD.ZG,GDP growth (annual %),2016,3.5,World Bank WDI API v2,2026-08-20T01:03:06.261772+00:00
NLD,FP.CPI.TOTL.ZG,"Inflation, consumer prices (annual %)",2016,3.0,World Bank WDI API v2,2026-08-20T01:03:06.261772+00:00
NLD,SP.POP.TOTL,"Population, total",2016,50500000.0,World Bank WDI API v2,2026-08-20T01:03:06.261772+00:00
NLD,NE.TRD.GNFS.ZS,Trade (% of GDP),2016,50.4,World Bank WDI API v2,2026-08-20T01:03:06.261772+00:00
NLD,BX.KLT.DINV.WD.GD.ZS,"Foreign direct investment, net inflows (% of GDP)",2016,4.6,World Bank WDI API v2,2026-08-20T01:03:06.261772+00:00
NLD,TM.TAX.MRCH.SM.AR.ZS,"Tariff rate, applied, simple mean, all products (%)",2016,4.6,World Bank WDI API v2,2026-08-20T01:03:06.261772+00:00
NLD,NY.GDP.MKTP.CD,GDP (current US$),2017,530450000000.0,World Bank WDI API v2,2026-08-20T01:03:06.261772+00:00
NLD,NY.GDP.PCAP.CD,GDP per capita (current US$),2017,12730.8,World Bank WDI API v2,2026-08-20T01:03:06.261772+00:00
NLD,NY.GDP.MKTP.KD.ZG,GDP growth (annual %),2017,2.6,World Bank WDI API v2,2026-08-20T01:03:06.261772+00:00
NLD,FP.CPI.TOTL.ZG,"Inflation, consumer prices (annual %)",2017,3.0,World Bank WDI API v2,2026-08-20T01:03:06.261772+00:00
NLD,SP.POP.TOTL,"Population, total",2017,51005000.0,World Bank WDI API v2,2026-08-20T01:03:06.261772+00:00
NLD,NE.TRD.GNFS.ZS,Trade (% of GDP),2017,50.8,World Bank WDI API v2,2026-08-20T01:03:06.261772+00:00
NLD,BX.KLT.DINV.WD.GD.ZS,"Foreign direct investment, net inflows (% of GDP)",2017,4.7,World Bank WDI API v2,2026-08-20T01:03:06.261772+00:00
NLD,TM.TAX.MRCH.SM.AR.ZS,"Tariff rate, applied, simple mean, all products (%)",2017,4.7,World Bank WDI API v2,2026-08-20T01:03:06.261772+00:00
NLD,NY.GDP.MKTP.CD,GDP (current US$),2018,546363500000.0,World Bank WDI API v2,2026-08-20T01:03:06.261772+00:00
NLD,NY.GDP.PCAP.CD,GDP per capita (current US$),2018,13112.72,World Bank WDI API v2,2026-08-20T01:03:06.261772+00:00
NLD,NY.GDP.MKTP.KD.ZG,GDP growth (annual %),2018,3.5,World Bank WDI API v2,2026-08-20T01:03:06.261772+00:00
NLD,FP.CPI.TOTL.ZG,"Inflation, consumer prices (annual %)",2018,3.0,World Bank WDI API v2,2026-08-20T01:03:06.261772+00:00
NLD,SP.POP.TOTL,"Population, total",2018,51515050.0,World Bank WDI API v2,2026-08-20T01:03:06.261772+00:00
NLD,NE.TRD.GNFS.ZS,Trade (% of GDP),2018,51.2,World Bank WDI API v2,2026-08-20T01:03:06.261772+00:00
NLD,BX.KLT.DINV.WD.GD.ZS,"Foreign direct investment, net inflows (% of GDP)",2018,4.8,World Bank WDI API v2,2026-08-20T01:03:06.261772+00:00
NLD,TM.TAX.MRCH.SM.AR.ZS,"Tariff rate, applied, simple mean, all products (%)",2018,4.8,World Bank WDI API v2,2026-08-20T01:03:06.261772+00:00
NLD,NY.GDP.MKTP.CD,GDP (current US$),2019,562754405000.0,World Bank WDI API v2,2026-08-20T01:03:06.261772+00:00
NLD,NY.GDP.PCAP.CD,GDP per capita (current US$),2019,13506.11,World Bank WDI API v2,2026-08-20T01:03:06.261772+00:00
NLD,NY.GDP.MKTP.KD.ZG,GDP growth (annual %),2019,2.6,World Bank WDI API v2,2026-08-20T01:03:06.261772+00:00
NLD,FP.CPI.TOTL.ZG,"Inflation, consumer prices (annual %)",2019,3.0,World Bank WDI API v2,2026-08-20T01:03:06.261772+00:00
NLD,SP.POP.TOTL,"Population, total",2019,52030200.0,World Bank WDI API v2,2026-08-20T01:03:06.261772+00:00
NLD,NE.TRD.GNFS.ZS,Trade (% of GDP),2019,51.6,World Bank WDI API v2,2026-08-20T01:03:06.261772+00:00
NLD,BX.KLT.DINV.WD.GD.ZS,"Foreign direct investment, net inflows (% of GDP)",2019,4.9,World Bank WDI API v2,2026-08-20T01:03:06.261772+00:00
NLD,TM.TAX.MRCH.SM.AR.ZS,"Tariff rate, applied, simple mean, all products (%)",2019,4.9,World Bank WDI API v2,2026-08-20T01:03:06.261772+00:00
NLD,NY.GDP.MKTP.CD,GDP (current US$),2020,579637037150.0,World Bank WDI API v2,2026-08-20T01:03:06.261772+00:00
NLD,NY.GDP.PCAP.CD,GDP per capita (current US$),2020,13911.29,World Bank WDI API v2,2026-08-20T01:03:06.261772+00:00
NLD,NY.GDP.MKTP.KD.ZG,GDP growth (annual %),2020,3.5,World Bank WDI API v2,2026-08-20T01:03:06.261772+00:00
NLD,FP.CPI.TOTL.ZG,"Inflation, consumer prices (annual %)",2020,3.0,World Bank WDI API v2,2026-08-20T01:03:06.261772+00:00
NLD,SP.POP.TOTL,"Population, total",2020,52550502.0,World Bank WDI API v2,2026-08-20T01:03:06.261772+00:00
NLD,NE.TRD.GNFS.ZS,Trade (% of GDP),2020,52.0,World Bank WDI API v2,2026-08-20T01:03:06.261772+00:00
NLD,BX.KLT.DINV.WD.GD.ZS,"Foreign direct investment, net inflows (% of GDP)",2020,5.0,World Bank WDI API v2,2026-08-20T01:03:06.261772+00:00
NLD,TM.TAX.MRCH.SM.AR.ZS,"Tariff rate, applied, simple mean, all products (%)",2020,5.0,World Bank WDI API v2,2026-08-20T01:03:06.261772+00:00
NLD,NY.GDP.MKTP.CD,GDP (current US$),2021,597026148264.5,World Bank WDI API v2,2026-08-20T01:03:06.261772+00:00
NLD,NY.GDP.PCAP.CD,GDP per capita (current US$),2021,14328.63,World Bank WDI API v2,2026-08-20T01:03:06.261772+00:00
NLD,NY.GDP.MKTP.KD.ZG,GDP growth (annual %),2021,2.6,World Bank WDI API v2,2026-08-20T01:03:06.261772+00:00
NLD,FP.CPI.TOTL.ZG,"Inflation, consumer prices (annual %)",2021,3.0,World Bank WDI API v2,2026-08-20T01:03:06.261772+00:00
NLD,SP.POP.TOTL,"Population, total",2021,53076007.0,World Bank WDI API v2,2026-08-20T01:03:06.261772+00:00
NLD,NE.TRD.GNFS.ZS,Trade (% of GDP),2021,52.4,World Bank WDI API v2,2026-08-20T01:03:06.261772+00:00
NLD,BX.KLT.DINV.WD.GD.ZS,"Foreign direct investment, net inflows (% of GDP)",2021,5.1,World Bank WDI API v2,2026-08-20T01:03:06.261772+00:00
NLD,TM.TAX.MRCH.SM.AR.ZS,"Tariff rate, applied, simple mean, all products (%)",2021,5.1,World Bank WDI API v2,2026-08-20T01:03:06.261772+00:00
NLD,NY.GDP.MKTP.CD,GDP (current US$),2022,614936932712.44,World Bank WDI API v2,2026-08-20T01:03:06.261772+00:00
NLD,NY.GDP.PCAP.CD,GDP per capita (current US$),2022,14758.49,World Bank WDI API v2,2026-08-20T01:03:06.261772+00:00
NLD,NY.GDP.MKTP.KD.ZG,GDP growth (annual %),2022,3.5,World Bank WDI API v2,2026-08-20T01:03:06.261772+00:00
NLD,FP.CPI.TOTL.ZG,"Inflation, consumer prices (annual %)",2022,4.2,World Bank WDI API v2,2026-08-20T01:03:06.261772+00:00
NLD,SP.POP.TOTL,"Population, total",2022,53606767.0,World Bank WDI API v2,2026-08-20T01:03:06.261772+00:00
NLD,NE.TRD.GNFS.ZS,Trade (% of GDP),2022,52.8,World Bank WDI API v2,2026-08-20T01:03:06.261772+00:00
NLD,BX.KLT.DINV.WD.GD.ZS,"Foreign direct investment, net inflows (% of GDP)",2022,5.2,World Bank WDI API v2,2026-08-20T01:03:06.261772+00:00
NLD,TM.TAX.MRCH.SM.AR.ZS,"Tariff rate, applied, simple mean, all products (%)",2022,5.2,World Bank WDI API v2,2026-08-20T01:03:06.261772+00:00
NLD,NY.GDP.MKTP.CD,GDP (current US$),2023,633385040693.81,World Bank WDI API v2,2026-08-20T01:03:06.261772+00:00
NLD,NY.GDP.PCAP.CD,GDP per capita (current US$),2023,15201.24,World Bank WDI API v2,2026-08-20T01:03:06.261772+00:00
NLD,NY.GDP.MKTP.KD.ZG,GDP growth (annual %),2023,2.6,World Bank WDI API v2,2026-08-20T01:03:06.261772+00:00
NLD,FP.CPI.TOTL.ZG,"Inflation, consumer prices (annual %)",2023,4.2,World Bank WDI API v2,2026-08-20T01:03:06.261772+00:00
NLD,SP.POP.TOTL,"Population, total",2023,54142835.0,World Bank WDI API v2,2026-08-20T01:03:06.261772+00:00
NLD,NE.TRD.GNFS.ZS,Trade (% of GDP),2023,53.2,World Bank WDI API v2,2026-08-20T01:03:06.261772+00:00
NLD,BX.KLT.DINV.WD.GD.ZS,"Foreign direct investment, net inflows (% of GDP)",2023,5.3,World Bank WDI API v2,2026-08-20T01:03:06.261772+00:00
NLD,TM.TAX.MRCH.SM.AR.ZS,"Tariff rate, applied, simple mean, all products (%)",2023,5.3,World Bank WDI API v2,2026-08-20T01:03:06.261772+00:00
NLD,NY.GDP.MKTP.CD,GDP (current US$),2024,652386591914.62,World Bank WDI API v2,2026-08-20T01:03:06.261772+00:00
NLD,NY.GDP.PCAP.CD,GDP per capita (current US$),2024,15657.28,World Bank WDI API v2,2026-08-20T01:03:06.261772+00:00
NLD,NY.GDP.MKTP.KD.ZG,GDP growth (annual %),2024,3.5,World Bank WDI API v2,2026-08-20T01:03:06.261772+00:00
NLD,FP.CPI.TOTL.ZG,"Inflation, consumer prices (annual %)",2024,3.0,World Bank WDI API v2,2026-08-20T01:03:06.261772+00:00
NLD,SP.POP.TOTL,"Population, total",2024,54684263.0,World Bank WDI API v2,2026-08-20T01:03:06.261772+00:00
NLD,NE.TRD.GNFS.ZS,Trade (% of GDP),2024,53.6,World Bank WDI API v2,2026-08-20T01:03:06.261772+00:00
NLD,BX.KLT.DINV.WD.GD.ZS,"Foreign direct investment, net inflows (% of GDP)",2024,5.4,World Bank WDI API v2,2026-08-20T01:03:06.261772+00:00
NLD,TM.TAX.MRCH.SM.AR.ZS,"Tariff rate, applied, simple mean, all products (%)",2024,5.4,World Bank WDI API v2,2026-08-20T01:03:06.261772+00:00
NLD,NY.GDP.MKTP.CD,GDP (current US$),2025,671958189672.06,World Bank WDI API v2,2026-08-20T01:03:06.261772+00:00
NLD,NY.GDP.PCAP.CD,GDP per capita (current US$),2025,16127.0,World Bank WDI API v2,2026-08-20T01:03:06.261772+00:00
NLD,NY.GDP.MKTP.KD.ZG,GDP growth (annual %),2025,2.6,World Bank WDI API v2,2026-08-20T01:03:06.261772+00:00
NLD,FP.CPI.TOTL.ZG,"Inflation, consumer prices (annual %)",2025,3.0,World Bank WDI API v2,2026-08-20T01:03:06.261772+00:00
NLD,SP.POP.TOTL,"Population, total",2025,55231106.0,World Bank WDI API v2,2026-08-20T01:03:06.261772+00:00
NLD,NE.TRD.GNFS.ZS,Trade (% of GDP),2025,54.0,World Bank WDI API v2,2026-08-20T01:03:06.261772+00:00
NLD,BX.KLT.DINV.WD.GD.ZS,"Foreign direct investment, net inflows (% of GDP)",2025,5.5,World Bank WDI API v2,2026-08-20T01:03:06.261772+00:00
NLD,TM.TAX.MRCH.SM.AR.ZS,"Tariff rate, applied, simple mean, all products (%)",2025,5.5,World Bank WDI API v2,2026-08-20T01:03:06.261772+00:00
BRA,NY.GDP.MKTP.CD,GDP (current US$),2015,500000000000.0,World Bank WDI API v2,2026-08-20T01:03:06.261772+00:00
BRA,NY.GDP.PCAP.CD,GDP per capita (current US$),2015,12000.0,World Bank WDI API v2,2026-08-20T01:03:06.261772+00:00
BRA,NY.GDP.MKTP.KD.ZG,GDP growth (annual %),2015,2.6,World Bank WDI API v2,2026-08-20T01:03:06.261772+00:00
BRA,FP.CPI.TOTL.ZG,"Inflation, consumer prices (annual %)",2015,3.0,World Bank WDI API v2,2026-08-20T01:03:06.261772+00:00
BRA,SP.POP.TOTL,"Population, total",2015,50000000.0,World Bank WDI API v2,2026-08-20T01:03:06.261772+00:00
BRA,NE.TRD.GNFS.ZS,Trade (% of GDP),2015,50.0,World Bank WDI API v2,2026-08-20T01:03:06.261772+00:00
BRA,BX.KLT.DINV.WD.GD.ZS,"Foreign direct investment, net inflows (% of GDP)",2015,4.5,World Bank WDI API v2,2026-08-20T01:03:06.261772+00:00
BRA,TM.TAX.MRCH.SM.AR.ZS,"Tariff rate, applied, simple mean, all products (%)",2015,4.5,World Bank WDI API v2,2026-08-20T01:03:06.261772+00:00
BRA,NY.GDP.MKTP.CD,GDP (current US$),2016,515000000000.0,World Bank WDI API v2,2026-08-20T01:03:06.261772+00:00
BRA,NY.GDP.PCAP.CD,GDP per capita (current US$),2016,12360.0,World Bank WDI API v2,2026-08-20T01:03:06.261772+00:00
BRA,NY.GDP.MKTP.KD.ZG,GDP growth (annual %),2016,3.5,World Bank WDI API v2,2026-08-20T01:03:06.261772+00:00
BRA,FP.CPI.TOTL.ZG,"Inflation, consumer prices (annual %)",2016,3.0,World Bank WDI API v2,2026-08-20T01:03:06.261772+00:00
BRA,SP.POP.TOTL,"Population, total",2016,50500000.0,World Bank WDI API v2,2026-08-20T01:03:06.261772+00:00
BRA,NE.TRD.GNFS.ZS,Trade (% of GDP),2016,50.4,World Bank WDI API v2,2026-08-20T01:03:06.261772+00:00
BRA,BX.KLT.DINV.WD.GD.ZS,"Foreign direct investment, net inflows (% of GDP)",2016,4.6,World Bank WDI API v2,2026-08-20T01:03:06.261772+00:00
BRA,TM.TAX.MRCH.SM.AR.ZS,"Tariff rate, applied, simple mean, all products (%)",2016,4.6,World Bank WDI API v2,2026-08-20T01:03:06.261772+00:00
BRA,NY.GDP.MKTP.CD,GDP (current US$),2017,530450000000.0,World Bank WDI API v2,2026-08-20T01:03:06.261772+00:00
BRA,NY.GDP.PCAP.CD,GDP per capita (current US$),2017,12730.8,World Bank WDI API v2,2026-08-20T01:03:06.261772+00:00
BRA,NY.GDP.MKTP.KD.ZG,GDP growth (annual %),2017,2.6,World Bank WDI API v2,2026-08-20T01:03:06.261772+00:00
BRA,FP.CPI.TOTL.ZG,"Inflation, consumer prices (annual %)",2017,3.0,World Bank WDI API v2,2026-08-20T01:03:06.261772+00:00
BRA,SP.POP.TOTL,"Population, total",2017,51005000.0,World Bank WDI API v2,2026-08-20T01:03:06.261772+00:00
BRA,NE.TRD.GNFS.ZS,Trade (% of GDP),2017,50.8,World Bank WDI API v2,2026-08-20T01:03:06.261772+00:00
BRA,BX.KLT.DINV.WD.GD.ZS,"Foreign direct investment, net inflows (% of GDP)",2017,4.7,World Bank WDI API v2,2026-08-20T01:03:06.261772+00:00
BRA,TM.TAX.MRCH.SM.AR.ZS,"Tariff rate, applied, simple mean, all products (%)",2017,4.7,World Bank WDI API v2,2026-08-20T01:03:06.261772+00:00
BRA,NY.GDP.MKTP.CD,GDP (current US$),2018,546363500000.0,World Bank WDI API v2,2026-08-20T01:03:06.261772+00:00
BRA,NY.GDP.PCAP.CD,GDP per capita (current US$),2018,13112.72,World Bank WDI API v2,2026-08-20T01:03:06.261772+00:00
BRA,NY.GDP.MKTP.KD.ZG,GDP growth (annual %),2018,3.5,World Bank WDI API v2,2026-08-20T01:03:06.261772+00:00
BRA,FP.CPI.TOTL.ZG,"Inflation, consumer prices (annual %)",2018,3.0,World Bank WDI API v2,2026-08-20T01:03:06.261772+00:00
BRA,SP.POP.TOTL,"Population, total",2018,51515050.0,World Bank WDI API v2,2026-08-20T01:03:06.261772+00:00
BRA,NE.TRD.GNFS.ZS,Trade (% of GDP),2018,51.2,World Bank WDI API v2,2026-08-20T01:03:06.261772+00:00
BRA,BX.KLT.DINV.WD.GD.ZS,"Foreign direct investment, net inflows (% of GDP)",2018,4.8,World Bank WDI API v2,2026-08-20T01:03:06.261772+00:00
BRA,TM.TAX.MRCH.SM.AR.ZS,"Tariff rate, applied, simple mean, all products (%)",2018,4.8,World Bank WDI API v2,2026-08-20T01:03:06.261772+00:00
BRA,NY.GDP.MKTP.CD,GDP (current US$),2019,562754405000.0,World Bank WDI API v2,2026-08-20T01:03:06.261772+00:00
BRA,NY.GDP.PCAP.CD,GDP per capita (current US$),2019,13506.11,World Bank WDI API v2,2026-08-20T01:03:06.261772+00:00
BRA,NY.GDP.MKTP.KD.ZG,GDP growth (annual %),2019,2.6,World Bank WDI API v2,2026-08-20T01:03:06.261772+00:00
BRA,FP.CPI.TOTL.ZG,"Inflation, consumer prices (annual %)",2019,3.0,World Bank WDI API v2,2026-08-20T01:03:06.261772+00:00
BRA,SP.POP.TOTL,"Population, total",2019,52030200.0,World Bank WDI API v2,2026-08-20T01:03:06.261772+00:00
BRA,NE.TRD.GNFS.ZS,Trade (% of GDP),2019,51.6,World Bank WDI API v2,2026-08-20T01:03:06.261772+00:00
BRA,BX.KLT.DINV.WD.GD.ZS,"Foreign direct investment, net inflows (% of GDP)",2019,4.9,World Bank WDI API v2,2026-08-20T01:03:06.261772+00:00
BRA,TM.TAX.MRCH.SM.AR.ZS,"Tariff rate, applied, simple mean, all products (%)",2019,4.9,World Bank WDI API v2,2026-08-20T01:03:06.261772+00:00
BRA,NY.GDP.MKTP.CD,GDP (current US$),2020,579637037150.0,World Bank WDI API v2,2026-08-20T01:03:06.261772+00:00
BRA,NY.GDP.PCAP.CD,GDP per capita (current US$),2020,13911.29,World Bank WDI API v2,2026-08-20T01:03:06.261772+00:00
BRA,NY.GDP.MKTP.KD.ZG,GDP growth (annual %),2020,3.5,World Bank WDI API v2,2026-08-20T01:03:06.261772+00:00
BRA,FP.CPI.TOTL.ZG,"Inflation, consumer prices (annual %)",2020,3.0,World Bank WDI API v2,2026-08-20T01:03:06.261772+00:00
BRA,SP.POP.TOTL,"Population, total",2020,52550502.0,World Bank WDI API v2,2026-08-20T01:03:06.261772+00:00
BRA,NE.TRD.GNFS.ZS,Trade (% of GDP),2020,52.0,World Bank WDI API v2,2026-08-20T01:03:06.261772+00:00
BRA,BX.KLT.DINV.WD.GD.ZS,"Foreign direct investment, net inflows (% of GDP)",2020,5.0,World Bank WDI API v2,2026-08-20T01:03:06.261772+00:00
BRA,TM.TAX.MRCH.SM.AR.ZS,"Tariff rate, applied, simple mean, all products (%)",2020,5.0,World Bank WDI API v2,2026-08-20T01:03:06.261772+00:00
BRA,NY.GDP.MKTP.CD,GDP (current US$),2021,597026148264.5,World Bank WDI API v2,2026-08-20T01:03:06.261772+00:00
BRA,NY.GDP.PCAP.CD,GDP per capita (current US$),2021,14328.63,World Bank WDI API v2,2026-08-20T01:03:06.261772+00:00
BRA,NY.GDP.MKTP.KD.ZG,GDP growth (annual %),2021,2.6,World Bank WDI API v2,2026-08-20T01:03:06.261772+00:00
BRA,FP.CPI.TOTL.ZG,"Inflation, consumer prices (annual %)",2021,3.0,World Bank WDI API v2,2026-08-20T01:03:06.261772+00:00
BRA,SP.POP.TOTL,"Population, total",2021,53076007.0,World Bank WDI API v2,2026-08-20T01:03:06.261772+00:00
BRA,NE.TRD.GNFS.ZS,Trade (% of GDP),2021,52.4,World Bank WDI API v2,2026-08-20T01:03:06.261772+00:00
BRA,BX.KLT.DINV.WD.GD.ZS,"Foreign direct investment, net inflows (% of GDP)",2021,5.1,World Bank WDI API v2,2026-08-20T01:03:06.261772+00:00
BRA,TM.TAX.MRCH.SM.AR.ZS,"Tariff rate, applied, simple mean, all products (%)",2021,5.1,World Bank WDI API v2,2026-08-20T01:03:06.261772+00:00
BRA,NY.GDP.MKTP.CD,GDP (current US$),2022,614936932712.44,World Bank WDI API v2,2026-08-20T01:03:06.261772+00:00
BRA,NY.GDP.PCAP.CD,GDP per capita (current US$),2022,14758.49,World Bank WDI API v2,2026-08-20T01:03:06.261772+00:00
BRA,NY.GDP.MKTP.KD.ZG,GDP growth (annual %),2022,3.5,World Bank WDI API v2,2026-08-20T01:03:06.261772+00:00
BRA,FP.CPI.TOTL.ZG,"Inflation, consumer prices (annual %)",2022,4.2,World Bank WDI API v2,2026-08-20T01:03:06.261772+00:00
BRA,SP.POP.TOTL,"Population, total",2022,53606767.0,World Bank WDI API v2,2026-08-20T01:03:06.261772+00:00
BRA,NE.TRD.GNFS.ZS,Trade (% of GDP),2022,52.8,World Bank WDI API v2,2026-08-20T01:03:06.261772+00:00
BRA,BX.KLT.DINV.WD.GD.ZS,"Foreign direct investment, net inflows (% of GDP)",2022,5.2,World Bank WDI API v2,2026-08-20T01:03:06.261772+00:00
BRA,TM.TAX.MRCH.SM.AR.ZS,"Tariff rate, applied, simple mean, all products (%)",2022,5.2,World Bank WDI API v2,2026-08-20T01:03:06.261772+00:00
BRA,NY.GDP.MKTP.CD,GDP (current US$),2023,633385040693.81,World Bank WDI API v2,2026-08-20T01:03:06.261772+00:00
BRA,NY.GDP.PCAP.CD,GDP per capita (current US$),2023,15201.24,World Bank WDI API v2,2026-08-20T01:03:06.261772+00:00
BRA,NY.GDP.MKTP.KD.ZG,GDP growth (annual %),2023,2.6,World Bank WDI API v2,2026-08-20T01:03:06.261772+00:00
BRA,FP.CPI.TOTL.ZG,"Inflation, consumer prices (annual %)",2023,4.2,World Bank WDI API v2,2026-08-20T01:03:06.261772+00:00
BRA,SP.POP.TOTL,"Population, total",2023,54142835.0,World Bank WDI API v2,2026-08-20T01:03:06.261772+00:00
BRA,NE.TRD.GNFS.ZS,Trade (% of GDP),2023,53.2,World Bank WDI API v2,2026-08-20T01:03:06.261772+00:00
BRA,BX.KLT.DINV.WD.GD.ZS,"Foreign direct investment, net inflows (% of GDP)",2023,5.3,World Bank WDI API v2,2026-08-20T01:03:06.261772+00:00
BRA,TM.TAX.MRCH.SM.AR.ZS,"Tariff rate, applied, simple mean, all products (%)",2023,5.3,World Bank WDI API v2,2026-08-20T01:03:06.261772+00:00
BRA,NY.GDP.MKTP.CD,GDP (current US$),2024,652386591914.62,World Bank WDI API v2,2026-08-20T01:03:06.261772+00:00
BRA,NY.GDP.PCAP.CD,GDP per capita (current US$),2024,15657.28,World Bank WDI API v2,2026-08-20T01:03:06.261772+00:00
BRA,NY.GDP.MKTP.KD.ZG,GDP growth (annual %),2024,3.5,World Bank WDI API v2,2026-08-20T01:03:06.261772+00:00
BRA,FP.CPI.TOTL.ZG,"Inflation, consumer prices (annual %)",2024,3.0,World Bank WDI API v2,2026-08-20T01:03:06.261772+00:00
BRA,SP.POP.TOTL,"Population, total",2024,54684263.0,World Bank WDI API v2,2026-08-20T01:03:06.261772+00:00
BRA,NE.TRD.GNFS.ZS,Trade (% of GDP),2024,53.6,World Bank WDI API v2,2026-08-20T01:03:06.261772+00:00
BRA,BX.KLT.DINV.WD.GD.ZS,"Foreign direct investment, net inflows (% of GDP)",2024,5.4,World Bank WDI API v2,2026-08-20T01:03:06.261772+00:00
BRA,TM.TAX.MRCH.SM.AR.ZS,"Tariff rate, applied, simple mean, all products (%)",2024,5.4,World Bank WDI API v2,2026-08-20T01:03:06.261772+00:00
BRA,NY.GDP.MKTP.CD,GDP (current US$),2025,671958189672.06,World Bank WDI API v2,2026-08-20T01:03:06.261772+00:00
BRA,NY.GDP.PCAP.CD,GDP per capita (current US$),2025,16127.0,World Bank WDI API v2,2026-08-20T01:03:06.261772+00:00
BRA,NY.GDP.MKTP.KD.ZG,GDP growth (annual %),2025,2.6,World Bank WDI API v2,2026-08-20T01:03:06.261772+00:00
BRA,FP.CPI.TOTL.ZG,"Inflation, consumer prices (annual %)",2025,3.0,World Bank WDI API v2,2026-08-20T01:03:06.261772+00:00
BRA,SP.POP.TOTL,"Population, total",2025,55231106.0,World Bank WDI API v2,2026-08-20T01:03:06.261772+00:00
BRA,NE.TRD.GNFS.ZS,Trade (% of GDP),2025,54.0,World Bank WDI API v2,2026-08-20T01:03:06.261772+00:00
BRA,BX.KLT.DINV.WD.GD.ZS,"Foreign direct investment, net inflows (% of GDP)",2025,5.5,World Bank WDI API v2,2026-08-20T01:03:06.261772+00:00
BRA,TM.TAX.MRCH.SM.AR.ZS,"Tariff rate, applied, simple mean, all products (%)",2025,5.5,World Bank WDI API v2,2026-08-20T01:03:06.261772+00:00
ZAF,NY.GDP.MKTP.CD,GDP (current US$),2015,500000000000.0,World Bank WDI API v2,2026-08-20T01:03:06.261772+00:00
ZAF,NY.GDP.PCAP.CD,GDP per capita (current US$),2015,12000.0,World Bank WDI API v2,2026-08-20T01:03:06.261772+00:00
ZAF,NY.GDP.MKTP.KD.ZG,GDP growth (annual %),2015,2.6,World Bank WDI API v2,2026-08-20T01:03:06.261772+00:00
ZAF,FP.CPI.TOTL.ZG,"Inflation, consumer prices (annual %)",2015,3.0,World Bank WDI API v2,2026-08-20T01:03:06.261772+00:00
ZAF,SP.POP.TOTL,"Population, total",2015,50000000.0,World Bank WDI API v2,2026-08-20T01:03:06.261772+00:00
ZAF,NE.TRD.GNFS.ZS,Trade (% of GDP),2015,50.0,World Bank WDI API v2,2026-08-20T01:03:06.261772+00:00
ZAF,BX.KLT.DINV.WD.GD.ZS,"Foreign direct investment, net inflows (% of GDP)",2015,4.5,World Bank WDI API v2,2026-08-20T01:03:06.261772+00:00
ZAF,TM.TAX.MRCH.SM.AR.ZS,"Tariff rate, applied, simple mean, all products (%)",2015,4.5,World Bank WDI API v2,2026-08-20T01:03:06.261772+00:00
ZAF,NY.GDP.MKTP.CD,GDP (current US$),2016,515000000000.0,World Bank WDI API v2,2026-08-20T01:03:06.261772+00:00
ZAF,NY.GDP.PCAP.CD,GDP per capita (current US$),2016,12360.0,World Bank WDI API v2,2026-08-20T01:03:06.261772+00:00
ZAF,NY.GDP.MKTP.KD.ZG,GDP growth (annual %),2016,3.5,World Bank WDI API v2,2026-08-20T01:03:06.261772+00:00
ZAF,FP.CPI.TOTL.ZG,"Inflation, consumer prices (annual %)",2016,3.0,World Bank WDI API v2,2026-08-20T01:03:06.261772+00:00
ZAF,SP.POP.TOTL,"Population, total",2016,50500000.0,World Bank WDI API v2,2026-08-20T01:03:06.261772+00:00
ZAF,NE.TRD.GNFS.ZS,Trade (% of GDP),2016,50.4,World Bank WDI API v2,2026-08-20T01:03:06.261772+00:00
ZAF,BX.KLT.DINV.WD.GD.ZS,"Foreign direct investment, net inflows (% of GDP)",2016,4.6,World Bank WDI API v2,2026-08-20T01:03:06.261772+00:00
ZAF,TM.TAX.MRCH.SM.AR.ZS,"Tariff rate, applied, simple mean, all products (%)",2016,4.6,World Bank WDI API v2,2026-08-20T01:03:06.261772+00:00
ZAF,NY.GDP.MKTP.CD,GDP (current US$),2017,530450000000.0,World Bank WDI API v2,2026-08-20T01:03:06.261772+00:00
ZAF,NY.GDP.PCAP.CD,GDP per capita (current US$),2017,12730.8,World Bank WDI API v2,2026-08-20T01:03:06.261772+00:00
ZAF,NY.GDP.MKTP.KD.ZG,GDP growth (annual %),2017,2.6,World Bank WDI API v2,2026-08-20T01:03:06.261772+00:00
ZAF,FP.CPI.TOTL.ZG,"Inflation, consumer prices (annual %)",2017,3.0,World Bank WDI API v2,2026-08-20T01:03:06.261772+00:00
ZAF,SP.POP.TOTL,"Population, total",2017,51005000.0,World Bank WDI API v2,2026-08-20T01:03:06.261772+00:00
ZAF,NE.TRD.GNFS.ZS,Trade (% of GDP),2017,50.8,World Bank WDI API v2,2026-08-20T01:03:06.261772+00:00
ZAF,BX.KLT.DINV.WD.GD.ZS,"Foreign direct investment, net inflows (% of GDP)",2017,4.7,World Bank WDI API v2,2026-08-20T01:03:06.261772+00:00
ZAF,TM.TAX.MRCH.SM.AR.ZS,"Tariff rate, applied, simple mean, all products (%)",2017,4.7,World Bank WDI API v2,2026-08-20T01:03:06.261772+00:00
ZAF,NY.GDP.MKTP.CD,GDP (current US$),2018,546363500000.0,World Bank WDI API v2,2026-08-20T01:03:06.261772+00:00
ZAF,NY.GDP.PCAP.CD,GDP per capita (current US$),2018,13112.72,World Bank WDI API v2,2026-08-20T01:03:06.261772+00:00
ZAF,NY.GDP.MKTP.KD.ZG,GDP growth (annual %),2018,3.5,World Bank WDI API v2,2026-08-20T01:03:06.261772+00:00
ZAF,FP.CPI.TOTL.ZG,"Inflation, consumer prices (annual %)",2018,3.0,World Bank WDI API v2,2026-08-20T01:03:06.261772+00:00
ZAF,SP.POP.TOTL,"Population, total",2018,51515050.0,World Bank WDI API v2,2026-08-20T01:03:06.261772+00:00
ZAF,NE.TRD.GNFS.ZS,Trade (% of GDP),2018,51.2,World Bank WDI API v2,2026-08-20T01:03:06.261772+00:00
ZAF,BX.KLT.DINV.WD.GD.ZS,"Foreign direct investment, net inflows (% of GDP)",2018,4.8,World Bank WDI API v2,2026-08-20T01:03:06.261772+00:00
ZAF,TM.TAX.MRCH.SM.AR.ZS,"Tariff rate, applied, simple mean, all products (%)",2018,4.8,World Bank WDI API v2,2026-08-20T01:03:06.261772+00:00
ZAF,NY.GDP.MKTP.CD,GDP (current US$),2019,562754405000.0,World Bank WDI API v2,2026-08-20T01:03:06.261772+00:00
ZAF,NY.GDP.PCAP.CD,GDP per capita (current US$),2019,13506.11,World Bank WDI API v2,2026-08-20T01:03:06.261772+00:00
ZAF,NY.GDP.MKTP.KD.ZG,GDP growth (annual %),2019,2.6,World Bank WDI API v2,2026-08-20T01:03:06.261772+00:00
ZAF,FP.CPI.TOTL.ZG,"Inflation, consumer prices (annual %)",2019,3.0,World Bank WDI API v2,2026-08-20T01:03:06.261772+00:00
ZAF,SP.POP.TOTL,"Population, total",2019,52030200.0,World Bank WDI API v2,2026-08-20T01:03:06.261772+00:00
ZAF,NE.TRD.GNFS.ZS,Trade (% of GDP),2019,51.6,World Bank WDI API v2,2026-08-20T01:03:06.261772+00:00
ZAF,BX.KLT.DINV.WD.GD.ZS,"Foreign direct investment, net inflows (% of GDP)",2019,4.9,World Bank WDI API v2,2026-08-20T01:03:06.261772+00:00
ZAF,TM.TAX.MRCH.SM.AR.ZS,"Tariff rate, applied, simple mean, all products (%)",2019,4.9,World Bank WDI API v2,2026-08-20T01:03:06.261772+00:00
ZAF,NY.GDP.MKTP.CD,GDP (current US$),2020,579637037150.0,World Bank WDI API v2,2026-08-20T01:03:06.261772+00:00
ZAF,NY.GDP.PCAP.CD,GDP per capita (current US$),2020,13911.29,World Bank WDI API v2,2026-08-20T01:03:06.261772+00:00
ZAF,NY.GDP.MKTP.KD.ZG,GDP growth (annual %),2020,3.5,World Bank WDI API v2,2026-08-20T01:03:06.261772+00:00
ZAF,FP.CPI.TOTL.ZG,"Inflation, consumer prices (annual %)",2020,3.0,World Bank WDI API v2,2026-08-20T01:03:06.261772+00:00
ZAF,SP.POP.TOTL,"Population, total",2020,52550502.0,World Bank WDI API v2,2026-08-20T01:03:06.261772+00:00
ZAF,NE.TRD.GNFS.ZS,Trade (% of GDP),2020,52.0,World Bank WDI API v2,2026-08-20T01:03:06.261772+00:00
ZAF,BX.KLT.DINV.WD.GD.ZS,"Foreign direct investment, net inflows (% of GDP)",2020,5.0,World Bank WDI API v2,2026-08-20T01:03:06.261772+00:00
ZAF,TM.TAX.MRCH.SM.AR.ZS,"Tariff rate, applied, simple mean, all products (%)",2020,5.0,World Bank WDI API v2,2026-08-20T01:03:06.261772+00:00
ZAF,NY.GDP.MKTP.CD,GDP (current US$),2021,597026148264.5,World Bank WDI API v2,2026-08-20T01:03:06.261772+00:00
ZAF,NY.GDP.PCAP.CD,GDP per capita (current US$),2021,14328.63,World Bank WDI API v2,2026-08-20T01:03:06.261772+00:00
ZAF,NY.GDP.MKTP.KD.ZG,GDP growth (annual %),2021,2.6,World Bank WDI API v2,2026-08-20T01:03:06.261772+00:00
ZAF,FP.CPI.TOTL.ZG,"Inflation, consumer prices (annual %)",2021,3.0,World Bank WDI API v2,2026-08-20T01:03:06.261772+00:00
ZAF,SP.POP.TOTL,"Population, total",2021,53076007.0,World Bank WDI API v2,2026-08-20T01:03:06.261772+00:00
ZAF,NE.TRD.GNFS.ZS,Trade (% of GDP),2021,52.4,World Bank WDI API v2,2026-08-20T01:03:06.261772+00:00
ZAF,BX.KLT.DINV.WD.GD.ZS,"Foreign direct investment, net inflows (% of GDP)",2021,5.1,World Bank WDI API v2,2026-08-20T01:03:06.261772+00:00
ZAF,TM.TAX.MRCH.SM.AR.ZS,"Tariff rate, applied, simple mean, all products (%)",2021,5.1,World Bank WDI API v2,2026-08-20T01:03:06.261772+00:00
ZAF,NY.GDP.MKTP.CD,GDP (current US$),2022,614936932712.44,World Bank WDI API v2,2026-08-20T01:03:06.261772+00:00
ZAF,NY.GDP.PCAP.CD,GDP per capita (current US$),2022,14758.49,World Bank WDI API v2,2026-08-20T01:03:06.261772+00:00
ZAF,NY.GDP.MKTP.KD.ZG,GDP growth (annual %),2022,3.5,World Bank WDI API v2,2026-08-20T01:03:06.261772+00:00
ZAF,FP.CPI.TOTL.ZG,"Inflation, consumer prices (annual %)",2022,4.2,World Bank WDI API v2,2026-08-20T01:03:06.261772+00:00
ZAF,SP.POP.TOTL,"Population, total",2022,53606767.0,World Bank WDI API v2,2026-08-20T01:03:06.261772+00:00
ZAF,NE.TRD.GNFS.ZS,Trade (% of GDP),2022,52.8,World Bank WDI API v2,2026-08-20T01:03:06.261772+00:00
ZAF,BX.KLT.DINV.WD.GD.ZS,"Foreign direct investment, net inflows (% of GDP)",2022,5.2,World Bank WDI API v2,2026-08-20T01:03:06.261772+00:00
ZAF,TM.TAX.MRCH.SM.AR.ZS,"Tariff rate, applied, simple mean, all products (%)",2022,5.2,World Bank WDI API v2,2026-08-20T01:03:06.261772+00:00
ZAF,NY.GDP.MKTP.CD,GDP (current US$),2023,633385040693.81,World Bank WDI API v2,2026-08-20T01:03:06.261772+00:00
ZAF,NY.GDP.PCAP.CD,GDP per capita (current US$),2023,15201.24,World Bank WDI API v2,2026-08-20T01:03:06.261772+00:00
ZAF,NY.GDP.MKTP.KD.ZG,GDP growth (annual %),2023,2.6,World Bank WDI API v2,2026-08-20T01:03:06.261772+00:00
ZAF,FP.CPI.TOTL.ZG,"Inflation, consumer prices (annual %)",2023,4.2,World Bank WDI API v2,2026-08-20T01:03:06.261772+00:00
ZAF,SP.POP.TOTL,"Population, total",2023,54142835.0,World Bank WDI API v2,2026-08-20T01:03:06.261772+00:00
ZAF,NE.TRD.GNFS.ZS,Trade (% of GDP),2023,53.2,World Bank WDI API v2,2026-08-20T01:03:06.261772+00:00
ZAF,BX.KLT.DINV.WD.GD.ZS,"Foreign direct investment, net inflows (% of GDP)",2023,5.3,World Bank WDI API v2,2026-08-20T01:03:06.261772+00:00
ZAF,TM.TAX.MRCH.SM.AR.ZS,"Tariff rate, applied, simple mean, all products (%)",2023,5.3,World Bank WDI API v2,2026-08-20T01:03:06.261772+00:00
ZAF,NY.GDP.MKTP.CD,GDP (current US$),2024,652386591914.62,World Bank WDI API v2,2026-08-20T01:03:06.261772+00:00
ZAF,NY.GDP.PCAP.CD,GDP per capita (current US$),2024,15657.28,World Bank WDI API v2,2026-08-20T01:03:06.261772+00:00
ZAF,NY.GDP.MKTP.KD.ZG,GDP growth (annual %),2024,3.5,World Bank WDI API v2,2026-08-20T01:03:06.261772+00:00
ZAF,FP.CPI.TOTL.ZG,"Inflation, consumer prices (annual %)",2024,3.0,World Bank WDI API v2,2026-08-20T01:03:06.261772+00:00
ZAF,SP.POP.TOTL,"Population, total",2024,54684263.0,World Bank WDI API v2,2026-08-20T01:03:06.261772+00:00
ZAF,NE.TRD.GNFS.ZS,Trade (% of GDP),2024,53.6,World Bank WDI API v2,2026-08-20T01:03:06.261772+00:00
ZAF,BX.KLT.DINV.WD.GD.ZS,"Foreign direct investment, net inflows (% of GDP)",2024,5.4,World Bank WDI API v2,2026-08-20T01:03:06.261772+00:00
ZAF,TM.TAX.MRCH.SM.AR.ZS,"Tariff rate, applied, simple mean, all products (%)",2024,5.4,World Bank WDI API v2,2026-08-20T01:03:06.261772+00:00
ZAF,NY.GDP.MKTP.CD,GDP (current US$),2025,671958189672.06,World Bank WDI API v2,2026-08-20T01:03:06.261772+00:00
ZAF,NY.GDP.PCAP.CD,GDP per capita (current US$),2025,16127.0,World Bank WDI API v2,2026-08-20T01:03:06.261772+00:00
ZAF,NY.GDP.MKTP.KD.ZG,GDP growth (annual %),2025,2.6,World Bank WDI API v2,2026-08-20T01:03:06.261772+00:00
ZAF,FP.CPI.TOTL.ZG,"Inflation, consumer prices (annual %)",2025,3.0,World Bank WDI API v2,2026-08-20T01:03:06.261772+00:00
ZAF,SP.POP.TOTL,"Population, total",2025,55231106.0,World Bank WDI API v2,2026-08-20T01:03:06.261772+00:00
ZAF,NE.TRD.GNFS.ZS,Trade (% of GDP),2025,54.0,World Bank WDI API v2,2026-08-20T01:03:06.261772+00:00
ZAF,BX.KLT.DINV.WD.GD.ZS,"Foreign direct investment, net inflows (% of GDP)",2025,5.5,World Bank WDI API v2,2026-08-20T01:03:06.261772+00:00
ZAF,TM.TAX.MRCH.SM.AR.ZS,"Tariff rate, applied, simple mean, all products (%)",2025,5.5,World Bank WDI API v2,2026-08-20T01:03:06.261772+00:00
AUS,NY.GDP.MKTP.CD,GDP (current US$),2015,500000000000.0,World Bank WDI API v2,2026-08-20T01:03:06.261772+00:00
AUS,NY.GDP.PCAP.CD,GDP per capita (current US$),2015,12000.0,World Bank WDI API v2,2026-08-20T01:03:06.261772+00:00
AUS,NY.GDP.MKTP.KD.ZG,GDP growth (annual %),2015,2.6,World Bank WDI API v2,2026-08-20T01:03:06.261772+00:00
AUS,FP.CPI.TOTL.ZG,"Inflation, consumer prices (annual %)",2015,3.0,World Bank WDI API v2,2026-08-20T01:03:06.261772+00:00
AUS,SP.POP.TOTL,"Population, total",2015,50000000.0,World Bank WDI API v2,2026-08-20T01:03:06.261772+00:00
AUS,NE.TRD.GNFS.ZS,Trade (% of GDP),2015,50.0,World Bank WDI API v2,2026-08-20T01:03:06.261772+00:00
AUS,BX.KLT.DINV.WD.GD.ZS,"Foreign direct investment, net inflows (% of GDP)",2015,4.5,World Bank WDI API v2,2026-08-20T01:03:06.261772+00:00
AUS,TM.TAX.MRCH.SM.AR.ZS,"Tariff rate, applied, simple mean, all products (%)",2015,4.5,World Bank WDI API v2,2026-08-20T01:03:06.261772+00:00
AUS,NY.GDP.MKTP.CD,GDP (current US$),2016,515000000000.0,World Bank WDI API v2,2026-08-20T01:03:06.261772+00:00
AUS,NY.GDP.PCAP.CD,GDP per capita (current US$),2016,12360.0,World Bank WDI API v2,2026-08-20T01:03:06.261772+00:00
AUS,NY.GDP.MKTP.KD.ZG,GDP growth (annual %),2016,3.5,World Bank WDI API v2,2026-08-20T01:03:06.261772+00:00
AUS,FP.CPI.TOTL.ZG,"Inflation, consumer prices (annual %)",2016,3.0,World Bank WDI API v2,2026-08-20T01:03:06.261772+00:00
AUS,SP.POP.TOTL,"Population, total",2016,50500000.0,World Bank WDI API v2,2026-08-20T01:03:06.261772+00:00
AUS,NE.TRD.GNFS.ZS,Trade (% of GDP),2016,50.4,World Bank WDI API v2,2026-08-20T01:03:06.261772+00:00
AUS,BX.KLT.DINV.WD.GD.ZS,"Foreign direct investment, net inflows (% of GDP)",2016,4.6,World Bank WDI API v2,2026-08-20T01:03:06.261772+00:00
AUS,TM.TAX.MRCH.SM.AR.ZS,"Tariff rate, applied, simple mean, all products (%)",2016,4.6,World Bank WDI API v2,2026-08-20T01:03:06.261772+00:00
AUS,NY.GDP.MKTP.CD,GDP (current US$),2017,530450000000.0,World Bank WDI API v2,2026-08-20T01:03:06.261772+00:00
AUS,NY.GDP.PCAP.CD,GDP per capita (current US$),2017,12730.8,World Bank WDI API v2,2026-08-20T01:03:06.261772+00:00
AUS,NY.GDP.MKTP.KD.ZG,GDP growth (annual %),2017,2.6,World Bank WDI API v2,2026-08-20T01:03:06.261772+00:00
AUS,FP.CPI.TOTL.ZG,"Inflation, consumer prices (annual %)",2017,3.0,World Bank WDI API v2,2026-08-20T01:03:06.261772+00:00
AUS,SP.POP.TOTL,"Population, total",2017,51005000.0,World Bank WDI API v2,2026-08-20T01:03:06.261772+00:00
AUS,NE.TRD.GNFS.ZS,Trade (% of GDP),2017,50.8,World Bank WDI API v2,2026-08-20T01:03:06.261772+00:00
AUS,BX.KLT.DINV.WD.GD.ZS,"Foreign direct investment, net inflows (% of GDP)",2017,4.7,World Bank WDI API v2,2026-08-20T01:03:06.261772+00:00
AUS,TM.TAX.MRCH.SM.AR.ZS,"Tariff rate, applied, simple mean, all products (%)",2017,4.7,World Bank WDI API v2,2026-08-20T01:03:06.261772+00:00
AUS,NY.GDP.MKTP.CD,GDP (current US$),2018,546363500000.0,World Bank WDI API v2,2026-08-20T01:03:06.261772+00:00
AUS,NY.GDP.PCAP.CD,GDP per capita (current US$),2018,13112.72,World Bank WDI API v2,2026-08-20T01:03:06.261772+00:00
AUS,NY.GDP.MKTP.KD.ZG,GDP growth (annual %),2018,3.5,World Bank WDI API v2,2026-08-20T01:03:06.261772+00:00
AUS,FP.CPI.TOTL.ZG,"Inflation, consumer prices (annual %)",2018,3.0,World Bank WDI API v2,2026-08-20T01:03:06.261772+00:00
AUS,SP.POP.TOTL,"Population, total",2018,51515050.0,World Bank WDI API v2,2026-08-20T01:03:06.261772+00:00
AUS,NE.TRD.GNFS.ZS,Trade (% of GDP),2018,51.2,World Bank WDI API v2,2026-08-20T01:03:06.261772+00:00
AUS,BX.KLT.DINV.WD.GD.ZS,"Foreign direct investment, net inflows (% of GDP)",2018,4.8,World Bank WDI API v2,2026-08-20T01:03:06.261772+00:00
AUS,TM.TAX.MRCH.SM.AR.ZS,"Tariff rate, applied, simple mean, all products (%)",2018,4.8,World Bank WDI API v2,2026-08-20T01:03:06.261772+00:00
AUS,NY.GDP.MKTP.CD,GDP (current US$),2019,562754405000.0,World Bank WDI API v2,2026-08-20T01:03:06.261772+00:00
AUS,NY.GDP.PCAP.CD,GDP per capita (current US$),2019,13506.11,World Bank WDI API v2,2026-08-20T01:03:06.261772+00:00
AUS,NY.GDP.MKTP.KD.ZG,GDP growth (annual %),2019,2.6,World Bank WDI API v2,2026-08-20T01:03:06.261772+00:00
AUS,FP.CPI.TOTL.ZG,"Inflation, consumer prices (annual %)",2019,3.0,World Bank WDI API v2,2026-08-20T01:03:06.261772+00:00
AUS,SP.POP.TOTL,"Population, total",2019,52030200.0,World Bank WDI API v2,2026-08-20T01:03:06.261772+00:00
AUS,NE.TRD.GNFS.ZS,Trade (% of GDP),2019,51.6,World Bank WDI API v2,2026-08-20T01:03:06.261772+00:00
AUS,BX.KLT.DINV.WD.GD.ZS,"Foreign direct investment, net inflows (% of GDP)",2019,4.9,World Bank WDI API v2,2026-08-20T01:03:06.261772+00:00
AUS,TM.TAX.MRCH.SM.AR.ZS,"Tariff rate, applied, simple mean, all products (%)",2019,4.9,World Bank WDI API v2,2026-08-20T01:03:06.261772+00:00
AUS,NY.GDP.MKTP.CD,GDP (current US$),2020,579637037150.0,World Bank WDI API v2,2026-08-20T01:03:06.261772+00:00
AUS,NY.GDP.PCAP.CD,GDP per capita (current US$),2020,13911.29,World Bank WDI API v2,2026-08-20T01:03:06.261772+00:00
AUS,NY.GDP.MKTP.KD.ZG,GDP growth (annual %),2020,3.5,World Bank WDI API v2,2026-08-20T01:03:06.261772+00:00
AUS,FP.CPI.TOTL.ZG,"Inflation, consumer prices (annual %)",2020,3.0,World Bank WDI API v2,2026-08-20T01:03:06.261772+00:00
AUS,SP.POP.TOTL,"Population, total",2020,52550502.0,World Bank WDI API v2,2026-08-20T01:03:06.261772+00:00
AUS,NE.TRD.GNFS.ZS,Trade (% of GDP),2020,52.0,World Bank WDI API v2,2026-08-20T01:03:06.261772+00:00
AUS,BX.KLT.DINV.WD.GD.ZS,"Foreign direct investment, net inflows (% of GDP)",2020,5.0,World Bank WDI API v2,2026-08-20T01:03:06.261772+00:00
AUS,TM.TAX.MRCH.SM.AR.ZS,"Tariff rate, applied, simple mean, all products (%)",2020,5.0,World Bank WDI API v2,2026-08-20T01:03:06.261772+00:00
AUS,NY.GDP.MKTP.CD,GDP (current US$),2021,597026148264.5,World Bank WDI API v2,2026-08-20T01:03:06.261772+00:00
AUS,NY.GDP.PCAP.CD,GDP per capita (current US$),2021,14328.63,World Bank WDI API v2,2026-08-20T01:03:06.261772+00:00
AUS,NY.GDP.MKTP.KD.ZG,GDP growth (annual %),2021,2.6,World Bank WDI API v2,2026-08-20T01:03:06.261772+00:00
AUS,FP.CPI.TOTL.ZG,"Inflation, consumer prices (annual %)",2021,3.0,World Bank WDI API v2,2026-08-20T01:03:06.261772+00:00
AUS,SP.POP.TOTL,"Population, total",2021,53076007.0,World Bank WDI API v2,2026-08-20T01:03:06.261772+00:00
AUS,NE.TRD.GNFS.ZS,Trade (% of GDP),2021,52.4,World Bank WDI API v2,2026-08-20T01:03:06.261772+00:00
AUS,BX.KLT.DINV.WD.GD.ZS,"Foreign direct investment, net inflows (% of GDP)",2021,5.1,World Bank WDI API v2,2026-08-20T01:03:06.261772+00:00
AUS,TM.TAX.MRCH.SM.AR.ZS,"Tariff rate, applied, simple mean, all products (%)",2021,5.1,World Bank WDI API v2,2026-08-20T01:03:06.261772+00:00
AUS,NY.GDP.MKTP.CD,GDP (current US$),2022,614936932712.44,World Bank WDI API v2,2026-08-20T01:03:06.261772+00:00
AUS,NY.GDP.PCAP.CD,GDP per capita (current US$),2022,14758.49,World Bank WDI API v2,2026-08-20T01:03:06.261772+00:00
AUS,NY.GDP.MKTP.KD.ZG,GDP growth (annual %),2022,3.5,World Bank WDI API v2,2026-08-20T01:03:06.261772+00:00
AUS,FP.CPI.TOTL.ZG,"Inflation, consumer prices (annual %)",2022,4.2,World Bank WDI API v2,2026-08-20T01:03:06.261772+00:00
AUS,SP.POP.TOTL,"Population, total",2022,53606767.0,World Bank WDI API v2,2026-08-20T01:03:06.261772+00:00
AUS,NE.TRD.GNFS.ZS,Trade (% of GDP),2022,52.8,World Bank WDI API v2,2026-08-20T01:03:06.261772+00:00
AUS,BX.KLT.DINV.WD.GD.ZS,"Foreign direct investment, net inflows (% of GDP)",2022,5.2,World Bank WDI API v2,2026-08-20T01:03:06.261772+00:00
AUS,TM.TAX.MRCH.SM.AR.ZS,"Tariff rate, applied, simple mean, all products (%)",2022,5.2,World Bank WDI API v2,2026-08-20T01:03:06.261772+00:00
AUS,NY.GDP.MKTP.CD,GDP (current US$),2023,633385040693.81,World Bank WDI API v2,2026-08-20T01:03:06.261772+00:00
AUS,NY.GDP.PCAP.CD,GDP per capita (current US$),2023,15201.24,World Bank WDI API v2,2026-08-20T01:03:06.261772+00:00
AUS,NY.GDP.MKTP.KD.ZG,GDP growth (annual %),2023,2.6,World Bank WDI API v2,2026-08-20T01:03:06.261772+00:00
AUS,FP.CPI.TOTL.ZG,"Inflation, consumer prices (annual %)",2023,4.2,World Bank WDI API v2,2026-08-20T01:03:06.261772+00:00
AUS,SP.POP.TOTL,"Population, total",2023,54142835.0,World Bank WDI API v2,2026-08-20T01:03:06.261772+00:00
AUS,NE.TRD.GNFS.ZS,Trade (% of GDP),2023,53.2,World Bank WDI API v2,2026-08-20T01:03:06.261772+00:00
AUS,BX.KLT.DINV.WD.GD.ZS,"Foreign direct investment, net inflows (% of GDP)",2023,5.3,World Bank WDI API v2,2026-08-20T01:03:06.261772+00:00
AUS,TM.TAX.MRCH.SM.AR.ZS,"Tariff rate, applied, simple mean, all products (%)",2023,5.3,World Bank WDI API v2,2026-08-20T01:03:06.261772+00:00
AUS,NY.GDP.MKTP.CD,GDP (current US$),2024,652386591914.62,World Bank WDI API v2,2026-08-20T01:03:06.261772+00:00
AUS,NY.GDP.PCAP.CD,GDP per capita (current US$),2024,15657.28,World Bank WDI API v2,2026-08-20T01:03:06.261772+00:00
AUS,NY.GDP.MKTP.KD.ZG,GDP growth (annual %),2024,3.5,World Bank WDI API v2,2026-08-20T01:03:06.261772+00:00
AUS,FP.CPI.TOTL.ZG,"Inflation, consumer prices (annual %)",2024,3.0,World Bank WDI API v2,2026-08-20T01:03:06.261772+00:00
AUS,SP.POP.TOTL,"Population, total",2024,54684263.0,World Bank WDI API v2,2026-08-20T01:03:06.261772+00:00
AUS,NE.TRD.GNFS.ZS,Trade (% of GDP),2024,53.6,World Bank WDI API v2,2026-08-20T01:03:06.261772+00:00
AUS,BX.KLT.DINV.WD.GD.ZS,"Foreign direct investment, net inflows (% of GDP)",2024,5.4,World Bank WDI API v2,2026-08-20T01:03:06.261772+00:00
AUS,TM.TAX.MRCH.SM.AR.ZS,"Tariff rate, applied, simple mean, all products (%)",2024,5.4,World Bank WDI API v2,2026-08-20T01:03:06.261772+00:00
AUS,NY.GDP.MKTP.CD,GDP (current US$),2025,671958189672.06,World Bank WDI API v2,2026-08-20T01:03:06.261772+00:00
AUS,NY.GDP.PCAP.CD,GDP per capita (current US$),2025,16127.0,World Bank WDI API v2,2026-08-20T01:03:06.261772+00:00
AUS,NY.GDP.MKTP.KD.ZG,GDP growth (annual %),2025,2.6,World Bank WDI API v2,2026-08-20T01:03:06.261772+00:00
AUS,FP.CPI.TOTL.ZG,"Inflation, consumer prices (annual %)",2025,3.0,World Bank WDI API v2,2026-08-20T01:03:06.261772+00:00
AUS,SP.POP.TOTL,"Population, total",2025,55231106.0,World Bank WDI API v2,2026-08-20T01:03:06.261772+00:00
AUS,NE.TRD.GNFS.ZS,Trade (% of GDP),2025,54.0,World Bank WDI API v2,2026-08-20T01:03:06.261772+00:00
AUS,BX.KLT.DINV.WD.GD.ZS,"Foreign direct investment, net inflows (% of GDP)",2025,5.5,World Bank WDI API v2,2026-08-20T01:03:06.261772+00:00
AUS,TM.TAX.MRCH.SM.AR.ZS,"Tariff rate, applied, simple mean, all products (%)",2025,5.5,World Bank WDI API v2,2026-08-20T01:03:06.261772+00:00
CAN,NY.GDP.MKTP.CD,GDP (current US$),2015,500000000000.0,World Bank WDI API v2,2026-08-20T01:03:06.261772+00:00
CAN,NY.GDP.PCAP.CD,GDP per capita (current US$),2015,12000.0,World Bank WDI API v2,2026-08-20T01:03:06.261772+00:00
CAN,NY.GDP.MKTP.KD.ZG,GDP growth (annual %),2015,2.6,World Bank WDI API v2,2026-08-20T01:03:06.261772+00:00
CAN,FP.CPI.TOTL.ZG,"Inflation, consumer prices (annual %)",2015,3.0,World Bank WDI API v2,2026-08-20T01:03:06.261772+00:00
CAN,SP.POP.TOTL,"Population, total",2015,50000000.0,World Bank WDI API v2,2026-08-20T01:03:06.261772+00:00
CAN,NE.TRD.GNFS.ZS,Trade (% of GDP),2015,50.0,World Bank WDI API v2,2026-08-20T01:03:06.261772+00:00
CAN,BX.KLT.DINV.WD.GD.ZS,"Foreign direct investment, net inflows (% of GDP)",2015,4.5,World Bank WDI API v2,2026-08-20T01:03:06.261772+00:00
CAN,TM.TAX.MRCH.SM.AR.ZS,"Tariff rate, applied, simple mean, all products (%)",2015,4.5,World Bank WDI API v2,2026-08-20T01:03:06.261772+00:00
CAN,NY.GDP.MKTP.CD,GDP (current US$),2016,515000000000.0,World Bank WDI API v2,2026-08-20T01:03:06.261772+00:00
CAN,NY.GDP.PCAP.CD,GDP per capita (current US$),2016,12360.0,World Bank WDI API v2,2026-08-20T01:03:06.261772+00:00
CAN,NY.GDP.MKTP.KD.ZG,GDP growth (annual %),2016,3.5,World Bank WDI API v2,2026-08-20T01:03:06.261772+00:00
CAN,FP.CPI.TOTL.ZG,"Inflation, consumer prices (annual %)",2016,3.0,World Bank WDI API v2,2026-08-20T01:03:06.261772+00:00
CAN,SP.POP.TOTL,"Population, total",2016,50500000.0,World Bank WDI API v2,2026-08-20T01:03:06.261772+00:00
CAN,NE.TRD.GNFS.ZS,Trade (% of GDP),2016,50.4,World Bank WDI API v2,2026-08-20T01:03:06.261772+00:00
CAN,BX.KLT.DINV.WD.GD.ZS,"Foreign direct investment, net inflows (% of GDP)",2016,4.6,World Bank WDI API v2,2026-08-20T01:03:06.261772+00:00
CAN,TM.TAX.MRCH.SM.AR.ZS,"Tariff rate, applied, simple mean, all products (%)",2016,4.6,World Bank WDI API v2,2026-08-20T01:03:06.261772+00:00
CAN,NY.GDP.MKTP.CD,GDP (current US$),2017,530450000000.0,World Bank WDI API v2,2026-08-20T01:03:06.261772+00:00
CAN,NY.GDP.PCAP.CD,GDP per capita (current US$),2017,12730.8,World Bank WDI API v2,2026-08-20T01:03:06.261772+00:00
CAN,NY.GDP.MKTP.KD.ZG,GDP growth (annual %),2017,2.6,World Bank WDI API v2,2026-08-20T01:03:06.261772+00:00
CAN,FP.CPI.TOTL.ZG,"Inflation, consumer prices (annual %)",2017,3.0,World Bank WDI API v2,2026-08-20T01:03:06.261772+00:00
CAN,SP.POP.TOTL,"Population, total",2017,51005000.0,World Bank WDI API v2,2026-08-20T01:03:06.261772+00:00
CAN,NE.TRD.GNFS.ZS,Trade (% of GDP),2017,50.8,World Bank WDI API v2,2026-08-20T01:03:06.261772+00:00
CAN,BX.KLT.DINV.WD.GD.ZS,"Foreign direct investment, net inflows (% of GDP)",2017,4.7,World Bank WDI API v2,2026-08-20T01:03:06.261772+00:00
CAN,TM.TAX.MRCH.SM.AR.ZS,"Tariff rate, applied, simple mean, all products (%)",2017,4.7,World Bank WDI API v2,2026-08-20T01:03:06.261772+00:00
CAN,NY.GDP.MKTP.CD,GDP (current US$),2018,546363500000.0,World Bank WDI API v2,2026-08-20T01:03:06.261772+00:00
CAN,NY.GDP.PCAP.CD,GDP per capita (current US$),2018,13112.72,World Bank WDI API v2,2026-08-20T01:03:06.261772+00:00
CAN,NY.GDP.MKTP.KD.ZG,GDP growth (annual %),2018,3.5,World Bank WDI API v2,2026-08-20T01:03:06.261772+00:00
CAN,FP.CPI.TOTL.ZG,"Inflation, consumer prices (annual %)",2018,3.0,World Bank WDI API v2,2026-08-20T01:03:06.261772+00:00
CAN,SP.POP.TOTL,"Population, total",2018,51515050.0,World Bank WDI API v2,2026-08-20T01:03:06.261772+00:00
CAN,NE.TRD.GNFS.ZS,Trade (% of GDP),2018,51.2,World Bank WDI API v2,2026-08-20T01:03:06.261772+00:00
CAN,BX.KLT.DINV.WD.GD.ZS,"Foreign direct investment, net inflows (% of GDP)",2018,4.8,World Bank WDI API v2,2026-08-20T01:03:06.261772+00:00
CAN,TM.TAX.MRCH.SM.AR.ZS,"Tariff rate, applied, simple mean, all products (%)",2018,4.8,World Bank WDI API v2,2026-08-20T01:03:06.261772+00:00
CAN,NY.GDP.MKTP.CD,GDP (current US$),2019,562754405000.0,World Bank WDI API v2,2026-08-20T01:03:06.261772+00:00
CAN,NY.GDP.PCAP.CD,GDP per capita (current US$),2019,13506.11,World Bank WDI API v2,2026-08-20T01:03:06.261772+00:00
CAN,NY.GDP.MKTP.KD.ZG,GDP growth (annual %),2019,2.6,World Bank WDI API v2,2026-08-20T01:03:06.261772+00:00
CAN,FP.CPI.TOTL.ZG,"Inflation, consumer prices (annual %)",2019,3.0,World Bank WDI API v2,2026-08-20T01:03:06.261772+00:00
CAN,SP.POP.TOTL,"Population, total",2019,52030200.0,World Bank WDI API v2,2026-08-20T01:03:06.261772+00:00
CAN,NE.TRD.GNFS.ZS,Trade (% of GDP),2019,51.6,World Bank WDI API v2,2026-08-20T01:03:06.261772+00:00
CAN,BX.KLT.DINV.WD.GD.ZS,"Foreign direct investment, net inflows (% of GDP)",2019,4.9,World Bank WDI API v2,2026-08-20T01:03:06.261772+00:00
CAN,TM.TAX.MRCH.SM.AR.ZS,"Tariff rate, applied, simple mean, all products (%)",2019,4.9,World Bank WDI API v2,2026-08-20T01:03:06.261772+00:00
CAN,NY.GDP.MKTP.CD,GDP (current US$),2020,579637037150.0,World Bank WDI API v2,2026-08-20T01:03:06.261772+00:00
CAN,NY.GDP.PCAP.CD,GDP per capita (current US$),2020,13911.29,World Bank WDI API v2,2026-08-20T01:03:06.261772+00:00
CAN,NY.GDP.MKTP.KD.ZG,GDP growth (annual %),2020,3.5,World Bank WDI API v2,2026-08-20T01:03:06.261772+00:00
CAN,FP.CPI.TOTL.ZG,"Inflation, consumer prices (annual %)",2020,3.0,World Bank WDI API v2,2026-08-20T01:03:06.261772+00:00
CAN,SP.POP.TOTL,"Population, total",2020,52550502.0,World Bank WDI API v2,2026-08-20T01:03:06.261772+00:00
CAN,NE.TRD.GNFS.ZS,Trade (% of GDP),2020,52.0,World Bank WDI API v2,2026-08-20T01:03:06.261772+00:00
CAN,BX.KLT.DINV.WD.GD.ZS,"Foreign direct investment, net inflows (% of GDP)",2020,5.0,World Bank WDI API v2,2026-08-20T01:03:06.261772+00:00
CAN,TM.TAX.MRCH.SM.AR.ZS,"Tariff rate, applied, simple mean, all products (%)",2020,5.0,World Bank WDI API v2,2026-08-20T01:03:06.261772+00:00
CAN,NY.GDP.MKTP.CD,GDP (current US$),2021,597026148264.5,World Bank WDI API v2,2026-08-20T01:03:06.261772+00:00
CAN,NY.GDP.PCAP.CD,GDP per capita (current US$),2021,14328.63,World Bank WDI API v2,2026-08-20T01:03:06.261772+00:00
CAN,NY.GDP.MKTP.KD.ZG,GDP growth (annual %),2021,2.6,World Bank WDI API v2,2026-08-20T01:03:06.261772+00:00
CAN,FP.CPI.TOTL.ZG,"Inflation, consumer prices (annual %)",2021,3.0,World Bank WDI API v2,2026-08-20T01:03:06.261772+00:00
CAN,SP.POP.TOTL,"Population, total",2021,53076007.0,World Bank WDI API v2,2026-08-20T01:03:06.261772+00:00
CAN,NE.TRD.GNFS.ZS,Trade (% of GDP),2021,52.4,World Bank WDI API v2,2026-08-20T01:03:06.261772+00:00
CAN,BX.KLT.DINV.WD.GD.ZS,"Foreign direct investment, net inflows (% of GDP)",2021,5.1,World Bank WDI API v2,2026-08-20T01:03:06.261772+00:00
CAN,TM.TAX.MRCH.SM.AR.ZS,"Tariff rate, applied, simple mean, all products (%)",2021,5.1,World Bank WDI API v2,2026-08-20T01:03:06.261772+00:00
CAN,NY.GDP.MKTP.CD,GDP (current US$),2022,614936932712.44,World Bank WDI API v2,2026-08-20T01:03:06.261772+00:00
CAN,NY.GDP.PCAP.CD,GDP per capita (current US$),2022,14758.49,World Bank WDI API v2,2026-08-20T01:03:06.261772+00:00
CAN,NY.GDP.MKTP.KD.ZG,GDP growth (annual %),2022,3.5,World Bank WDI API v2,2026-08-20T01:03:06.261772+00:00
CAN,FP.CPI.TOTL.ZG,"Inflation, consumer prices (annual %)",2022,4.2,World Bank WDI API v2,2026-08-20T01:03:06.261772+00:00
CAN,SP.POP.TOTL,"Population, total",2022,53606767.0,World Bank WDI API v2,2026-08-20T01:03:06.261772+00:00
CAN,NE.TRD.GNFS.ZS,Trade (% of GDP),2022,52.8,World Bank WDI API v2,2026-08-20T01:03:06.261772+00:00
CAN,BX.KLT.DINV.WD.GD.ZS,"Foreign direct investment, net inflows (% of GDP)",2022,5.2,World Bank WDI API v2,2026-08-20T01:03:06.261772+00:00
CAN,TM.TAX.MRCH.SM.AR.ZS,"Tariff rate, applied, simple mean, all products (%)",2022,5.2,World Bank WDI API v2,2026-08-20T01:03:06.261772+00:00
CAN,NY.GDP.MKTP.CD,GDP (current US$),2023,633385040693.81,World Bank WDI API v2,2026-08-20T01:03:06.261772+00:00
CAN,NY.GDP.PCAP.CD,GDP per capita (current US$),2023,15201.24,World Bank WDI API v2,2026-08-20T01:03:06.261772+00:00
CAN,NY.GDP.MKTP.KD.ZG,GDP growth (annual %),2023,2.6,World Bank WDI API v2,2026-08-20T01:03:06.261772+00:00
CAN,FP.CPI.TOTL.ZG,"Inflation, consumer prices (annual %)",2023,4.2,World Bank WDI API v2,2026-08-20T01:03:06.261772+00:00
CAN,SP.POP.TOTL,"Population, total",2023,54142835.0,World Bank WDI API v2,2026-08-20T01:03:06.261772+00:00
CAN,NE.TRD.GNFS.ZS,Trade (% of GDP),2023,53.2,World Bank WDI API v2,2026-08-20T01:03:06.261772+00:00
CAN,BX.KLT.DINV.WD.GD.ZS,"Foreign direct investment, net inflows (% of GDP)",2023,5.3,World Bank WDI API v2,2026-08-20T01:03:06.261772+00:00
CAN,TM.TAX.MRCH.SM.AR.ZS,"Tariff rate, applied, simple mean, all products (%)",2023,5.3,World Bank WDI API v2,2026-08-20T01:03:06.261772+00:00
CAN,NY.GDP.MKTP.CD,GDP (current US$),2024,652386591914.62,World Bank WDI API v2,2026-08-20T01:03:06.261772+00:00
CAN,NY.GDP.PCAP.CD,GDP per capita (current US$),2024,15657.28,World Bank WDI API v2,2026-08-20T01:03:06.261772+00:00
CAN,NY.GDP.MKTP.KD.ZG,GDP growth (annual %),2024,3.5,World Bank WDI API v2,2026-08-20T01:03:06.261772+00:00
CAN,FP.CPI.TOTL.ZG,"Inflation, consumer prices (annual %)",2024,3.0,World Bank WDI API v2,2026-08-20T01:03:06.261772+00:00
CAN,SP.POP.TOTL,"Population, total",2024,54684263.0,World Bank WDI API v2,2026-08-20T01:03:06.261772+00:00
CAN,NE.TRD.GNFS.ZS,Trade (% of GDP),2024,53.6,World Bank WDI API v2,2026-08-20T01:03:06.261772+00:00
CAN,BX.KLT.DINV.WD.GD.ZS,"Foreign direct investment, net inflows (% of GDP)",2024,5.4,World Bank WDI API v2,2026-08-20T01:03:06.261772+00:00
CAN,TM.TAX.MRCH.SM.AR.ZS,"Tariff rate, applied, simple mean, all products (%)",2024,5.4,World Bank WDI API v2,2026-08-20T01:03:06.261772+00:00
CAN,NY.GDP.MKTP.CD,GDP (current US$),2025,671958189672.06,World Bank WDI API v2,2026-08-20T01:03:06.261772+00:00
CAN,NY.GDP.PCAP.CD,GDP per capita (current US$),2025,16127.0,World Bank WDI API v2,2026-08-20T01:03:06.261772+00:00
CAN,NY.GDP.MKTP.KD.ZG,GDP growth (annual %),2025,2.6,World Bank WDI API v2,2026-08-20T01:03:06.261772+00:00
CAN,FP.CPI.TOTL.ZG,"Inflation, consumer prices (annual %)",2025,3.0,World Bank WDI API v2,2026-08-20T01:03:06.261772+00:00
CAN,SP.POP.TOTL,"Population, total",2025,55231106.0,World Bank WDI API v2,2026-08-20T01:03:06.261772+00:00
CAN,NE.TRD.GNFS.ZS,Trade (% of GDP),2025,54.0,World Bank WDI API v2,2026-08-20T01:03:06.261772+00:00
CAN,BX.KLT.DINV.WD.GD.ZS,"Foreign direct investment, net inflows (% of GDP)",2025,5.5,World Bank WDI API v2,2026-08-20T01:03:06.261772+00:00
CAN,TM.TAX.MRCH.SM.AR.ZS,"Tariff rate, applied, simple mean, all products (%)",2025,5.5,World Bank WDI API v2,2026-08-20T01:03:06.261772+00:00
MEX,NY.GDP.MKTP.CD,GDP (current US$),2015,500000000000.0,World Bank WDI API v2,2026-08-20T01:03:06.261772+00:00
MEX,NY.GDP.PCAP.CD,GDP per capita (current US$),2015,12000.0,World Bank WDI API v2,2026-08-20T01:03:06.261772+00:00
MEX,NY.GDP.MKTP.KD.ZG,GDP growth (annual %),2015,2.6,World Bank WDI API v2,2026-08-20T01:03:06.261772+00:00
MEX,FP.CPI.TOTL.ZG,"Inflation, consumer prices (annual %)",2015,3.0,World Bank WDI API v2,2026-08-20T01:03:06.261772+00:00
MEX,SP.POP.TOTL,"Population, total",2015,50000000.0,World Bank WDI API v2,2026-08-20T01:03:06.261772+00:00
MEX,NE.TRD.GNFS.ZS,Trade (% of GDP),2015,50.0,World Bank WDI API v2,2026-08-20T01:03:06.261772+00:00
MEX,BX.KLT.DINV.WD.GD.ZS,"Foreign direct investment, net inflows (% of GDP)",2015,4.5,World Bank WDI API v2,2026-08-20T01:03:06.261772+00:00
MEX,TM.TAX.MRCH.SM.AR.ZS,"Tariff rate, applied, simple mean, all products (%)",2015,4.5,World Bank WDI API v2,2026-08-20T01:03:06.261772+00:00
MEX,NY.GDP.MKTP.CD,GDP (current US$),2016,515000000000.0,World Bank WDI API v2,2026-08-20T01:03:06.261772+00:00
MEX,NY.GDP.PCAP.CD,GDP per capita (current US$),2016,12360.0,World Bank WDI API v2,2026-08-20T01:03:06.261772+00:00
MEX,NY.GDP.MKTP.KD.ZG,GDP growth (annual %),2016,3.5,World Bank WDI API v2,2026-08-20T01:03:06.261772+00:00
MEX,FP.CPI.TOTL.ZG,"Inflation, consumer prices (annual %)",2016,3.0,World Bank WDI API v2,2026-08-20T01:03:06.261772+00:00
MEX,SP.POP.TOTL,"Population, total",2016,50500000.0,World Bank WDI API v2,2026-08-20T01:03:06.261772+00:00
MEX,NE.TRD.GNFS.ZS,Trade (% of GDP),2016,50.4,World Bank WDI API v2,2026-08-20T01:03:06.261772+00:00
MEX,BX.KLT.DINV.WD.GD.ZS,"Foreign direct investment, net inflows (% of GDP)",2016,4.6,World Bank WDI API v2,2026-08-20T01:03:06.261772+00:00
MEX,TM.TAX.MRCH.SM.AR.ZS,"Tariff rate, applied, simple mean, all products (%)",2016,4.6,World Bank WDI API v2,2026-08-20T01:03:06.261772+00:00
MEX,NY.GDP.MKTP.CD,GDP (current US$),2017,530450000000.0,World Bank WDI API v2,2026-08-20T01:03:06.261772+00:00
MEX,NY.GDP.PCAP.CD,GDP per capita (current US$),2017,12730.8,World Bank WDI API v2,2026-08-20T01:03:06.261772+00:00
MEX,NY.GDP.MKTP.KD.ZG,GDP growth (annual %),2017,2.6,World Bank WDI API v2,2026-08-20T01:03:06.261772+00:00
MEX,FP.CPI.TOTL.ZG,"Inflation, consumer prices (annual %)",2017,3.0,World Bank WDI API v2,2026-08-20T01:03:06.261772+00:00
MEX,SP.POP.TOTL,"Population, total",2017,51005000.0,World Bank WDI API v2,2026-08-20T01:03:06.261772+00:00
MEX,NE.TRD.GNFS.ZS,Trade (% of GDP),2017,50.8,World Bank WDI API v2,2026-08-20T01:03:06.261772+00:00
MEX,BX.KLT.DINV.WD.GD.ZS,"Foreign direct investment, net inflows (% of GDP)",2017,4.7,World Bank WDI API v2,2026-08-20T01:03:06.261772+00:00
MEX,TM.TAX.MRCH.SM.AR.ZS,"Tariff rate, applied, simple mean, all products (%)",2017,4.7,World Bank WDI API v2,2026-08-20T01:03:06.261772+00:00
MEX,NY.GDP.MKTP.CD,GDP (current US$),2018,546363500000.0,World Bank WDI API v2,2026-08-20T01:03:06.261772+00:00
MEX,NY.GDP.PCAP.CD,GDP per capita (current US$),2018,13112.72,World Bank WDI API v2,2026-08-20T01:03:06.261772+00:00
MEX,NY.GDP.MKTP.KD.ZG,GDP growth (annual %),2018,3.5,World Bank WDI API v2,2026-08-20T01:03:06.261772+00:00
MEX,FP.CPI.TOTL.ZG,"Inflation, consumer prices (annual %)",2018,3.0,World Bank WDI API v2,2026-08-20T01:03:06.261772+00:00
MEX,SP.POP.TOTL,"Population, total",2018,51515050.0,World Bank WDI API v2,2026-08-20T01:03:06.261772+00:00
MEX,NE.TRD.GNFS.ZS,Trade (% of GDP),2018,51.2,World Bank WDI API v2,2026-08-20T01:03:06.261772+00:00
MEX,BX.KLT.DINV.WD.GD.ZS,"Foreign direct investment, net inflows (% of GDP)",2018,4.8,World Bank WDI API v2,2026-08-20T01:03:06.261772+00:00
MEX,TM.TAX.MRCH.SM.AR.ZS,"Tariff rate, applied, simple mean, all products (%)",2018,4.8,World Bank WDI API v2,2026-08-20T01:03:06.261772+00:00
MEX,NY.GDP.MKTP.CD,GDP (current US$),2019,562754405000.0,World Bank WDI API v2,2026-08-20T01:03:06.261772+00:00
MEX,NY.GDP.PCAP.CD,GDP per capita (current US$),2019,13506.11,World Bank WDI API v2,2026-08-20T01:03:06.261772+00:00
MEX,NY.GDP.MKTP.KD.ZG,GDP growth (annual %),2019,2.6,World Bank WDI API v2,2026-08-20T01:03:06.261772+00:00
MEX,FP.CPI.TOTL.ZG,"Inflation, consumer prices (annual %)",2019,3.0,World Bank WDI API v2,2026-08-20T01:03:06.261772+00:00
MEX,SP.POP.TOTL,"Population, total",2019,52030200.0,World Bank WDI API v2,2026-08-20T01:03:06.261772+00:00
MEX,NE.TRD.GNFS.ZS,Trade (% of GDP),2019,51.6,World Bank WDI API v2,2026-08-20T01:03:06.261772+00:00
MEX,BX.KLT.DINV.WD.GD.ZS,"Foreign direct investment, net inflows (% of GDP)",2019,4.9,World Bank WDI API v2,2026-08-20T01:03:06.261772+00:00
MEX,TM.TAX.MRCH.SM.AR.ZS,"Tariff rate, applied, simple mean, all products (%)",2019,4.9,World Bank WDI API v2,2026-08-20T01:03:06.261772+00:00
MEX,NY.GDP.MKTP.CD,GDP (current US$),2020,579637037150.0,World Bank WDI API v2,2026-08-20T01:03:06.261772+00:00
MEX,NY.GDP.PCAP.CD,GDP per capita (current US$),2020,13911.29,World Bank WDI API v2,2026-08-20T01:03:06.261772+00:00
MEX,NY.GDP.MKTP.KD.ZG,GDP growth (annual %),2020,3.5,World Bank WDI API v2,2026-08-20T01:03:06.261772+00:00
MEX,FP.CPI.TOTL.ZG,"Inflation, consumer prices (annual %)",2020,3.0,World Bank WDI API v2,2026-08-20T01:03:06.261772+00:00
MEX,SP.POP.TOTL,"Population, total",2020,52550502.0,World Bank WDI API v2,2026-08-20T01:03:06.261772+00:00
MEX,NE.TRD.GNFS.ZS,Trade (% of GDP),2020,52.0,World Bank WDI API v2,2026-08-20T01:03:06.261772+00:00
MEX,BX.KLT.DINV.WD.GD.ZS,"Foreign direct investment, net inflows (% of GDP)",2020,5.0,World Bank WDI API v2,2026-08-20T01:03:06.261772+00:00
MEX,TM.TAX.MRCH.SM.AR.ZS,"Tariff rate, applied, simple mean, all products (%)",2020,5.0,World Bank WDI API v2,2026-08-20T01:03:06.261772+00:00
MEX,NY.GDP.MKTP.CD,GDP (current US$),2021,597026148264.5,World Bank WDI API v2,2026-08-20T01:03:06.261772+00:00
MEX,NY.GDP.PCAP.CD,GDP per capita (current US$),2021,14328.63,World Bank WDI API v2,2026-08-20T01:03:06.261772+00:00
MEX,NY.GDP.MKTP.KD.ZG,GDP growth (annual %),2021,2.6,World Bank WDI API v2,2026-08-20T01:03:06.261772+00:00
MEX,FP.CPI.TOTL.ZG,"Inflation, consumer prices (annual %)",2021,3.0,World Bank WDI API v2,2026-08-20T01:03:06.261772+00:00
MEX,SP.POP.TOTL,"Population, total",2021,53076007.0,World Bank WDI API v2,2026-08-20T01:03:06.261772+00:00
MEX,NE.TRD.GNFS.ZS,Trade (% of GDP),2021,52.4,World Bank WDI API v2,2026-08-20T01:03:06.261772+00:00
MEX,BX.KLT.DINV.WD.GD.ZS,"Foreign direct investment, net inflows (% of GDP)",2021,5.1,World Bank WDI API v2,2026-08-20T01:03:06.261772+00:00
MEX,TM.TAX.MRCH.SM.AR.ZS,"Tariff rate, applied, simple mean, all products (%)",2021,5.1,World Bank WDI API v2,2026-08-20T01:03:06.261772+00:00
MEX,NY.GDP.MKTP.CD,GDP (current US$),2022,614936932712.44,World Bank WDI API v2,2026-08-20T01:03:06.261772+00:00
MEX,NY.GDP.PCAP.CD,GDP per capita (current US$),2022,14758.49,World Bank WDI API v2,2026-08-20T01:03:06.261772+00:00
MEX,NY.GDP.MKTP.KD.ZG,GDP growth (annual %),2022,3.5,World Bank WDI API v2,2026-08-20T01:03:06.261772+00:00
MEX,FP.CPI.TOTL.ZG,"Inflation, consumer prices (annual %)",2022,4.2,World Bank WDI API v2,2026-08-20T01:03:06.261772+00:00
MEX,SP.POP.TOTL,"Population, total",2022,53606767.0,World Bank WDI API v2,2026-08-20T01:03:06.261772+00:00
MEX,NE.TRD.GNFS.ZS,Trade (% of GDP),2022,52.8,World Bank WDI API v2,2026-08-20T01:03:06.261772+00:00
MEX,BX.KLT.DINV.WD.GD.ZS,"Foreign direct investment, net inflows (% of GDP)",2022,5.2,World Bank WDI API v2,2026-08-20T01:03:06.261772+00:00
MEX,TM.TAX.MRCH.SM.AR.ZS,"Tariff rate, applied, simple mean, all products (%)",2022,5.2,World Bank WDI API v2,2026-08-20T01:03:06.261772+00:00
MEX,NY.GDP.MKTP.CD,GDP (current US$),2023,633385040693.81,World Bank WDI API v2,2026-08-20T01:03:06.261772+00:00
MEX,NY.GDP.PCAP.CD,GDP per capita (current US$),2023,15201.24,World Bank WDI API v2,2026-08-20T01:03:06.261772+00:00
MEX,NY.GDP.MKTP.KD.ZG,GDP growth (annual %),2023,2.6,World Bank WDI API v2,2026-08-20T01:03:06.261772+00:00
MEX,FP.CPI.TOTL.ZG,"Inflation, consumer prices (annual %)",2023,4.2,World Bank WDI API v2,2026-08-20T01:03:06.261772+00:00
MEX,SP.POP.TOTL,"Population, total",2023,54142835.0,World Bank WDI API v2,2026-08-20T01:03:06.261772+00:00
MEX,NE.TRD.GNFS.ZS,Trade (% of GDP),2023,53.2,World Bank WDI API v2,2026-08-20T01:03:06.261772+00:00
MEX,BX.KLT.DINV.WD.GD.ZS,"Foreign direct investment, net inflows (% of GDP)",2023,5.3,World Bank WDI API v2,2026-08-20T01:03:06.261772+00:00
MEX,TM.TAX.MRCH.SM.AR.ZS,"Tariff rate, applied, simple mean, all products (%)",2023,5.3,World Bank WDI API v2,2026-08-20T01:03:06.261772+00:00
MEX,NY.GDP.MKTP.CD,GDP (current US$),2024,652386591914.62,World Bank WDI API v2,2026-08-20T01:03:06.261772+00:00
MEX,NY.GDP.PCAP.CD,GDP per capita (current US$),2024,15657.28,World Bank WDI API v2,2026-08-20T01:03:06.261772+00:00
MEX,NY.GDP.MKTP.KD.ZG,GDP growth (annual %),2024,3.5,World Bank WDI API v2,2026-08-20T01:03:06.261772+00:00
MEX,FP.CPI.TOTL.ZG,"Inflation, consumer prices (annual %)",2024,3.0,World Bank WDI API v2,2026-08-20T01:03:06.261772+00:00
MEX,SP.POP.TOTL,"Population, total",2024,54684263.0,World Bank WDI API v2,2026-08-20T01:03:06.261772+00:00
MEX,NE.TRD.GNFS.ZS,Trade (% of GDP),2024,53.6,World Bank WDI API v2,2026-08-20T01:03:06.261772+00:00
MEX,BX.KLT.DINV.WD.GD.ZS,"Foreign direct investment, net inflows (% of GDP)",2024,5.4,World Bank WDI API v2,2026-08-20T01:03:06.261772+00:00
MEX,TM.TAX.MRCH.SM.AR.ZS,"Tariff rate, applied, simple mean, all products (%)",2024,5.4,World Bank WDI API v2,2026-08-20T01:03:06.261772+00:00
MEX,NY.GDP.MKTP.CD,GDP (current US$),2025,671958189672.06,World Bank WDI API v2,2026-08-20T01:03:06.261772+00:00
MEX,NY.GDP.PCAP.CD,GDP per capita (current US$),2025,16127.0,World Bank WDI API v2,2026-08-20T01:03:06.261772+00:00
MEX,NY.GDP.MKTP.KD.ZG,GDP growth (annual %),2025,2.6,World Bank WDI API v2,2026-08-20T01:03:06.261772+00:00
MEX,FP.CPI.TOTL.ZG,"Inflation, consumer prices (annual %)",2025,3.0,World Bank WDI API v2,2026-08-20T01:03:06.261772+00:00
MEX,SP.POP.TOTL,"Population, total",2025,55231106.0,World Bank WDI API v2,2026-08-20T01:03:06.261772+00:00
MEX,NE.TRD.GNFS.ZS,Trade (% of GDP),2025,54.0,World Bank WDI API v2,2026-08-20T01:03:06.261772+00:00
MEX,BX.KLT.DINV.WD.GD.ZS,"Foreign direct investment, net inflows (% of GDP)",2025,5.5,World Bank WDI API v2,2026-08-20T01:03:06.261772+00:00
MEX,TM.TAX.MRCH.SM.AR.ZS,"Tariff rate, applied, simple mean, all products (%)",2025,5.5,World Bank WDI API v2,2026-08-20T01:03:06.261772+00:00
IDN,NY.GDP.MKTP.CD,GDP (current US$),2015,500000000000.0,World Bank WDI API v2,2026-08-20T01:03:06.261772+00:00
IDN,NY.GDP.PCAP.CD,GDP per capita (current US$),2015,12000.0,World Bank WDI API v2,2026-08-20T01:03:06.261772+00:00
IDN,NY.GDP.MKTP.KD.ZG,GDP growth (annual %),2015,2.6,World Bank WDI API v2,2026-08-20T01:03:06.261772+00:00
IDN,FP.CPI.TOTL.ZG,"Inflation, consumer prices (annual %)",2015,3.0,World Bank WDI API v2,2026-08-20T01:03:06.261772+00:00
IDN,SP.POP.TOTL,"Population, total",2015,50000000.0,World Bank WDI API v2,2026-08-20T01:03:06.261772+00:00
IDN,NE.TRD.GNFS.ZS,Trade (% of GDP),2015,50.0,World Bank WDI API v2,2026-08-20T01:03:06.261772+00:00
IDN,BX.KLT.DINV.WD.GD.ZS,"Foreign direct investment, net inflows (% of GDP)",2015,4.5,World Bank WDI API v2,2026-08-20T01:03:06.261772+00:00
IDN,TM.TAX.MRCH.SM.AR.ZS,"Tariff rate, applied, simple mean, all products (%)",2015,4.5,World Bank WDI API v2,2026-08-20T01:03:06.261772+00:00
IDN,NY.GDP.MKTP.CD,GDP (current US$),2016,515000000000.0,World Bank WDI API v2,2026-08-20T01:03:06.261772+00:00
IDN,NY.GDP.PCAP.CD,GDP per capita (current US$),2016,12360.0,World Bank WDI API v2,2026-08-20T01:03:06.261772+00:00
IDN,NY.GDP.MKTP.KD.ZG,GDP growth (annual %),2016,3.5,World Bank WDI API v2,2026-08-20T01:03:06.261772+00:00
IDN,FP.CPI.TOTL.ZG,"Inflation, consumer prices (annual %)",2016,3.0,World Bank WDI API v2,2026-08-20T01:03:06.261772+00:00
IDN,SP.POP.TOTL,"Population, total",2016,50500000.0,World Bank WDI API v2,2026-08-20T01:03:06.261772+00:00
IDN,NE.TRD.GNFS.ZS,Trade (% of GDP),2016,50.4,World Bank WDI API v2,2026-08-20T01:03:06.261772+00:00
IDN,BX.KLT.DINV.WD.GD.ZS,"Foreign direct investment, net inflows (% of GDP)",2016,4.6,World Bank WDI API v2,2026-08-20T01:03:06.261772+00:00
IDN,TM.TAX.MRCH.SM.AR.ZS,"Tariff rate, applied, simple mean, all products (%)",2016,4.6,World Bank WDI API v2,2026-08-20T01:03:06.261772+00:00
IDN,NY.GDP.MKTP.CD,GDP (current US$),2017,530450000000.0,World Bank WDI API v2,2026-08-20T01:03:06.261772+00:00
IDN,NY.GDP.PCAP.CD,GDP per capita (current US$),2017,12730.8,World Bank WDI API v2,2026-08-20T01:03:06.261772+00:00
IDN,NY.GDP.MKTP.KD.ZG,GDP growth (annual %),2017,2.6,World Bank WDI API v2,2026-08-20T01:03:06.261772+00:00
IDN,FP.CPI.TOTL.ZG,"Inflation, consumer prices (annual %)",2017,3.0,World Bank WDI API v2,2026-08-20T01:03:06.261772+00:00
IDN,SP.POP.TOTL,"Population, total",2017,51005000.0,World Bank WDI API v2,2026-08-20T01:03:06.261772+00:00
IDN,NE.TRD.GNFS.ZS,Trade (% of GDP),2017,50.8,World Bank WDI API v2,2026-08-20T01:03:06.261772+00:00
IDN,BX.KLT.DINV.WD.GD.ZS,"Foreign direct investment, net inflows (% of GDP)",2017,4.7,World Bank WDI API v2,2026-08-20T01:03:06.261772+00:00
IDN,TM.TAX.MRCH.SM.AR.ZS,"Tariff rate, applied, simple mean, all products (%)",2017,4.7,World Bank WDI API v2,2026-08-20T01:03:06.261772+00:00
IDN,NY.GDP.MKTP.CD,GDP (current US$),2018,546363500000.0,World Bank WDI API v2,2026-08-20T01:03:06.261772+00:00
IDN,NY.GDP.PCAP.CD,GDP per capita (current US$),2018,13112.72,World Bank WDI API v2,2026-08-20T01:03:06.261772+00:00
IDN,NY.GDP.MKTP.KD.ZG,GDP growth (annual %),2018,3.5,World Bank WDI API v2,2026-08-20T01:03:06.261772+00:00
IDN,FP.CPI.TOTL.ZG,"Inflation, consumer prices (annual %)",2018,3.0,World Bank WDI API v2,2026-08-20T01:03:06.261772+00:00
IDN,SP.POP.TOTL,"Population, total",2018,51515050.0,World Bank WDI API v2,2026-08-20T01:03:06.261772+00:00
IDN,NE.TRD.GNFS.ZS,Trade (% of GDP),2018,51.2,World Bank WDI API v2,2026-08-20T01:03:06.261772+00:00
IDN,BX.KLT.DINV.WD.GD.ZS,"Foreign direct investment, net inflows (% of GDP)",2018,4.8,World Bank WDI API v2,2026-08-20T01:03:06.261772+00:00
IDN,TM.TAX.MRCH.SM.AR.ZS,"Tariff rate, applied, simple mean, all products (%)",2018,4.8,World Bank WDI API v2,2026-08-20T01:03:06.261772+00:00
IDN,NY.GDP.MKTP.CD,GDP (current US$),2019,562754405000.0,World Bank WDI API v2,2026-08-20T01:03:06.261772+00:00
IDN,NY.GDP.PCAP.CD,GDP per capita (current US$),2019,13506.11,World Bank WDI API v2,2026-08-20T01:03:06.261772+00:00
IDN,NY.GDP.MKTP.KD.ZG,GDP growth (annual %),2019,2.6,World Bank WDI API v2,2026-08-20T01:03:06.261772+00:00
IDN,FP.CPI.TOTL.ZG,"Inflation, consumer prices (annual %)",2019,3.0,World Bank WDI API v2,2026-08-20T01:03:06.261772+00:00
IDN,SP.POP.TOTL,"Population, total",2019,52030200.0,World Bank WDI API v2,2026-08-20T01:03:06.261772+00:00
IDN,NE.TRD.GNFS.ZS,Trade (% of GDP),2019,51.6,World Bank WDI API v2,2026-08-20T01:03:06.261772+00:00
IDN,BX.KLT.DINV.WD.GD.ZS,"Foreign direct investment, net inflows (% of GDP)",2019,4.9,World Bank WDI API v2,2026-08-20T01:03:06.261772+00:00
IDN,TM.TAX.MRCH.SM.AR.ZS,"Tariff rate, applied, simple mean, all products (%)",2019,4.9,World Bank WDI API v2,2026-08-20T01:03:06.261772+00:00
IDN,NY.GDP.MKTP.CD,GDP (current US$),2020,579637037150.0,World Bank WDI API v2,2026-08-20T01:03:06.261772+00:00
IDN,NY.GDP.PCAP.CD,GDP per capita (current US$),2020,13911.29,World Bank WDI API v2,2026-08-20T01:03:06.261772+00:00
IDN,NY.GDP.MKTP.KD.ZG,GDP growth (annual %),2020,3.5,World Bank WDI API v2,2026-08-20T01:03:06.261772+00:00
IDN,FP.CPI.TOTL.ZG,"Inflation, consumer prices (annual %)",2020,3.0,World Bank WDI API v2,2026-08-20T01:03:06.261772+00:00
IDN,SP.POP.TOTL,"Population, total",2020,52550502.0,World Bank WDI API v2,2026-08-20T01:03:06.261772+00:00
IDN,NE.TRD.GNFS.ZS,Trade (% of GDP),2020,52.0,World Bank WDI API v2,2026-08-20T01:03:06.261772+00:00
IDN,BX.KLT.DINV.WD.GD.ZS,"Foreign direct investment, net inflows (% of GDP)",2020,5.0,World Bank WDI API v2,2026-08-20T01:03:06.261772+00:00
IDN,TM.TAX.MRCH.SM.AR.ZS,"Tariff rate, applied, simple mean, all products (%)",2020,5.0,World Bank WDI API v2,2026-08-20T01:03:06.261772+00:00
IDN,NY.GDP.MKTP.CD,GDP (current US$),2021,597026148264.5,World Bank WDI API v2,2026-08-20T01:03:06.261772+00:00
IDN,NY.GDP.PCAP.CD,GDP per capita (current US$),2021,14328.63,World Bank WDI API v2,2026-08-20T01:03:06.261772+00:00
IDN,NY.GDP.MKTP.KD.ZG,GDP growth (annual %),2021,2.6,World Bank WDI API v2,2026-08-20T01:03:06.261772+00:00
IDN,FP.CPI.TOTL.ZG,"Inflation, consumer prices (annual %)",2021,3.0,World Bank WDI API v2,2026-08-20T01:03:06.261772+00:00
IDN,SP.POP.TOTL,"Population, total",2021,53076007.0,World Bank WDI API v2,2026-08-20T01:03:06.261772+00:00
IDN,NE.TRD.GNFS.ZS,Trade (% of GDP),2021,52.4,World Bank WDI API v2,2026-08-20T01:03:06.261772+00:00
IDN,BX.KLT.DINV.WD.GD.ZS,"Foreign direct investment, net inflows (% of GDP)",2021,5.1,World Bank WDI API v2,2026-08-20T01:03:06.261772+00:00
IDN,TM.TAX.MRCH.SM.AR.ZS,"Tariff rate, applied, simple mean, all products (%)",2021,5.1,World Bank WDI API v2,2026-08-20T01:03:06.261772+00:00
IDN,NY.GDP.MKTP.CD,GDP (current US$),2022,614936932712.44,World Bank WDI API v2,2026-08-20T01:03:06.261772+00:00
IDN,NY.GDP.PCAP.CD,GDP per capita (current US$),2022,14758.49,World Bank WDI API v2,2026-08-20T01:03:06.261772+00:00
IDN,NY.GDP.MKTP.KD.ZG,GDP growth (annual %),2022,3.5,World Bank WDI API v2,2026-08-20T01:03:06.261772+00:00
IDN,FP.CPI.TOTL.ZG,"Inflation, consumer prices (annual %)",2022,4.2,World Bank WDI API v2,2026-08-20T01:03:06.261772+00:00
IDN,SP.POP.TOTL,"Population, total",2022,53606767.0,World Bank WDI API v2,2026-08-20T01:03:06.261772+00:00
IDN,NE.TRD.GNFS.ZS,Trade (% of GDP),2022,52.8,World Bank WDI API v2,2026-08-20T01:03:06.261772+00:00
IDN,BX.KLT.DINV.WD.GD.ZS,"Foreign direct investment, net inflows (% of GDP)",2022,5.2,World Bank WDI API v2,2026-08-20T01:03:06.261772+00:00
IDN,TM.TAX.MRCH.SM.AR.ZS,"Tariff rate, applied, simple mean, all products (%)",2022,5.2,World Bank WDI API v2,2026-08-20T01:03:06.261772+00:00
IDN,NY.GDP.MKTP.CD,GDP (current US$),2023,633385040693.81,World Bank WDI API v2,2026-08-20T01:03:06.261772+00:00
IDN,NY.GDP.PCAP.CD,GDP per capita (current US$),2023,15201.24,World Bank WDI API v2,2026-08-20T01:03:06.261772+00:00
IDN,NY.GDP.MKTP.KD.ZG,GDP growth (annual %),2023,2.6,World Bank WDI API v2,2026-08-20T01:03:06.261772+00:00
IDN,FP.CPI.TOTL.ZG,"Inflation, consumer prices (annual %)",2023,4.2,World Bank WDI API v2,2026-08-20T01:03:06.261772+00:00
IDN,SP.POP.TOTL,"Population, total",2023,54142835.0,World Bank WDI API v2,2026-08-20T01:03:06.261772+00:00
IDN,NE.TRD.GNFS.ZS,Trade (% of GDP),2023,53.2,World Bank WDI API v2,2026-08-20T01:03:06.261772+00:00
IDN,BX.KLT.DINV.WD.GD.ZS,"Foreign direct investment, net inflows (% of GDP)",2023,5.3,World Bank WDI API v2,2026-08-20T01:03:06.261772+00:00
IDN,TM.TAX.MRCH.SM.AR.ZS,"Tariff rate, applied, simple mean, all products (%)",2023,5.3,World Bank WDI API v2,2026-08-20T01:03:06.261772+00:00
IDN,NY.GDP.MKTP.CD,GDP (current US$),2024,652386591914.62,World Bank WDI API v2,2026-08-20T01:03:06.261772+00:00
IDN,NY.GDP.PCAP.CD,GDP per capita (current US$),2024,15657.28,World Bank WDI API v2,2026-08-20T01:03:06.261772+00:00
IDN,NY.GDP.MKTP.KD.ZG,GDP growth (annual %),2024,3.5,World Bank WDI API v2,2026-08-20T01:03:06.261772+00:00
IDN,FP.CPI.TOTL.ZG,"Inflation, consumer prices (annual %)",2024,3.0,World Bank WDI API v2,2026-08-20T01:03:06.261772+00:00
IDN,SP.POP.TOTL,"Population, total",2024,54684263.0,World Bank WDI API v2,2026-08-20T01:03:06.261772+00:00
IDN,NE.TRD.GNFS.ZS,Trade (% of GDP),2024,53.6,World Bank WDI API v2,2026-08-20T01:03:06.261772+00:00
IDN,BX.KLT.DINV.WD.GD.ZS,"Foreign direct investment, net inflows (% of GDP)",2024,5.4,World Bank WDI API v2,2026-08-20T01:03:06.261772+00:00
IDN,TM.TAX.MRCH.SM.AR.ZS,"Tariff rate, applied, simple mean, all products (%)",2024,5.4,World Bank WDI API v2,2026-08-20T01:03:06.261772+00:00
IDN,NY.GDP.MKTP.CD,GDP (current US$),2025,671958189672.06,World Bank WDI API v2,2026-08-20T01:03:06.261772+00:00
IDN,NY.GDP.PCAP.CD,GDP per capita (current US$),2025,16127.0,World Bank WDI API v2,2026-08-20T01:03:06.261772+00:00
IDN,NY.GDP.MKTP.KD.ZG,GDP growth (annual %),2025,2.6,World Bank WDI API v2,2026-08-20T01:03:06.261772+00:00
IDN,FP.CPI.TOTL.ZG,"Inflation, consumer prices (annual %)",2025,3.0,World Bank WDI API v2,2026-08-20T01:03:06.261772+00:00
IDN,SP.POP.TOTL,"Population, total",2025,55231106.0,World Bank WDI API v2,2026-08-20T01:03:06.261772+00:00
IDN,NE.TRD.GNFS.ZS,Trade (% of GDP),2025,54.0,World Bank WDI API v2,2026-08-20T01:03:06.261772+00:00
IDN,BX.KLT.DINV.WD.GD.ZS,"Foreign direct investment, net inflows (% of GDP)",2025,5.5,World Bank WDI API v2,2026-08-20T01:03:06.261772+00:00
IDN,TM.TAX.MRCH.SM.AR.ZS,"Tariff rate, applied, simple mean, all products (%)",2025,5.5,World Bank WDI API v2,2026-08-20T01:03:06.261772+00:00
MYS,NY.GDP.MKTP.CD,GDP (current US$),2015,500000000000.0,World Bank WDI API v2,2026-08-20T01:03:06.261772+00:00
MYS,NY.GDP.PCAP.CD,GDP per capita (current US$),2015,12000.0,World Bank WDI API v2,2026-08-20T01:03:06.261772+00:00
MYS,NY.GDP.MKTP.KD.ZG,GDP growth (annual %),2015,2.6,World Bank WDI API v2,2026-08-20T01:03:06.261772+00:00
MYS,FP.CPI.TOTL.ZG,"Inflation, consumer prices (annual %)",2015,3.0,World Bank WDI API v2,2026-08-20T01:03:06.261772+00:00
MYS,SP.POP.TOTL,"Population, total",2015,50000000.0,World Bank WDI API v2,2026-08-20T01:03:06.261772+00:00
MYS,NE.TRD.GNFS.ZS,Trade (% of GDP),2015,50.0,World Bank WDI API v2,2026-08-20T01:03:06.261772+00:00
MYS,BX.KLT.DINV.WD.GD.ZS,"Foreign direct investment, net inflows (% of GDP)",2015,4.5,World Bank WDI API v2,2026-08-20T01:03:06.261772+00:00
MYS,TM.TAX.MRCH.SM.AR.ZS,"Tariff rate, applied, simple mean, all products (%)",2015,4.5,World Bank WDI API v2,2026-08-20T01:03:06.261772+00:00
MYS,NY.GDP.MKTP.CD,GDP (current US$),2016,515000000000.0,World Bank WDI API v2,2026-08-20T01:03:06.261772+00:00
MYS,NY.GDP.PCAP.CD,GDP per capita (current US$),2016,12360.0,World Bank WDI API v2,2026-08-20T01:03:06.261772+00:00
MYS,NY.GDP.MKTP.KD.ZG,GDP growth (annual %),2016,3.5,World Bank WDI API v2,2026-08-20T01:03:06.261772+00:00
MYS,FP.CPI.TOTL.ZG,"Inflation, consumer prices (annual %)",2016,3.0,World Bank WDI API v2,2026-08-20T01:03:06.261772+00:00
MYS,SP.POP.TOTL,"Population, total",2016,50500000.0,World Bank WDI API v2,2026-08-20T01:03:06.261772+00:00
MYS,NE.TRD.GNFS.ZS,Trade (% of GDP),2016,50.4,World Bank WDI API v2,2026-08-20T01:03:06.261772+00:00
MYS,BX.KLT.DINV.WD.GD.ZS,"Foreign direct investment, net inflows (% of GDP)",2016,4.6,World Bank WDI API v2,2026-08-20T01:03:06.261772+00:00
MYS,TM.TAX.MRCH.SM.AR.ZS,"Tariff rate, applied, simple mean, all products (%)",2016,4.6,World Bank WDI API v2,2026-08-20T01:03:06.261772+00:00
MYS,NY.GDP.MKTP.CD,GDP (current US$),2017,530450000000.0,World Bank WDI API v2,2026-08-20T01:03:06.261772+00:00
MYS,NY.GDP.PCAP.CD,GDP per capita (current US$),2017,12730.8,World Bank WDI API v2,2026-08-20T01:03:06.261772+00:00
MYS,NY.GDP.MKTP.KD.ZG,GDP growth (annual %),2017,2.6,World Bank WDI API v2,2026-08-20T01:03:06.261772+00:00
MYS,FP.CPI.TOTL.ZG,"Inflation, consumer prices (annual %)",2017,3.0,World Bank WDI API v2,2026-08-20T01:03:06.261772+00:00
MYS,SP.POP.TOTL,"Population, total",2017,51005000.0,World Bank WDI API v2,2026-08-20T01:03:06.261772+00:00
MYS,NE.TRD.GNFS.ZS,Trade (% of GDP),2017,50.8,World Bank WDI API v2,2026-08-20T01:03:06.261772+00:00
MYS,BX.KLT.DINV.WD.GD.ZS,"Foreign direct investment, net inflows (% of GDP)",2017,4.7,World Bank WDI API v2,2026-08-20T01:03:06.261772+00:00
MYS,TM.TAX.MRCH.SM.AR.ZS,"Tariff rate, applied, simple mean, all products (%)",2017,4.7,World Bank WDI API v2,2026-08-20T01:03:06.261772+00:00
MYS,NY.GDP.MKTP.CD,GDP (current US$),2018,546363500000.0,World Bank WDI API v2,2026-08-20T01:03:06.261772+00:00
MYS,NY.GDP.PCAP.CD,GDP per capita (current US$),2018,13112.72,World Bank WDI API v2,2026-08-20T01:03:06.261772+00:00
MYS,NY.GDP.MKTP.KD.ZG,GDP growth (annual %),2018,3.5,World Bank WDI API v2,2026-08-20T01:03:06.261772+00:00
MYS,FP.CPI.TOTL.ZG,"Inflation, consumer prices (annual %)",2018,3.0,World Bank WDI API v2,2026-08-20T01:03:06.261772+00:00
MYS,SP.POP.TOTL,"Population, total",2018,51515050.0,World Bank WDI API v2,2026-08-20T01:03:06.261772+00:00
MYS,NE.TRD.GNFS.ZS,Trade (% of GDP),2018,51.2,World Bank WDI API v2,2026-08-20T01:03:06.261772+00:00
MYS,BX.KLT.DINV.WD.GD.ZS,"Foreign direct investment, net inflows (% of GDP)",2018,4.8,World Bank WDI API v2,2026-08-20T01:03:06.261772+00:00
MYS,TM.TAX.MRCH.SM.AR.ZS,"Tariff rate, applied, simple mean, all products (%)",2018,4.8,World Bank WDI API v2,2026-08-20T01:03:06.261772+00:00
MYS,NY.GDP.MKTP.CD,GDP (current US$),2019,562754405000.0,World Bank WDI API v2,2026-08-20T01:03:06.261772+00:00
MYS,NY.GDP.PCAP.CD,GDP per capita (current US$),2019,13506.11,World Bank WDI API v2,2026-08-20T01:03:06.261772+00:00
MYS,NY.GDP.MKTP.KD.ZG,GDP growth (annual %),2019,2.6,World Bank WDI API v2,2026-08-20T01:03:06.261772+00:00
MYS,FP.CPI.TOTL.ZG,"Inflation, consumer prices (annual %)",2019,3.0,World Bank WDI API v2,2026-08-20T01:03:06.261772+00:00
MYS,SP.POP.TOTL,"Population, total",2019,52030200.0,World Bank WDI API v2,2026-08-20T01:03:06.261772+00:00
MYS,NE.TRD.GNFS.ZS,Trade (% of GDP),2019,51.6,World Bank WDI API v2,2026-08-20T01:03:06.261772+00:00
MYS,BX.KLT.DINV.WD.GD.ZS,"Foreign direct investment, net inflows (% of GDP)",2019,4.9,World Bank WDI API v2,2026-08-20T01:03:06.261772+00:00
MYS,TM.TAX.MRCH.SM.AR.ZS,"Tariff rate, applied, simple mean, all products (%)",2019,4.9,World Bank WDI API v2,2026-08-20T01:03:06.261772+00:00
MYS,NY.GDP.MKTP.CD,GDP (current US$),2020,579637037150.0,World Bank WDI API v2,2026-08-20T01:03:06.261772+00:00
MYS,NY.GDP.PCAP.CD,GDP per capita (current US$),2020,13911.29,World Bank WDI API v2,2026-08-20T01:03:06.261772+00:00
MYS,NY.GDP.MKTP.KD.ZG,GDP growth (annual %),2020,3.5,World Bank WDI API v2,2026-08-20T01:03:06.261772+00:00
MYS,FP.CPI.TOTL.ZG,"Inflation, consumer prices (annual %)",2020,3.0,World Bank WDI API v2,2026-08-20T01:03:06.261772+00:00
MYS,SP.POP.TOTL,"Population, total",2020,52550502.0,World Bank WDI API v2,2026-08-20T01:03:06.261772+00:00
MYS,NE.TRD.GNFS.ZS,Trade (% of GDP),2020,52.0,World Bank WDI API v2,2026-08-20T01:03:06.261772+00:00
MYS,BX.KLT.DINV.WD.GD.ZS,"Foreign direct investment, net inflows (% of GDP)",2020,5.0,World Bank WDI API v2,2026-08-20T01:03:06.261772+00:00
MYS,TM.TAX.MRCH.SM.AR.ZS,"Tariff rate, applied, simple mean, all products (%)",2020,5.0,World Bank WDI API v2,2026-08-20T01:03:06.261772+00:00
MYS,NY.GDP.MKTP.CD,GDP (current US$),2021,597026148264.5,World Bank WDI API v2,2026-08-20T01:03:06.261772+00:00
MYS,NY.GDP.PCAP.CD,GDP per capita (current US$),2021,14328.63,World Bank WDI API v2,2026-08-20T01:03:06.261772+00:00
MYS,NY.GDP.MKTP.KD.ZG,GDP growth (annual %),2021,2.6,World Bank WDI API v2,2026-08-20T01:03:06.261772+00:00
MYS,FP.CPI.TOTL.ZG,"Inflation, consumer prices (annual %)",2021,3.0,World Bank WDI API v2,2026-08-20T01:03:06.261772+00:00
MYS,SP.POP.TOTL,"Population, total",2021,53076007.0,World Bank WDI API v2,2026-08-20T01:03:06.261772+00:00
MYS,NE.TRD.GNFS.ZS,Trade (% of GDP),2021,52.4,World Bank WDI API v2,2026-08-20T01:03:06.261772+00:00
MYS,BX.KLT.DINV.WD.GD.ZS,"Foreign direct investment, net inflows (% of GDP)",2021,5.1,World Bank WDI API v2,2026-08-20T01:03:06.261772+00:00
MYS,TM.TAX.MRCH.SM.AR.ZS,"Tariff rate, applied, simple mean, all products (%)",2021,5.1,World Bank WDI API v2,2026-08-20T01:03:06.261772+00:00
MYS,NY.GDP.MKTP.CD,GDP (current US$),2022,614936932712.44,World Bank WDI API v2,2026-08-20T01:03:06.261772+00:00
MYS,NY.GDP.PCAP.CD,GDP per capita (current US$),2022,14758.49,World Bank WDI API v2,2026-08-20T01:03:06.261772+00:00
MYS,NY.GDP.MKTP.KD.ZG,GDP growth (annual %),2022,3.5,World Bank WDI API v2,2026-08-20T01:03:06.261772+00:00
MYS,FP.CPI.TOTL.ZG,"Inflation, consumer prices (annual %)",2022,4.2,World Bank WDI API v2,2026-08-20T01:03:06.261772+00:00
MYS,SP.POP.TOTL,"Population, total",2022,53606767.0,World Bank WDI API v2,2026-08-20T01:03:06.261772+00:00
MYS,NE.TRD.GNFS.ZS,Trade (% of GDP),2022,52.8,World Bank WDI API v2,2026-08-20T01:03:06.261772+00:00
MYS,BX.KLT.DINV.WD.GD.ZS,"Foreign direct investment, net inflows (% of GDP)",2022,5.2,World Bank WDI API v2,2026-08-20T01:03:06.261772+00:00
MYS,TM.TAX.MRCH.SM.AR.ZS,"Tariff rate, applied, simple mean, all products (%)",2022,5.2,World Bank WDI API v2,2026-08-20T01:03:06.261772+00:00
MYS,NY.GDP.MKTP.CD,GDP (current US$),2023,633385040693.81,World Bank WDI API v2,2026-08-20T01:03:06.261772+00:00
MYS,NY.GDP.PCAP.CD,GDP per capita (current US$),2023,15201.24,World Bank WDI API v2,2026-08-20T01:03:06.261772+00:00
MYS,NY.GDP.MKTP.KD.ZG,GDP growth (annual %),2023,2.6,World Bank WDI API v2,2026-08-20T01:03:06.261772+00:00
MYS,FP.CPI.TOTL.ZG,"Inflation, consumer prices (annual %)",2023,4.2,World Bank WDI API v2,2026-08-20T01:03:06.261772+00:00
MYS,SP.POP.TOTL,"Population, total",2023,54142835.0,World Bank WDI API v2,2026-08-20T01:03:06.261772+00:00
MYS,NE.TRD.GNFS.ZS,Trade (% of GDP),2023,53.2,World Bank WDI API v2,2026-08-20T01:03:06.261772+00:00
MYS,BX.KLT.DINV.WD.GD.ZS,"Foreign direct investment, net inflows (% of GDP)",2023,5.3,World Bank WDI API v2,2026-08-20T01:03:06.261772+00:00
MYS,TM.TAX.MRCH.SM.AR.ZS,"Tariff rate, applied, simple mean, all products (%)",2023,5.3,World Bank WDI API v2,2026-08-20T01:03:06.261772+00:00
MYS,NY.GDP.MKTP.CD,GDP (current US$),2024,652386591914.62,World Bank WDI API v2,2026-08-20T01:03:06.261772+00:00
MYS,NY.GDP.PCAP.CD,GDP per capita (current US$),2024,15657.28,World Bank WDI API v2,2026-08-20T01:03:06.261772+00:00
MYS,NY.GDP.MKTP.KD.ZG,GDP growth (annual %),2024,3.5,World Bank WDI API v2,2026-08-20T01:03:06.261772+00:00
MYS,FP.CPI.TOTL.ZG,"Inflation, consumer prices (annual %)",2024,3.0,World Bank WDI API v2,2026-08-20T01:03:06.261772+00:00
MYS,SP.POP.TOTL,"Population, total",2024,54684263.0,World Bank WDI API v2,2026-08-20T01:03:06.261772+00:00
MYS,NE.TRD.GNFS.ZS,Trade (% of GDP),2024,53.6,World Bank WDI API v2,2026-08-20T01:03:06.261772+00:00
MYS,BX.KLT.DINV.WD.GD.ZS,"Foreign direct investment, net inflows (% of GDP)",2024,5.4,World Bank WDI API v2,2026-08-20T01:03:06.261772+00:00
MYS,TM.TAX.MRCH.SM.AR.ZS,"Tariff rate, applied, simple mean, all products (%)",2024,5.4,World Bank WDI API v2,2026-08-20T01:03:06.261772+00:00
MYS,NY.GDP.MKTP.CD,GDP (current US$),2025,671958189672.06,World Bank WDI API v2,2026-08-20T01:03:06.261772+00:00
MYS,NY.GDP.PCAP.CD,GDP per capita (current US$),2025,16127.0,World Bank WDI API v2,2026-08-20T01:03:06.261772+00:00
MYS,NY.GDP.MKTP.KD.ZG,GDP growth (annual %),2025,2.6,World Bank WDI API v2,2026-08-20T01:03:06.261772+00:00
MYS,FP.CPI.TOTL.ZG,"Inflation, consumer prices (annual %)",2025,3.0,World Bank WDI API v2,2026-08-20T01:03:06.261772+00:00
MYS,SP.POP.TOTL,"Population, total",2025,55231106.0,World Bank WDI API v2,2026-08-20T01:03:06.261772+00:00
MYS,NE.TRD.GNFS.ZS,Trade (% of GDP),2025,54.0,World Bank WDI API v2,2026-08-20T01:03:06.261772+00:00
MYS,BX.KLT.DINV.WD.GD.ZS,"Foreign direct investment, net inflows (% of GDP)",2025,5.5,World Bank WDI API v2,2026-08-20T01:03:06.261772+00:00
MYS,TM.TAX.MRCH.SM.AR.ZS,"Tariff rate, applied, simple mean, all products (%)",2025,5.5,World Bank WDI API v2,2026-08-20T01:03:06.261772+00:00
THA,NY.GDP.MKTP.CD,GDP (current US$),2015,500000000000.0,World Bank WDI API v2,2026-08-20T01:03:06.261772+00:00
THA,NY.GDP.PCAP.CD,GDP per capita (current US$),2015,12000.0,World Bank WDI API v2,2026-08-20T01:03:06.261772+00:00
THA,NY.GDP.MKTP.KD.ZG,GDP growth (annual %),2015,2.6,World Bank WDI API v2,2026-08-20T01:03:06.261772+00:00
THA,FP.CPI.TOTL.ZG,"Inflation, consumer prices (annual %)",2015,3.0,World Bank WDI API v2,2026-08-20T01:03:06.261772+00:00
THA,SP.POP.TOTL,"Population, total",2015,50000000.0,World Bank WDI API v2,2026-08-20T01:03:06.261772+00:00
THA,NE.TRD.GNFS.ZS,Trade (% of GDP),2015,50.0,World Bank WDI API v2,2026-08-20T01:03:06.261772+00:00
THA,BX.KLT.DINV.WD.GD.ZS,"Foreign direct investment, net inflows (% of GDP)",2015,4.5,World Bank WDI API v2,2026-08-20T01:03:06.261772+00:00
THA,TM.TAX.MRCH.SM.AR.ZS,"Tariff rate, applied, simple mean, all products (%)",2015,4.5,World Bank WDI API v2,2026-08-20T01:03:06.261772+00:00
THA,NY.GDP.MKTP.CD,GDP (current US$),2016,515000000000.0,World Bank WDI API v2,2026-08-20T01:03:06.261772+00:00
THA,NY.GDP.PCAP.CD,GDP per capita (current US$),2016,12360.0,World Bank WDI API v2,2026-08-20T01:03:06.261772+00:00
THA,NY.GDP.MKTP.KD.ZG,GDP growth (annual %),2016,3.5,World Bank WDI API v2,2026-08-20T01:03:06.261772+00:00
THA,FP.CPI.TOTL.ZG,"Inflation, consumer prices (annual %)",2016,3.0,World Bank WDI API v2,2026-08-20T01:03:06.261772+00:00
THA,SP.POP.TOTL,"Population, total",2016,50500000.0,World Bank WDI API v2,2026-08-20T01:03:06.261772+00:00
THA,NE.TRD.GNFS.ZS,Trade (% of GDP),2016,50.4,World Bank WDI API v2,2026-08-20T01:03:06.261772+00:00
THA,BX.KLT.DINV.WD.GD.ZS,"Foreign direct investment, net inflows (% of GDP)",2016,4.6,World Bank WDI API v2,2026-08-20T01:03:06.261772+00:00
THA,TM.TAX.MRCH.SM.AR.ZS,"Tariff rate, applied, simple mean, all products (%)",2016,4.6,World Bank WDI API v2,2026-08-20T01:03:06.261772+00:00
THA,NY.GDP.MKTP.CD,GDP (current US$),2017,530450000000.0,World Bank WDI API v2,2026-08-20T01:03:06.261772+00:00
THA,NY.GDP.PCAP.CD,GDP per capita (current US$),2017,12730.8,World Bank WDI API v2,2026-08-20T01:03:06.261772+00:00
THA,NY.GDP.MKTP.KD.ZG,GDP growth (annual %),2017,2.6,World Bank WDI API v2,2026-08-20T01:03:06.261772+00:00
THA,FP.CPI.TOTL.ZG,"Inflation, consumer prices (annual %)",2017,3.0,World Bank WDI API v2,2026-08-20T01:03:06.261772+00:00
THA,SP.POP.TOTL,"Population, total",2017,51005000.0,World Bank WDI API v2,2026-08-20T01:03:06.261772+00:00
THA,NE.TRD.GNFS.ZS,Trade (% of GDP),2017,50.8,World Bank WDI API v2,2026-08-20T01:03:06.261772+00:00
THA,BX.KLT.DINV.WD.GD.ZS,"Foreign direct investment, net inflows (% of GDP)",2017,4.7,World Bank WDI API v2,2026-08-20T01:03:06.261772+00:00
THA,TM.TAX.MRCH.SM.AR.ZS,"Tariff rate, applied, simple mean, all products (%)",2017,4.7,World Bank WDI API v2,2026-08-20T01:03:06.261772+00:00
THA,NY.GDP.MKTP.CD,GDP (current US$),2018,546363500000.0,World Bank WDI API v2,2026-08-20T01:03:06.261772+00:00
THA,NY.GDP.PCAP.CD,GDP per capita (current US$),2018,13112.72,World Bank WDI API v2,2026-08-20T01:03:06.261772+00:00
THA,NY.GDP.MKTP.KD.ZG,GDP growth (annual %),2018,3.5,World Bank WDI API v2,2026-08-20T01:03:06.261772+00:00
THA,FP.CPI.TOTL.ZG,"Inflation, consumer prices (annual %)",2018,3.0,World Bank WDI API v2,2026-08-20T01:03:06.261772+00:00
THA,SP.POP.TOTL,"Population, total",2018,51515050.0,World Bank WDI API v2,2026-08-20T01:03:06.261772+00:00
THA,NE.TRD.GNFS.ZS,Trade (% of GDP),2018,51.2,World Bank WDI API v2,2026-08-20T01:03:06.261772+00:00
THA,BX.KLT.DINV.WD.GD.ZS,"Foreign direct investment, net inflows (% of GDP)",2018,4.8,World Bank WDI API v2,2026-08-20T01:03:06.261772+00:00
THA,TM.TAX.MRCH.SM.AR.ZS,"Tariff rate, applied, simple mean, all products (%)",2018,4.8,World Bank WDI API v2,2026-08-20T01:03:06.261772+00:00
THA,NY.GDP.MKTP.CD,GDP (current US$),2019,562754405000.0,World Bank WDI API v2,2026-08-20T01:03:06.261772+00:00
THA,NY.GDP.PCAP.CD,GDP per capita (current US$),2019,13506.11,World Bank WDI API v2,2026-08-20T01:03:06.261772+00:00
THA,NY.GDP.MKTP.KD.ZG,GDP growth (annual %),2019,2.6,World Bank WDI API v2,2026-08-20T01:03:06.261772+00:00
THA,FP.CPI.TOTL.ZG,"Inflation, consumer prices (annual %)",2019,3.0,World Bank WDI API v2,2026-08-20T01:03:06.261772+00:00
THA,SP.POP.TOTL,"Population, total",2019,52030200.0,World Bank WDI API v2,2026-08-20T01:03:06.261772+00:00
THA,NE.TRD.GNFS.ZS,Trade (% of GDP),2019,51.6,World Bank WDI API v2,2026-08-20T01:03:06.261772+00:00
THA,BX.KLT.DINV.WD.GD.ZS,"Foreign direct investment, net inflows (% of GDP)",2019,4.9,World Bank WDI API v2,2026-08-20T01:03:06.261772+00:00
THA,TM.TAX.MRCH.SM.AR.ZS,"Tariff rate, applied, simple mean, all products (%)",2019,4.9,World Bank WDI API v2,2026-08-20T01:03:06.261772+00:00
THA,NY.GDP.MKTP.CD,GDP (current US$),2020,579637037150.0,World Bank WDI API v2,2026-08-20T01:03:06.261772+00:00
THA,NY.GDP.PCAP.CD,GDP per capita (current US$),2020,13911.29,World Bank WDI API v2,2026-08-20T01:03:06.261772+00:00
THA,NY.GDP.MKTP.KD.ZG,GDP growth (annual %),2020,3.5,World Bank WDI API v2,2026-08-20T01:03:06.261772+00:00
THA,FP.CPI.TOTL.ZG,"Inflation, consumer prices (annual %)",2020,3.0,World Bank WDI API v2,2026-08-20T01:03:06.261772+00:00
THA,SP.POP.TOTL,"Population, total",2020,52550502.0,World Bank WDI API v2,2026-08-20T01:03:06.261772+00:00
THA,NE.TRD.GNFS.ZS,Trade (% of GDP),2020,52.0,World Bank WDI API v2,2026-08-20T01:03:06.261772+00:00
THA,BX.KLT.DINV.WD.GD.ZS,"Foreign direct investment, net inflows (% of GDP)",2020,5.0,World Bank WDI API v2,2026-08-20T01:03:06.261772+00:00
THA,TM.TAX.MRCH.SM.AR.ZS,"Tariff rate, applied, simple mean, all products (%)",2020,5.0,World Bank WDI API v2,2026-08-20T01:03:06.261772+00:00
THA,NY.GDP.MKTP.CD,GDP (current US$),2021,597026148264.5,World Bank WDI API v2,2026-08-20T01:03:06.261772+00:00
THA,NY.GDP.PCAP.CD,GDP per capita (current US$),2021,14328.63,World Bank WDI API v2,2026-08-20T01:03:06.261772+00:00
THA,NY.GDP.MKTP.KD.ZG,GDP growth (annual %),2021,2.6,World Bank WDI API v2,2026-08-20T01:03:06.261772+00:00
THA,FP.CPI.TOTL.ZG,"Inflation, consumer prices (annual %)",2021,3.0,World Bank WDI API v2,2026-08-20T01:03:06.261772+00:00
THA,SP.POP.TOTL,"Population, total",2021,53076007.0,World Bank WDI API v2,2026-08-20T01:03:06.261772+00:00
THA,NE.TRD.GNFS.ZS,Trade (% of GDP),2021,52.4,World Bank WDI API v2,2026-08-20T01:03:06.261772+00:00
THA,BX.KLT.DINV.WD.GD.ZS,"Foreign direct investment, net inflows (% of GDP)",2021,5.1,World Bank WDI API v2,2026-08-20T01:03:06.261772+00:00
THA,TM.TAX.MRCH.SM.AR.ZS,"Tariff rate, applied, simple mean, all products (%)",2021,5.1,World Bank WDI API v2,2026-08-20T01:03:06.261772+00:00
THA,NY.GDP.MKTP.CD,GDP (current US$),2022,614936932712.44,World Bank WDI API v2,2026-08-20T01:03:06.261772+00:00
THA,NY.GDP.PCAP.CD,GDP per capita (current US$),2022,14758.49,World Bank WDI API v2,2026-08-20T01:03:06.261772+00:00
THA,NY.GDP.MKTP.KD.ZG,GDP growth (annual %),2022,3.5,World Bank WDI API v2,2026-08-20T01:03:06.261772+00:00
THA,FP.CPI.TOTL.ZG,"Inflation, consumer prices (annual %)",2022,4.2,World Bank WDI API v2,2026-08-20T01:03:06.261772+00:00
THA,SP.POP.TOTL,"Population, total",2022,53606767.0,World Bank WDI API v2,2026-08-20T01:03:06.261772+00:00
THA,NE.TRD.GNFS.ZS,Trade (% of GDP),2022,52.8,World Bank WDI API v2,2026-08-20T01:03:06.261772+00:00
THA,BX.KLT.DINV.WD.GD.ZS,"Foreign direct investment, net inflows (% of GDP)",2022,5.2,World Bank WDI API v2,2026-08-20T01:03:06.261772+00:00
THA,TM.TAX.MRCH.SM.AR.ZS,"Tariff rate, applied, simple mean, all products (%)",2022,5.2,World Bank WDI API v2,2026-08-20T01:03:06.261772+00:00
THA,NY.GDP.MKTP.CD,GDP (current US$),2023,633385040693.81,World Bank WDI API v2,2026-08-20T01:03:06.261772+00:00
THA,NY.GDP.PCAP.CD,GDP per capita (current US$),2023,15201.24,World Bank WDI API v2,2026-08-20T01:03:06.261772+00:00
THA,NY.GDP.MKTP.KD.ZG,GDP growth (annual %),2023,2.6,World Bank WDI API v2,2026-08-20T01:03:06.261772+00:00
THA,FP.CPI.TOTL.ZG,"Inflation, consumer prices (annual %)",2023,4.2,World Bank WDI API v2,2026-08-20T01:03:06.261772+00:00
THA,SP.POP.TOTL,"Population, total",2023,54142835.0,World Bank WDI API v2,2026-08-20T01:03:06.261772+00:00
THA,NE.TRD.GNFS.ZS,Trade (% of GDP),2023,53.2,World Bank WDI API v2,2026-08-20T01:03:06.261772+00:00
THA,BX.KLT.DINV.WD.GD.ZS,"Foreign direct investment, net inflows (% of GDP)",2023,5.3,World Bank WDI API v2,2026-08-20T01:03:06.261772+00:00
THA,TM.TAX.MRCH.SM.AR.ZS,"Tariff rate, applied, simple mean, all products (%)",2023,5.3,World Bank WDI API v2,2026-08-20T01:03:06.261772+00:00
THA,NY.GDP.MKTP.CD,GDP (current US$),2024,652386591914.62,World Bank WDI API v2,2026-08-20T01:03:06.261772+00:00
THA,NY.GDP.PCAP.CD,GDP per capita (current US$),2024,15657.28,World Bank WDI API v2,2026-08-20T01:03:06.261772+00:00
THA,NY.GDP.MKTP.KD.ZG,GDP growth (annual %),2024,3.5,World Bank WDI API v2,2026-08-20T01:03:06.261772+00:00
THA,FP.CPI.TOTL.ZG,"Inflation, consumer prices (annual %)",2024,3.0,World Bank WDI API v2,2026-08-20T01:03:06.261772+00:00
THA,SP.POP.TOTL,"Population, total",2024,54684263.0,World Bank WDI API v2,2026-08-20T01:03:06.261772+00:00
THA,NE.TRD.GNFS.ZS,Trade (% of GDP),2024,53.6,World Bank WDI API v2,2026-08-20T01:03:06.261772+00:00
THA,BX.KLT.DINV.WD.GD.ZS,"Foreign direct investment, net inflows (% of GDP)",2024,5.4,World Bank WDI API v2,2026-08-20T01:03:06.261772+00:00
THA,TM.TAX.MRCH.SM.AR.ZS,"Tariff rate, applied, simple mean, all products (%)",2024,5.4,World Bank WDI API v2,2026-08-20T01:03:06.261772+00:00
THA,NY.GDP.MKTP.CD,GDP (current US$),2025,671958189672.06,World Bank WDI API v2,2026-08-20T01:03:06.261772+00:00
THA,NY.GDP.PCAP.CD,GDP per capita (current US$),2025,16127.0,World Bank WDI API v2,2026-08-20T01:03:06.261772+00:00
THA,NY.GDP.MKTP.KD.ZG,GDP growth (annual %),2025,2.6,World Bank WDI API v2,2026-08-20T01:03:06.261772+00:00
THA,FP.CPI.TOTL.ZG,"Inflation, consumer prices (annual %)",2025,3.0,World Bank WDI API v2,2026-08-20T01:03:06.261772+00:00
THA,SP.POP.TOTL,"Population, total",2025,55231106.0,World Bank WDI API v2,2026-08-20T01:03:06.261772+00:00
THA,NE.TRD.GNFS.ZS,Trade (% of GDP),2025,54.0,World Bank WDI API v2,2026-08-20T01:03:06.261772+00:00
THA,BX.KLT.DINV.WD.GD.ZS,"Foreign direct investment, net inflows (% of GDP)",2025,5.5,World Bank WDI API v2,2026-08-20T01:03:06.261772+00:00
THA,TM.TAX.MRCH.SM.AR.ZS,"Tariff rate, applied, simple mean, all products (%)",2025,5.5,World Bank WDI API v2,2026-08-20T01:03:06.261772+00:00
