as_of_year,hs6,product_description,importer_iso3,importer_country_name,recent_3y_avg_export_value,recent_3y_avg_export_weight,recent_3y_median_export_weight,latest_year_export_value,latest_year_export_weight,destination_market_share_latest,years_active,activity_ratio,export_value_cagr_3y,export_weight_cagr_3y,recent_value_growth,recent_weight_growth,growth_data_quality_flag,destination_gdp,destination_gdp_per_capita,destination_gdp_growth,destination_population,destination_trade_pct_gdp,destination_applied_tariff_rate,mfn_tariff_rate,tariff_preference_margin,rta_exists,rta_status,rta_type,rta_coverage,destination_port_count,destination_airport_count,destination_inland_terminal_count,destination_locode_count,gleif_buyer_count,gleif_active_buyer_count,sanctions_present,sanctions_entity_count,ofac_entity_count,scomet_match_flag
2025,30617,Frozen shrimps and prawns (Vannamei / Black Tiger Shrimp),AGO,Angola,96140002.43333334,9948197.736666666,8187155.22,29331441.5,3384235.02,0.55,26,1.0,-0.5906315346664079,-0.5696488988718578,-0.651072599739354,-0.5866409113958895,0,354486747640.06,8827.97,3.3,39436661.0,66.25,12.0,12.0,0.0,0.0,None,None,None,35,40,13,81,0,0,0,0,0,0
2025,30617,Frozen shrimps and prawns (Vannamei / Black Tiger Shrimp),ARE,United Arab Emirates,76383973.30333333,7504938.28,5201396.14,44580332.12,5201396.14,0.84,26,1.0,0.0005997006724505205,0.03675691571986328,-0.6816706427325739,-0.583031104812457,0,290888340065.6,69094.67,4.0,4206577.0,151.25,12.0,12.0,0.0,1.0,In Force,FTA & EIA,Goods & Services,44,10,35,75,0,0,1,1,1,0
2025,30617,Frozen shrimps and prawns (Vannamei / Black Tiger Shrimp),ARG,Argentina,156252307.89333332,16930982.003333334,14756773.52,203876310.22,23580329.37,3.86,26,1.0,0.3029247058241278,0.26409358540123273,0.40813407831198556,0.8931138697577068,0,354486747640.06,8827.97,3.3,39436661.0,66.25,12.0,12.0,0.0,1.0,In Force,PTA,Goods,104,113,458,602,0,0,0,0,0,0
2025,30617,Frozen shrimps and prawns (Vannamei / Black Tiger Shrimp),AUS,Australia,132486416.55,13927014.363333335,16219599.23,81222923.96,8187816.2,1.54,26,1.0,-0.26636027703389953,-0.289500162364992,-0.5087167326791344,-0.5287215565894354,0,827705732805.53,32270.26,2.6,25108007.0,51.25,12.0,12.0,0.0,1.0,In Force,FTA,Goods & Services,378,622,1830,2593,0,0,0,0,0,0
2025,30617,Frozen shrimps and prawns (Vannamei / Black Tiger Shrimp),AUT,Austria,19142435.186666667,1878521.5866666667,2273591.6,20116357.09,2273591.6,0.38,26,1.0,-0.11949863382421089,-0.004240596058411206,0.770210499529983,1.1268885279514684,0,354486747640.06,8827.97,3.3,39436661.0,66.25,12.0,12.0,0.0,0.0,None,None,None,111,11,1349,1394,0,0,0,0,0,0
2025,30617,Frozen shrimps and prawns (Vannamei / Black Tiger Shrimp),BEL,Belgium,119585368.38333333,11743108.83,13109950.47,111396683.49,13109950.47,2.11,26,1.0,0.694983546221682,0.8124303178487908,-0.46594198620606153,-0.27682830304503425,0,354486747640.06,8827.97,3.3,39436661.0,66.25,12.0,12.0,0.0,0.0,None,None,None,484,11,1834,1842,0,0,0,0,0,0
2025,30617,Frozen shrimps and prawns (Vannamei / Black Tiger Shrimp),BGD,Bangladesh,97228508.92000002,9404953.056666667,11281370.95,31023256.91,3767153.17,0.59,26,1.0,-0.545787281216445,-0.4650980414785877,-0.7187110404660431,-0.6660731052372969,0,354486747640.06,8827.97,3.3,39436661.0,66.25,12.0,12.0,0.0,1.0,In Force,FTA,Goods,12,15,18,45,0,0,0,0,0,0
2025,30617,Frozen shrimps and prawns (Vannamei / Black Tiger Shrimp),BRA,Brazil,69526998.46666667,7052746.289999999,3751296.72,158735022.02,15690446.95,3.0,26,1.0,1.0739829801520862,1.0451583928527093,5.0,5.0,0,1214333384401.01,5179.26,2.3,230047193.0,35.25,12.0,12.0,0.0,1.0,In Force,PTA,Goods,206,430,5576,5635,0,0,0,0,0,0
2025,30617,Frozen shrimps and prawns (Vannamei / Black Tiger Shrimp),CAN,Canada,55968908.580000006,6532513.503333334,7615138.36,73135357.47,7615138.36,1.38,26,1.0,0.016852009158815573,-0.09232410979614625,2.04223260022712,1.7799242244015336,0,1278428077415.3,30906.61,2.0,40356850.0,86.25,12.0,12.0,0.0,0.0,None,None,None,580,499,2609,3225,0,0,0,0,0,0
2025,30617,Frozen shrimps and prawns (Vannamei / Black Tiger Shrimp),CHE,Switzerland,107780076.45666666,11347369.753333336,10836644.47,127978474.21,16305355.52,2.42,26,1.0,-0.007449882131777108,0.22664169749509355,0.9552158147892336,1.3630575809704006,0,354486747640.06,8827.97,3.3,39436661.0,66.25,12.0,12.0,0.0,0.0,None,None,None,68,13,1548,1560,0,0,0,0,0,0
2025,30617,Frozen shrimps and prawns (Vannamei / Black Tiger Shrimp),CHL,Chile,148210019.4333333,13887994.123333333,14363446.48,73750217.16,6668052.07,1.39,26,1.0,-0.2542542976156108,-0.3186501556971425,-0.6904738864135556,-0.676817772975252,0,354486747640.06,8827.97,3.3,39436661.0,66.25,12.0,12.0,0.0,1.0,In Force,PTA,Goods,105,43,445,489,0,0,0,0,0,0
2025,30617,Frozen shrimps and prawns (Vannamei / Black Tiger Shrimp),CHN,China,63659232.106666654,6585891.27,7598840.32,8881550.67,932804.83,0.17,26,1.0,-0.7106663826583562,-0.7117413689874242,-0.8831407225277488,-0.8772437910631241,0,9300982450507.4,5588.1,8.3,1656339789.0,46.25,2.0,12.0,10.0,0.0,In Force,PTA,Goods,765,191,996,1676,0,0,0,0,0,0
2025,30617,Frozen shrimps and prawns (Vannamei / Black Tiger Shrimp),COL,Colombia,166829255.08333334,17517713.933333334,17241004.48,160353186.36,19132315.63,3.03,26,1.0,-0.03317396170885767,0.08741896471477961,-0.04884833631554453,0.10969843156138959,0,354486747640.06,8827.97,3.3,39436661.0,66.25,12.0,12.0,0.0,0.0,None,None,None,33,165,246,394,0,0,0,0,0,0
2025,30617,Frozen shrimps and prawns (Vannamei / Black Tiger Shrimp),DEU,Germany,98298907.44333333,10371980.023333333,9108493.91,88755345.92,9108493.91,1.68,26,1.0,0.22744683710475688,0.2876732448064794,-0.397170918545644,-0.4484421324055238,0,2760472889424.06,24913.88,1.2,108056452.0,76.25,12.0,12.0,0.0,0.0,Under Negotiation,FTA,Goods & Services,879,112,9939,10026,0,0,0,0,0,0
2025,30617,Frozen shrimps and prawns (Vannamei / Black Tiger Shrimp),EGY,Egypt,89648259.84999998,8738728.153333334,10851318.53,95848495.53,10851318.53,1.81,26,1.0,-0.16348862248469798,-0.031341790181377616,1.6535251499184573,1.8556257928111601,0,290888340065.6,3140.67,4.0,92544699.0,49.25,12.0,12.0,0.0,0.0,None,None,None,41,24,74,127,0,0,0,0,0,0
2025,30617,Frozen shrimps and prawns (Vannamei / Black Tiger Shrimp),ESP,Spain,74517329.60333332,8420974.333333334,7447786.12,32999976.1,3504645.62,0.62,26,1.0,-0.44933100588516917,-0.5051258332009889,-0.5962124448322348,-0.5294379345040148,0,354486747640.06,8827.97,3.3,39436661.0,66.25,12.0,12.0,0.0,0.0,None,None,None,432,50,4433,4769,0,0,0,0,0,0
2025,30617,Frozen shrimps and prawns (Vannamei / Black Tiger Shrimp),FRA,France,83645022.05333333,7925004.333333333,8688656.48,21442705.62,2132930.38,0.41,26,1.0,-0.5973654278329925,-0.594214977251101,-0.7794494618780752,-0.754515512851792,0,1973285681586.82,24141.89,1.3,80056423.0,65.25,12.0,12.0,0.0,0.0,Under Negotiation,FTA,Goods & Services,808,142,14175,14370,0,0,0,0,0,0
2025,30617,Frozen shrimps and prawns (Vannamei / Black Tiger Shrimp),GBR,United Kingdom of Great Britain and Northern Ireland,63751928.86333334,7137030.273333333,6199675.14,30601005.34,2965044.45,0.58,26,1.0,-0.3002544870982903,-0.30843797459322786,-0.6882484705894792,-0.757883833969015,0,2593000127109.38,32632.91,1.6,77427312.0,66.25,12.0,12.0,0.0,0.0,Under Negotiation,FTA,Goods & Services,1350,144,4976,5878,0,0,0,0,0,0
2025,30617,Frozen shrimps and prawns (Vannamei / Black Tiger Shrimp),GHA,Ghana,175578629.94333333,17060504.223333333,20233993.86,178924348.99,20233993.86,3.38,26,1.0,0.7181508984794163,0.7249897324832764,-0.37700692490654353,-0.16206755151065966,0,354486747640.06,8827.97,3.3,39436661.0,66.25,12.0,12.0,0.0,0.0,None,None,None,11,5,45,62,0,0,0,0,0,0
2025,30617,Frozen shrimps and prawns (Vannamei / Black Tiger Shrimp),HKG,"China, Hong Kong Special Administrative Region",148247833.06333333,14000504.733333334,9577014.21,113295576.12,9577014.21,2.14,26,1.0,0.4568181967818177,0.3730354260928268,-0.5925572422266465,-0.6497640756423071,0,354486747640.06,8827.97,3.3,39436661.0,66.25,12.0,12.0,0.0,0.0,None,None,None,13,3,63,70,0,0,0,0,0,0
2025,30617,Frozen shrimps and prawns (Vannamei / Black Tiger Shrimp),IDN,Indonesia,105230004.95666666,12424252.496666668,13038122.86,108980867.13,13038122.86,2.06,26,1.0,-0.17344723981079735,-0.19558079408746998,1.3093390452983185,2.1910919561672944,0,558748565248.4,1981.66,4.8,277371187.0,66.25,12.0,12.0,0.0,1.0,In Force,FTA,Goods & Services,297,187,365,748,0,0,0,0,0,0
2025,30617,Frozen shrimps and prawns (Vannamei / Black Tiger Shrimp),IRN,Iran (Islamic Republic of),138098114.04666665,11806726.200000001,10093860.82,206721331.22,17340489.78,3.91,26,1.0,0.31711494665644224,0.3106961504192258,1.338186467981218,1.1714078715441691,0,354486747640.06,8827.97,3.3,39436661.0,66.25,12.0,12.0,0.0,0.0,None,None,None,43,70,58,158,0,0,0,0,0,0
2025,30617,Frozen shrimps and prawns (Vannamei / Black Tiger Shrimp),ISR,Israel,109758189.04666667,11775244.336666666,11619525.01,53322563.63,5369266.33,1.01,26,1.0,-0.45769395090225407,-0.4588794571663257,-0.4365857898170863,-0.5379099984398125,0,354486747640.06,8827.97,3.3,39436661.0,66.25,12.0,12.0,0.0,0.0,None,None,None,22,15,360,381,0,0,0,0,0,0
2025,30617,Frozen shrimps and prawns (Vannamei / Black Tiger Shrimp),ITA,Italy,105681621.14999999,10890513.413333332,7717046.18,55406944.41,7228321.41,1.05,26,1.0,-0.46676544262685415,-0.36142598784272306,-0.17025298342064943,-0.06333054883972933,0,1461972474319.65,19023.64,0.8,74798201.0,61.25,12.0,12.0,0.0,0.0,Under Negotiation,FTA,Goods & Services,327,61,5598,5803,0,0,0,0,0,0
2025,30617,Frozen shrimps and prawns (Vannamei / Black Tiger Shrimp),JPN,Japan,53912047.78,6591363.449999999,4510826.31,40581204.45,4510826.31,0.77,26,1.0,0.3363167406181178,0.35246497223680273,-0.5877143391473987,-0.6475146348967447,0,6533340281527.44,38134.14,0.9,166685623.0,33.25,0.0,12.0,12.0,1.0,In Force,FTA & EIA,Goods & Services,1562,102,621,2170,0,0,0,0,0,0
2025,30617,Frozen shrimps and prawns (Vannamei / Black Tiger Shrimp),KAZ,Kazakhstan,80227611.89999999,7885321.786666666,8807939.55,68055716.9,8807939.55,1.29,26,1.0,-0.2774506723525525,-0.10595319926814939,0.6099652697138374,1.3004855899243881,0,354486747640.06,8827.97,3.3,39436661.0,66.25,12.0,12.0,0.0,0.0,None,None,None,3,27,67,85,0,0,0,0,0,0
2025,30617,Frozen shrimps and prawns (Vannamei / Black Tiger Shrimp),KEN,Kenya,103600962.98666668,10294653.253333332,10224630.78,47676850.34,5050592.39,0.9,26,1.0,-0.4809035575570475,-0.43116372446770457,-0.44685279180574,-0.5060366971999838,0,354486747640.06,8827.97,3.3,39436661.0,66.25,12.0,12.0,0.0,0.0,None,None,None,7,38,27,72,0,0,0,0,0,0
2025,30617,Frozen shrimps and prawns (Vannamei / Black Tiger Shrimp),KOR,Republic of Korea,117833030.96333332,11782830.176666668,8080479.19,232707858.1,23429731.21,4.4,26,1.0,0.6303183476350209,0.7028056992796321,5.0,5.0,0,1859749923928.23,29536.14,4.6,61784103.0,81.25,12.0,12.0,0.0,1.0,In Force,FTA & EIA,Goods & Services,76,29,232,279,0,0,0,0,0,0
2025,30617,Frozen shrimps and prawns (Vannamei / Black Tiger Shrimp),KWT,Kuwait,90811473.96,9709711.540000001,9855431.29,81872066.56,9855431.29,1.55,26,1.0,0.11694331285812631,0.15770299976559787,-0.34469175027429544,-0.17323118398830506,0,354486747640.06,8827.97,3.3,39436661.0,66.25,12.0,12.0,0.0,0.0,None,None,None,13,2,19,31,0,0,0,0,0,0
2025,30617,Frozen shrimps and prawns (Vannamei / Black Tiger Shrimp),LKA,Sri Lanka,73438925.09666668,7411017.663333334,8069866.78,68731257.67,8069866.78,1.3,26,1.0,-0.17915023859980928,-0.07820377311054072,0.38629132334013216,0.729516882515888,0,354486747640.06,8827.97,3.3,39436661.0,66.25,12.0,12.0,0.0,1.0,In Force,FTA,Goods,21,19,118,151,0,0,0,0,0,0
2025,30617,Frozen shrimps and prawns (Vannamei / Black Tiger Shrimp),MEX,Mexico,97004341.78333335,9996179.896666666,11746618.4,137090185.58,11746618.4,2.59,26,1.0,0.0254587336219112,-0.13730669728813638,4.819967932618452,3.777880908478804,0,1188674554333.95,8882.55,1.9,130009527.0,71.25,12.0,12.0,0.0,0.0,None,None,None,110,95,869,969,0,0,0,0,0,0
2025,30617,Frozen shrimps and prawns (Vannamei / Black Tiger Shrimp),MYS,Malaysia,133510363.64999999,12790961.450000001,17494040.79,201709007.73,17494040.79,3.81,26,1.0,1.856670880302556,1.8665394304547975,0.1585509471277251,-0.06697703995428783,0,303500855641.07,9683.98,4.6,30760596.0,191.25,12.0,12.0,0.0,1.0,In Force,FTA,Goods & Services,177,54,172,349,0,0,0,0,0,0
2025,30617,Frozen shrimps and prawns (Vannamei / Black Tiger Shrimp),NGA,Nigeria,56845414.52,5749396.456666667,5892817.47,53235002.3,5892817.47,1.01,26,1.0,-0.26809792777528796,-0.2140161491199789,1.9702066553480435,2.2440004047924216,0,204369543044.52,1260.94,4.3,160375757.0,56.25,12.0,12.0,0.0,0.0,None,None,None,41,23,101,163,0,0,1,1,0,0
2025,30617,Frozen shrimps and prawns (Vannamei / Black Tiger Shrimp),NLD,Netherlands,96248641.04,9328866.15,8148317.65,67034362.03,8148317.65,1.27,26,1.0,0.4934227274125089,0.7219773673228285,-0.6502351370736813,-0.5232198512458213,0,684132699691.79,31975.3,1.8,20901430.0,136.25,12.0,12.0,0.0,0.0,Under Negotiation,FTA,Goods & Services,531,23,1818,1876,0,0,0,0,0,0
2025,30617,Frozen shrimps and prawns (Vannamei / Black Tiger Shrimp),NPL,Nepal,174819447.37333333,16479867.97,15887900.06,256977424.72,24650726.67,4.86,26,1.0,0.5901478923247063,0.6641636029979789,0.5494439681512837,0.5515408944483535,0,354486747640.06,8827.97,3.3,39436661.0,66.25,12.0,12.0,0.0,1.0,In Force,PTA,Goods,1,44,20,63,0,0,0,0,0,0
2025,30617,Frozen shrimps and prawns (Vannamei / Black Tiger Shrimp),NZL,New Zealand,134902305.76000002,15137960.103333334,12399008.46,103402261.61,12180448.49,1.96,26,1.0,-0.014504841401404733,-0.008852792747429339,-0.4692861300946055,-0.4153690611190778,0,354486747640.06,8827.97,3.3,39436661.0,66.25,12.0,12.0,0.0,0.0,None,None,None,48,60,290,341,0,0,0,0,0,0
2025,30617,Frozen shrimps and prawns (Vannamei / Black Tiger Shrimp),OMN,Oman,97656169.85666667,9199333.91,1476470.54,270549972.06,25299215.0,5.12,26,1.0,4.4682373193261755,4.546692660224732,5.0,5.0,0,354486747640.06,8827.97,3.3,39436661.0,66.25,12.0,12.0,0.0,0.0,None,None,None,17,10,19,39,0,0,0,0,0,0
2025,30617,Frozen shrimps and prawns (Vannamei / Black Tiger Shrimp),PHL,Philippines,110647407.37666667,12035179.67,7223575.52,85093104.45,7223575.52,1.61,26,1.0,0.7579941535315002,0.5101311647242055,-0.612006393046709,-0.7190846180648707,0,354486747640.06,8827.97,3.3,39436661.0,66.25,12.0,12.0,0.0,0.0,None,None,None,377,75,252,598,0,0,0,0,0,0
2025,30617,Frozen shrimps and prawns (Vannamei / Black Tiger Shrimp),POL,Poland,109172885.09000002,11892247.03,7232542.01,78580870.48,7232542.01,1.49,26,1.0,0.09472744950909706,0.017431501020742424,-0.5714577289484319,-0.6629342437654812,0,354486747640.06,8827.97,3.3,39436661.0,66.25,12.0,12.0,0.0,0.0,None,None,None,79,24,1907,1952,0,0,0,0,0,0
2025,30617,Frozen shrimps and prawns (Vannamei / Black Tiger Shrimp),QAT,Qatar,126429867.11333334,13920050.826666666,12582598.35,124329043.29,12582598.35,2.35,26,1.0,-0.11606711843138107,-0.13875355438767034,0.297294578894294,0.03017373501683851,0,354486747640.06,8827.97,3.3,39436661.0,66.25,12.0,12.0,0.0,0.0,None,None,None,11,2,19,29,0,0,0,0,0,0
2025,30617,Frozen shrimps and prawns (Vannamei / Black Tiger Shrimp),RUS,Russian Federation,90759741.52333336,10955832.723333335,9628000.99,72861527.41,7909196.65,1.38,26,1.0,-0.03045022495117633,-0.0936454407273769,-0.40232189887020886,-0.4840807827268677,0,660552264556.61,3362.46,3.6,191925086.0,59.25,12.0,12.0,0.0,0.0,None,None,None,259,147,598,858,0,0,1,1,1,0
2025,30617,Frozen shrimps and prawns (Vannamei / Black Tiger Shrimp),SAU,Saudi Arabia,64022535.49333334,7911855.573333333,8223789.96,55922303.43,6349441.51,1.06,26,1.0,-0.07824734826707724,-0.1213179418546716,-0.2048081409183331,-0.3070062012848409,0,415388277619.73,14929.51,3.0,27342752.0,73.25,12.0,12.0,0.0,0.0,Under Negotiation,FTA,Goods,38,35,43,95,0,0,0,0,0,0
2025,30617,Frozen shrimps and prawns (Vannamei / Black Tiger Shrimp),SGP,Singapore,131874838.99666667,12911070.566666668,12862602.91,151888145.79,12862602.91,2.87,26,1.0,1.1393258505995334,0.9239866011875322,-0.27860978371035516,-0.42567022762522877,0,340929615341.57,63446.9,5.0,5258221.0,321.25,12.0,12.0,0.0,1.0,In Force,FTA & EIA,Goods & Services,15,5,22,27,1,1,0,0,0,0
2025,30617,Frozen shrimps and prawns (Vannamei / Black Tiger Shrimp),SWE,Sweden,38830100.75666667,4050890.1766666663,1556944.69,12494652.69,1518088.69,0.24,26,1.0,-0.6211033684490201,-0.5910575799301949,-0.2634129735324643,-0.024956570551632806,0,354486747640.06,8827.97,3.3,39436661.0,66.25,12.0,12.0,0.0,0.0,None,None,None,317,47,1005,1198,0,0,0,0,0,0
2025,30617,Frozen shrimps and prawns (Vannamei / Black Tiger Shrimp),THA,Thailand,152278445.4466667,14958677.550000003,16518480.59,191584345.83,16518480.59,3.62,26,1.0,-0.03331307306406606,-0.1028052185452526,2.18062982306537,1.1078519171883365,0,335895377767.42,3988.94,3.8,82685533.0,126.25,12.0,12.0,0.0,1.0,In Force,FTA,Goods & Services,67,41,127,204,0,0,0,0,0,0
2025,30617,Frozen shrimps and prawns (Vannamei / Black Tiger Shrimp),TUR,Türkiye,90578527.90666668,9128899.84,4207938.25,46279868.17,4207938.25,0.88,26,1.0,0.07978569753510323,0.0758905531228351,-0.7508653045394762,-0.784688831747495,0,647529125689.17,7592.05,3.3,84263000.0,61.25,12.0,12.0,0.0,0.0,None,None,None,142,51,306,656,0,0,0,0,0,0
2025,30617,Frozen shrimps and prawns (Vannamei / Black Tiger Shrimp),TWN,Taiwan,84204509.97333334,8561909.426666668,7614199.16,123912745.54,11580384.2,2.34,26,1.0,0.30738536340221145,0.23324501307185463,1.2046307197912967,0.7840279862367046,0,354486747640.06,8827.97,3.3,39436661.0,66.25,12.0,12.0,0.0,0.0,None,None,None,23,21,35,68,0,0,0,0,0,0
2025,30617,Frozen shrimps and prawns (Vannamei / Black Tiger Shrimp),TZA,United Republic of Tanzania,168302505.47333333,17049229.813333333,18340217.9,203738941.29,19071356.68,3.85,26,1.0,0.3872883926039894,0.178308030251912,0.04317560420414002,0.03986532679085353,0,354486747640.06,8827.97,3.3,39436661.0,66.25,12.0,12.0,0.0,0.0,None,None,None,20,30,33,71,0,0,0,0,0,0
2025,30617,Frozen shrimps and prawns (Vannamei / Black Tiger Shrimp),USA,United States of America,134018228.88333333,14387051.616666667,13831985.45,121401646.85,13831985.45,2.3,26,1.0,0.5246065986508766,0.4559086706435409,-0.468525848132783,-0.3934306067748893,0,18097338437760.06,47718.36,2.1,370704619.0,36.25,0.0,12.0,12.0,0.0,None,None,None,1765,2105,19117,20895,0,0,0,0,0,0
2025,30617,Frozen shrimps and prawns (Vannamei / Black Tiger Shrimp),VNM,Viet Nam,96748360.70666666,8660402.633333333,12184489.31,130418675.69,12184489.31,2.47,26,1.0,1.9458919427603099,1.7594301773037389,-0.0993075549540795,-0.000988024489607997,0,160562089452.67,1522.87,6.6,105032975.0,121.25,0.0,12.0,12.0,1.0,In Force,FTA,Goods & Services,132,31,175,241,0,0,0,0,0,0
2025,30617,Frozen shrimps and prawns (Vannamei / Black Tiger Shrimp),ZAF,South Africa,67262408.67333333,7638335.909999999,7360561.65,83343363.57,9673795.78,1.58,26,1.0,0.08184987939878297,0.14641795732244556,0.7644590639345532,0.6450214324083094,0,261888231492.08,4360.27,2.0,59023536.0,63.25,12.0,12.0,0.0,1.0,Under Negotiation,PTA,Goods,60,85,696,793,0,0,0,0,0,0
2025,90121,"Coffee, roasted, not decaffeinated",AGO,Angola,22322113.736666664,3773241.84,4522162.96,12216032.22,2047968.25,1.1,26,1.0,-0.2748285984257971,-0.3433509022196213,-0.612439573513375,-0.5471263932515278,0,354486747640.06,8827.97,3.3,39436661.0,66.25,12.5,12.5,0.0,0.0,None,None,None,35,40,13,81,0,0,0,0,0,0
2025,90121,"Coffee, roasted, not decaffeinated",ARE,United Arab Emirates,27072774.046666667,4106914.956666667,3528240.14,22445162.03,3528240.14,2.02,26,1.0,0.04699752019565806,0.02410287583204518,-0.4139308525774005,-0.3500391500152261,0,290888340065.6,69094.67,4.0,4206577.0,151.25,0.0,12.5,12.5,1.0,In Force,FTA & EIA,Goods & Services,44,10,35,75,0,0,1,1,1,0
2025,90121,"Coffee, roasted, not decaffeinated",ARG,Argentina,15795933.656666666,2524456.38,1732174.9,1093017.44,208742.88,0.1,26,1.0,-0.6670208358415648,-0.6528557589308126,-0.9700022843184187,-0.9629392485335261,0,354486747640.06,8827.97,3.3,39436661.0,66.25,12.5,12.5,0.0,1.0,In Force,PTA,Goods,104,113,458,602,0,0,0,0,0,0
2025,90121,"Coffee, roasted, not decaffeinated",AUS,Australia,14568592.003333336,2237644.453333333,2794073.92,5417259.14,924124.19,0.49,26,1.0,-0.46244264453524186,-0.4444975841631351,-0.7227831490569092,-0.6692556401658589,0,827705732805.53,32270.26,2.6,25108007.0,51.25,12.5,12.5,0.0,1.0,In Force,FTA,Goods & Services,378,622,1830,2593,0,0,0,0,0,0
2025,90121,"Coffee, roasted, not decaffeinated",AUT,Austria,14678620.61,2538656.1866666665,1978844.55,12367798.29,1978844.55,1.11,26,1.0,0.6439436615161889,0.61873954595109,-0.5434842129205774,-0.5946594935876834,0,354486747640.06,8827.97,3.3,39436661.0,66.25,12.5,12.5,0.0,0.0,None,None,None,111,11,1349,1394,0,0,0,0,0,0
2025,90121,"Coffee, roasted, not decaffeinated",BEL,Belgium,34348744.629999995,5379239.333333333,5949575.86,38239871.55,5949575.86,3.44,26,1.0,0.31577605787704033,0.21433452415416054,-0.1048417911965267,-0.03313325814673962,0,354486747640.06,8827.97,3.3,39436661.0,66.25,12.5,12.5,0.0,0.0,None,None,None,484,11,1834,1842,0,0,0,0,0,0
2025,90121,"Coffee, roasted, not decaffeinated",BGD,Bangladesh,21161554.94,3519190.99,3783962.72,21104510.43,3783962.72,1.9,26,1.0,-0.2258012390679286,-0.17115534564579205,1.9435265412455451,1.9900313789635184,0,354486747640.06,8827.97,3.3,39436661.0,66.25,12.5,12.5,0.0,1.0,In Force,FTA,Goods,12,15,18,45,0,0,0,0,0,0
2025,90121,"Coffee, roasted, not decaffeinated",BRA,Brazil,22780967.11,3527560.8633333337,3523643.54,15327490.11,2165515.15,1.38,26,1.0,-0.3161541265336829,-0.3347731708959607,-0.24269477101288128,-0.38543296862559895,0,1214333384401.01,5179.26,2.3,230047193.0,35.25,12.5,12.5,0.0,1.0,In Force,PTA,Goods,206,430,5576,5635,0,0,0,0,0,0
2025,90121,"Coffee, roasted, not decaffeinated",CAN,Canada,18681171.80666667,3174319.1133333333,3010887.55,18650808.41,3010887.55,1.68,26,1.0,-0.14724767062905642,-0.1654297395873272,0.5880048347941489,0.3753154687716198,0,1278428077415.3,30906.61,2.0,40356850.0,86.25,12.5,12.5,0.0,0.0,None,None,None,580,499,2609,3225,0,0,0,0,0,0
2025,90121,"Coffee, roasted, not decaffeinated",CHE,Switzerland,30386247.39,4547632.856666666,4946653.15,46512307.33,6493128.8,4.18,26,1.0,0.930244134103539,0.7167547809118462,0.44615533476152924,0.3126307026395587,0,354486747640.06,8827.97,3.3,39436661.0,66.25,12.5,12.5,0.0,0.0,None,None,None,68,13,1548,1560,0,0,0,0,0,0
2025,90121,"Coffee, roasted, not decaffeinated",CHL,Chile,17648152.94,2539397.9066666667,1709293.17,39858186.65,5567008.61,3.58,26,1.0,0.8901523134923972,0.8046902326828411,5.0,5.0,0,354486747640.06,8827.97,3.3,39436661.0,66.25,12.5,12.5,0.0,1.0,In Force,PTA,Goods,105,43,445,489,0,0,0,0,0,0
2025,90121,"Coffee, roasted, not decaffeinated",CHN,China,20474536.893333334,3323915.676666667,3846719.75,31952910.53,5425698.94,2.87,26,1.0,1.739774212946517,1.7853981443300548,0.26727245293940194,0.4104741942790582,0,9300982450507.4,5588.1,8.3,1656339789.0,46.25,12.5,12.5,0.0,0.0,In Force,PTA,Goods,765,191,996,1676,0,0,0,0,0,0
2025,90121,"Coffee, roasted, not decaffeinated",COL,Colombia,20318011.866666667,3516888.56,4346630.6,21996067.89,4346630.6,1.98,26,1.0,0.7872486133791807,0.7904110503229127,-0.31416256953783617,-0.103431460226028,0,354486747640.06,8827.97,3.3,39436661.0,66.25,12.5,12.5,0.0,0.0,None,None,None,33,165,246,394,0,0,0,0,0,0
2025,90121,"Coffee, roasted, not decaffeinated",DEU,Germany,19402636.923333332,3206701.153333334,2815583.14,13024090.73,2628540.9,1.17,26,1.0,-0.32616789763427945,-0.20662557850286467,-0.21063895908634944,-0.06643108397109299,0,2760472889424.06,24913.88,1.2,108056452.0,76.25,0.0,12.5,12.5,0.0,Under Negotiation,FTA,Goods & Services,879,112,9939,10026,0,0,0,0,0,0
2025,90121,"Coffee, roasted, not decaffeinated",EGY,Egypt,16832683.05666667,2954375.7733333334,2790807.64,18762846.77,3802286.16,1.69,26,1.0,0.04655700564259768,0.16723270527684808,0.28472281974652525,0.6749911957239845,0,290888340065.6,3140.67,4.0,92544699.0,49.25,12.5,12.5,0.0,0.0,None,None,None,41,24,74,127,0,0,0,0,0,0
2025,90121,"Coffee, roasted, not decaffeinated",ESP,Spain,17960947.343333334,2977722.1266666665,3146921.85,22480418.2,3146921.85,2.02,26,1.0,0.008095889283296964,-0.10500432963497563,1.422033308072101,0.6940905483459965,0,354486747640.06,8827.97,3.3,39436661.0,66.25,12.5,12.5,0.0,0.0,None,None,None,432,50,4433,4769,0,0,0,0,0,0
2025,90121,"Coffee, roasted, not decaffeinated",FRA,France,27087890.13,4082138.8166666664,4909810.32,39084299.04,5811726.69,3.51,26,1.0,1.1326989834622552,0.9522473265555256,0.16369409496369225,0.18369678484826202,0,1973285681586.82,24141.89,1.3,80056423.0,65.25,12.5,12.5,0.0,0.0,Under Negotiation,FTA,Goods & Services,808,142,14175,14370,0,0,0,0,0,0
2025,90121,"Coffee, roasted, not decaffeinated",GBR,United Kingdom of Great Britain and Northern Ireland,32185817.900000002,5195006.856666666,5192737.16,47165481.27,6907884.64,4.24,26,1.0,0.22073225523092965,0.15338518292766135,1.6585185989527385,0.9825183901089534,0,2593000127109.38,32632.91,1.6,77427312.0,66.25,12.5,12.5,0.0,0.0,Under Negotiation,FTA,Goods & Services,1350,144,4976,5878,0,0,0,0,0,0
2025,90121,"Coffee, roasted, not decaffeinated",GHA,Ghana,21772744.96333333,3502416.36,4312618.64,2413421.98,385544.76,0.22,26,1.0,-0.732222375177914,-0.7423776654587881,-0.9174816454441431,-0.9106007759591953,0,354486747640.06,8827.97,3.3,39436661.0,66.25,12.5,12.5,0.0,0.0,None,None,None,11,5,45,62,0,0,0,0,0,0
2025,90121,"Coffee, roasted, not decaffeinated",HKG,"China, Hong Kong Special Administrative Region",23229229.926666666,3914977.6033333335,3642209.09,13557575.77,2138043.58,1.22,26,1.0,-0.19946298682903085,-0.2338287706753287,-0.6123617377135893,-0.6415493320988639,0,354486747640.06,8827.97,3.3,39436661.0,66.25,12.5,12.5,0.0,0.0,None,None,None,13,3,63,70,0,0,0,0,0,0
2025,90121,"Coffee, roasted, not decaffeinated",IDN,Indonesia,25613263.586666662,4819724.713333334,5198779.2,24043585.43,3697698.47,2.16,26,1.0,-0.06944293223641895,-0.18468944412865895,-0.039417447199331046,-0.28873715775440345,0,558748565248.4,1981.66,4.8,277371187.0,66.25,12.5,12.5,0.0,1.0,In Force,FTA,Goods & Services,297,187,365,748,0,0,0,0,0,0
2025,90121,"Coffee, roasted, not decaffeinated",IRN,Iran (Islamic Republic of),25287092.626666665,4148055.5833333335,5262952.73,44527621.64,6769496.48,4.0,26,1.0,0.24546774818536243,0.1341315933662255,5.0,5.0,0,354486747640.06,8827.97,3.3,39436661.0,66.25,12.5,12.5,0.0,0.0,None,None,None,43,70,58,158,0,0,0,0,0,0
2025,90121,"Coffee, roasted, not decaffeinated",ISR,Israel,15293618.040000001,2781850.78,2615078.04,16348566.71,2615078.04,1.47,26,1.0,1.287767572259706,1.3543483314600797,-0.38093974347879,-0.5027130529112216,0,354486747640.06,8827.97,3.3,39436661.0,66.25,12.5,12.5,0.0,0.0,None,None,None,22,15,360,381,0,0,0,0,0,0
2025,90121,"Coffee, roasted, not decaffeinated",ITA,Italy,28436190.73666667,5431374.076666667,5250078.15,40149787.24,7269008.35,3.61,26,1.0,0.4446650589970975,0.387640767892641,0.5489126531575246,0.38455240899578125,0,1461972474319.65,19023.64,0.8,74798201.0,61.25,0.0,12.5,12.5,0.0,Under Negotiation,FTA,Goods & Services,327,61,5598,5803,0,0,0,0,0,0
2025,90121,"Coffee, roasted, not decaffeinated",JPN,Japan,15781140.549999999,3131097.966666667,2529632.8,28052507.93,5612525.62,2.52,26,1.0,0.5117989638954903,0.48953401882600045,2.997800920104328,3.4859455348476844,0,6533340281527.44,38134.14,0.9,166685623.0,33.25,12.5,12.5,0.0,1.0,In Force,FTA & EIA,Goods & Services,1562,102,621,2170,0,0,0,0,0,0
2025,90121,"Coffee, roasted, not decaffeinated",KAZ,Kazakhstan,22480810.876666665,4378846.12,4785186.79,32328369.37,6691894.09,2.9,26,1.0,0.17390534982186945,0.1825651653239706,1.7738664648224143,3.03257942469003,0,354486747640.06,8827.97,3.3,39436661.0,66.25,12.5,12.5,0.0,0.0,None,None,None,3,27,67,85,0,0,0,0,0,0
2025,90121,"Coffee, roasted, not decaffeinated",KEN,Kenya,13009711.436666667,2289958.6366666667,2263935.3,12119612.77,2263935.3,1.09,26,1.0,0.5329904593300663,0.621322360818428,-0.4428371520442669,-0.39542921490453475,0,354486747640.06,8827.97,3.3,39436661.0,66.25,12.5,12.5,0.0,0.0,None,None,None,7,38,27,72,0,0,0,0,0,0
2025,90121,"Coffee, roasted, not decaffeinated",KOR,Republic of Korea,34057454.11333334,5128938.673333334,5152613.75,31081669.1,4558129.58,2.79,26,1.0,-0.08320093810380391,-0.05945508542695965,-0.08882462132172264,-0.19695715172400363,0,1859749923928.23,29536.14,4.6,61784103.0,81.25,12.5,12.5,0.0,1.0,In Force,FTA & EIA,Goods & Services,76,29,232,279,0,0,0,0,0,0
2025,90121,"Coffee, roasted, not decaffeinated",KWT,Kuwait,22723322.599999998,3961570.1633333336,3321624.0,23032591.5,3321624.0,2.07,26,1.0,0.17396196003341502,0.01325470540653173,-0.1897103280231367,-0.37654826201970326,0,354486747640.06,8827.97,3.3,39436661.0,66.25,12.5,12.5,0.0,0.0,None,None,None,13,2,19,31,0,0,0,0,0,0
2025,90121,"Coffee, roasted, not decaffeinated",LKA,Sri Lanka,9850072.656666666,1438793.1866666668,1704649.35,15934368.2,2294080.27,1.43,26,1.0,0.14989679296530367,0.1600768927884917,5.0,5.0,0,354486747640.06,8827.97,3.3,39436661.0,66.25,12.5,12.5,0.0,1.0,In Force,FTA,Goods,21,19,118,151,0,0,0,0,0,0
2025,90121,"Coffee, roasted, not decaffeinated",MEX,Mexico,14707559.409999998,2629320.57,2931130.86,23163277.83,3789829.46,2.08,26,1.0,0.28222970528172864,0.13708316525283215,2.371271498021466,2.2474935269757927,0,1188674554333.95,8882.55,1.9,130009527.0,71.25,12.5,12.5,0.0,0.0,None,None,None,110,95,869,969,0,0,0,0,0,0
2025,90121,"Coffee, roasted, not decaffeinated",MYS,Malaysia,12829664.800000003,2084017.4433333334,2593810.65,17310008.3,2593810.65,1.56,26,1.0,0.9868796291662405,0.9620502465244292,0.030717041188220495,-0.1308950163389656,0,303500855641.07,9683.98,4.6,30760596.0,191.25,12.5,12.5,0.0,1.0,In Force,FTA,Goods & Services,177,54,172,349,0,0,0,0,0,0
2025,90121,"Coffee, roasted, not decaffeinated",NGA,Nigeria,20895845.05333333,3379603.4299999997,4772579.72,27993871.56,4862618.75,2.52,26,1.0,1.8993026297977114,2.1073283891876713,-0.10743564854431742,0.01886590382590425,0,204369543044.52,1260.94,4.3,160375757.0,56.25,12.5,12.5,0.0,0.0,None,None,None,41,23,101,163,0,0,1,1,0,0
2025,90121,"Coffee, roasted, not decaffeinated",NLD,Netherlands,8202624.223333334,1479725.4133333333,1685665.55,11867883.91,2267293.02,1.07,26,1.0,1.0814063856729863,1.1594266490219955,0.18672157026842418,0.34504322046485125,0,684132699691.79,31975.3,1.8,20901430.0,136.25,12.5,12.5,0.0,0.0,Under Negotiation,FTA,Goods & Services,531,23,1818,1876,0,0,0,0,0,0
2025,90121,"Coffee, roasted, not decaffeinated",NPL,Nepal,25263348.30666667,4187311.8433333337,3695487.68,32039501.08,5940100.25,2.88,26,1.0,0.1400999370574607,0.26782995285637834,0.6773281848802324,1.0298683075100068,0,354486747640.06,8827.97,3.3,39436661.0,66.25,12.5,12.5,0.0,1.0,In Force,PTA,Goods,1,44,20,63,0,0,0,0,0,0
2025,90121,"Coffee, roasted, not decaffeinated",NZL,New Zealand,19930025.503333334,3654677.376666667,5134408.61,29379890.35,5134408.61,2.64,26,1.0,0.02544471931207193,-0.027299487378923515,5.0,5.0,0,354486747640.06,8827.97,3.3,39436661.0,66.25,12.5,12.5,0.0,0.0,None,None,None,48,60,290,341,0,0,0,0,0,0
2025,90121,"Coffee, roasted, not decaffeinated",OMN,Oman,8353459.403333333,1534137.6333333335,275708.51,1481625.44,255433.37,0.13,26,1.0,-0.030190300097916012,-0.03747120442891094,-0.9326639337046428,-0.9372595514410296,0,354486747640.06,8827.97,3.3,39436661.0,66.25,12.5,12.5,0.0,0.0,None,None,None,17,10,19,39,0,0,0,0,0,0
2025,90121,"Coffee, roasted, not decaffeinated",PHL,Philippines,12198943.103333334,2162517.936666667,1698595.18,9447072.07,1483541.73,0.85,26,1.0,0.06274736765549416,-0.06544483987357397,-0.49710325968613955,-0.5511786334729664,0,354486747640.06,8827.97,3.3,39436661.0,66.25,12.5,12.5,0.0,0.0,None,None,None,377,75,252,598,0,0,0,0,0,0
2025,90121,"Coffee, roasted, not decaffeinated",POL,Poland,24557235.48666667,4808927.77,4652240.54,25988344.46,4652240.54,2.34,26,1.0,0.1816808534165275,0.1127486340500492,-0.10606952479089715,-0.2268571826064001,0,354486747640.06,8827.97,3.3,39436661.0,66.25,12.5,12.5,0.0,0.0,None,None,None,79,24,1907,1952,0,0,0,0,0,0
2025,90121,"Coffee, roasted, not decaffeinated",QAT,Qatar,17974147.396666665,3144838.6366666667,3252645.7,12587315.42,2251532.39,1.13,26,1.0,-0.27753944966737654,-0.2431250020828929,-0.2689932585027175,-0.3077843092472974,0,354486747640.06,8827.97,3.3,39436661.0,66.25,12.5,12.5,0.0,0.0,None,None,None,11,2,19,29,0,0,0,0,0,0
2025,90121,"Coffee, roasted, not decaffeinated",RUS,Russian Federation,18444774.823333334,2833868.41,2962423.55,9927451.05,1707070.52,0.89,26,1.0,-0.3171095461484814,-0.24089446959460392,-0.5883942336142356,-0.5545352290877819,0,660552264556.61,3362.46,3.6,191925086.0,59.25,12.5,12.5,0.0,0.0,None,None,None,259,147,598,858,0,0,1,1,1,0
2025,90121,"Coffee, roasted, not decaffeinated",SAU,Saudi Arabia,23344101.01,3889405.4166666665,2952271.46,19712543.47,2952271.46,1.77,26,1.0,-0.2717760844786057,-0.30502345075045434,0.499277540341893,0.13396889851525762,0,415388277619.73,14929.51,3.0,27342752.0,73.25,12.5,12.5,0.0,0.0,Under Negotiation,FTA,Goods,38,35,43,95,0,0,0,0,0,0
2025,90121,"Coffee, roasted, not decaffeinated",SGP,Singapore,14553568.736666666,2509211.856666667,1154970.42,2658174.04,489098.57,0.24,26,1.0,-0.328919879561119,-0.3492521143548478,-0.9242686543093308,-0.9168703942838841,0,340929615341.57,63446.9,5.0,5258221.0,321.25,12.5,12.5,0.0,1.0,In Force,FTA & EIA,Goods & Services,15,5,22,27,1,1,0,0,0,0
2025,90121,"Coffee, roasted, not decaffeinated",SWE,Sweden,26555622.69333333,4330541.386666667,5444485.32,32108619.84,5883732.09,2.89,26,1.0,-0.05902154203458854,0.03955633443181439,1.842635596259318,2.5371577577140783,0,354486747640.06,8827.97,3.3,39436661.0,66.25,12.5,12.5,0.0,0.0,None,None,None,317,47,1005,1198,0,0,0,0,0,0
2025,90121,"Coffee, roasted, not decaffeinated",THA,Thailand,19011676.533333335,3064502.7133333334,2760601.04,10585316.74,1656318.3,0.95,26,1.0,-0.3896716681912904,-0.41113875596280025,-0.41299670953938983,-0.4000153314441264,0,335895377767.42,3988.94,3.8,82685533.0,126.25,12.5,12.5,0.0,1.0,In Force,FTA,Goods & Services,67,41,127,204,0,0,0,0,0,0
2025,90121,"Coffee, roasted, not decaffeinated",TUR,Türkiye,24299575.24,3538555.6,3635452.7,24066682.83,3635452.7,2.16,26,1.0,0.5838070857112572,0.6235316052579576,-0.386645126130313,-0.3509259674399178,0,647529125689.17,7592.05,3.3,84263000.0,61.25,12.5,12.5,0.0,0.0,None,None,None,142,51,306,656,0,0,0,0,0,0
2025,90121,"Coffee, roasted, not decaffeinated",TWN,Taiwan,11125690.290000001,1800189.623333333,677726.27,4180372.97,677726.27,0.38,26,1.0,-0.5925239122954967,-0.5941544030098063,0.04007386164455151,0.11432392007360814,0,354486747640.06,8827.97,3.3,39436661.0,66.25,12.5,12.5,0.0,0.0,None,None,None,23,21,35,68,0,0,0,0,0,0
2025,90121,"Coffee, roasted, not decaffeinated",TZA,United Republic of Tanzania,18583598.646666665,3541409.66,3948894.24,19043671.17,3948894.24,1.71,26,1.0,0.5489671138106547,0.6436471879161303,-0.3380706176324342,-0.2425832316104558,0,354486747640.06,8827.97,3.3,39436661.0,66.25,12.5,12.5,0.0,0.0,None,None,None,20,30,33,71,0,0,0,0,0,0
2025,90121,"Coffee, roasted, not decaffeinated",USA,United States of America,23960301.819999997,3616731.3333333335,4460422.74,38762494.9,6218905.67,3.48,26,1.0,4.636630366170003,5.0,0.21518714709330533,0.39424131579030663,0,18097338437760.06,47718.36,2.1,370704619.0,36.25,0.0,12.5,12.5,0.0,None,None,None,1765,2105,19117,20895,0,0,0,0,0,0
2025,90121,"Coffee, roasted, not decaffeinated",VNM,Viet Nam,18657602.993333336,3482867.6199999996,4472779.96,24416366.14,4472779.96,2.19,26,1.0,-0.021528576171586655,-0.04774250690544524,3.0332120017550297,3.2871290517561995,0,160562089452.67,1522.87,6.6,105032975.0,121.25,12.5,12.5,0.0,1.0,In Force,FTA,Goods & Services,132,31,175,241,0,0,0,0,0,0
2025,90121,"Coffee, roasted, not decaffeinated",ZAF,South Africa,12834121.643333333,1820151.43,1154667.91,7799118.47,1154667.91,0.7,26,1.0,0.03880235382574382,0.06185246617930473,-0.6677817312528671,-0.6481514477970377,0,261888231492.08,4360.27,2.0,59023536.0,63.25,12.5,12.5,0.0,1.0,Under Negotiation,PTA,Goods,60,85,696,793,0,0,0,0,0,0
2025,90240,Black tea (fermented) and partly fermented tea,AGO,Angola,13541385.019999998,3162057.766666667,1804233.96,8682487.78,1804233.96,1.16,26,1.0,0.3782973719757985,0.4635467486530569,-0.6827877414918746,-0.7362082345809117,0,354486747640.06,8827.97,3.3,39436661.0,66.25,15.0,15.0,0.0,0.0,None,None,None,35,40,13,81,0,0,0,0,0,0
2025,90240,Black tea (fermented) and partly fermented tea,ARE,United Arab Emirates,13605292.753333332,2996269.9766666666,3608913.96,6804466.33,1356402.18,0.91,26,1.0,-0.4453065790612538,-0.41937922399634875,-0.42802096193473493,-0.6241522532724432,0,290888340065.6,69094.67,4.0,4206577.0,151.25,0.0,15.0,15.0,1.0,In Force,FTA & EIA,Goods & Services,44,10,35,75,0,0,1,1,1,0
2025,90240,Black tea (fermented) and partly fermented tea,ARG,Argentina,11521540.56,2730723.19,2100425.67,6375870.63,1850270.88,0.85,26,1.0,-0.18665573814170922,-0.061435770749549534,-0.6562996670804637,-0.5637669103929456,0,354486747640.06,8827.97,3.3,39436661.0,66.25,15.0,15.0,0.0,1.0,In Force,PTA,Goods,104,113,458,602,0,0,0,0,0,0
2025,90240,Black tea (fermented) and partly fermented tea,AUS,Australia,14776494.286666667,3414888.0833333335,3238636.19,27977744.94,6597281.78,3.72,26,1.0,0.3833649410382236,0.4272545449294547,5.0,5.0,0,827705732805.53,32270.26,2.6,25108007.0,51.25,15.0,15.0,0.0,1.0,In Force,FTA,Goods & Services,378,622,1830,2593,0,0,0,0,0,0
2025,90240,Black tea (fermented) and partly fermented tea,AUT,Austria,9079214.796666667,1868407.4866666666,1663861.7,14363593.77,2719510.05,1.91,26,1.0,0.3244602179258207,0.2784587549409687,2.065272895066385,1.2257302203456377,0,354486747640.06,8827.97,3.3,39436661.0,66.25,15.0,15.0,0.0,0.0,None,None,None,111,11,1349,1394,0,0,0,0,0,0
2025,90240,Black tea (fermented) and partly fermented tea,BEL,Belgium,13362587.983333334,3543386.393333333,2514673.36,25460984.19,6715057.5,3.39,26,1.0,0.6728238273681684,0.6341204969134524,3.605675804601109,3.7950026460441793,0,354486747640.06,8827.97,3.3,39436661.0,66.25,15.0,15.0,0.0,0.0,None,None,None,484,11,1834,1842,0,0,0,0,0,0
2025,90240,Black tea (fermented) and partly fermented tea,BGD,Bangladesh,16042005.963333333,3850607.8433333333,4840227.01,19699931.44,4840227.01,2.62,26,1.0,-0.12045192552431572,-0.10319880143526028,5.0,5.0,0,354486747640.06,8827.97,3.3,39436661.0,66.25,15.0,15.0,0.0,1.0,In Force,FTA,Goods,12,15,18,45,0,0,0,0,0,0
2025,90240,Black tea (fermented) and partly fermented tea,BRA,Brazil,24970032.02333333,5253652.590000001,5158037.92,20822929.82,5158037.92,2.77,26,1.0,-0.045342891812880204,0.0559867089977546,-0.33343648099506984,-0.1370657864656618,0,1214333384401.01,5179.26,2.3,230047193.0,35.25,15.0,15.0,0.0,1.0,In Force,PTA,Goods,206,430,5576,5635,0,0,0,0,0,0
2025,90240,Black tea (fermented) and partly fermented tea,CAN,Canada,7976607.193333332,1949596.5833333333,1926538.66,2227602.67,417591.69,0.3,26,1.0,-0.5200766853323544,-0.5344277790252852,-0.8148403684215908,-0.8808467122368921,0,1278428077415.3,30906.61,2.0,40356850.0,86.25,15.0,15.0,0.0,0.0,None,None,None,580,499,2609,3225,0,0,0,0,0,0
2025,90240,Black tea (fermented) and partly fermented tea,CHE,Switzerland,19246125.366666663,4271012.803333334,5459724.61,25727746.45,5459724.61,3.42,26,1.0,-0.036724864743130525,-0.06870701407968971,5.0,4.159055378444627,0,354486747640.06,8827.97,3.3,39436661.0,66.25,15.0,15.0,0.0,0.0,None,None,None,68,13,1548,1560,0,0,0,0,0,0
2025,90240,Black tea (fermented) and partly fermented tea,CHL,Chile,17386315.32,3441015.2066666665,3908937.62,5611388.2,1070042.35,0.75,26,1.0,-0.5452691147653574,-0.552529312818287,-0.7109109076583119,-0.7262575016483055,0,354486747640.06,8827.97,3.3,39436661.0,66.25,15.0,15.0,0.0,1.0,In Force,PTA,Goods,105,43,445,489,0,0,0,0,0,0
2025,90240,Black tea (fermented) and partly fermented tea,CHN,China,15771816.769999998,3409606.046666667,2193710.81,35104932.37,6861598.42,4.67,26,1.0,1.8875089893056658,1.4180732509016103,3.3880417191680348,2.127850028690369,0,9300982450507.4,5588.1,8.3,1656339789.0,46.25,15.0,15.0,0.0,0.0,In Force,PTA,Goods,765,191,996,1676,0,0,0,0,0,0
2025,90240,Black tea (fermented) and partly fermented tea,COL,Colombia,17126494.856666666,4156961.6566666663,5291072.74,22652500.43,6742061.42,3.01,26,1.0,-0.07906521607636596,0.12881945617156165,5.0,5.0,0,354486747640.06,8827.97,3.3,39436661.0,66.25,15.0,15.0,0.0,0.0,None,None,None,33,165,246,394,0,0,0,0,0,0
2025,90240,Black tea (fermented) and partly fermented tea,DEU,Germany,15257140.826666668,3817913.9299999997,3183982.75,7856807.09,1955965.27,1.05,26,1.0,-0.24480992154100945,-0.2162181243774951,-0.674508484091656,-0.6902076087290874,0,2760472889424.06,24913.88,1.2,108056452.0,76.25,15.0,15.0,0.0,0.0,Under Negotiation,FTA,Goods & Services,879,112,9939,10026,0,0,0,0,0,0
2025,90240,Black tea (fermented) and partly fermented tea,EGY,Egypt,10872628.506666666,2669573.056666667,2277042.24,11985955.29,3578294.95,1.59,26,1.0,0.02924807931034623,0.2535813555065163,0.2863911706776341,0.6617093405779957,0,290888340065.6,3140.67,4.0,92544699.0,49.25,15.0,15.0,0.0,0.0,None,None,None,41,24,74,127,0,0,0,0,0,0
2025,90240,Black tea (fermented) and partly fermented tea,ESP,Spain,13605921.733333334,3285806.58,2478599.47,12585096.0,2478599.47,1.67,26,1.0,-0.21134138739970776,-0.3369768654418922,0.5733683657847024,0.4240652356452579,0,354486747640.06,8827.97,3.3,39436661.0,66.25,15.0,15.0,0.0,0.0,None,None,None,432,50,4433,4769,0,0,0,0,0,0
2025,90240,Black tea (fermented) and partly fermented tea,FRA,France,14790425.949999997,3280327.9166666665,2865250.49,7315110.69,1560751.88,0.97,26,1.0,-0.4366314859961524,-0.4631308491824001,-0.4777917556853539,-0.4552825711236663,0,1973285681586.82,24141.89,1.3,80056423.0,65.25,15.0,15.0,0.0,0.0,Under Negotiation,FTA,Goods & Services,808,142,14175,14370,0,0,0,0,0,0
2025,90240,Black tea (fermented) and partly fermented tea,GBR,United Kingdom of Great Britain and Northern Ireland,9970585.306666667,2242107.94,847710.48,4218918.86,847710.48,0.56,26,1.0,0.8312422353034266,0.6931625054473667,-0.8273394120133774,-0.8481598550704096,0,2593000127109.38,32632.91,1.6,77427312.0,66.25,0.0,15.0,15.0,0.0,Under Negotiation,FTA,Goods & Services,1350,144,4976,5878,0,0,0,0,0,0
2025,90240,Black tea (fermented) and partly fermented tea,GHA,Ghana,14886220.543333335,3832953.77,5039013.98,2378479.38,487331.5,0.32,26,1.0,-0.6204436585279136,-0.6890149866925537,-0.9077042333860141,-0.9184043184026323,0,354486747640.06,8827.97,3.3,39436661.0,66.25,15.0,15.0,0.0,0.0,None,None,None,11,5,45,62,0,0,0,0,0,0
2025,90240,Black tea (fermented) and partly fermented tea,HKG,"China, Hong Kong Special Administrative Region",12973274.276666665,3436212.186666667,3997242.1,19232049.36,5491203.23,2.56,26,1.0,1.4795871852751192,1.5874752125124183,0.16137155183764373,0.37374797238291535,0,354486747640.06,8827.97,3.3,39436661.0,66.25,15.0,15.0,0.0,0.0,None,None,None,13,3,63,70,0,0,0,0,0,0
2025,90240,Black tea (fermented) and partly fermented tea,IDN,Indonesia,14065620.333333334,3088377.0399999996,3474937.58,1554134.46,468434.08,0.21,26,1.0,-0.7358010403936318,-0.7033142950248138,-0.9154329328311518,-0.8651964044776121,0,558748565248.4,1981.66,4.8,277371187.0,66.25,15.0,15.0,0.0,1.0,In Force,FTA,Goods & Services,297,187,365,748,0,0,0,0,0,0
2025,90240,Black tea (fermented) and partly fermented tea,IRN,Iran (Islamic Republic of),11662154.366666665,2185592.403333333,290649.47,841588.41,239873.6,0.11,26,1.0,-0.19867262442128852,-0.09153864241512999,-0.9743685778875211,-0.9601952399571452,0,354486747640.06,8827.97,3.3,39436661.0,66.25,15.0,15.0,0.0,0.0,None,None,None,43,70,58,158,0,0,0,0,0,0
2025,90240,Black tea (fermented) and partly fermented tea,ISR,Israel,6641726.616666667,1597594.8399999999,774305.05,2524409.3,677305.02,0.34,26,1.0,-0.2260452031161606,-0.06473194384621472,-0.8085602128053482,-0.7972853467738575,0,354486747640.06,8827.97,3.3,39436661.0,66.25,15.0,15.0,0.0,0.0,None,None,None,22,15,360,381,0,0,0,0,0,0
2025,90240,Black tea (fermented) and partly fermented tea,ITA,Italy,5602597.77,1456616.826666667,473310.7,12853548.09,3521148.45,1.71,26,1.0,1.9431245993493893,2.0626689004936263,4.203146283239675,5.0,0,1461972474319.65,19023.64,0.8,74798201.0,61.25,15.0,15.0,0.0,0.0,Under Negotiation,FTA,Goods & Services,327,61,5598,5803,0,0,0,0,0,0
2025,90240,Black tea (fermented) and partly fermented tea,JPN,Japan,13831910.383333333,2662717.0733333337,2456172.56,13415771.16,2456172.56,1.78,26,1.0,3.4102113284973203,2.979164303373423,-0.5101981636218745,-0.5431954023452814,0,6533340281527.44,38134.14,0.9,166685623.0,33.25,15.0,15.0,0.0,1.0,In Force,FTA & EIA,Goods & Services,1562,102,621,2170,0,0,0,0,0,0
2025,90240,Black tea (fermented) and partly fermented tea,KAZ,Kazakhstan,14088149.723333335,2746374.856666667,1713267.36,7723387.36,1713267.36,1.03,26,1.0,-0.5165667516341249,-0.47450532196814255,4.170112198790939,4.327016947669877,0,354486747640.06,8827.97,3.3,39436661.0,66.25,15.0,15.0,0.0,0.0,None,None,None,3,27,67,85,0,0,0,0,0,0
2025,90240,Black tea (fermented) and partly fermented tea,KEN,Kenya,11862203.633333333,2680123.953333333,3341496.02,16573204.57,3341496.02,2.2,26,1.0,1.2080287850593954,1.1962913728996587,0.06142912202702777,-0.16590852741211848,0,354486747640.06,8827.97,3.3,39436661.0,66.25,15.0,15.0,0.0,0.0,None,None,None,7,38,27,72,0,0,0,0,0,0
2025,90240,Black tea (fermented) and partly fermented tea,KOR,Republic of Korea,19691432.97666667,4612487.276666666,4177493.91,22133342.41,5938336.05,2.94,26,1.0,0.13898503652369065,0.26318127517192624,0.1133639013805876,0.4215068119629115,0,1859749923928.23,29536.14,4.6,61784103.0,81.25,15.0,15.0,0.0,1.0,In Force,FTA & EIA,Goods & Services,76,29,232,279,0,0,0,0,0,0
2025,90240,Black tea (fermented) and partly fermented tea,KWT,Kuwait,12601827.456666669,2787960.523333333,3522969.38,18409347.02,3522969.38,2.45,26,1.0,1.5990432212659385,1.4061926463168422,0.10428339627856364,-0.16762483457778032,0,354486747640.06,8827.97,3.3,39436661.0,66.25,15.0,15.0,0.0,0.0,None,None,None,13,2,19,31,0,0,0,0,0,0
2025,90240,Black tea (fermented) and partly fermented tea,LKA,Sri Lanka,18296134.113333333,4107422.5766666667,4911304.9,9359163.22,2209239.1,1.25,26,1.0,-0.33830445247650787,-0.32930833034050067,-0.6125135964978743,-0.5752871135277353,0,354486747640.06,8827.97,3.3,39436661.0,66.25,15.0,15.0,0.0,1.0,In Force,FTA,Goods,21,19,118,151,0,0,0,0,0,0
2025,90240,Black tea (fermented) and partly fermented tea,MEX,Mexico,18399987.773333333,4407514.096666667,4905865.17,19201947.67,4905865.17,2.55,26,1.0,-0.18626859271168117,-0.11094157092899093,1.7435238644073796,1.3249891857296219,0,1188674554333.95,8882.55,1.9,130009527.0,71.25,15.0,15.0,0.0,0.0,None,None,None,110,95,869,969,0,0,0,0,0,0
2025,90240,Black tea (fermented) and partly fermented tea,MYS,Malaysia,19830895.62666667,4881988.7,5070294.65,22183123.1,5070294.65,2.95,26,1.0,0.10160683585522645,0.08385876078744148,0.1657015542858895,-0.035993826437520915,0,303500855641.07,9683.98,4.6,30760596.0,191.25,15.0,15.0,0.0,1.0,In Force,FTA,Goods & Services,177,54,172,349,0,0,0,0,0,0
2025,90240,Black tea (fermented) and partly fermented tea,NGA,Nigeria,21051869.386666667,4587892.236666667,5790748.95,30707925.38,6432252.59,4.09,26,1.0,1.0402488436227633,1.0432711525344605,0.22485763361720523,0.11078077214846083,0,204369543044.52,1260.94,4.3,160375757.0,56.25,15.0,15.0,0.0,0.0,None,None,None,41,23,101,163,0,0,1,1,0,0
2025,90240,Black tea (fermented) and partly fermented tea,NLD,Netherlands,22283340.28,5148047.666666667,6594172.83,31822706.67,6594172.83,4.23,26,1.0,0.7312754311524741,0.7468446883983499,0.303662090948563,-0.014174408613433553,0,684132699691.79,31975.3,1.8,20901430.0,136.25,15.0,15.0,0.0,0.0,Under Negotiation,FTA,Goods & Services,531,23,1818,1876,0,0,0,0,0,0
2025,90240,Black tea (fermented) and partly fermented tea,NPL,Nepal,20210629.686666667,3888874.143333333,4853271.22,31177174.16,6041353.45,4.15,26,1.0,0.11032124583694314,0.11570618701687807,5.0,5.0,0,354486747640.06,8827.97,3.3,39436661.0,66.25,15.0,15.0,0.0,1.0,In Force,PTA,Goods,1,44,20,63,0,0,0,0,0,0
2025,90240,Black tea (fermented) and partly fermented tea,NZL,New Zealand,23924447.30666667,4941443.946666666,4443322.12,23368129.34,4380306.25,3.11,26,1.0,0.03542832170888799,-0.007116397592138224,-0.12179134113622303,-0.2700345431334453,0,354486747640.06,8827.97,3.3,39436661.0,66.25,15.0,15.0,0.0,0.0,None,None,None,48,60,290,341,0,0,0,0,0,0
2025,90240,Black tea (fermented) and partly fermented tea,OMN,Oman,13120843.90333333,3021620.19,3777910.03,19130347.38,4026212.99,2.55,26,1.0,0.16414728099276754,0.032339553258689646,2.127746590275621,2.1935377747706544,0,354486747640.06,8827.97,3.3,39436661.0,66.25,15.0,15.0,0.0,0.0,None,None,None,17,10,19,39,0,0,0,0,0,0
2025,90240,Black tea (fermented) and partly fermented tea,PHL,Philippines,9677603.986666666,2754102.4133333336,2725096.89,3493436.93,974464.42,0.46,26,1.0,-0.4063556653785969,-0.4020126191964646,-0.7764412953747403,-0.7864302691954215,0,354486747640.06,8827.97,3.3,39436661.0,66.25,15.0,15.0,0.0,0.0,None,None,None,377,75,252,598,0,0,0,0,0,0
2025,90240,Black tea (fermented) and partly fermented tea,POL,Poland,14961950.586666666,3629540.0033333334,4448635.95,23419796.29,4952918.55,3.12,26,1.0,0.19354801469072647,0.055157182409682814,3.6597302543044314,2.3306660108045065,0,354486747640.06,8827.97,3.3,39436661.0,66.25,15.0,15.0,0.0,0.0,None,None,None,79,24,1907,1952,0,0,0,0,0,0
2025,90240,Black tea (fermented) and partly fermented tea,QAT,Qatar,6521865.2,1608125.17,1415990.86,8733486.5,2107829.94,1.16,26,1.0,0.21006428343771733,0.22007789696243285,0.7941879957788793,0.6207160865984478,0,354486747640.06,8827.97,3.3,39436661.0,66.25,15.0,15.0,0.0,0.0,None,None,None,11,2,19,29,0,0,0,0,0,0
2025,90240,Black tea (fermented) and partly fermented tea,RUS,Russian Federation,12738416.726666667,3189529.01,2775826.59,2598631.89,684728.06,0.35,26,1.0,-0.5139385210426586,-0.5033357540648117,-0.8944391641971284,-0.8878971136037285,0,660552264556.61,3362.46,3.6,191925086.0,59.25,0.0,15.0,15.0,0.0,None,None,None,259,147,598,858,0,0,1,1,1,0
2025,90240,Black tea (fermented) and partly fermented tea,SAU,Saudi Arabia,22773991.25,5382031.783333334,5463914.24,13739061.59,4174567.82,1.83,26,1.0,-0.3609830965496741,-0.1990693901368712,-0.3437901708653911,-0.23597486405657142,0,415388277619.73,14929.51,3.0,27342752.0,73.25,15.0,15.0,0.0,0.0,Under Negotiation,FTA,Goods,38,35,43,95,0,0,0,0,0,0
2025,90240,Black tea (fermented) and partly fermented tea,SGP,Singapore,12542636.056666667,2657647.7933333335,2596491.0,20008285.72,3792975.71,2.66,26,1.0,0.4585392330770055,0.20863904493830643,1.4357868109106118,1.395346759354279,0,340929615341.57,63446.9,5.0,5258221.0,321.25,0.0,15.0,15.0,1.0,In Force,FTA & EIA,Goods & Services,15,5,22,27,1,1,0,0,0,0
2025,90240,Black tea (fermented) and partly fermented tea,SWE,Sweden,14470664.416666666,3784360.0233333334,5136717.46,21480972.17,5291235.73,2.86,26,1.0,1.3744261230125856,1.3915414103485704,0.18542399236431328,0.03008113083933761,0,354486747640.06,8827.97,3.3,39436661.0,66.25,15.0,15.0,0.0,0.0,None,None,None,317,47,1005,1198,0,0,0,0,0,0
2025,90240,Black tea (fermented) and partly fermented tea,THA,Thailand,22495304.38,4914560.66,5062650.23,21452101.27,4111493.23,2.85,26,1.0,-0.003233061654925873,-0.09882148767704446,-0.12233787200425272,-0.26178924605062937,0,335895377767.42,3988.94,3.8,82685533.0,126.25,15.0,15.0,0.0,1.0,In Force,FTA,Goods & Services,67,41,127,204,0,0,0,0,0,0
2025,90240,Black tea (fermented) and partly fermented tea,TUR,Türkiye,11823039.910000002,2758975.126666667,1863608.94,25216792.36,5585878.48,3.35,26,1.0,0.9224558732207135,0.7312841344211714,5.0,5.0,0,647529125689.17,7592.05,3.3,84263000.0,61.25,15.0,15.0,0.0,0.0,None,None,None,142,51,306,656,0,0,0,0,0,0
2025,90240,Black tea (fermented) and partly fermented tea,TWN,Taiwan,10425165.450000001,2560519.14,2322581.52,14550744.04,3141128.05,1.94,26,1.0,0.3644407468525579,0.19008216282279133,0.6332801160802919,0.3524296232231485,0,354486747640.06,8827.97,3.3,39436661.0,66.25,15.0,15.0,0.0,0.0,None,None,None,23,21,35,68,0,0,0,0,0,0
2025,90240,Black tea (fermented) and partly fermented tea,TZA,United Republic of Tanzania,3311299.983333333,870138.3733333334,524793.37,2224157.36,524793.37,0.3,26,1.0,0.920603752439231,0.7690855549194904,-0.6870372820404509,-0.7263762764151502,0,354486747640.06,8827.97,3.3,39436661.0,66.25,15.0,15.0,0.0,0.0,None,None,None,20,30,33,71,0,0,0,0,0,0
2025,90240,Black tea (fermented) and partly fermented tea,USA,United States of America,11242418.623333335,3216677.453333333,3474703.98,1950707.84,547648.76,0.26,26,1.0,-0.6127905303352768,-0.6029984992620598,-0.8960501719036185,-0.9026865783095338,0,18097338437760.06,47718.36,2.1,370704619.0,36.25,0.0,15.0,15.0,0.0,None,None,None,1765,2105,19117,20895,0,0,0,0,0,0
2025,90240,Black tea (fermented) and partly fermented tea,VNM,Viet Nam,7048111.59,1846499.4666666668,1291355.99,15192222.15,4000230.33,2.02,26,1.0,0.8088693996896252,0.7600277224414169,5.0,5.0,0,160562089452.67,1522.87,6.6,105032975.0,121.25,15.0,15.0,0.0,1.0,In Force,FTA,Goods & Services,132,31,175,241,0,0,0,0,0,0
2025,90240,Black tea (fermented) and partly fermented tea,ZAF,South Africa,6269001.183333334,1738418.08,589089.66,823720.7,212717.17,0.11,26,1.0,-0.7690660653147775,-0.7804606898218707,-0.6754058237487294,-0.6389052729262997,0,261888231492.08,4360.27,2.0,59023536.0,63.25,15.0,15.0,0.0,1.0,Under Negotiation,PTA,Goods,60,85,696,793,0,0,0,0,0,0
2025,90411,Pepper of the genus Piper; neither crushed nor ground (Black Pepper),CHN,China,17564625.162857145,3432110.608571429,1803904.6,8741049.0,1803904.6,0.24,92,3.5385,1.587087166092119,1.681410723762518,-0.9444205648589793,-0.9522216454647523,0,9300982450507.4,5588.1,8.3,1656339789.0,46.25,15.0,15.0,0.0,0.0,In Force,PTA,Goods,765,191,996,1676,0,0,0,0,0,0
2025,90411,Pepper of the genus Piper; neither crushed nor ground (Black Pepper),DEU,Germany,19060141.07333333,3572496.4142857143,2459846.34,20507493.31,3722134.68,0.57,92,3.5385,0.14973889819375596,0.2169770126003434,-0.8980811615643097,-0.8879485305576226,0,2760472889424.06,24913.88,1.2,108056452.0,76.25,0.0,15.0,15.0,0.0,Under Negotiation,FTA,Goods & Services,879,112,9939,10026,0,0,0,0,0,0
2025,90411,Pepper of the genus Piper; neither crushed nor ground (Black Pepper),GBR,United Kingdom of Great Britain and Northern Ireland,18647087.814761907,3293890.029047619,2267361.78,5977992.3,1244482.08,0.16,92,3.5385,-0.33454291499141753,-0.35694096301370415,-0.9022882985272926,-0.8855223341008973,0,2593000127109.38,32632.91,1.6,77427312.0,66.25,0.0,15.0,15.0,0.0,Under Negotiation,FTA,Goods & Services,1350,144,4976,5878,0,0,0,0,0,0
2025,90411,Pepper of the genus Piper; neither crushed nor ground (Black Pepper),IND,India,10948515.66095238,1997287.6533333333,2108811.18,9768627.41,1645414.78,0.27,77,2.9615,0.25892525412469447,0.4059680926296676,0.7395907603799068,0.6705998204013737,0,2423969608511.26,1757.16,6.6,1380283158.0,38.25,5.0,7.5,2.5,0.0,None,None,None,282,135,964,1337,0,0,0,0,0,0
2025,90411,Pepper of the genus Piper; neither crushed nor ground (Black Pepper),SAU,Saudi Arabia,23977622.464166667,4327924.050416667,2376411.26,12428943.73,2612047.37,0.34,103,3.9615,-0.5635138292612243,-0.5924208126291433,-0.8814551364366181,-0.9028966030924215,0,415388277619.73,14929.51,3.0,27342752.0,73.25,15.0,15.0,0.0,0.0,Under Negotiation,FTA,Goods,38,35,43,95,0,0,0,0,0,0
2025,90411,Pepper of the genus Piper; neither crushed nor ground (Black Pepper),SGP,Singapore,22789912.372380953,4396701.280952381,2272948.69,15868545.49,2615628.62,0.44,92,3.5385,0.5253345484864913,0.6972977661534538,-0.6617618564795185,-0.6679547034534092,0,340929615341.57,63446.9,5.0,5258221.0,321.25,0.0,15.0,15.0,1.0,In Force,FTA & EIA,Goods & Services,15,5,22,27,1,1,0,0,0,0
2025,90411,Pepper of the genus Piper; neither crushed nor ground (Black Pepper),USA,United States of America,27926849.504285716,5115446.440000001,2666806.04,19390286.09,3193125.4,0.53,92,3.5385,-0.007527882992781287,-0.0012504545257884248,3.5486911713638474,3.5214889174272814,0,18097338437760.06,47718.36,2.1,370704619.0,36.25,0.0,15.0,15.0,0.0,None,None,None,1765,2105,19117,20895,0,0,0,0,0,0
2025,90411,Pepper of the genus Piper; neither crushed nor ground (Black Pepper),ARE,United Arab Emirates,22197450.721904762,4122755.3161904756,2048289.83,3647607.41,598812.35,0.1,92,3.5385,0.35516382586444784,0.5413110746280843,-0.8728373824435877,-0.8518216497868583,0,290888340065.6,69094.67,4.0,4206577.0,151.25,0.0,15.0,15.0,1.0,In Force,FTA & EIA,Goods & Services,44,10,35,75,0,0,1,1,1,0
2025,90411,Pepper of the genus Piper; neither crushed nor ground (Black Pepper),AGO,Angola,32765104.046666667,5010993.313333333,1703289.95,10599091.53,1703289.95,0.29,26,1.0,-0.6381930682406411,-0.6266564600445499,0.5753825968421744,0.5349278714352625,0,354486747640.06,8827.97,3.3,39436661.0,66.25,15.0,15.0,0.0,0.0,None,None,None,35,40,13,81,0,0,0,0,0,0
2025,90411,Pepper of the genus Piper; neither crushed nor ground (Black Pepper),ARG,Argentina,119623869.32666667,19455787.03,22073266.44,147602185.55,22073266.44,4.07,26,1.0,-0.008144899550837748,-0.0739962392939304,1.4104955547958058,1.0918235386102926,0,354486747640.06,8827.97,3.3,39436661.0,66.25,15.0,15.0,0.0,1.0,In Force,PTA,Goods,104,113,458,602,0,0,0,0,0,0
2025,90411,Pepper of the genus Piper; neither crushed nor ground (Black Pepper),AUS,Australia,72891401.53333335,11536153.946666667,10893105.64,13700981.88,2383784.75,0.38,26,1.0,-0.686653146295217,-0.6657109943094178,-0.7906088707791242,-0.7811657364960815,0,827705732805.53,32270.26,2.6,25108007.0,51.25,15.0,15.0,0.0,1.0,In Force,FTA,Goods & Services,378,622,1830,2593,0,0,0,0,0,0
2025,90411,Pepper of the genus Piper; neither crushed nor ground (Black Pepper),AUT,Austria,84459513.51333334,16032436.556666667,12856049.59,76760690.58,11789942.09,2.12,26,1.0,0.07827716104290805,-0.04236046636595281,-0.3059452908262915,-0.49725887069430763,0,354486747640.06,8827.97,3.3,39436661.0,66.25,15.0,15.0,0.0,0.0,None,None,None,111,11,1349,1394,0,0,0,0,0,0
2025,90411,Pepper of the genus Piper; neither crushed nor ground (Black Pepper),BEL,Belgium,42704125.13333333,7944812.53,2935313.93,18793475.49,2935313.93,0.52,26,1.0,-0.5752079845447138,-0.6179681499491854,2.6350552582980606,2.7291982603496177,0,354486747640.06,8827.97,3.3,39436661.0,66.25,15.0,15.0,0.0,0.0,None,None,None,484,11,1834,1842,0,0,0,0,0,0
2025,90411,Pepper of the genus Piper; neither crushed nor ground (Black Pepper),BGD,Bangladesh,46247728.06666666,8531604.056666667,7031721.11,28451366.76,5751748.49,0.78,26,1.0,-0.3256070197216294,-0.3299570817157246,-0.4039682975848774,-0.1820283540797053,0,354486747640.06,8827.97,3.3,39436661.0,66.25,15.0,15.0,0.0,1.0,In Force,FTA,Goods,12,15,18,45,0,0,0,0,0,0
2025,90411,Pepper of the genus Piper; neither crushed nor ground (Black Pepper),BRA,Brazil,75456595.36666667,13725589.656666666,14330247.15,138558535.37,24242617.45,3.82,26,1.0,2.264554971881729,2.0512461113834557,0.8521393562612074,0.6917096541491474,0,1214333384401.01,5179.26,2.3,230047193.0,35.25,15.0,15.0,0.0,1.0,In Force,PTA,Goods,206,430,5576,5635,0,0,0,0,0,0
2025,90411,Pepper of the genus Piper; neither crushed nor ground (Black Pepper),CAN,Canada,20536879.14333333,4123427.9433333334,1235490.29,50826874.8,10409946.39,1.4,26,1.0,2.3186943983240353,2.789666813972753,5.0,5.0,0,1278428077415.3,30906.61,2.0,40356850.0,86.25,15.0,15.0,0.0,0.0,None,None,None,580,499,2609,3225,0,0,0,0,0,0
2025,90411,Pepper of the genus Piper; neither crushed nor ground (Black Pepper),CHE,Switzerland,71692344.77333333,11674499.339999998,7019443.08,30108450.7,5323014.02,0.83,26,1.0,-0.5565832822671515,-0.5155518364029359,-0.05429886850277654,-0.2416757341952489,0,354486747640.06,8827.97,3.3,39436661.0,66.25,15.0,15.0,0.0,0.0,None,None,None,68,13,1548,1560,0,0,0,0,0,0
2025,90411,Pepper of the genus Piper; neither crushed nor ground (Black Pepper),CHL,Chile,55039957.77666666,8917277.653333334,6787299.99,12575003.87,2084174.01,0.35,26,1.0,-0.471979876791903,-0.44586132045281035,-0.8829597325675007,-0.8834377981637633,0,354486747640.06,8827.97,3.3,39436661.0,66.25,15.0,15.0,0.0,1.0,In Force,PTA,Goods,105,43,445,489,0,0,0,0,0,0
2025,90411,Pepper of the genus Piper; neither crushed nor ground (Black Pepper),COL,Colombia,88100370.63333333,14129363.133333335,13697806.34,113622979.74,18416813.44,3.13,26,1.0,0.2817589429125589,0.33890164112520993,0.3938327431303481,0.34450823605370506,0,354486747640.06,8827.97,3.3,39436661.0,66.25,15.0,15.0,0.0,0.0,None,None,None,33,165,246,394,0,0,0,0,0,0
2025,90411,Pepper of the genus Piper; neither crushed nor ground (Black Pepper),EGY,Egypt,56309687.56333333,10003078.26,9665175.43,104081940.37,17606858.73,2.87,26,1.0,1.840154384178497,1.5362240996656582,1.0037298267551393,0.8216802020321092,0,290888340065.6,3140.67,4.0,92544699.0,49.25,15.0,15.0,0.0,0.0,None,None,None,41,24,74,127,0,0,0,0,0,0
2025,90411,Pepper of the genus Piper; neither crushed nor ground (Black Pepper),ESP,Spain,50602654.77666666,8909878.33,7369124.32,46518957.39,7369124.32,1.28,26,1.0,1.2103439734686035,0.9395472453786127,-0.5142505973700384,-0.5765259905047249,0,354486747640.06,8827.97,3.3,39436661.0,66.25,15.0,15.0,0.0,0.0,None,None,None,432,50,4433,4769,0,0,0,0,0,0
2025,90411,Pepper of the genus Piper; neither crushed nor ground (Black Pepper),FRA,France,81875654.58,15222518.126666667,17672883.17,100492667.08,17672883.17,2.77,26,1.0,0.368272731336051,0.4525857519983767,0.09879450334446105,-0.09919177400124768,0,1973285681586.82,24141.89,1.3,80056423.0,65.25,15.0,15.0,0.0,0.0,Under Negotiation,FTA,Goods & Services,808,142,14175,14370,0,0,0,0,0,0
2025,90411,Pepper of the genus Piper; neither crushed nor ground (Black Pepper),GHA,Ghana,48995940.88333333,8246619.746666667,4021887.19,15262907.53,2731624.19,0.42,26,1.0,-0.19745533559034312,-0.17587036261237965,-0.8587129098272843,-0.848127912833559,0,354486747640.06,8827.97,3.3,39436661.0,66.25,15.0,15.0,0.0,0.0,None,None,None,11,5,45,62,0,0,0,0,0,0
2025,90411,Pepper of the genus Piper; neither crushed nor ground (Black Pepper),HKG,"China, Hong Kong Special Administrative Region",46129598.01333333,7482794.830000001,9367647.95,2945110.64,484763.89,0.08,26,1.0,-0.8133764078924184,-0.8038224635683224,-0.9421199396657817,-0.9482512694128361,0,354486747640.06,8827.97,3.3,39436661.0,66.25,15.0,15.0,0.0,0.0,None,None,None,13,3,63,70,0,0,0,0,0,0
2025,90411,Pepper of the genus Piper; neither crushed nor ground (Black Pepper),IDN,Indonesia,62795740.39666667,9801906.75,13070030.49,12369024.76,2192174.26,0.34,26,1.0,-0.6171949969941786,-0.5904572551783838,-0.8649829709275196,-0.845004994691748,0,558748565248.4,1981.66,4.8,277371187.0,66.25,15.0,15.0,0.0,1.0,In Force,FTA,Goods & Services,297,187,365,748,0,0,0,0,0,0
2025,90411,Pepper of the genus Piper; neither crushed nor ground (Black Pepper),IRN,Iran (Islamic Republic of),24285061.706666667,5122231.443333332,4767352.27,45865301.5,10133710.18,1.27,26,1.0,3.6513469745774847,3.6651207163400805,0.8442072519778283,1.1256474466481738,0,354486747640.06,8827.97,3.3,39436661.0,66.25,15.0,15.0,0.0,0.0,None,None,None,43,70,58,158,0,0,0,0,0,0
2025,90411,Pepper of the genus Piper; neither crushed nor ground (Black Pepper),ISR,Israel,103517704.64666666,18786783.39,17252807.43,74989905.33,14384322.44,2.07,26,1.0,-0.294434297165991,-0.23723249099401267,-0.1170128748143282,-0.16626192587143673,0,354486747640.06,8827.97,3.3,39436661.0,66.25,15.0,15.0,0.0,0.0,None,None,None,22,15,360,381,0,0,0,0,0,0
2025,90411,Pepper of the genus Piper; neither crushed nor ground (Black Pepper),ITA,Italy,73808363.58666666,13107616.183333332,9822191.36,51853465.36,9822191.36,1.43,26,1.0,-0.3818179706069652,-0.3489171894725597,0.530390638670059,0.5516573500028417,0,1461972474319.65,19023.64,0.8,74798201.0,61.25,15.0,15.0,0.0,0.0,Under Negotiation,FTA,Goods & Services,327,61,5598,5803,0,0,0,0,0,0
2025,90411,Pepper of the genus Piper; neither crushed nor ground (Black Pepper),JPN,Japan,74306376.64333333,12705876.883333333,10451368.76,53015022.41,10451368.76,1.46,26,1.0,-0.35980653614661073,-0.28436015725562713,0.30736285182379763,0.4397752946445992,0,6533340281527.44,38134.14,0.9,166685623.0,33.25,15.0,15.0,0.0,1.0,In Force,FTA & EIA,Goods & Services,1562,102,621,2170,0,0,0,0,0,0
2025,90411,Pepper of the genus Piper; neither crushed nor ground (Black Pepper),KAZ,Kazakhstan,30806098.686666667,6500188.920000001,7705730.33,15700345.39,3157497.72,0.43,26,1.0,-0.3308772691426566,-0.35987524940275295,-0.6230502427833007,-0.634436274179685,0,354486747640.06,8827.97,3.3,39436661.0,66.25,15.0,15.0,0.0,0.0,None,None,None,3,27,67,85,0,0,0,0,0,0
2025,90411,Pepper of the genus Piper; neither crushed nor ground (Black Pepper),KEN,Kenya,45439251.373333335,9672690.013333334,7190133.0,32633318.52,7190133.0,0.9,26,1.0,0.47942687376300697,0.5377346075217069,-0.6324023322580865,-0.6172862183314486,0,354486747640.06,8827.97,3.3,39436661.0,66.25,15.0,15.0,0.0,0.0,None,None,None,7,38,27,72,0,0,0,0,0,0
2025,90411,Pepper of the genus Piper; neither crushed nor ground (Black Pepper),KOR,Republic of Korea,61498971.20666667,12519437.753333332,17331782.92,16304486.71,2593966.82,0.45,26,1.0,-0.5661653306545604,-0.6164477985360739,-0.8001028070342096,-0.8503346809746536,0,1859749923928.23,29536.14,4.6,61784103.0,81.25,15.0,15.0,0.0,1.0,In Force,FTA & EIA,Goods & Services,76,29,232,279,0,0,0,0,0,0
2025,90411,Pepper of the genus Piper; neither crushed nor ground (Black Pepper),KWT,Kuwait,56222073.00999999,9666054.38,9593857.57,22600193.07,4092665.66,0.62,26,1.0,-0.5235745806835124,-0.4829979320652358,-0.5139476793182537,-0.5734077111174403,0,354486747640.06,8827.97,3.3,39436661.0,66.25,15.0,15.0,0.0,0.0,None,None,None,13,2,19,31,0,0,0,0,0,0
2025,90411,Pepper of the genus Piper; neither crushed nor ground (Black Pepper),LKA,Sri Lanka,40747860.9,7281250.456666666,9065310.44,51084575.41,9336715.81,1.41,26,1.0,0.7179533354843755,0.6470583275797159,-0.05135779690962006,0.02993889418297413,0,354486747640.06,8827.97,3.3,39436661.0,66.25,15.0,15.0,0.0,1.0,In Force,FTA,Goods,21,19,118,151,0,0,0,0,0,0
2025,90411,Pepper of the genus Piper; neither crushed nor ground (Black Pepper),MEX,Mexico,60934225.31999999,9946955.133333333,7014909.05,110220671.58,16210503.24,3.04,26,1.0,0.6305102881202225,0.5201527389362264,2.5414224310853473,1.4503995373338152,0,1188674554333.95,8882.55,1.9,130009527.0,71.25,15.0,15.0,0.0,0.0,None,None,None,110,95,869,969,0,0,0,0,0,0
2025,90411,Pepper of the genus Piper; neither crushed nor ground (Black Pepper),MYS,Malaysia,91296390.12666667,16910489.526666667,15803518.89,90235159.73,19952544.15,2.49,26,1.0,-0.016850967177561516,0.12362719101770625,-0.0007083054701479963,0.3323541787702844,0,303500855641.07,9683.98,4.6,30760596.0,191.25,15.0,15.0,0.0,1.0,In Force,FTA,Goods & Services,177,54,172,349,0,0,0,0,0,0
2025,90411,Pepper of the genus Piper; neither crushed nor ground (Black Pepper),NGA,Nigeria,32721503.73,6752110.796666667,7005449.87,35004591.28,7005449.87,0.97,26,1.0,0.35991527009909663,0.3546106732566148,-0.20861510198551536,-0.25735730243730703,0,204369543044.52,1260.94,4.3,160375757.0,56.25,15.0,15.0,0.0,0.0,None,None,None,41,23,101,163,0,0,1,1,0,0
2025,90411,Pepper of the genus Piper; neither crushed nor ground (Black Pepper),NLD,Netherlands,54525465.93666667,9693590.023333333,11539653.5,61364425.73,11539653.5,1.69,26,1.0,-0.08177210142248947,-0.0065717922623312885,1.0850013989329277,0.9731697083545934,0,684132699691.79,31975.3,1.8,20901430.0,136.25,15.0,15.0,0.0,0.0,Under Negotiation,FTA,Goods & Services,531,23,1818,1876,0,0,0,0,0,0
2025,90411,Pepper of the genus Piper; neither crushed nor ground (Black Pepper),NPL,Nepal,87020052.27333333,17235140.483333334,21685624.84,101744396.22,22264015.45,2.81,26,1.0,0.6874194874983621,0.6942947852894386,-0.17671323909305237,0.026671613765636648,0,354486747640.06,8827.97,3.3,39436661.0,66.25,15.0,15.0,0.0,1.0,In Force,PTA,Goods,1,44,20,63,0,0,0,0,0,0
2025,90411,Pepper of the genus Piper; neither crushed nor ground (Black Pepper),NZL,New Zealand,52774963.67666667,9104215.763333334,7942108.17,10486933.78,1943944.89,0.29,26,1.0,-0.5400520457680189,-0.5052633597372658,-0.8932807502027158,-0.8884495235073888,0,354486747640.06,8827.97,3.3,39436661.0,66.25,15.0,15.0,0.0,0.0,None,None,None,48,60,290,341,0,0,0,0,0,0
2025,90411,Pepper of the genus Piper; neither crushed nor ground (Black Pepper),OMN,Oman,79681540.43333334,13762251.009999998,9984286.12,45613777.16,9984286.12,1.26,26,1.0,-0.025983541072874705,0.13257381727183604,-0.6861817885539951,-0.5754764636816023,0,354486747640.06,8827.97,3.3,39436661.0,66.25,15.0,15.0,0.0,0.0,None,None,None,17,10,19,39,0,0,0,0,0,0
2025,90411,Pepper of the genus Piper; neither crushed nor ground (Black Pepper),PHL,Philippines,81915609.94333333,13707747.406666666,9753705.91,37434910.17,6950150.05,1.03,26,1.0,-0.518299451472432,-0.466505780424176,-0.2031595360247831,-0.2874349386653501,0,354486747640.06,8827.97,3.3,39436661.0,66.25,15.0,15.0,0.0,0.0,None,None,None,377,75,252,598,0,0,0,0,0,0
2025,90411,Pepper of the genus Piper; neither crushed nor ground (Black Pepper),POL,Poland,59642397.03,10061111.409999998,7137207.79,42629145.99,7137207.79,1.18,26,1.0,0.07921579035537873,0.13789156757976828,-0.5724141933087086,-0.5929482102565613,0,354486747640.06,8827.97,3.3,39436661.0,66.25,15.0,15.0,0.0,0.0,None,None,None,79,24,1907,1952,0,0,0,0,0,0
2025,90411,Pepper of the genus Piper; neither crushed nor ground (Black Pepper),QAT,Qatar,41743898.193333335,7829036.37,8471369.7,40437190.64,8471369.7,1.12,26,1.0,-0.20002490096689385,-0.09999072355737793,0.8714458103952278,0.8587862277359402,0,354486747640.06,8827.97,3.3,39436661.0,66.25,15.0,15.0,0.0,0.0,None,None,None,11,2,19,29,0,0,0,0,0,0
2025,90411,Pepper of the genus Piper; neither crushed nor ground (Black Pepper),RUS,Russian Federation,84511181.14333333,12989918.956666665,16862135.84,13560095.47,2247378.6,0.37,26,1.0,-0.646276086218476,-0.6349252228798283,-0.8969576090185438,-0.886840323932547,0,660552264556.61,3362.46,3.6,191925086.0,59.25,15.0,15.0,0.0,0.0,None,None,None,259,147,598,858,0,0,1,1,1,0
2025,90411,Pepper of the genus Piper; neither crushed nor ground (Black Pepper),SWE,Sweden,66369078.05666667,11861039.083333334,12937159.96,46096015.99,8701171.56,1.27,26,1.0,-0.18643366894464697,-0.17989512812088526,-0.44707928550194354,-0.3760268728059276,0,354486747640.06,8827.97,3.3,39436661.0,66.25,15.0,15.0,0.0,0.0,None,None,None,317,47,1005,1198,0,0,0,0,0,0
2025,90411,Pepper of the genus Piper; neither crushed nor ground (Black Pepper),THA,Thailand,69085251.34666666,13233294.933333332,14428287.47,74084359.1,14428287.47,2.04,26,1.0,-0.11466152716496869,-0.08178999083341287,0.916560688321236,0.7685156931470081,0,335895377767.42,3988.94,3.8,82685533.0,126.25,15.0,15.0,0.0,1.0,In Force,FTA,Goods & Services,67,41,127,204,0,0,0,0,0,0
2025,90411,Pepper of the genus Piper; neither crushed nor ground (Black Pepper),TUR,Türkiye,87993798.08666666,13704313.51,14346386.94,104324660.93,16101373.72,2.88,26,1.0,0.043187761796195545,0.0594005524765977,0.635405642843609,0.5097142210690622,0,647529125689.17,7592.05,3.3,84263000.0,61.25,15.0,15.0,0.0,0.0,None,None,None,142,51,306,656,0,0,0,0,0,0
2025,90411,Pepper of the genus Piper; neither crushed nor ground (Black Pepper),TWN,Taiwan,20021542.313333333,3422094.903333334,4007894.68,24967172.64,4007894.68,0.69,26,1.0,-0.11363099437086477,-0.15461012025689846,5.0,5.0,0,354486747640.06,8827.97,3.3,39436661.0,66.25,15.0,15.0,0.0,0.0,None,None,None,23,21,35,68,0,0,0,0,0,0
2025,90411,Pepper of the genus Piper; neither crushed nor ground (Black Pepper),TZA,United Republic of Tanzania,47607185.583333336,8718007.426666668,5782084.17,6244469.65,1085779.61,0.17,26,1.0,-0.5528932944569834,-0.5666601425245072,-0.9407207043050523,-0.9437016132580294,0,354486747640.06,8827.97,3.3,39436661.0,66.25,15.0,15.0,0.0,0.0,None,None,None,20,30,33,71,0,0,0,0,0,0
2025,90411,Pepper of the genus Piper; neither crushed nor ground (Black Pepper),VNM,Viet Nam,96241771.39999999,16210846.233333334,17434464.43,97121305.49,17434464.43,2.68,26,1.0,0.18137564628945246,0.2911998715269366,-0.2040238558980526,-0.15940906492437157,0,160562089452.67,1522.87,6.6,105032975.0,121.25,5.0,15.0,10.0,1.0,In Force,FTA,Goods & Services,132,31,175,241,0,0,0,0,0,0
2025,90411,Pepper of the genus Piper; neither crushed nor ground (Black Pepper),ZAF,South Africa,73009030.5,13992329.18,12792181.03,30294972.64,5204596.7,0.84,26,1.0,-0.33598293859834394,-0.36214605978865677,-0.7475910355159077,-0.7829628372213235,0,261888231492.08,4360.27,2.0,59023536.0,63.25,15.0,15.0,0.0,1.0,Under Negotiation,PTA,Goods,60,85,696,793,0,0,0,0,0,0
2025,100630,"Semi-milled or wholly milled rice, whether or not polished or glazed (Basmati)",CHN,China,5143077.6961904755,3986705.674285714,2809646.61,3482210.13,2809646.61,0.36,92,3.5385,0.03478866234198397,0.060938921650474986,-0.8713424498298132,-0.86157346408356,0,9300982450507.4,5588.1,8.3,1656339789.0,46.25,10.0,10.0,0.0,0.0,In Force,PTA,Goods,765,191,996,1676,0,0,0,0,0,0
2025,100630,"Semi-milled or wholly milled rice, whether or not polished or glazed (Basmati)",DEU,Germany,5404776.957142856,4325453.653333334,2765047.33,2671427.82,1925053.81,0.28,92,3.5385,-0.15289746365460288,-0.15000879830906788,-0.8999591895230103,-0.9014147561996065,0,2760472889424.06,24913.88,1.2,108056452.0,76.25,10.0,10.0,0.0,0.0,Under Negotiation,FTA,Goods & Services,879,112,9939,10026,0,0,0,0,0,0
2025,100630,"Semi-milled or wholly milled rice, whether or not polished or glazed (Basmati)",GBR,United Kingdom of Great Britain and Northern Ireland,4423438.285714286,3446889.967142857,2179233.48,284330.17,207627.19,0.03,92,3.5385,1.289255779470079,1.1324391940239833,-0.6996388087588246,-0.7096829925276577,0,2593000127109.38,32632.91,1.6,77427312.0,66.25,10.0,10.0,0.0,0.0,Under Negotiation,FTA,Goods & Services,1350,144,4976,5878,0,0,0,0,0,0
2025,100630,"Semi-milled or wholly milled rice, whether or not polished or glazed (Basmati)",IND,India,2511289.281904762,1946271.6157142858,2038489.48,706457.69,629988.76,0.07,77,2.9615,-0.30318523183072055,-0.3033392392616323,0.06659942801777308,-0.016654060748441557,0,2423969608511.26,1757.16,6.6,1380283158.0,38.25,5.0,7.5,2.5,0.0,None,None,None,282,135,964,1337,0,0,0,0,0,0
2025,100630,"Semi-milled or wholly milled rice, whether or not polished or glazed (Basmati)",SAU,Saudi Arabia,4413343.197083333,3545049.46625,2440441.65,4384659.34,3182927.36,0.46,103,3.9615,-0.22749376024643875,-0.20296538159040423,-0.6828851931517954,-0.7161596583140599,0,415388277619.73,14929.51,3.0,27342752.0,73.25,0.0,10.0,10.0,0.0,Under Negotiation,FTA,Goods,38,35,43,95,0,0,0,0,0,0
2025,100630,"Semi-milled or wholly milled rice, whether or not polished or glazed (Basmati)",SGP,Singapore,3885286.2090476193,3013709.096190476,1938539.78,755058.05,541011.55,0.08,92,3.5385,-0.18478965646907208,-0.14695204461404632,-0.16023357883365386,-0.19395510434585472,0,340929615341.57,63446.9,5.0,5258221.0,321.25,0.0,10.0,10.0,1.0,In Force,FTA & EIA,Goods & Services,15,5,22,27,1,1,0,0,0,0
2025,100630,"Semi-milled or wholly milled rice, whether or not polished or glazed (Basmati)",USA,United States of America,3972347.312380953,3052113.176666666,2070900.97,380587.23,264593.51,0.04,92,3.5385,0.5368182901565082,0.6597844277181266,-0.8239442576990237,-0.8210550405991548,0,18097338437760.06,47718.36,2.1,370704619.0,36.25,1.4,10.0,8.6,0.0,None,None,None,1765,2105,19117,20895,0,0,0,0,0,0
2025,100630,"Semi-milled or wholly milled rice, whether or not polished or glazed (Basmati)",ARE,United Arab Emirates,5914345.496666666,4554265.381904761,3021761.89,2992710.75,2390304.82,0.31,92,3.5385,0.022765831120686864,0.08912194421611597,-0.7463486970035833,-0.7035445731580408,0,290888340065.6,69094.67,4.0,4206577.0,151.25,0.0,10.0,10.0,1.0,In Force,FTA & EIA,Goods & Services,44,10,35,75,0,0,1,1,1,0
2025,100630,"Semi-milled or wholly milled rice, whether or not polished or glazed (Basmati Rice)",AGO,Angola,13933216.683333332,10855302.15,9331113.61,12744648.77,9331113.61,1.33,26,1.0,0.7192179427375931,0.6988249608015467,-0.4849216787865752,-0.5334808418853546,0,354486747640.06,8827.97,3.3,39436661.0,66.25,10.0,10.0,0.0,0.0,None,None,None,35,40,13,81,0,0,0,0,0,0
2025,100630,"Semi-milled or wholly milled rice, whether or not polished or glazed (Basmati Rice)",ARG,Argentina,14600163.353333334,11583672.966666667,10390111.44,16418562.38,14373025.9,1.71,26,1.0,0.05958446436278764,0.17615348910125728,0.2869226727296008,0.43904648985430694,0,354486747640.06,8827.97,3.3,39436661.0,66.25,10.0,10.0,0.0,1.0,In Force,PTA,Goods,104,113,458,602,0,0,0,0,0,0
2025,100630,"Semi-milled or wholly milled rice, whether or not polished or glazed (Basmati Rice)",AUS,Australia,16802569.233333334,12761752.413333332,12235768.94,21586540.38,15511596.34,2.25,26,1.0,0.23634383149995775,0.1259331700798283,0.46858230134419676,0.47198285946352847,0,827705732805.53,32270.26,2.6,25108007.0,51.25,0.0,10.0,10.0,1.0,In Force,FTA,Goods & Services,378,622,1830,2593,0,0,0,0,0,0
2025,100630,"Semi-milled or wholly milled rice, whether or not polished or glazed (Basmati Rice)",AUT,Austria,14616104.313333333,10357943.396666666,6583849.33,27075360.48,19563769.1,2.82,26,1.0,0.9833798749757638,0.9928275839164709,1.7375961236823603,1.9714788597686561,0,354486747640.06,8827.97,3.3,39436661.0,66.25,10.0,10.0,0.0,0.0,None,None,None,111,11,1349,1394,0,0,0,0,0,0
2025,100630,"Semi-milled or wholly milled rice, whether or not polished or glazed (Basmati Rice)",BEL,Belgium,11786144.353333334,9277213.656666666,4425809.98,4821086.26,3594822.38,0.5,26,1.0,-0.5634490622251251,-0.5740237117208957,-0.07994458712858377,-0.18775943923394856,0,354486747640.06,8827.97,3.3,39436661.0,66.25,10.0,10.0,0.0,0.0,None,None,None,484,11,1834,1842,0,0,0,0,0,0
2025,100630,"Semi-milled or wholly milled rice, whether or not polished or glazed (Basmati Rice)",BGD,Bangladesh,21011915.97,14836341.686666667,16407658.47,13579663.12,10494921.74,1.41,26,1.0,-0.2416083368256703,-0.20022781024511815,-0.4745884336819586,-0.40391590526014653,0,354486747640.06,8827.97,3.3,39436661.0,66.25,10.0,10.0,0.0,1.0,In Force,FTA,Goods,12,15,18,45,0,0,0,0,0,0
2025,100630,"Semi-milled or wholly milled rice, whether or not polished or glazed (Basmati Rice)",BRA,Brazil,23319039.066666666,17931287.11,21620886.54,12811342.12,9328659.84,1.33,26,1.0,-0.36117790028229646,-0.34313990351943324,-0.5025230474983426,-0.5916419529139967,0,1214333384401.01,5179.26,2.3,230047193.0,35.25,10.0,10.0,0.0,1.0,In Force,PTA,Goods,206,430,5576,5635,0,0,0,0,0,0
2025,100630,"Semi-milled or wholly milled rice, whether or not polished or glazed (Basmati Rice)",CAN,Canada,22420425.623333335,16601224.42,15890230.98,26765736.77,19540311.97,2.78,26,1.0,0.10418560173711588,0.16597721862834414,0.44348194344499037,0.22970597435574658,0,1278428077415.3,30906.61,2.0,40356850.0,86.25,10.0,10.0,0.0,0.0,None,None,None,580,499,2609,3225,0,0,0,0,0,0
2025,100630,"Semi-milled or wholly milled rice, whether or not polished or glazed (Basmati Rice)",CHE,Switzerland,6704005.606666666,4471666.233333333,4229768.39,6415993.97,4229768.39,0.67,26,1.0,0.8182127268556825,0.6552595328349264,-0.45420185791261947,-0.44647073335172927,0,354486747640.06,8827.97,3.3,39436661.0,66.25,10.0,10.0,0.0,0.0,None,None,None,68,13,1548,1560,0,0,0,0,0,0
2025,100630,"Semi-milled or wholly milled rice, whether or not polished or glazed (Basmati Rice)",CHL,Chile,19047551.613333333,13097198.463333333,12257660.27,16156353.81,10839398.75,1.68,26,1.0,-0.05062469096069311,-0.059629911992848394,-0.2994066318770775,-0.33067557462904196,0,354486747640.06,8827.97,3.3,39436661.0,66.25,10.0,10.0,0.0,1.0,In Force,PTA,Goods,105,43,445,489,0,0,0,0,0,0
2025,100630,"Semi-milled or wholly milled rice, whether or not polished or glazed (Basmati Rice)",COL,Colombia,12171481.24,9553631.47,12851178.86,16863597.74,12851178.86,1.75,26,1.0,1.3076107344407535,1.1859871531022415,0.023027435468763846,-0.020516507238630632,0,354486747640.06,8827.97,3.3,39436661.0,66.25,10.0,10.0,0.0,0.0,None,None,None,33,165,246,394,0,0,0,0,0,0
2025,100630,"Semi-milled or wholly milled rice, whether or not polished or glazed (Basmati Rice)",EGY,Egypt,20654067.44333333,15206751.406666666,14122844.18,30662613.36,21248111.51,3.19,26,1.0,0.36779427929344455,0.22658905382424233,1.0565109024911554,1.07312836559537,0,290888340065.6,3140.67,4.0,92544699.0,49.25,10.0,10.0,0.0,0.0,None,None,None,41,24,74,127,0,0,0,0,0,0
2025,100630,"Semi-milled or wholly milled rice, whether or not polished or glazed (Basmati Rice)",ESP,Spain,15539336.82,12155084.49,10510246.51,10985945.54,7485699.61,1.14,26,1.0,-0.1510775424036731,-0.15606354611196127,-0.46115572800753113,-0.5946951627290129,0,354486747640.06,8827.97,3.3,39436661.0,66.25,10.0,10.0,0.0,0.0,None,None,None,432,50,4433,4769,0,0,0,0,0,0
2025,100630,"Semi-milled or wholly milled rice, whether or not polished or glazed (Basmati Rice)",FRA,France,7061814.95,5870581.670000001,4104059.82,4426588.44,3530015.43,0.46,26,1.0,-0.10042444452940236,-0.07256931539483924,-0.6078769611743284,-0.6462084319375543,0,1973285681586.82,24141.89,1.3,80056423.0,65.25,10.0,10.0,0.0,0.0,Under Negotiation,FTA,Goods & Services,808,142,14175,14370,0,0,0,0,0,0
2025,100630,"Semi-milled or wholly milled rice, whether or not polished or glazed (Basmati Rice)",GHA,Ghana,21092118.28333333,15485067.443333333,20076692.11,27621230.77,20076692.11,2.87,26,1.0,-0.044224302521775116,-0.05631827166930914,4.097432013786744,4.236505795968564,0,354486747640.06,8827.97,3.3,39436661.0,66.25,10.0,10.0,0.0,0.0,None,None,None,11,5,45,62,0,0,0,0,0,0
2025,100630,"Semi-milled or wholly milled rice, whether or not polished or glazed (Basmati Rice)",HKG,"China, Hong Kong Special Administrative Region",5708761.453333333,4599123.546666666,3940350.77,3312251.06,2147123.19,0.34,26,1.0,-0.4004427454613061,-0.47227921205728474,-0.27990508233508404,-0.45509338753629414,0,354486747640.06,8827.97,3.3,39436661.0,66.25,10.0,10.0,0.0,0.0,None,None,None,13,3,63,70,0,0,0,0,0,0
2025,100630,"Semi-milled or wholly milled rice, whether or not polished or glazed (Basmati Rice)",IDN,Indonesia,15234182.993333332,11394001.233333334,6559024.35,30015759.31,23694074.66,3.12,26,1.0,0.7438803475116555,0.9006417054994316,4.160169440169929,5.0,0,558748565248.4,1981.66,4.8,277371187.0,66.25,10.0,10.0,0.0,1.0,In Force,FTA,Goods & Services,297,187,365,748,0,0,0,0,0,0
2025,100630,"Semi-milled or wholly milled rice, whether or not polished or glazed (Basmati Rice)",IRN,Iran (Islamic Republic of),18093228.99,13562964.64,15630148.7,8354973.87,6697873.49,0.87,26,1.0,-0.4445379281327846,-0.39602102347044443,-0.556659127681546,-0.5714773020681773,0,354486747640.06,8827.97,3.3,39436661.0,66.25,10.0,10.0,0.0,0.0,None,None,None,43,70,58,158,0,0,0,0,0,0
2025,100630,"Semi-milled or wholly milled rice, whether or not polished or glazed (Basmati Rice)",ISR,Israel,13947788.72,10441804.676666666,10026232.86,8906029.17,6070335.22,0.93,26,1.0,-0.24104941734738172,-0.22189636557193004,-0.4903746926829844,-0.601392302481095,0,354486747640.06,8827.97,3.3,39436661.0,66.25,10.0,10.0,0.0,0.0,None,None,None,22,15,360,381,0,0,0,0,0,0
2025,100630,"Semi-milled or wholly milled rice, whether or not polished or glazed (Basmati Rice)",ITA,Italy,14682810.713333333,11686855.886666665,13259971.57,21835096.84,18127986.36,2.27,26,1.0,0.0983412873481857,0.16923952116840324,4.308471591904012,3.9359958429329396,0,1461972474319.65,19023.64,0.8,74798201.0,61.25,10.0,10.0,0.0,0.0,Under Negotiation,FTA,Goods & Services,327,61,5598,5803,0,0,0,0,0,0
2025,100630,"Semi-milled or wholly milled rice, whether or not polished or glazed (Basmati Rice)",JPN,Japan,11673927.523333333,8450727.270000001,10755572.08,14013764.4,10755572.08,1.46,26,1.0,1.5604729571287153,1.6640276786968147,-0.25737096260024284,-0.1777782914107986,0,6533340281527.44,38134.14,0.9,166685623.0,33.25,0.0,10.0,10.0,1.0,In Force,FTA & EIA,Goods & Services,1562,102,621,2170,0,0,0,0,0,0
2025,100630,"Semi-milled or wholly milled rice, whether or not polished or glazed (Basmati Rice)",KAZ,Kazakhstan,14019741.88,11641991.296666667,10383407.79,12239150.3,10383407.79,1.27,26,1.0,1.3277035847591043,1.3441738036523394,-0.5559279444520335,-0.5416322690086275,0,354486747640.06,8827.97,3.3,39436661.0,66.25,10.0,10.0,0.0,0.0,None,None,None,3,27,67,85,0,0,0,0,0,0
2025,100630,"Semi-milled or wholly milled rice, whether or not polished or glazed (Basmati Rice)",KEN,Kenya,14432509.006666666,11473603.65,13542467.88,20244262.59,16722749.04,2.11,26,1.0,0.09516482591372255,0.11123248570625344,2.2787367882900798,3.0241536876007054,0,354486747640.06,8827.97,3.3,39436661.0,66.25,10.0,10.0,0.0,0.0,None,None,None,7,38,27,72,0,0,0,0,0,0
2025,100630,"Semi-milled or wholly milled rice, whether or not polished or glazed (Basmati Rice)",KOR,Republic of Korea,17455217.303333335,13522422.506666666,17038395.009999998,4492247.37,3707979.73,0.47,26,1.0,-0.5280941637312531,-0.5334971144300674,-0.8378321379714792,-0.8129256955700149,0,1859749923928.23,29536.14,4.6,61784103.0,81.25,10.0,10.0,0.0,1.0,In Force,FTA & EIA,Goods & Services,76,29,232,279,0,0,0,0,0,0
2025,100630,"Semi-milled or wholly milled rice, whether or not polished or glazed (Basmati Rice)",KWT,Kuwait,17149965.593333334,12909612.89,12319726.16,22325143.47,16580766.59,2.32,26,1.0,0.21632994232784708,0.16011695920853586,0.5907131278733109,0.687035308378555,0,354486747640.06,8827.97,3.3,39436661.0,66.25,10.0,10.0,0.0,0.0,None,None,None,13,2,19,31,0,0,0,0,0,0
2025,100630,"Semi-milled or wholly milled rice, whether or not polished or glazed (Basmati Rice)",LKA,Sri Lanka,20851026.616666663,16063585.776666665,16739600.88,13675646.44,10739230.3,1.42,26,1.0,-0.25491461388212655,-0.2799273206433389,-0.4359019625986503,-0.35845362282022586,0,354486747640.06,8827.97,3.3,39436661.0,66.25,10.0,10.0,0.0,1.0,In Force,FTA,Goods,21,19,118,151,0,0,0,0,0,0
2025,100630,"Semi-milled or wholly milled rice, whether or not polished or glazed (Basmati Rice)",MEX,Mexico,11486663.743333332,9183800.9,11185104.44,13778891.24,11756113.04,1.43,26,1.0,0.5798336437269267,0.5968815001970531,-0.09112811655634079,0.05105080628097802,0,1188674554333.95,8882.55,1.9,130009527.0,71.25,10.0,10.0,0.0,0.0,None,None,None,110,95,869,969,0,0,0,0,0,0
2025,100630,"Semi-milled or wholly milled rice, whether or not polished or glazed (Basmati Rice)",MYS,Malaysia,14695476.813333333,10434287.366666667,11361174.65,16030845.34,11391662.05,1.67,26,1.0,-0.024368552422045386,0.0013408373390149109,0.4295478429775179,0.3323541763979634,0,303500855641.07,9683.98,4.6,30760596.0,191.25,10.0,10.0,0.0,1.0,In Force,FTA,Goods & Services,177,54,172,349,0,0,0,0,0,0
2025,100630,"Semi-milled or wholly milled rice, whether or not polished or glazed (Basmati Rice)",NGA,Nigeria,15258749.813333334,11396262.596666666,14190327.15,3300795.96,2859117.97,0.34,26,1.0,-0.6029081909936382,-0.5915687564583818,-0.8467753238357292,-0.7985164161631186,0,204369543044.52,1260.94,4.3,160375757.0,56.25,10.0,10.0,0.0,0.0,None,None,None,41,23,101,163,0,0,1,1,0,0
2025,100630,"Semi-milled or wholly milled rice, whether or not polished or glazed (Basmati Rice)",NLD,Netherlands,14120657.530000001,11797574.240000002,15721753.49,2419046.02,1776162.6700000002,0.25,26,1.0,-0.6557121755243958,-0.6849511744103279,-0.8761680478787469,-0.8870251545968053,0,684132699691.79,31975.3,1.8,20901430.0,136.25,10.0,10.0,0.0,0.0,Under Negotiation,FTA,Goods & Services,531,23,1818,1876,0,0,0,0,0,0
2025,100630,"Semi-milled or wholly milled rice, whether or not polished or glazed (Basmati Rice)",NPL,Nepal,10805979.713333333,8312373.94,5066369.16,5142200.66,3755850.92,0.53,26,1.0,-0.18369451405802673,-0.13899483421386072,-0.7370905222861432,-0.7669330548459325,0,354486747640.06,8827.97,3.3,39436661.0,66.25,10.0,10.0,0.0,1.0,In Force,PTA,Goods,1,44,20,63,0,0,0,0,0,0
2025,100630,"Semi-milled or wholly milled rice, whether or not polished or glazed (Basmati Rice)",NZL,New Zealand,16637425.84666667,13247585.420000002,12562834.92,15971901.41,12133462.66,1.66,26,1.0,-0.08073589408109172,-0.10200228710578318,0.06197864090977334,-0.034177975173215636,0,354486747640.06,8827.97,3.3,39436661.0,66.25,10.0,10.0,0.0,0.0,None,None,None,48,60,290,341,0,0,0,0,0,0
2025,100630,"Semi-milled or wholly milled rice, whether or not polished or glazed (Basmati Rice)",OMN,Oman,16519330.67,14112216.94,14039447.16,16403999.47,14039447.16,1.71,26,1.0,-0.19511863487063774,-0.2064644708803638,1.0942989554758826,1.3392444035018891,0,354486747640.06,8827.97,3.3,39436661.0,66.25,10.0,10.0,0.0,0.0,None,None,None,17,10,19,39,0,0,0,0,0,0
2025,100630,"Semi-milled or wholly milled rice, whether or not polished or glazed (Basmati Rice)",PHL,Philippines,19903387.493333332,14280624.363333335,11638395.77,12742046.53,10406722.16,1.33,26,1.0,-0.35761726289934226,-0.29260955312807924,-0.20807431638163343,-0.10582846934761814,0,354486747640.06,8827.97,3.3,39436661.0,66.25,10.0,10.0,0.0,0.0,None,None,None,377,75,252,598,0,0,0,0,0,0
2025,100630,"Semi-milled or wholly milled rice, whether or not polished or glazed (Basmati Rice)",POL,Poland,11822615.323333332,9352778.520000001,8768322.72,8281822.12,7322740.62,0.86,26,1.0,-0.23669276921889304,-0.2177614037452671,-0.36154538322048557,-0.16486415317533343,0,354486747640.06,8827.97,3.3,39436661.0,66.25,10.0,10.0,0.0,0.0,None,None,None,79,24,1907,1952,0,0,0,0,0,0
2025,100630,"Semi-milled or wholly milled rice, whether or not polished or glazed (Basmati Rice)",QAT,Qatar,24976548.040000003,18753334.63,18214502.54,21433505.14,18076717.6,2.23,26,1.0,-0.1165018313131374,-0.04855436117014833,-0.17681592714331607,-0.007564573322735857,0,354486747640.06,8827.97,3.3,39436661.0,66.25,10.0,10.0,0.0,0.0,None,None,None,11,2,19,29,0,0,0,0,0,0
2025,100630,"Semi-milled or wholly milled rice, whether or not polished or glazed (Basmati Rice)",RUS,Russian Federation,10531149.226666667,7691676.593333334,7308591.07,6806973.25,5039295.48,0.71,26,1.0,-0.16658799376721356,-0.16963682549846748,-0.5457864340970136,-0.5302294961526741,0,660552264556.61,3362.46,3.6,191925086.0,59.25,10.0,10.0,0.0,0.0,None,None,None,259,147,598,858,0,0,1,1,1,0
2025,100630,"Semi-milled or wholly milled rice, whether or not polished or glazed (Basmati Rice)",SWE,Sweden,19120957.353333335,14535447.996666668,11291132.59,13976018.95,10202791.76,1.45,26,1.0,-0.2876998944892567,-0.32073165293221095,-0.1177269030343634,-0.09638898678462016,0,354486747640.06,8827.97,3.3,39436661.0,66.25,10.0,10.0,0.0,0.0,None,None,None,317,47,1005,1198,0,0,0,0,0,0
2025,100630,"Semi-milled or wholly milled rice, whether or not polished or glazed (Basmati Rice)",THA,Thailand,10077359.043333335,7245289.713333334,5707752.37,7974939.57,5707752.37,0.83,26,1.0,-0.3591059257201046,-0.34921207492290784,1.8067376989836612,1.2371618057211684,0,335895377767.42,3988.94,3.8,82685533.0,126.25,10.0,10.0,0.0,1.0,In Force,FTA,Goods & Services,67,41,127,204,0,0,0,0,0,0
2025,100630,"Semi-milled or wholly milled rice, whether or not polished or glazed (Basmati Rice)",TUR,Türkiye,17152789.426666666,14971424.886666665,11306016.18,26952983.5,24196529.78,2.8,26,1.0,0.5603278121151227,0.6033998641606397,1.0062239800570207,1.1401463959339444,0,647529125689.17,7592.05,3.3,84263000.0,61.25,10.0,10.0,0.0,0.0,None,None,None,142,51,306,656,0,0,0,0,0,0
2025,100630,"Semi-milled or wholly milled rice, whether or not polished or glazed (Basmati Rice)",TWN,Taiwan,18498944.330000002,15029933.659999998,17447544.94,5940775.99,4259106.51,0.62,26,1.0,-0.5566221968178673,-0.5732163758849308,-0.6927608577513491,-0.7558907843684421,0,354486747640.06,8827.97,3.3,39436661.0,66.25,10.0,10.0,0.0,0.0,None,None,None,23,21,35,68,0,0,0,0,0,0
2025,100630,"Semi-milled or wholly milled rice, whether or not polished or glazed (Basmati Rice)",TZA,United Republic of Tanzania,18866434.819999997,13818828.299999999,13105046.43,34559172.72,22774615.31,3.59,26,1.0,1.1960360503261613,1.0208407385113905,1.3234609472006809,0.7378507914220538,0,354486747640.06,8827.97,3.3,39436661.0,66.25,10.0,10.0,0.0,0.0,None,None,None,20,30,33,71,0,0,0,0,0,0
2025,100630,"Semi-milled or wholly milled rice, whether or not polished or glazed (Basmati Rice)",VNM,Viet Nam,15877916.163333332,12361107.606666667,13261278.4,27360443.97,22962453.4,2.85,26,1.0,0.19115145610343975,0.31588048957730885,5.0,5.0,0,160562089452.67,1522.87,6.6,105032975.0,121.25,10.0,10.0,0.0,1.0,In Force,FTA,Goods & Services,132,31,175,241,0,0,0,0,0,0
2025,100630,"Semi-milled or wholly milled rice, whether or not polished or glazed (Basmati Rice)",ZAF,South Africa,15379058.006666668,12231190.19,10578168.1,13129076.06,10578168.1,1.37,26,1.0,0.22074155394239003,0.2521807552557731,-0.4574286397122648,-0.4538590808702583,0,261888231492.08,4360.27,2.0,59023536.0,63.25,10.0,10.0,0.0,1.0,Under Negotiation,PTA,Goods,60,85,696,793,0,0,0,0,0,0
2025,151190,"Palm oil and its fractions, refined but not chemically modified (RBD Palm Olein)",AGO,Angola,5115513.726666667,4524291.443333334,4544203.64,4778691.04,4234321.03,2.36,26,1.0,-0.04915208670003446,-0.06021818212250629,-0.09534595750046426,-0.06819294084297056,0,354486747640.06,8827.97,3.3,39436661.0,66.25,12.5,12.5,0.0,0.0,None,None,None,35,40,13,81,0,0,0,0,0,0
2025,151190,"Palm oil and its fractions, refined but not chemically modified (RBD Palm Olein)",ARE,United Arab Emirates,1591414.6433333333,1247381.8,882813.96,1013649.57,882813.96,0.5,26,1.0,-0.448122640825921,-0.40205313611748394,1.3439914131178012,1.2624586319075108,0,290888340065.6,69094.67,4.0,4206577.0,151.25,12.5,12.5,0.0,1.0,In Force,FTA & EIA,Goods & Services,44,10,35,75,0,0,1,1,1,0
2025,151190,"Palm oil and its fractions, refined but not chemically modified (RBD Palm Olein)",ARG,Argentina,4654294.803333334,4027239.4933333336,5051683.9,8263097.1,6407323.67,4.08,26,1.0,2.2892820803466987,2.2077099719564477,0.6740282458220601,0.26835403735351115,0,354486747640.06,8827.97,3.3,39436661.0,66.25,12.5,12.5,0.0,1.0,In Force,PTA,Goods,104,113,458,602,0,0,0,0,0,0
2025,151190,"Palm oil and its fractions, refined but not chemically modified (RBD Palm Olein)",AUS,Australia,2169939.34,1994918.326666667,2176426.11,2658903.35,2445440.49,1.31,26,1.0,0.22074636425731886,0.339517540684213,0.286557064793753,0.1236037275802011,0,827705732805.53,32270.26,2.6,25108007.0,51.25,12.5,12.5,0.0,1.0,In Force,FTA,Goods & Services,378,622,1830,2593,0,0,0,0,0,0
2025,151190,"Palm oil and its fractions, refined but not chemically modified (RBD Palm Olein)",AUT,Austria,2977926.2266666666,3127389.9766666666,3030642.4,2574797.07,2853397.63,1.27,26,1.0,-0.1478587821642927,-0.09684314664402549,-0.08472346772869321,-0.058484224335058954,0,354486747640.06,8827.97,3.3,39436661.0,66.25,12.5,12.5,0.0,0.0,None,None,None,111,11,1349,1394,0,0,0,0,0,0
2025,151190,"Palm oil and its fractions, refined but not chemically modified (RBD Palm Olein)",BEL,Belgium,3292960.106666667,2974978.1566666667,2157809.86,1903991.76,1656840.42,0.94,26,1.0,-0.42940396865166464,-0.4305995392543439,-0.10479829859451972,-0.23216570156963123,0,354486747640.06,8827.97,3.3,39436661.0,66.25,12.5,12.5,0.0,0.0,None,None,None,484,11,1834,1842,0,0,0,0,0,0
2025,151190,"Palm oil and its fractions, refined but not chemically modified (RBD Palm Olein)",BGD,Bangladesh,2973709.276666667,2908016.11,1570973.66,5932558.16,6444647.0,2.93,26,1.0,0.7015620469390877,1.0254200993354208,5.0,5.0,0,354486747640.06,8827.97,3.3,39436661.0,66.25,12.5,12.5,0.0,1.0,In Force,FTA,Goods,12,15,18,45,0,0,0,0,0,0
2025,151190,"Palm oil and its fractions, refined but not chemically modified (RBD Palm Olein)",BRA,Brazil,2314664.233333333,2214282.0866666664,887116.39,5521580.76,5421071.4,2.73,26,1.0,1.216963531955475,1.4720216049982908,5.0,5.0,0,1214333384401.01,5179.26,2.3,230047193.0,35.25,12.5,12.5,0.0,1.0,In Force,PTA,Goods,206,430,5576,5635,0,0,0,0,0,0
2025,151190,"Palm oil and its fractions, refined but not chemically modified (RBD Palm Olein)",CAN,Canada,3962180.97,3872492.4800000004,4746322.31,300131.57,276422.71,0.15,26,1.0,-0.7598421846666039,-0.7586717037279193,-0.9529768896495262,-0.958084317543856,0,1278428077415.3,30906.61,2.0,40356850.0,86.25,12.5,12.5,0.0,0.0,None,None,None,580,499,2609,3225,0,0,0,0,0,0
2025,151190,"Palm oil and its fractions, refined but not chemically modified (RBD Palm Olein)",CHE,Switzerland,4155095.2533333334,3655343.0366666666,3264319.96,8001721.4,6691123.51,3.95,26,1.0,0.5700818265204894,0.43170375157998464,5.0,5.0,0,354486747640.06,8827.97,3.3,39436661.0,66.25,12.5,12.5,0.0,0.0,None,None,None,68,13,1548,1560,0,0,0,0,0,0
2025,151190,"Palm oil and its fractions, refined but not chemically modified (RBD Palm Olein)",CHL,Chile,3050069.2633333337,2963667.22,3751792.69,3202009.43,3751792.69,1.58,26,1.0,-0.19535967918038477,-0.057986901970990434,2.193712325061912,3.1169379109027444,0,354486747640.06,8827.97,3.3,39436661.0,66.25,12.5,12.5,0.0,1.0,In Force,PTA,Goods,105,43,445,489,0,0,0,0,0,0
2025,151190,"Palm oil and its fractions, refined but not chemically modified (RBD Palm Olein)",CHN,China,3339753.3766666665,3219296.9333333336,2809796.36,4494070.05,4697062.82,2.22,26,1.0,0.13422180221760316,0.292932229763994,1.2118380897140364,1.1836326236793382,0,9300982450507.4,5588.1,8.3,1656339789.0,46.25,12.5,12.5,0.0,0.0,In Force,PTA,Goods,765,191,996,1676,0,0,0,0,0,0
2025,151190,"Palm oil and its fractions, refined but not chemically modified (RBD Palm Olein)",COL,Colombia,4868598.243333333,3956555.0866666674,5076542.87,6340759.97,5076542.87,3.13,26,1.0,0.9179775450755554,0.969842870252148,-0.030667025317795527,-0.07443930374826069,0,354486747640.06,8827.97,3.3,39436661.0,66.25,12.5,12.5,0.0,0.0,None,None,None,33,165,246,394,0,0,0,0,0,0
2025,151190,"Palm oil and its fractions, refined but not chemically modified (RBD Palm Olein)",DEU,Germany,3430478.67,3236289.0399999996,3442118.56,504066.43,467640.12,0.25,26,1.0,-0.6999990888361829,-0.7160281657359224,-0.8796019335187251,-0.8641417743612341,0,2760472889424.06,24913.88,1.2,108056452.0,76.25,12.5,12.5,0.0,0.0,Under Negotiation,FTA,Goods & Services,879,112,9939,10026,0,0,0,0,0,0
2025,151190,"Palm oil and its fractions, refined but not chemically modified (RBD Palm Olein)",EGY,Egypt,1224832.1133333333,1135935.7933333335,1080610.1,1406183.18,1080610.1,0.69,26,1.0,0.3120313438438711,0.15181107889104872,-0.03118207617792279,-0.28562655049732466,0,290888340065.6,3140.67,4.0,92544699.0,49.25,12.5,12.5,0.0,0.0,None,None,None,41,24,74,127,0,0,0,0,0,0
2025,151190,"Palm oil and its fractions, refined but not chemically modified (RBD Palm Olein)",ESP,Spain,4719543.54,3640049.9,3986111.23,3357285.56,2505862.76,1.66,26,1.0,-0.22047836954501854,-0.24774303348496063,-0.3637105306181271,-0.37135152146786143,0,354486747640.06,8827.97,3.3,39436661.0,66.25,12.5,12.5,0.0,0.0,None,None,None,432,50,4433,4769,0,0,0,0,0,0
2025,151190,"Palm oil and its fractions, refined but not chemically modified (RBD Palm Olein)",FRA,France,1387459.3633333333,1323501.2833333334,1279396.67,2108591.49,2034024.0,1.04,26,1.0,0.3130434862974931,0.26088485562578034,1.5381331977828743,2.095535027995853,0,1973285681586.82,24141.89,1.3,80056423.0,65.25,12.5,12.5,0.0,0.0,Under Negotiation,FTA,Goods & Services,808,142,14175,14370,0,0,0,0,0,0
2025,151190,"Palm oil and its fractions, refined but not chemically modified (RBD Palm Olein)",GBR,United Kingdom of Great Britain and Northern Ireland,2258192.9499999997,2044467.32,2480886.84,4265794.88,3315589.69,2.11,26,1.0,2.4941739789313497,2.1369926027272195,0.975459619887467,0.33645341518223537,0,2593000127109.38,32632.91,1.6,77427312.0,66.25,12.5,12.5,0.0,0.0,Under Negotiation,FTA,Goods & Services,1350,144,4976,5878,0,0,0,0,0,0
2025,151190,"Palm oil and its fractions, refined but not chemically modified (RBD Palm Olein)",GHA,Ghana,5516238.666666667,4366584.100000001,4919578.82,2342508.48,1907419.39,1.16,26,1.0,-0.3662947746895313,-0.37732828960216913,-0.7202310575682989,-0.6959199479793897,0,354486747640.06,8827.97,3.3,39436661.0,66.25,12.5,12.5,0.0,0.0,None,None,None,11,5,45,62,0,0,0,0,0,0
2025,151190,"Palm oil and its fractions, refined but not chemically modified (RBD Palm Olein)",HKG,"China, Hong Kong Special Administrative Region",3913754.653333334,3351138.75,2263991.61,2890254.27,2263991.61,1.43,26,1.0,-0.36357371343740863,-0.4103904729486443,0.6850276468004177,0.7729635834344186,0,354486747640.06,8827.97,3.3,39436661.0,66.25,12.5,12.5,0.0,0.0,None,None,None,13,3,63,70,0,0,0,0,0,0
2025,151190,"Palm oil and its fractions, refined but not chemically modified (RBD Palm Olein)",IDN,Indonesia,2079060.9066666665,2023363.2433333332,2734967.01,177482.04,201984.81,0.09,26,1.0,-0.7679211108337417,-0.7460959669440865,-0.9357993639891262,-0.9261472590852472,0,558748565248.4,1981.66,4.8,277371187.0,66.25,7.5,12.5,5.0,1.0,In Force,FTA,Goods & Services,297,187,365,748,0,0,0,0,0,0
2025,151190,"Palm oil and its fractions, refined but not chemically modified (RBD Palm Olein)",IRN,Iran (Islamic Republic of),3427612.653333333,3231192.126666667,3935090.18,1991642.86,1775676.83,0.98,26,1.0,-0.26294085668701495,-0.3282547267923279,-0.5693814215511802,-0.5541647452738733,0,354486747640.06,8827.97,3.3,39436661.0,66.25,12.5,12.5,0.0,0.0,None,None,None,43,70,58,158,0,0,0,0,0,0
2025,151190,"Palm oil and its fractions, refined but not chemically modified (RBD Palm Olein)",ISR,Israel,3596592.8699999996,3464021.0700000003,3352798.72,2958252.17,2893503.67,1.46,26,1.0,-0.16922601671641047,-0.07101590672694635,-0.16559803779401194,-0.30205725905835,0,354486747640.06,8827.97,3.3,39436661.0,66.25,12.5,12.5,0.0,0.0,None,None,None,22,15,360,381,0,0,0,0,0,0
2025,151190,"Palm oil and its fractions, refined but not chemically modified (RBD Palm Olein)",ITA,Italy,3740755.0766666667,3114925.4333333336,3061256.47,3996985.18,3061256.47,1.97,26,1.0,0.30587270305623027,0.07199687815968403,-0.18118467001757488,-0.15426773666184568,0,1461972474319.65,19023.64,0.8,74798201.0,61.25,12.5,12.5,0.0,0.0,Under Negotiation,FTA,Goods & Services,327,61,5598,5803,0,0,0,0,0,0
2025,151190,"Palm oil and its fractions, refined but not chemically modified (RBD Palm Olein)",JPN,Japan,4117170.7466666666,3504085.51,2777846.55,2855896.49,2289716.72,1.41,26,1.0,-0.047468232464788485,-0.09210264251134159,-0.5501098912171736,-0.5794590051892878,0,6533340281527.44,38134.14,0.9,166685623.0,33.25,12.5,12.5,0.0,1.0,In Force,FTA & EIA,Goods & Services,1562,102,621,2170,0,0,0,0,0,0
2025,151190,"Palm oil and its fractions, refined but not chemically modified (RBD Palm Olein)",KAZ,Kazakhstan,4609023.583333333,3920960.33,3878446.61,7682570.09,6681149.79,3.79,26,1.0,1.3141765867903716,1.3563588337293973,0.6311335433289254,0.722635493491627,0,354486747640.06,8827.97,3.3,39436661.0,66.25,12.5,12.5,0.0,0.0,None,None,None,3,27,67,85,0,0,0,0,0,0
2025,151190,"Palm oil and its fractions, refined but not chemically modified (RBD Palm Olein)",KEN,Kenya,5616447.789999999,5304914.64,5089076.01,6806508.81,5089076.01,3.36,26,1.0,0.21321787840559736,0.031198079088089026,0.2561550590849606,-0.15741901042187634,0,354486747640.06,8827.97,3.3,39436661.0,66.25,12.5,12.5,0.0,0.0,None,None,None,7,38,27,72,0,0,0,0,0,0
2025,151190,"Palm oil and its fractions, refined but not chemically modified (RBD Palm Olein)",KOR,Republic of Korea,3845293.16,4178275.86,4207875.57,4269188.98,4962615.57,2.11,26,1.0,-0.005190576473887432,0.08598511443703849,0.445793297725142,0.4750651899720604,0,1859749923928.23,29536.14,4.6,61784103.0,81.25,12.5,12.5,0.0,1.0,In Force,FTA & EIA,Goods & Services,76,29,232,279,0,0,0,0,0,0
2025,151190,"Palm oil and its fractions, refined but not chemically modified (RBD Palm Olein)",KWT,Kuwait,4334269.343333334,4235959.863333333,4996747.66,4491355.88,4996747.66,2.22,26,1.0,-0.1776873538253524,-0.08791151592217628,1.4025900125531385,1.931086133589503,0,354486747640.06,8827.97,3.3,39436661.0,66.25,12.5,12.5,0.0,0.0,None,None,None,13,2,19,31,0,0,0,0,0,0
2025,151190,"Palm oil and its fractions, refined but not chemically modified (RBD Palm Olein)",LKA,Sri Lanka,3816300.0566666666,3935178.403333334,4573688.4,5097182.2,4573688.4,2.52,26,1.0,1.653133515447116,1.5530229019522084,-0.09425222863798866,-0.2996030631906711,0,354486747640.06,8827.97,3.3,39436661.0,66.25,12.5,12.5,0.0,1.0,In Force,FTA,Goods,21,19,118,151,0,0,0,0,0,0
2025,151190,"Palm oil and its fractions, refined but not chemically modified (RBD Palm Olein)",MEX,Mexico,2832546.5933333337,2213711.78,1737496.73,4138795.98,3299986.19,2.04,26,1.0,0.41272164859705796,0.4345012770891701,0.8112316426511019,0.8992762018021758,0,1188674554333.95,8882.55,1.9,130009527.0,71.25,12.5,12.5,0.0,0.0,None,None,None,110,95,869,969,0,0,0,0,0,0
2025,151190,"Palm oil and its fractions, refined but not chemically modified (RBD Palm Olein)",MYS,Malaysia,3602507.9766666666,3461915.236666667,4283919.79,4832391.72,4922825.73,2.39,26,1.0,0.011790179185471317,0.07197971068980857,2.8514135434771277,3.1754240344913134,0,303500855641.07,9683.98,4.6,30760596.0,191.25,7.5,12.5,5.0,1.0,In Force,FTA,Goods & Services,177,54,172,349,0,0,0,0,0,0
2025,151190,"Palm oil and its fractions, refined but not chemically modified (RBD Palm Olein)",NGA,Nigeria,3492792.966666667,3803979.09,3575602.05,4932127.9,5390720.34,2.44,26,1.0,0.4826149365903529,0.4846680648295767,0.49345965058077823,0.5076399064035924,0,204369543044.52,1260.94,4.3,160375757.0,56.25,12.5,12.5,0.0,0.0,None,None,None,41,23,101,163,0,0,1,1,0,0
2025,151190,"Palm oil and its fractions, refined but not chemically modified (RBD Palm Olein)",NLD,Netherlands,3628630.5066666664,3734097.186666666,4453727.35,2643172.44,2226824.02,1.31,26,1.0,-0.19963465867209573,-0.2928995147633474,-0.35791276446092346,-0.5075294186684558,0,684132699691.79,31975.3,1.8,20901430.0,136.25,12.5,12.5,0.0,0.0,Under Negotiation,FTA,Goods & Services,531,23,1818,1876,0,0,0,0,0,0
2025,151190,"Palm oil and its fractions, refined but not chemically modified (RBD Palm Olein)",NPL,Nepal,3270940.1233333335,2863986.84,3283246.37,3804255.24,3283246.37,1.88,26,1.0,-0.03206294354436212,-0.026569219717675008,0.952799375691296,0.7807020131954596,0,354486747640.06,8827.97,3.3,39436661.0,66.25,12.5,12.5,0.0,1.0,In Force,PTA,Goods,1,44,20,63,0,0,0,0,0,0
2025,151190,"Palm oil and its fractions, refined but not chemically modified (RBD Palm Olein)",NZL,New Zealand,2368194.696666667,2593478.9966666666,3089822.42,463231.5,480629.5,0.23,26,1.0,-0.6447505519572811,-0.6621180952098566,-0.8440718833460428,-0.844447533007465,0,354486747640.06,8827.97,3.3,39436661.0,66.25,12.5,12.5,0.0,0.0,None,None,None,48,60,290,341,0,0,0,0,0,0
2025,151190,"Palm oil and its fractions, refined but not chemically modified (RBD Palm Olein)",OMN,Oman,4173227.5500000003,4398146.643333334,5511129.06,5205593.54,5511129.06,2.57,26,1.0,1.0414166970834016,1.0031351766764622,-0.14169383591201712,-0.12658153702297614,0,354486747640.06,8827.97,3.3,39436661.0,66.25,12.5,12.5,0.0,0.0,None,None,None,17,10,19,39,0,0,0,0,0,0
2025,151190,"Palm oil and its fractions, refined but not chemically modified (RBD Palm Olein)",PHL,Philippines,4357065.98,4222585.456666667,4851535.18,4940552.49,4851535.18,2.44,26,1.0,0.782018092844591,0.6787553304383513,-0.24856851998780205,-0.20397887572324092,0,354486747640.06,8827.97,3.3,39436661.0,66.25,12.5,12.5,0.0,0.0,None,None,None,377,75,252,598,0,0,0,0,0,0
2025,151190,"Palm oil and its fractions, refined but not chemically modified (RBD Palm Olein)",POL,Poland,3471576.06,3282249.303333333,4643536.34,4143453.7,4843962.7,2.05,26,1.0,-0.15502535212556035,0.021353239720671935,5.0,5.0,0,354486747640.06,8827.97,3.3,39436661.0,66.25,12.5,12.5,0.0,0.0,None,None,None,79,24,1907,1952,0,0,0,0,0,0
2025,151190,"Palm oil and its fractions, refined but not chemically modified (RBD Palm Olein)",QAT,Qatar,2778345.82,2330360.1300000004,2466164.65,4922255.38,3682185.48,2.43,26,1.0,1.2584392124452268,1.0902995945926728,1.010940788750391,0.4930817697019976,0,354486747640.06,8827.97,3.3,39436661.0,66.25,12.5,12.5,0.0,0.0,None,None,None,11,2,19,29,0,0,0,0,0,0
2025,151190,"Palm oil and its fractions, refined but not chemically modified (RBD Palm Olein)",RUS,Russian Federation,4336492.57,3968691.7399999998,4500406.16,7963029.43,6689362.97,3.93,26,1.0,0.3845209400512841,0.2191763392146111,5.0,5.0,0,660552264556.61,3362.46,3.6,191925086.0,59.25,12.5,12.5,0.0,0.0,None,None,None,259,147,598,858,0,0,1,1,1,0
2025,151190,"Palm oil and its fractions, refined but not chemically modified (RBD Palm Olein)",SAU,Saudi Arabia,3802459.86,3414413.3866666667,3877377.27,5294604.6,4750184.66,2.61,26,1.0,0.779667291877959,0.7146591833393539,0.19218734055106146,0.22510251884743093,0,415388277619.73,14929.51,3.0,27342752.0,73.25,12.5,12.5,0.0,0.0,Under Negotiation,FTA,Goods,38,35,43,95,0,0,0,0,0,0
2025,151190,"Palm oil and its fractions, refined but not chemically modified (RBD Palm Olein)",SGP,Singapore,4760359.333333333,3761268.0233333334,4877299.2,6010857.39,4877299.2,2.97,26,1.0,2.870076432400438,2.283477654103603,-0.23612429464800477,-0.18085259824121303,0,340929615341.57,63446.9,5.0,5258221.0,321.25,7.5,12.5,5.0,1.0,In Force,FTA & EIA,Goods & Services,15,5,22,27,1,1,0,0,0,0
2025,151190,"Palm oil and its fractions, refined but not chemically modified (RBD Palm Olein)",SWE,Sweden,1528965.4400000002,1305920.0966666667,1470416.26,1332242.08,1470416.26,0.66,26,1.0,-0.2272576948085525,-0.06642546828212448,0.3015498426931973,0.934151829342329,0,354486747640.06,8827.97,3.3,39436661.0,66.25,12.5,12.5,0.0,0.0,None,None,None,317,47,1005,1198,0,0,0,0,0,0
2025,151190,"Palm oil and its fractions, refined but not chemically modified (RBD Palm Olein)",THA,Thailand,2665528.1933333334,2545527.09,2163190.3,2554277.84,2163190.3,1.26,26,1.0,-0.12002453208900499,-0.2139585882756807,0.19151272844470912,0.0967877719575243,0,335895377767.42,3988.94,3.8,82685533.0,126.25,12.5,12.5,0.0,1.0,In Force,FTA,Goods & Services,67,41,127,204,0,0,0,0,0,0
2025,151190,"Palm oil and its fractions, refined but not chemically modified (RBD Palm Olein)",TUR,Türkiye,3483545.516666667,2980807.6566666667,2292006.0,2307024.97,1840284.28,1.14,26,1.0,-0.06024923114822778,-0.10394517429971117,-0.5829136301778028,-0.6174150696870657,0,647529125689.17,7592.05,3.3,84263000.0,61.25,12.5,12.5,0.0,0.0,None,None,None,142,51,306,656,0,0,0,0,0,0
2025,151190,"Palm oil and its fractions, refined but not chemically modified (RBD Palm Olein)",TWN,Taiwan,3469101.0566666666,3422418.646666667,3673345.83,5199319.24,5538833.71,2.57,26,1.0,0.14484194223076985,0.22794313290606416,3.189465842942992,4.249699178177761,0,354486747640.06,8827.97,3.3,39436661.0,66.25,12.5,12.5,0.0,0.0,None,None,None,23,21,35,68,0,0,0,0,0,0
2025,151190,"Palm oil and its fractions, refined but not chemically modified (RBD Palm Olein)",TZA,United Republic of Tanzania,2602647.29,2571396.303333333,2639299.24,2524827.76,2639299.24,1.25,26,1.0,0.11444595766587717,0.2994499739424197,-0.22318365417953256,-0.2484593889996568,0,354486747640.06,8827.97,3.3,39436661.0,66.25,12.5,12.5,0.0,0.0,None,None,None,20,30,33,71,0,0,0,0,0,0
2025,151190,"Palm oil and its fractions, refined but not chemically modified (RBD Palm Olein)",USA,United States of America,2871015.3333333335,2650390.723333333,1947907.34,5083340.77,4230320.02,2.51,26,1.0,0.707487394516279,0.4736775389308807,1.845966836904215,1.3860415711403973,0,18097338437760.06,47718.36,2.1,370704619.0,36.25,12.5,12.5,0.0,0.0,None,None,None,1765,2105,19117,20895,0,0,0,0,0,0
2025,151190,"Palm oil and its fractions, refined but not chemically modified (RBD Palm Olein)",VNM,Viet Nam,1986443.3366666667,1724894.1866666668,1863278.75,2344096.93,1863278.75,1.16,26,1.0,1.7274694919378941,1.5431326429837595,-0.2896950922271603,-0.38369497220298543,0,160562089452.67,1522.87,6.6,105032975.0,121.25,12.5,12.5,0.0,1.0,In Force,FTA,Goods & Services,132,31,175,241,0,0,0,0,0,0
2025,151190,"Palm oil and its fractions, refined but not chemically modified (RBD Palm Olein)",ZAF,South Africa,4645287.026666666,4369063.893333334,4454053.19,3918886.73,4033509.97,1.94,26,1.0,-0.1822791803822068,-0.048379327474569966,-0.05710596466453666,-0.12687568869733978,0,261888231492.08,4360.27,2.0,59023536.0,63.25,12.5,12.5,0.0,1.0,Under Negotiation,PTA,Goods,60,85,696,793,0,0,0,0,0,0
2025,270112,"Bituminous coal, whether or not pulverized, but not agglomerated",AGO,Angola,757558.9533333335,4316185.9366666665,4488415.0,712233.01,4988338.98,1.86,26,1.0,-0.16003950716033277,0.0542205470755619,0.29274002571004476,0.4368147580500146,0,354486747640.06,8827.97,3.3,39436661.0,66.25,5.0,5.0,0.0,0.0,None,None,None,35,40,13,81,0,0,0,0,0,0
2025,270112,"Bituminous coal, whether or not pulverized, but not agglomerated",ARE,United Arab Emirates,897816.2733333333,3612245.7866666666,3322462.34,1265309.41,4745764.33,3.3,26,1.0,0.46962429568241015,0.3092723054257691,0.5022207900973148,0.42838769693882295,0,290888340065.6,69094.67,4.0,4206577.0,151.25,5.0,5.0,0.0,1.0,In Force,FTA & EIA,Goods & Services,44,10,35,75,0,0,1,1,1,0
2025,270112,"Bituminous coal, whether or not pulverized, but not agglomerated",ARG,Argentina,800885.4266666668,3584459.7533333334,3809551.17,1446787.62,5892612.5,3.77,26,1.0,1.2374963961366268,1.3675984382549293,1.1694856650965213,0.5467996719410002,0,354486747640.06,8827.97,3.3,39436661.0,66.25,5.0,5.0,0.0,1.0,In Force,PTA,Goods,104,113,458,602,0,0,0,0,0,0
2025,270112,"Bituminous coal, whether or not pulverized, but not agglomerated",AUS,Australia,290683.4533333333,1379319.4200000002,1390392.37,129698.08,680444.78,0.34,26,1.0,-0.20738139366982944,-0.30043551170705163,-0.7579839650158721,-0.6708249087545379,0,827705732805.53,32270.26,2.6,25108007.0,51.25,0.0,5.0,5.0,1.0,In Force,FTA,Goods & Services,378,622,1830,2593,0,0,0,0,0,0
2025,270112,"Bituminous coal, whether or not pulverized, but not agglomerated",AUT,Austria,687381.9033333333,4534420.023333333,6301523.76,829046.0,6417464.8,2.16,26,1.0,-0.13618160565666737,0.009157514763894925,5.0,5.0,0,354486747640.06,8827.97,3.3,39436661.0,66.25,5.0,5.0,0.0,0.0,None,None,None,111,11,1349,1394,0,0,0,0,0,0
2025,270112,"Bituminous coal, whether or not pulverized, but not agglomerated",BEL,Belgium,754376.7833333333,3334613.0766666667,3302516.99,846545.88,3302516.99,2.21,26,1.0,0.1246328613338279,-0.08196788431329982,0.13284849331737525,0.18678737243702814,0,354486747640.06,8827.97,3.3,39436661.0,66.25,5.0,5.0,0.0,0.0,None,None,None,484,11,1834,1842,0,0,0,0,0,0
2025,270112,"Bituminous coal, whether or not pulverized, but not agglomerated",BGD,Bangladesh,427588.18,3003958.596666666,3460938.26,434218.01,3460938.26,1.13,26,1.0,0.8774696376631743,0.9485775352398294,-0.401376143596212,-0.2540170979832561,0,354486747640.06,8827.97,3.3,39436661.0,66.25,5.0,5.0,0.0,1.0,In Force,FTA,Goods,12,15,18,45,0,0,0,0,0,0
2025,270112,"Bituminous coal, whether or not pulverized, but not agglomerated",BRA,Brazil,650656.04,3511622.53,3096507.84,573814.88,2138508.29,1.5,26,1.0,0.04850638051730627,-0.16896488111648045,-0.32981393160017547,-0.5964965610565252,0,1214333384401.01,5179.26,2.3,230047193.0,35.25,5.0,5.0,0.0,1.0,In Force,PTA,Goods,206,430,5576,5635,0,0,0,0,0,0
2025,270112,"Bituminous coal, whether or not pulverized, but not agglomerated",CAN,Canada,646930.3333333334,3145651.7033333336,4122294.93,116869.38,459903.96,0.3,26,1.0,-0.6300129855051289,-0.6659864814140928,-0.8795381339537702,-0.9052673421365109,0,1278428077415.3,30906.61,2.0,40356850.0,86.25,5.0,5.0,0.0,0.0,None,None,None,580,499,2609,3225,0,0,0,0,0,0
2025,270112,"Bituminous coal, whether or not pulverized, but not agglomerated",CHE,Switzerland,287675.42,1211202.7866666666,1195451.62,277554.29,1195451.62,0.72,26,1.0,-0.26537167543922524,-0.2382888793918183,2.899515444695954,2.164601880007988,0,354486747640.06,8827.97,3.3,39436661.0,66.25,5.0,5.0,0.0,0.0,None,None,None,68,13,1548,1560,0,0,0,0,0,0
2025,270112,"Bituminous coal, whether or not pulverized, but not agglomerated",CHL,Chile,395970.59,2579291.82,1648955.82,259891.04,1648955.82,0.68,26,1.0,0.763518795272063,0.5898321005118481,-0.6922379376681443,-0.6966896963285327,0,354486747640.06,8827.97,3.3,39436661.0,66.25,5.0,5.0,0.0,1.0,In Force,PTA,Goods,105,43,445,489,0,0,0,0,0,0
2025,270112,"Bituminous coal, whether or not pulverized, but not agglomerated",CHN,China,793940.0800000001,3403632.5033333334,4794462.39,80608.39,304154.81,0.21,26,1.0,-0.7182630942894503,-0.7560841539792451,-0.9373030028744069,-0.9365612272536907,0,9300982450507.4,5588.1,8.3,1656339789.0,46.25,5.0,5.0,0.0,0.0,In Force,PTA,Goods,765,191,996,1676,0,0,0,0,0,0
2025,270112,"Bituminous coal, whether or not pulverized, but not agglomerated",COL,Colombia,476154.5866666667,2478802.403333334,3470794.12,784576.93,3470794.12,2.05,26,1.0,2.303123513760234,2.2452013749857356,0.3716922097193882,-0.0454478956215677,0,354486747640.06,8827.97,3.3,39436661.0,66.25,5.0,5.0,0.0,0.0,None,None,None,33,165,246,394,0,0,0,0,0,0
2025,270112,"Bituminous coal, whether or not pulverized, but not agglomerated",DEU,Germany,864726.6166666666,3978473.5700000003,4423158.31,739484.94,4441195.49,1.93,26,1.0,-0.06772175764961341,0.20255598958194088,-0.2633686519819429,0.004077896094792033,0,2760472889424.06,24913.88,1.2,108056452.0,76.25,5.0,5.0,0.0,0.0,Under Negotiation,FTA,Goods & Services,879,112,9939,10026,0,0,0,0,0,0
2025,270112,"Bituminous coal, whether or not pulverized, but not agglomerated",EGY,Egypt,638004.9633333333,3426887.65,3051726.95,1201564.97,6294790.27,3.13,26,1.0,0.4815344822632037,0.4362095027485742,5.0,5.0,0,290888340065.6,3140.67,4.0,92544699.0,49.25,5.0,5.0,0.0,0.0,None,None,None,41,24,74,127,0,0,0,0,0,0
2025,270112,"Bituminous coal, whether or not pulverized, but not agglomerated",ESP,Spain,804006.1333333333,4482519.573333333,4798601.65,743009.18,4798601.65,1.94,26,1.0,0.15957565339119273,0.31981496075891136,-0.33447649094181786,-0.18587272016269185,0,354486747640.06,8827.97,3.3,39436661.0,66.25,5.0,5.0,0.0,0.0,None,None,None,432,50,4433,4769,0,0,0,0,0,0
2025,270112,"Bituminous coal, whether or not pulverized, but not agglomerated",FRA,France,769178.3466666667,3504844.4066666667,4501035.73,984877.52,4501035.73,2.57,26,1.0,-0.11040623503871572,-0.0968707812121834,5.0,5.0,0,1973285681586.82,24141.89,1.3,80056423.0,65.25,5.0,5.0,0.0,0.0,Under Negotiation,FTA,Goods & Services,808,142,14175,14370,0,0,0,0,0,0
2025,270112,"Bituminous coal, whether or not pulverized, but not agglomerated",GBR,United Kingdom of Great Britain and Northern Ireland,896085.3700000001,3992754.016666667,3830309.59,1243505.8,4809522.62,3.24,26,1.0,0.30451314910536365,0.2002725086579633,0.7415304175786144,0.25564853362120665,0,2593000127109.38,32632.91,1.6,77427312.0,66.25,5.0,5.0,0.0,0.0,Under Negotiation,FTA,Goods & Services,1350,144,4976,5878,0,0,0,0,0,0
2025,270112,"Bituminous coal, whether or not pulverized, but not agglomerated",GHA,Ghana,676004.9933333333,3458260.1300000004,2801516.87,633990.41,2311370.77,1.65,26,1.0,-0.048110593638983734,-0.33722851904177276,-0.08690079316671295,-0.17495739727629234,0,354486747640.06,8827.97,3.3,39436661.0,66.25,5.0,5.0,0.0,0.0,None,None,None,11,5,45,62,0,0,0,0,0,0
2025,270112,"Bituminous coal, whether or not pulverized, but not agglomerated",HKG,"China, Hong Kong Special Administrative Region",1185056.2266666666,5072754.2733333325,5274237.04,555233.24,4251636.26,1.45,26,1.0,-0.3780428170241392,-0.10216149049900514,-0.6451268696157113,-0.2531016640619398,0,354486747640.06,8827.97,3.3,39436661.0,66.25,5.0,5.0,0.0,0.0,None,None,None,13,3,63,70,0,0,0,0,0,0
2025,270112,"Bituminous coal, whether or not pulverized, but not agglomerated",IDN,Indonesia,469962.4366666667,2025500.9133333333,1570689.9,100496.59,441301.86,0.26,26,1.0,-0.6808662724385874,-0.6704936955266706,-0.6885212529789815,-0.719039474310162,0,558748565248.4,1981.66,4.8,277371187.0,66.25,0.0,5.0,5.0,1.0,In Force,FTA,Goods & Services,297,187,365,748,0,0,0,0,0,0
2025,270112,"Bituminous coal, whether or not pulverized, but not agglomerated",IRN,Iran (Islamic Republic of),992560.4733333333,3964212.203333333,2669914.04,1809780.83,7055896.02,4.72,26,1.0,0.6006978300800982,0.6256514902811443,2.9209135899010663,2.256327101953197,0,354486747640.06,8827.97,3.3,39436661.0,66.25,5.0,5.0,0.0,0.0,None,None,None,43,70,58,158,0,0,0,0,0,0
2025,270112,"Bituminous coal, whether or not pulverized, but not agglomerated",ISR,Israel,635976.1366666667,3841384.89,5590534.87,831700.85,5590534.87,2.17,26,1.0,-0.11160795932265288,-0.015823908559155275,5.0,5.0,0,354486747640.06,8827.97,3.3,39436661.0,66.25,5.0,5.0,0.0,0.0,None,None,None,22,15,360,381,0,0,0,0,0,0
2025,270112,"Bituminous coal, whether or not pulverized, but not agglomerated",ITA,Italy,565696.1133333334,2696687.6933333334,1414978.58,1129883.05,5269274.38,2.95,26,1.0,0.9045021243182909,0.9360299618435148,3.418847694734356,2.723925191854336,0,1461972474319.65,19023.64,0.8,74798201.0,61.25,5.0,5.0,0.0,0.0,Under Negotiation,FTA,Goods & Services,327,61,5598,5803,0,0,0,0,0,0
2025,270112,"Bituminous coal, whether or not pulverized, but not agglomerated",JPN,Japan,701490.5866666666,3708851.263333333,2779941.73,1163645.93,6463923.15,3.03,26,1.0,1.03045200815219,0.8529291346335486,0.7669151187926904,1.3252009494449641,0,6533340281527.44,38134.14,0.9,166685623.0,33.25,5.0,5.0,0.0,1.0,In Force,FTA & EIA,Goods & Services,1562,102,621,2170,0,0,0,0,0,0
2025,270112,"Bituminous coal, whether or not pulverized, but not agglomerated",KAZ,Kazakhstan,684416.43,4235473.0200000005,5519313.28,889832.34,5519313.28,2.32,26,1.0,1.575134725294626,1.8965141231714853,-0.13543930513927438,-0.15467822714925217,0,354486747640.06,8827.97,3.3,39436661.0,66.25,5.0,5.0,0.0,0.0,None,None,None,3,27,67,85,0,0,0,0,0,0
2025,270112,"Bituminous coal, whether or not pulverized, but not agglomerated",KEN,Kenya,935666.66,3877106.86,3881147.43,661366.84,2422135.14,1.72,26,1.0,-0.1698291398878624,-0.21001450893517504,-0.44235281507782065,-0.545398299439019,0,354486747640.06,8827.97,3.3,39436661.0,66.25,5.0,5.0,0.0,0.0,None,None,None,7,38,27,72,0,0,0,0,0,0
2025,270112,"Bituminous coal, whether or not pulverized, but not agglomerated",KOR,Republic of Korea,411531.8466666667,1899422.7,1628599.97,41153.83,223482.09,0.11,26,1.0,-0.6721832813975934,-0.6295631769979215,-0.9492232954474645,-0.9418951429609105,0,1859749923928.23,29536.14,4.6,61784103.0,81.25,5.0,5.0,0.0,1.0,In Force,FTA & EIA,Goods & Services,76,29,232,279,0,0,0,0,0,0
2025,270112,"Bituminous coal, whether or not pulverized, but not agglomerated",KWT,Kuwait,489318.95999999996,2589879.763333333,2744160.94,341340.6,2744160.94,0.89,26,1.0,-0.3684322706228983,-0.12658042234057165,0.2601920166815097,0.9212973401521005,0,354486747640.06,8827.97,3.3,39436661.0,66.25,5.0,5.0,0.0,0.0,None,None,None,13,2,19,31,0,0,0,0,0,0
2025,270112,"Bituminous coal, whether or not pulverized, but not agglomerated",LKA,Sri Lanka,563527.6166666667,2496482.4266666668,2338844.62,540341.17,2338844.62,1.41,26,1.0,-0.06419677961929282,0.012574643033027355,0.013351154800328002,-0.18492591547292891,0,354486747640.06,8827.97,3.3,39436661.0,66.25,5.0,5.0,0.0,1.0,In Force,FTA,Goods,21,19,118,151,0,0,0,0,0,0
2025,270112,"Bituminous coal, whether or not pulverized, but not agglomerated",MEX,Mexico,848756.2033333335,4267823.553333334,4669946.08,700971.68,2516226.79,1.83,26,1.0,-0.022481193622259532,-0.33071488384606107,-0.36946664500815274,-0.461187185698842,0,1188674554333.95,8882.55,1.9,130009527.0,71.25,5.0,5.0,0.0,0.0,None,None,None,110,95,869,969,0,0,0,0,0,0
2025,270112,"Bituminous coal, whether or not pulverized, but not agglomerated",MYS,Malaysia,526319.8433333334,2979240.696666667,1795889.59,979077.51,6587799.87,2.55,26,1.0,1.5597455037778012,2.448280029214882,1.173520758716308,2.668265525163121,0,303500855641.07,9683.98,4.6,30760596.0,191.25,5.0,5.0,0.0,1.0,In Force,FTA,Goods & Services,177,54,172,349,0,0,0,0,0,0
2025,270112,"Bituminous coal, whether or not pulverized, but not agglomerated",NGA,Nigeria,615002.5833333333,2889473.4166666665,2435370.12,236720.41,1482107.69,0.62,26,1.0,-0.2683690774144659,-0.2198872182130296,-0.7969901613810529,-0.6880392240661017,0,204369543044.52,1260.94,4.3,160375757.0,56.25,5.0,5.0,0.0,0.0,None,None,None,41,23,101,163,0,0,1,1,0,0
2025,270112,"Bituminous coal, whether or not pulverized, but not agglomerated",NLD,Netherlands,596032.41,2870231.9133333336,2342327.1,745359.99,4183484.21,1.94,26,1.0,0.13134302110846674,0.41653749338141344,0.618953744391799,0.786037573487586,0,684132699691.79,31975.3,1.8,20901430.0,136.25,5.0,5.0,0.0,0.0,Under Negotiation,FTA,Goods & Services,531,23,1818,1876,0,0,0,0,0,0
2025,270112,"Bituminous coal, whether or not pulverized, but not agglomerated",NPL,Nepal,342775.0,1424745.0133333334,284579.7,906594.71,3806577.42,2.36,26,1.0,3.264660072122118,3.5598373199167685,5.0,5.0,0,354486747640.06,8827.97,3.3,39436661.0,66.25,5.0,5.0,0.0,1.0,In Force,PTA,Goods,1,44,20,63,0,0,0,0,0,0
2025,270112,"Bituminous coal, whether or not pulverized, but not agglomerated",NZL,New Zealand,551651.2966666666,2592985.3066666666,1559434.98,1185146.93,5757616.47,3.09,26,1.0,0.8538402680030197,0.921488236980462,5.0,5.0,0,354486747640.06,8827.97,3.3,39436661.0,66.25,5.0,5.0,0.0,0.0,None,None,None,48,60,290,341,0,0,0,0,0,0
2025,270112,"Bituminous coal, whether or not pulverized, but not agglomerated",OMN,Oman,581826.0566666668,3725885.643333333,4267076.69,680734.31,4267076.69,1.78,26,1.0,1.2102621147112855,1.1076785778752405,-0.26438854588338945,-0.28284744300123954,0,354486747640.06,8827.97,3.3,39436661.0,66.25,5.0,5.0,0.0,0.0,None,None,None,17,10,19,39,0,0,0,0,0,0
2025,270112,"Bituminous coal, whether or not pulverized, but not agglomerated",PHL,Philippines,367221.5233333334,1807661.9466666665,1743444.58,62851.27,309415.09,0.16,26,1.0,-0.6769324335482034,-0.6969964861042451,-0.8560543331812082,-0.8225265697864497,0,354486747640.06,8827.97,3.3,39436661.0,66.25,5.0,5.0,0.0,0.0,None,None,None,377,75,252,598,0,0,0,0,0,0
2025,270112,"Bituminous coal, whether or not pulverized, but not agglomerated",POL,Poland,282812.3433333333,1773256.3200000003,670997.61,142680.49,670997.61,0.37,26,1.0,1.440790160446915,1.3529662528642077,-0.7907317388405154,-0.8517975712203827,0,354486747640.06,8827.97,3.3,39436661.0,66.25,5.0,5.0,0.0,0.0,None,None,None,79,24,1907,1952,0,0,0,0,0,0
2025,270112,"Bituminous coal, whether or not pulverized, but not agglomerated",QAT,Qatar,945988.2399999999,3774026.33,5282511.58,1249937.37,5325545.73,3.26,26,1.0,-0.05534285335694744,0.004065003906938536,5.0,5.0,0,354486747640.06,8827.97,3.3,39436661.0,66.25,5.0,5.0,0.0,0.0,None,None,None,11,2,19,29,0,0,0,0,0,0
2025,270112,"Bituminous coal, whether or not pulverized, but not agglomerated",RUS,Russian Federation,903192.7799999999,3943680.7900000005,4166697.28,1513926.94,6865382.78,3.95,26,1.0,1.9874370264119792,1.931360503212613,0.47553420400081503,0.6476797613668621,0,660552264556.61,3362.46,3.6,191925086.0,59.25,5.0,5.0,0.0,0.0,None,None,None,259,147,598,858,0,0,1,1,1,0
2025,270112,"Bituminous coal, whether or not pulverized, but not agglomerated",SAU,Saudi Arabia,292253.1533333333,1888834.0466666669,1257297.11,175949.19,1257297.11,0.46,26,1.0,-0.475962581678831,-0.4381513970219335,1.9276782763287148,1.9492837901239768,0,415388277619.73,14929.51,3.0,27342752.0,73.25,5.0,5.0,0.0,0.0,Under Negotiation,FTA,Goods,38,35,43,95,0,0,0,0,0,0
2025,270112,"Bituminous coal, whether or not pulverized, but not agglomerated",SGP,Singapore,657672.4933333333,2972503.956666667,2256284.7,1371615.58,5063525.3,3.58,26,1.0,1.2797114511692511,0.7802402683595973,3.06426665694348,1.2441872251306565,0,340929615341.57,63446.9,5.0,5258221.0,321.25,5.0,5.0,0.0,1.0,In Force,FTA & EIA,Goods & Services,15,5,22,27,1,1,0,0,0,0
2025,270112,"Bituminous coal, whether or not pulverized, but not agglomerated",SWE,Sweden,830946.86,3904060.3000000003,4422863.96,1564196.53,6374048.99,4.08,26,1.0,1.6440692359565605,1.6389646401189046,1.219023794760103,0.44115872603021655,0,354486747640.06,8827.97,3.3,39436661.0,66.25,5.0,5.0,0.0,0.0,None,None,None,317,47,1005,1198,0,0,0,0,0,0
2025,270112,"Bituminous coal, whether or not pulverized, but not agglomerated",THA,Thailand,675993.0866666668,3367250.456666667,3362501.55,223343.02,1287358.98,0.58,26,1.0,-0.2772922574408927,-0.3812451917481151,-0.8378078264560544,-0.7638692670523528,0,335895377767.42,3988.94,3.8,82685533.0,126.25,5.0,5.0,0.0,1.0,In Force,FTA,Goods & Services,67,41,127,204,0,0,0,0,0,0
2025,270112,"Bituminous coal, whether or not pulverized, but not agglomerated",TUR,Türkiye,609456.6033333334,3757239.2633333337,3749108.3,250231.53,1485171.81,0.65,26,1.0,-0.4551503068263365,-0.5040224508638788,-0.6596479927866712,-0.6038599871869255,0,647529125689.17,7592.05,3.3,84263000.0,61.25,5.0,5.0,0.0,0.0,None,None,None,142,51,306,656,0,0,0,0,0,0
2025,270112,"Bituminous coal, whether or not pulverized, but not agglomerated",TWN,Taiwan,874759.3999999999,4495538.41,4457180.94,635658.84,4181670.34,1.66,26,1.0,-0.30548342605222567,-0.07123858648036552,-0.05237417033906899,-0.061812747498857235,0,354486747640.06,8827.97,3.3,39436661.0,66.25,5.0,5.0,0.0,0.0,None,None,None,23,21,35,68,0,0,0,0,0,0
2025,270112,"Bituminous coal, whether or not pulverized, but not agglomerated",TZA,United Republic of Tanzania,288953.12333333335,1663184.5533333335,958066.0,644049.93,3556651.93,1.68,26,1.0,1.1025763888178148,0.9267393564201003,5.0,5.0,0,354486747640.06,8827.97,3.3,39436661.0,66.25,5.0,5.0,0.0,0.0,None,None,None,20,30,33,71,0,0,0,0,0,0
2025,270112,"Bituminous coal, whether or not pulverized, but not agglomerated",USA,United States of America,674537.94,3316503.953333333,4049132.4,1149715.42,4710421.96,3.0,26,1.0,0.37752045467450257,0.07857144354596213,3.289858696612777,2.9584791557648416,0,18097338437760.06,47718.36,2.1,370704619.0,36.25,2.5,5.0,2.5,0.0,None,None,None,1765,2105,19117,20895,0,0,0,0,0,0
2025,270112,"Bituminous coal, whether or not pulverized, but not agglomerated",VNM,Viet Nam,445323.1366666667,2522841.94,2715462.9,869160.98,4178605.73,2.27,26,1.0,2.2211079704078034,1.4890779831993872,1.2691234380970262,0.5388189358059217,0,160562089452.67,1522.87,6.6,105032975.0,121.25,5.0,5.0,0.0,1.0,In Force,FTA,Goods & Services,132,31,175,241,0,0,0,0,0,0
2025,270112,"Bituminous coal, whether or not pulverized, but not agglomerated",ZAF,South Africa,893586.4333333332,3963921.736666667,3920985.98,587087.09,3777629.41,1.53,26,1.0,-0.25927715757467673,-0.018450896519863536,-0.42647913317040353,-0.09909505451462752,0,261888231492.08,4360.27,2.0,59023536.0,63.25,5.0,5.0,0.0,1.0,Under Negotiation,PTA,Goods,60,85,696,793,0,0,0,0,0,0
2025,270900,"Petroleum oils and oils obtained from bituminous minerals, crude",AGO,Angola,1677906.04,2557495.6133333333,1354405.48,746137.51,931958.5,0.66,26,1.0,0.022094316712278017,-0.1704855883003773,-0.7911939821711765,-0.8269704341649892,0,354486747640.06,8827.97,3.3,39436661.0,66.25,2.5,2.5,0.0,0.0,None,None,None,35,40,13,81,0,0,0,0,0,0
2025,270900,"Petroleum oils and oils obtained from bituminous minerals, crude",ARE,United Arab Emirates,3032320.9200000004,4185596.276666666,5330944.14,5542566.73,7071832.64,4.87,26,1.0,0.26241340582174666,0.15176511726582564,5.0,5.0,0,290888340065.6,69094.67,4.0,4206577.0,151.25,0.0,2.5,2.5,1.0,In Force,FTA & EIA,Goods & Services,44,10,35,75,0,0,1,1,1,0
2025,270900,"Petroleum oils and oils obtained from bituminous minerals, crude",ARG,Argentina,2146539.153333334,4065880.763333333,5689062.35,3231921.93,6112562.44,2.84,26,1.0,0.0489867586040722,0.0365525097147108,5.0,5.0,0,354486747640.06,8827.97,3.3,39436661.0,66.25,2.5,2.5,0.0,1.0,In Force,PTA,Goods,104,113,458,602,0,0,0,0,0,0
2025,270900,"Petroleum oils and oils obtained from bituminous minerals, crude",AUS,Australia,1789340.7533333332,3305070.28,2678528.79,1666554.31,2678528.79,1.46,26,1.0,-0.2549270449152409,-0.31448163539174656,1.38286619048493,0.7428109106912262,0,827705732805.53,32270.26,2.6,25108007.0,51.25,2.5,2.5,0.0,1.0,In Force,FTA,Goods & Services,378,622,1830,2593,0,0,0,0,0,0
2025,270900,"Petroleum oils and oils obtained from bituminous minerals, crude",AUT,Austria,2719654.5066666664,5089612.09,4692162.18,3362289.13,6546489.96,2.96,26,1.0,0.12772044977089125,0.1811845174362685,0.5617831047243169,0.6243649790756276,0,354486747640.06,8827.97,3.3,39436661.0,66.25,2.5,2.5,0.0,0.0,None,None,None,111,11,1349,1394,0,0,0,0,0,0
2025,270900,"Petroleum oils and oils obtained from bituminous minerals, crude",BEL,Belgium,1999982.7033333334,3315319.4,2913028.31,213322.95,436004.84,0.19,26,1.0,-0.6634679328645632,-0.6131226516856223,-0.9453444465916722,-0.9339078681817169,0,354486747640.06,8827.97,3.3,39436661.0,66.25,2.5,2.5,0.0,0.0,None,None,None,484,11,1834,1842,0,0,0,0,0,0
2025,270900,"Petroleum oils and oils obtained from bituminous minerals, crude",BGD,Bangladesh,2321385.2133333334,3390919.6700000004,2396558.46,1537400.66,2396558.46,1.35,26,1.0,0.489815978145705,0.30301129035857177,-0.6752491138074765,-0.6234588504666845,0,354486747640.06,8827.97,3.3,39436661.0,66.25,2.5,2.5,0.0,1.0,In Force,FTA,Goods,12,15,18,45,0,0,0,0,0,0
2025,270900,"Petroleum oils and oils obtained from bituminous minerals, crude",BRA,Brazil,3118282.89,4073502.553333333,4819786.33,5316058.17,6604338.17,4.67,26,1.0,1.9144224014728999,1.8797422450036363,0.5576277002521051,0.3702553843291698,0,1214333384401.01,5179.26,2.3,230047193.0,35.25,2.5,2.5,0.0,1.0,In Force,PTA,Goods,206,430,5576,5635,0,0,0,0,0,0
2025,270900,"Petroleum oils and oils obtained from bituminous minerals, crude",CAN,Canada,2908384.1,4171640.646666667,4588752.42,3899222.58,6450650.96,3.43,26,1.0,0.031323902040611085,0.18564441069351845,2.361489912805514,3.371785713082205,0,1278428077415.3,30906.61,2.0,40356850.0,86.25,2.5,2.5,0.0,0.0,None,None,None,580,499,2609,3225,0,0,0,0,0,0
2025,270900,"Petroleum oils and oils obtained from bituminous minerals, crude",CHE,Switzerland,1184078.3533333333,2197150.3433333333,1850840.78,866036.24,1348032.14,0.76,26,1.0,-0.03396922260225499,-0.14657454275411674,-0.5074261696997087,-0.6026525856468481,0,354486747640.06,8827.97,3.3,39436661.0,66.25,2.5,2.5,0.0,0.0,None,None,None,68,13,1548,1560,0,0,0,0,0,0
2025,270900,"Petroleum oils and oils obtained from bituminous minerals, crude",CHL,Chile,381767.20333333337,564235.7533333333,245060.01,154443.84,182977.85,0.14,26,1.0,-0.5762786685078177,-0.6196260601678365,0.1822367602099939,-0.25333451998449963,0,354486747640.06,8827.97,3.3,39436661.0,66.25,2.5,2.5,0.0,1.0,In Force,PTA,Goods,105,43,445,489,0,0,0,0,0,0
2025,270900,"Petroleum oils and oils obtained from bituminous minerals, crude",CHN,China,2592786.1333333333,3997703.0,4999449.1,2947455.73,4999449.1,2.59,26,1.0,0.8601168017382326,0.633543572192012,-0.25925555736647754,-0.023569826894828783,0,9300982450507.4,5588.1,8.3,1656339789.0,46.25,2.5,2.5,0.0,0.0,In Force,PTA,Goods,765,191,996,1676,0,0,0,0,0,0
2025,270900,"Petroleum oils and oils obtained from bituminous minerals, crude",COL,Colombia,2375293.8733333335,3407813.513333333,2652522.52,4567279.83,7021533.54,4.01,26,1.0,0.47577033596205154,0.6269958585779334,5.0,5.0,0,354486747640.06,8827.97,3.3,39436661.0,66.25,2.5,2.5,0.0,0.0,None,None,None,33,165,246,394,0,0,0,0,0,0
2025,270900,"Petroleum oils and oils obtained from bituminous minerals, crude",DEU,Germany,1380031.7366666666,2032612.6133333333,2257638.59,1468588.73,2257638.59,1.29,26,1.0,0.7451439652647693,0.7643662051499074,-0.32919555203298223,-0.2752287877186268,0,2760472889424.06,24913.88,1.2,108056452.0,76.25,2.5,2.5,0.0,0.0,Under Negotiation,FTA,Goods & Services,879,112,9939,10026,0,0,0,0,0,0
2025,270900,"Petroleum oils and oils obtained from bituminous minerals, crude",EGY,Egypt,2102849.9133333336,3282440.2099999995,2881461.32,3154356.46,4131862.87,2.77,26,1.0,0.3490663383864323,0.20746152073144075,1.21979684004193,0.4339470189377961,0,290888340065.6,3140.67,4.0,92544699.0,49.25,2.5,2.5,0.0,0.0,None,None,None,41,24,74,127,0,0,0,0,0,0
2025,270900,"Petroleum oils and oils obtained from bituminous minerals, crude",ESP,Spain,2638615.8066666666,3309749.53,4288041.33,3394860.61,4288041.33,2.98,26,1.0,-0.10295021566382956,-0.09455825079577673,5.0,5.0,0,354486747640.06,8827.97,3.3,39436661.0,66.25,2.5,2.5,0.0,0.0,None,None,None,432,50,4433,4769,0,0,0,0,0,0
2025,270900,"Petroleum oils and oils obtained from bituminous minerals, crude",FRA,France,1367326.8833333335,2303196.0433333335,789707.61,587781.01,789707.61,0.52,26,1.0,0.0676744215857874,0.08762423951865372,-0.8039795602571213,-0.8551604454013,0,1973285681586.82,24141.89,1.3,80056423.0,65.25,2.5,2.5,0.0,0.0,Under Negotiation,FTA,Goods & Services,808,142,14175,14370,0,0,0,0,0,0
2025,270900,"Petroleum oils and oils obtained from bituminous minerals, crude",GBR,United Kingdom of Great Britain and Northern Ireland,3459261.1300000004,5732315.746666666,6297219.76,4622321.11,6575606.29,4.06,26,1.0,0.24716331556277948,0.0218648870418916,0.6604929359280085,0.520680388238258,0,2593000127109.38,32632.91,1.6,77427312.0,66.25,2.5,2.5,0.0,0.0,Under Negotiation,FTA,Goods & Services,1350,144,4976,5878,0,0,0,0,0,0
2025,270900,"Petroleum oils and oils obtained from bituminous minerals, crude",GHA,Ghana,2011506.1500000001,2719421.39,2629876.69,793292.41,1692555.4,0.7,26,1.0,-0.4868912696696355,-0.3357345675331791,-0.6439632537122093,-0.3564126384954739,0,354486747640.06,8827.97,3.3,39436661.0,66.25,2.5,2.5,0.0,0.0,None,None,None,11,5,45,62,0,0,0,0,0,0
2025,270900,"Petroleum oils and oils obtained from bituminous minerals, crude",HKG,"China, Hong Kong Special Administrative Region",1702195.0066666666,3113768.473333333,3164825.38,1633822.02,3164825.38,1.44,26,1.0,-0.2193895297739572,-0.21861625460891165,1.0641547790463597,2.187119118877404,0,354486747640.06,8827.97,3.3,39436661.0,66.25,2.5,2.5,0.0,0.0,None,None,None,13,3,63,70,0,0,0,0,0,0
2025,270900,"Petroleum oils and oils obtained from bituminous minerals, crude",IDN,Indonesia,2246317.563333333,3243062.1333333333,2604367.39,3381289.84,5119701.93,2.97,26,1.0,0.411009940971258,0.5979105726720226,1.037741376170962,0.9658140205779624,0,558748565248.4,1981.66,4.8,277371187.0,66.25,2.5,2.5,0.0,1.0,In Force,FTA,Goods & Services,297,187,365,748,0,0,0,0,0,0
2025,270900,"Petroleum oils and oils obtained from bituminous minerals, crude",IRN,Iran (Islamic Republic of),1252355.9033333333,1862193.3333333333,1764866.85,1537929.11,2610143.76,1.35,26,1.0,0.013381273705113772,0.2161194685923571,1.1314042311957704,1.154349376553534,0,354486747640.06,8827.97,3.3,39436661.0,66.25,2.5,2.5,0.0,0.0,None,None,None,43,70,58,158,0,0,0,0,0,0
2025,270900,"Petroleum oils and oils obtained from bituminous minerals, crude",ISR,Israel,1191218.5833333333,1599849.5466666666,889851.08,684191.9,889851.08,0.6,26,1.0,-0.4461595669372479,-0.4590786441478969,0.03833608936109578,0.024620559521683294,0,354486747640.06,8827.97,3.3,39436661.0,66.25,2.5,2.5,0.0,0.0,None,None,None,22,15,360,381,0,0,0,0,0,0
2025,270900,"Petroleum oils and oils obtained from bituminous minerals, crude",ITA,Italy,2466142.893333333,3638470.6366666667,3351634.03,2559085.9,5085833.4,2.25,26,1.0,0.11255644219392114,0.4326340831698272,-0.07676402213843503,0.51741907215284,0,1461972474319.65,19023.64,0.8,74798201.0,61.25,2.5,2.5,0.0,0.0,Under Negotiation,FTA,Goods & Services,327,61,5598,5803,0,0,0,0,0,0
2025,270900,"Petroleum oils and oils obtained from bituminous minerals, crude",JPN,Japan,1412187.7266666666,2892409.58,2355319.75,1142503.49,2355319.75,1.0,26,1.0,2.622038190917314,2.7150752667486278,-0.6200486445330441,-0.6170993597013679,0,6533340281527.44,38134.14,0.9,166685623.0,33.25,2.5,2.5,0.0,1.0,In Force,FTA & EIA,Goods & Services,1562,102,621,2170,0,0,0,0,0,0
2025,270900,"Petroleum oils and oils obtained from bituminous minerals, crude",KAZ,Kazakhstan,2829229.22,4321692.056666667,4265532.22,2800097.15,5133704.94,2.46,26,1.0,0.01336142320744571,0.09705610502497741,-0.054291692904414934,0.4396906101485949,0,354486747640.06,8827.97,3.3,39436661.0,66.25,2.5,2.5,0.0,0.0,None,None,None,3,27,67,85,0,0,0,0,0,0
2025,270900,"Petroleum oils and oils obtained from bituminous minerals, crude",KEN,Kenya,2009370.7433333334,3346414.17,4392031.74,459978.74,911596.34,0.4,26,1.0,-0.5772004924172061,-0.5612540517972702,-0.846415809196878,-0.7924431347575388,0,354486747640.06,8827.97,3.3,39436661.0,66.25,2.5,2.5,0.0,0.0,None,None,None,7,38,27,72,0,0,0,0,0,0
2025,270900,"Petroleum oils and oils obtained from bituminous minerals, crude",KOR,Republic of Korea,1701188.9900000002,2683071.4233333333,2837815.5,2160625.86,3709831.6,1.9,26,1.0,0.07960589323839407,0.1433653320683661,0.9836814362140904,1.4706397916235274,0,1859749923928.23,29536.14,4.6,61784103.0,81.25,2.5,2.5,0.0,1.0,In Force,FTA & EIA,Goods & Services,76,29,232,279,0,0,0,0,0,0
2025,270900,"Petroleum oils and oils obtained from bituminous minerals, crude",KWT,Kuwait,2822991.293333333,3601951.8866666667,3495879.0,2771466.51,3495879.0,2.44,26,1.0,-0.010796440342350166,-0.05617487701658186,-0.032719064765917016,0.032580236203097135,0,354486747640.06,8827.97,3.3,39436661.0,66.25,2.5,2.5,0.0,0.0,None,None,None,13,2,19,31,0,0,0,0,0,0
2025,270900,"Petroleum oils and oils obtained from bituminous minerals, crude",LKA,Sri Lanka,1528658.0166666666,1880997.3633333333,1260262.25,980155.02,1260262.25,0.86,26,1.0,0.48329612898391927,0.3778428305122623,-0.6898565450133131,-0.6611189507656157,0,354486747640.06,8827.97,3.3,39436661.0,66.25,2.5,2.5,0.0,1.0,In Force,FTA,Goods,21,19,118,151,0,0,0,0,0,0
2025,270900,"Petroleum oils and oils obtained from bituminous minerals, crude",MEX,Mexico,3026350.026666667,4502515.816666666,4555630.69,2378361.58,4555630.69,2.09,26,1.0,-0.10154993480725039,0.048482521840415904,-0.3664966844301373,-0.052461068431334246,0,1188674554333.95,8882.55,1.9,130009527.0,71.25,2.5,2.5,0.0,0.0,None,None,None,110,95,869,969,0,0,0,0,0,0
2025,270900,"Petroleum oils and oils obtained from bituminous minerals, crude",MYS,Malaysia,609856.38,1035335.5766666668,1321255.13,352237.52,435383.28,0.31,26,1.0,-0.2892758581975414,-0.4319708562236182,-0.5484189011872107,-0.6704775102748926,0,303500855641.07,9683.98,4.6,30760596.0,191.25,2.5,2.5,0.0,1.0,In Force,FTA,Goods & Services,177,54,172,349,0,0,0,0,0,0
2025,270900,"Petroleum oils and oils obtained from bituminous minerals, crude",NGA,Nigeria,1563448.0066666668,2716258.55,1469044.11,3337390.7,5958177.1,2.93,26,1.0,0.9584838608622523,1.013906417662528,5.0,5.0,0,204369543044.52,1260.94,4.3,160375757.0,56.25,0.0,2.5,2.5,0.0,None,None,None,41,23,101,163,0,0,1,1,0,0
2025,270900,"Petroleum oils and oils obtained from bituminous minerals, crude",NLD,Netherlands,3509567.736666667,5190979.763333333,5724516.01,3911956.25,6238762.72,3.44,26,1.0,-0.031421791880467564,0.043950356693998494,0.5987678731990274,0.7283516320432832,0,684132699691.79,31975.3,1.8,20901430.0,136.25,2.5,2.5,0.0,0.0,Under Negotiation,FTA,Goods & Services,531,23,1818,1876,0,0,0,0,0,0
2025,270900,"Petroleum oils and oils obtained from bituminous minerals, crude",NPL,Nepal,2331010.1599999997,4154842.9633333334,5756408.95,3196454.34,5933142.88,2.81,26,1.0,-0.012401199471569702,0.015235004850951528,5.0,5.0,0,354486747640.06,8827.97,3.3,39436661.0,66.25,2.5,2.5,0.0,1.0,In Force,PTA,Goods,1,44,20,63,0,0,0,0,0,0
2025,270900,"Petroleum oils and oils obtained from bituminous minerals, crude",NZL,New Zealand,1669436.7999999998,2255707.4266666668,1246957.42,731348.63,1246957.42,0.64,26,1.0,0.06539050410354807,0.20029214639168824,-0.7986726386638023,-0.7321046458016356,0,354486747640.06,8827.97,3.3,39436661.0,66.25,2.5,2.5,0.0,0.0,None,None,None,48,60,290,341,0,0,0,0,0,0
2025,270900,"Petroleum oils and oils obtained from bituminous minerals, crude",OMN,Oman,2901849.64,4125351.8633333333,5214614.17,1359229.64,1653193.2,1.19,26,1.0,-0.359478195072939,-0.43694513549889824,-0.6629974704783561,-0.6998695167735742,0,354486747640.06,8827.97,3.3,39436661.0,66.25,2.5,2.5,0.0,0.0,None,None,None,17,10,19,39,0,0,0,0,0,0
2025,270900,"Petroleum oils and oils obtained from bituminous minerals, crude",PHL,Philippines,1570041.9433333334,2598127.2666666666,2405314.79,886989.03,1871526.01,0.78,26,1.0,-0.17276299686244667,-0.1179118805552315,-0.6489921293763861,-0.467944791546291,0,354486747640.06,8827.97,3.3,39436661.0,66.25,2.5,2.5,0.0,0.0,None,None,None,377,75,252,598,0,0,0,0,0,0
2025,270900,"Petroleum oils and oils obtained from bituminous minerals, crude",POL,Poland,839223.0733333332,1417016.7933333332,1175377.92,769617.76,1175377.92,0.68,26,1.0,-0.10536368907139237,-0.22213107243945918,-0.021438831898779376,0.03726035561539609,0,354486747640.06,8827.97,3.3,39436661.0,66.25,2.5,2.5,0.0,0.0,None,None,None,79,24,1907,1952,0,0,0,0,0,0
2025,270900,"Petroleum oils and oils obtained from bituminous minerals, crude",QAT,Qatar,1545596.1033333335,2381063.283333333,1610755.94,3242100.64,5290261.52,2.85,26,1.0,0.5947838133571346,0.8122733330235403,5.0,5.0,0,354486747640.06,8827.97,3.3,39436661.0,66.25,2.5,2.5,0.0,0.0,None,None,None,11,2,19,29,0,0,0,0,0,0
2025,270900,"Petroleum oils and oils obtained from bituminous minerals, crude",RUS,Russian Federation,1005669.0733333332,1451191.6300000001,1601785.27,1193105.27,1601785.27,1.05,26,1.0,0.6955374666359346,0.41121844662446816,-0.15315744642903195,-0.17751457705574047,0,660552264556.61,3362.46,3.6,191925086.0,59.25,0.0,2.5,2.5,0.0,None,None,None,259,147,598,858,0,0,1,1,1,0
2025,270900,"Petroleum oils and oils obtained from bituminous minerals, crude",SAU,Saudi Arabia,2061003.5733333335,3167890.67,4128339.06,2827923.89,5217700.79,2.49,26,1.0,-0.06730176633411433,0.12422155031740378,5.0,5.0,0,415388277619.73,14929.51,3.0,27342752.0,73.25,0.0,2.5,2.5,0.0,Under Negotiation,FTA,Goods,38,35,43,95,0,0,0,0,0,0
2025,270900,"Petroleum oils and oils obtained from bituminous minerals, crude",SGP,Singapore,1123249.5833333333,1589213.8866666667,1335374.24,847813.88,1335374.24,0.75,26,1.0,-0.299846887186511,-0.26185002252013545,0.0698518673119839,0.36063563797704457,0,340929615341.57,63446.9,5.0,5258221.0,321.25,2.5,2.5,0.0,1.0,In Force,FTA & EIA,Goods & Services,15,5,22,27,1,1,0,0,0,0
2025,270900,"Petroleum oils and oils obtained from bituminous minerals, crude",SWE,Sweden,1377578.89,1965694.41,1422236.28,343897.01,420742.56,0.3,26,1.0,-0.6536019686561627,-0.6778480541367654,-0.6273454347033498,-0.7041683116115529,0,354486747640.06,8827.97,3.3,39436661.0,66.25,2.5,2.5,0.0,0.0,None,None,None,317,47,1005,1198,0,0,0,0,0,0
2025,270900,"Petroleum oils and oils obtained from bituminous minerals, crude",THA,Thailand,1639633.54,2682413.15,2951930.35,637841.71,1257841.42,0.56,26,1.0,-0.48256986222082343,-0.3472304421361745,-0.6640617689441728,-0.6722209735979661,0,335895377767.42,3988.94,3.8,82685533.0,126.25,2.5,2.5,0.0,1.0,In Force,FTA,Goods & Services,67,41,127,204,0,0,0,0,0,0
2025,270900,"Petroleum oils and oils obtained from bituminous minerals, crude",TUR,Türkiye,2785241.11,3860981.7633333337,3612403.24,1745280.48,3612403.24,1.53,26,1.0,-0.3776052246692331,-0.18351343334086334,-0.17090501031882988,0.4156270849090573,0,647529125689.17,7592.05,3.3,84263000.0,61.25,2.5,2.5,0.0,0.0,None,None,None,142,51,306,656,0,0,0,0,0,0
2025,270900,"Petroleum oils and oils obtained from bituminous minerals, crude",TWN,Taiwan,2615060.0433333335,4276702.606666666,5072910.95,4075701.46,5072910.95,3.58,26,1.0,1.1159604767991849,0.7937943882188285,0.4254826492706296,-0.1792245253558532,0,354486747640.06,8827.97,3.3,39436661.0,66.25,2.5,2.5,0.0,0.0,None,None,None,23,21,35,68,0,0,0,0,0,0
2025,270900,"Petroleum oils and oils obtained from bituminous minerals, crude",TZA,United Republic of Tanzania,1970443.9666666668,2849305.9866666663,2958377.26,4321411.74,5147192.1,3.8,26,1.0,0.7904936936548286,0.31904135141834944,5.0,5.0,0,354486747640.06,8827.97,3.3,39436661.0,66.25,2.5,2.5,0.0,0.0,None,None,None,20,30,33,71,0,0,0,0,0,0
2025,270900,"Petroleum oils and oils obtained from bituminous minerals, crude",USA,United States of America,1333787.4533333334,2397794.9566666665,2150754.42,1146687.6,2150754.42,1.01,26,1.0,-0.020696690297076215,0.11675638984666636,-0.3088106980267017,-0.3518090749275459,0,18097338437760.06,47718.36,2.1,370704619.0,36.25,2.5,2.5,0.0,0.0,None,None,None,1765,2105,19117,20895,0,0,0,0,0,0
2025,270900,"Petroleum oils and oils obtained from bituminous minerals, crude",VNM,Viet Nam,2809354.563333333,3792902.4733333327,4866839.1,4892812.38,5800643.38,4.3,26,1.0,0.28387861142552917,0.09172835151858516,5.0,5.0,0,160562089452.67,1522.87,6.6,105032975.0,121.25,2.5,2.5,0.0,1.0,In Force,FTA,Goods & Services,132,31,175,241,0,0,0,0,0,0
2025,270900,"Petroleum oils and oils obtained from bituminous minerals, crude",ZAF,South Africa,2445990.6766666663,4277903.753333333,3469750.37,2270648.26,3422445.01,2.0,26,1.0,-0.011984050310596572,-0.006840218990700864,-0.17167661915277754,-0.42397780648540084,0,261888231492.08,4360.27,2.0,59023536.0,63.25,2.5,2.5,0.0,1.0,Under Negotiation,PTA,Goods,60,85,696,793,0,0,0,0,0,0
2025,271019,"Medium oils and preparations, of petroleum or bituminous minerals",CHN,China,2145699.4004761903,2497260.4328571428,2183271.08,833730.75,1106989.61,0.29,92,3.5385,0.8167323137600775,0.8937079319038086,-0.6390529866577115,-0.6211188179435163,0,9300982450507.4,5588.1,8.3,1656339789.0,46.25,5.0,5.0,0.0,0.0,In Force,PTA,Goods,765,191,996,1676,0,0,0,0,0,0
2025,271019,"Medium oils and preparations, of petroleum or bituminous minerals",DEU,Germany,2157379.4790476193,2595521.9323809524,2043047.19,3277135.9,4184056.45,1.13,92,3.5385,0.08296919684988935,0.10491733847343765,-0.7811463963662034,-0.7782588792015963,0,2760472889424.06,24913.88,1.2,108056452.0,76.25,5.0,5.0,0.0,0.0,Under Negotiation,FTA,Goods & Services,879,112,9939,10026,0,0,0,0,0,0
2025,271019,"Medium oils and preparations, of petroleum or bituminous minerals",GBR,United Kingdom of Great Britain and Northern Ireland,2084370.7876190476,2413627.1680952376,1690037.29,2263635.99,2420921.92,0.78,92,3.5385,0.4193919273036055,0.4847408446607011,-0.8889517678791334,-0.8766502052843906,0,2593000127109.38,32632.91,1.6,77427312.0,66.25,5.0,5.0,0.0,0.0,Under Negotiation,FTA,Goods & Services,1350,144,4976,5878,0,0,0,0,0,0
2025,271019,"Medium oils and preparations, of petroleum or bituminous minerals",IND,India,1707047.0980952382,2020358.8357142855,2083759.31,2274349.86,2431632.34,0.78,77,2.9615,-0.22924941855038328,-0.2526516667222082,0.14959790151301444,0.05759579712454177,0,2423969608511.26,1757.16,6.6,1380283158.0,38.25,5.0,7.5,2.5,0.0,None,None,None,282,135,964,1337,0,0,0,0,0,0
2025,271019,"Medium oils and preparations, of petroleum or bituminous minerals",SAU,Saudi Arabia,2260517.010833333,2640531.696666667,2650312.91,1951610.74,2450384.7,0.67,103,3.9615,-0.32007875417616816,-0.3705380354365947,-0.5087614575284225,-0.5652561888329356,0,415388277619.73,14929.51,3.0,27342752.0,73.25,0.0,5.0,5.0,0.0,Under Negotiation,FTA,Goods,38,35,43,95,0,0,0,0,0,0
2025,271019,"Medium oils and preparations, of petroleum or bituminous minerals",SGP,Singapore,2024904.2733333334,2326578.323809523,1950915.34,586797.54,702366.85,0.2,92,3.5385,-0.39136247766445365,-0.38714914777191756,-0.5480960002817824,-0.5260861399492269,0,340929615341.57,63446.9,5.0,5258221.0,321.25,0.0,5.0,5.0,1.0,In Force,FTA & EIA,Goods & Services,15,5,22,27,1,1,0,0,0,0
2025,271019,"Medium oils and preparations, of petroleum or bituminous minerals",USA,United States of America,2421523.134761905,2791064.8814285714,1647381.05,1712140.69,1892900.38,0.59,92,3.5385,1.8484080525299365,1.93883937604132,0.006521071414704149,-0.06018178310658817,0,18097338437760.06,47718.36,2.1,370704619.0,36.25,0.0,5.0,5.0,0.0,None,None,None,1765,2105,19117,20895,0,0,0,0,0,0
2025,271019,"Medium oils and preparations, of petroleum or bituminous minerals",ARE,United Arab Emirates,2607164.934285714,2978633.967619048,2288317.54,566135.07,719866.89,0.19,92,3.5385,-0.183213465304081,-0.1508853737652568,-0.6431188550103597,-0.58738456412221,0,290888340065.6,69094.67,4.0,4206577.0,151.25,0.0,5.0,5.0,1.0,In Force,FTA & EIA,Goods & Services,44,10,35,75,0,0,1,1,1,0
2025,271019,"Medium oils and preparations, of petroleum or bituminous minerals (Diesel/Gas Oil)",AGO,Angola,2925700.42,3294615.7933333335,3686278.63,1782337.91,1785031.85,0.61,26,1.0,-0.334504932988299,-0.3639682295236618,-0.3999610890299865,-0.5157631776739795,0,354486747640.06,8827.97,3.3,39436661.0,66.25,5.0,5.0,0.0,0.0,None,None,None,35,40,13,81,0,0,0,0,0,0
2025,271019,"Medium oils and preparations, of petroleum or bituminous minerals (Diesel/Gas Oil)",ARG,Argentina,4792978.043333334,4820581.646666667,5446840.03,3224560.58,3233542.97,1.11,26,1.0,-0.176694247326452,-0.229509997266915,-0.49594253557114587,-0.4406952888337172,0,354486747640.06,8827.97,3.3,39436661.0,66.25,5.0,5.0,0.0,1.0,In Force,PTA,Goods,104,113,458,602,0,0,0,0,0,0
2025,271019,"Medium oils and preparations, of petroleum or bituminous minerals (Diesel/Gas Oil)",AUS,Australia,4406597.760000001,5009345.966666666,4227540.109999999,4431484.91,4227540.109999999,1.52,26,1.0,-0.13191791908536699,-0.22761458867943152,0.5240901924389849,0.13821120859777802,0,827705732805.53,32270.26,2.6,25108007.0,51.25,5.0,5.0,0.0,1.0,In Force,FTA,Goods & Services,378,622,1830,2593,0,0,0,0,0,0
2025,271019,"Medium oils and preparations, of petroleum or bituminous minerals (Diesel/Gas Oil)",AUT,Austria,3134525.643333333,3131159.346666666,3679274.83,4956119.74,4326038.63,1.7,26,1.0,0.7683414472281471,0.765325185229,0.7313778868393894,0.17578567241708987,0,354486747640.06,8827.97,3.3,39436661.0,66.25,5.0,5.0,0.0,0.0,None,None,None,111,11,1349,1394,0,0,0,0,0,0
2025,271019,"Medium oils and preparations, of petroleum or bituminous minerals (Diesel/Gas Oil)",BEL,Belgium,4990633.066666667,4947724.9799999995,4659398.02,2766206.92,3568499.29,0.95,26,1.0,-0.24085496922495153,-0.12485925972901113,-0.6264789690058343,-0.4605669648970635,0,354486747640.06,8827.97,3.3,39436661.0,66.25,5.0,5.0,0.0,0.0,None,None,None,484,11,1834,1842,0,0,0,0,0,0
2025,271019,"Medium oils and preparations, of petroleum or bituminous minerals (Diesel/Gas Oil)",BGD,Bangladesh,2037413.5433333332,2649706.5933333333,2580162.57,3858130.17,5195578.45,1.33,26,1.0,0.3477781110769742,0.4190360152942334,5.0,5.0,0,354486747640.06,8827.97,3.3,39436661.0,66.25,5.0,5.0,0.0,1.0,In Force,FTA,Goods,12,15,18,45,0,0,0,0,0,0
2025,271019,"Medium oils and preparations, of petroleum or bituminous minerals (Diesel/Gas Oil)",BRA,Brazil,3914015.7266666666,4083673.953333333,1795542.5,1793421.0,1795542.5,0.62,26,1.0,-0.5330603698369072,-0.5454535702402618,0.04077747894806949,0.017252113835257266,0,1214333384401.01,5179.26,2.3,230047193.0,35.25,5.0,5.0,0.0,1.0,In Force,PTA,Goods,206,430,5576,5635,0,0,0,0,0,0
2025,271019,"Medium oils and preparations, of petroleum or bituminous minerals (Diesel/Gas Oil)",CAN,Canada,2001539.2133333336,2295768.7533333334,1385555.74,1196562.7,1385555.74,0.41,26,1.0,1.2782263222763484,1.0836577306958772,-0.738600073818237,-0.7326533086646937,0,1278428077415.3,30906.61,2.0,40356850.0,86.25,5.0,5.0,0.0,0.0,None,None,None,580,499,2609,3225,0,0,0,0,0,0
2025,271019,"Medium oils and preparations, of petroleum or bituminous minerals (Diesel/Gas Oil)",CHE,Switzerland,2955633.8000000003,3275713.1166666667,1951214.48,5975431.17,6627083.55,2.05,26,1.0,0.885265042862216,0.8429294828241352,3.937349775442864,4.306585747815177,0,354486747640.06,8827.97,3.3,39436661.0,66.25,5.0,5.0,0.0,0.0,None,None,None,68,13,1548,1560,0,0,0,0,0,0
2025,271019,"Medium oils and preparations, of petroleum or bituminous minerals (Diesel/Gas Oil)",CHL,Chile,2715761.41,3101653.283333333,3222143.63,1391856.51,1755476.16,0.48,26,1.0,-0.432639894532712,-0.36307696572391923,-0.42757652580496786,-0.45518376534957405,0,354486747640.06,8827.97,3.3,39436661.0,66.25,5.0,5.0,0.0,1.0,In Force,PTA,Goods,105,43,445,489,0,0,0,0,0,0
2025,271019,"Medium oils and preparations, of petroleum or bituminous minerals (Diesel/Gas Oil)",COL,Colombia,4171254.36,4326793.84,5595193.61,7829332.79,7183789.49,2.69,26,1.0,0.318261260732452,0.1331026083249165,5.0,5.0,0,354486747640.06,8827.97,3.3,39436661.0,66.25,5.0,5.0,0.0,0.0,None,None,None,33,165,246,394,0,0,0,0,0,0
2025,271019,"Medium oils and preparations, of petroleum or bituminous minerals (Diesel/Gas Oil)",EGY,Egypt,2826156.89,3396592.35,3421055.5,4636035.03,6425668.97,1.59,26,1.0,0.1487929901969245,0.3705002346938666,5.0,5.0,0,290888340065.6,3140.67,4.0,92544699.0,49.25,5.0,5.0,0.0,0.0,None,None,None,41,24,74,127,0,0,0,0,0,0
2025,271019,"Medium oils and preparations, of petroleum or bituminous minerals (Diesel/Gas Oil)",ESP,Spain,1756540.51,2031272.67,1409540.46,1357740.51,1409540.46,0.47,26,1.0,-0.36885994077583584,-0.4153670618240056,1.697325644758811,1.5154626646233105,0,354486747640.06,8827.97,3.3,39436661.0,66.25,5.0,5.0,0.0,0.0,None,None,None,432,50,4433,4769,0,0,0,0,0,0
2025,271019,"Medium oils and preparations, of petroleum or bituminous minerals (Diesel/Gas Oil)",FRA,France,3475904.0,3257342.3333333335,4093979.04,5150081.24,5109606.87,1.77,26,1.0,1.8714780031897567,1.9981338084675273,0.10682333226531782,0.24807841468547243,0,1973285681586.82,24141.89,1.3,80056423.0,65.25,5.0,5.0,0.0,0.0,Under Negotiation,FTA,Goods & Services,808,142,14175,14370,0,0,0,0,0,0
2025,271019,"Medium oils and preparations, of petroleum or bituminous minerals (Diesel/Gas Oil)",GHA,Ghana,2849444.7433333336,3027817.36,2993730.01,3156496.33,2993730.01,1.08,26,1.0,-0.18634883688586013,-0.2500063888963058,4.059138180530713,2.9009064379323157,0,354486747640.06,8827.97,3.3,39436661.0,66.25,5.0,5.0,0.0,0.0,None,None,None,11,5,45,62,0,0,0,0,0,0
2025,271019,"Medium oils and preparations, of petroleum or bituminous minerals (Diesel/Gas Oil)",HKG,"China, Hong Kong Special Administrative Region",2943692.0399999996,3220431.1233333335,2985207.52,1643794.17,2076760.47,0.56,26,1.0,-0.17614995185254656,-0.16592339310805093,-0.6550571707625314,-0.5484641119260085,0,354486747640.06,8827.97,3.3,39436661.0,66.25,5.0,5.0,0.0,0.0,None,None,None,13,3,63,70,0,0,0,0,0,0
2025,271019,"Medium oils and preparations, of petroleum or bituminous minerals (Diesel/Gas Oil)",IDN,Indonesia,1939897.1600000001,2156661.61,1498885.65,1253818.92,1498885.65,0.43,26,1.0,-0.3782918703456116,-0.3487692421688958,-0.05158521719830578,0.043183781726250814,0,558748565248.4,1981.66,4.8,277371187.0,66.25,5.0,5.0,0.0,1.0,In Force,FTA,Goods & Services,297,187,365,748,0,0,0,0,0,0
2025,271019,"Medium oils and preparations, of petroleum or bituminous minerals (Diesel/Gas Oil)",IRN,Iran (Islamic Republic of),2889485.8000000003,3532425.23,4088817.82,3791414.19,4418060.24,1.3,26,1.0,0.07055915594793061,0.039481911138455894,1.41655490710224,1.1135023196509684,0,354486747640.06,8827.97,3.3,39436661.0,66.25,5.0,5.0,0.0,0.0,None,None,None,43,70,58,158,0,0,0,0,0,0
2025,271019,"Medium oils and preparations, of petroleum or bituminous minerals (Diesel/Gas Oil)",ISR,Israel,5308798.933333334,5274382.506666667,5652896.99,7472610.31,6629857.9,2.57,26,1.0,0.2172605987505587,0.08297036936577973,1.1909971334814706,0.8726335163561021,0,354486747640.06,8827.97,3.3,39436661.0,66.25,5.0,5.0,0.0,0.0,None,None,None,22,15,360,381,0,0,0,0,0,0
2025,271019,"Medium oils and preparations, of petroleum or bituminous minerals (Diesel/Gas Oil)",ITA,Italy,2493696.3133333335,2930250.8800000004,1263483.42,5495337.07,6696761.42,1.89,26,1.0,2.0740241488902313,1.8396221533121238,2.913467906732438,4.300236880033376,0,1461972474319.65,19023.64,0.8,74798201.0,61.25,5.0,5.0,0.0,0.0,Under Negotiation,FTA,Goods & Services,327,61,5598,5803,0,0,0,0,0,0
2025,271019,"Medium oils and preparations, of petroleum or bituminous minerals (Diesel/Gas Oil)",JPN,Japan,5302356.873333334,5378152.193333333,5823880.99,3802746.8,4177612.93,1.31,26,1.0,-0.2068918990763926,-0.15304984176445002,-0.3723616141319477,-0.31882628973982396,0,6533340281527.44,38134.14,0.9,166685623.0,33.25,5.0,5.0,0.0,1.0,In Force,FTA & EIA,Goods & Services,1562,102,621,2170,0,0,0,0,0,0
2025,271019,"Medium oils and preparations, of petroleum or bituminous minerals (Diesel/Gas Oil)",KAZ,Kazakhstan,970112.1366666667,1018034.71,1005247.9,1114373.43,1005247.9,0.38,26,1.0,0.18641109643398512,0.10714258898072782,0.10964244723226657,-0.18189896925632,0,354486747640.06,8827.97,3.3,39436661.0,66.25,5.0,5.0,0.0,0.0,None,None,None,3,27,67,85,0,0,0,0,0,0
2025,271019,"Medium oils and preparations, of petroleum or bituminous minerals (Diesel/Gas Oil)",KEN,Kenya,1627947.076666667,1786770.1866666668,1370235.61,991364.53,1304663.11,0.34,26,1.0,-0.37438230090570745,-0.30298240437515256,-0.27083704936746544,-0.04785490869044928,0,354486747640.06,8827.97,3.3,39436661.0,66.25,5.0,5.0,0.0,0.0,None,None,None,7,38,27,72,0,0,0,0,0,0
2025,271019,"Medium oils and preparations, of petroleum or bituminous minerals (Diesel/Gas Oil)",KOR,Republic of Korea,3624828.736666667,4044561.8433333333,2964207.85,2369621.25,2964207.85,0.81,26,1.0,-0.441171930732837,-0.3975456423734225,1.5842453878623148,1.956759477198034,0,1859749923928.23,29536.14,4.6,61784103.0,81.25,5.0,5.0,0.0,1.0,In Force,FTA & EIA,Goods & Services,76,29,232,279,0,0,0,0,0,0
2025,271019,"Medium oils and preparations, of petroleum or bituminous minerals (Diesel/Gas Oil)",KWT,Kuwait,2934131.83,3244782.58,3432907.02,3805076.06,3432907.02,1.31,26,1.0,0.45092630563406,0.31194945349485415,0.19287250572642822,-0.20294136209331837,0,354486747640.06,8827.97,3.3,39436661.0,66.25,5.0,5.0,0.0,0.0,None,None,None,13,2,19,31,0,0,0,0,0,0
2025,271019,"Medium oils and preparations, of petroleum or bituminous minerals (Diesel/Gas Oil)",LKA,Sri Lanka,3406710.6733333333,3624075.1933333334,4158239.1,4071585.98,4158239.1,1.4,26,1.0,0.5183646025961075,0.296555815238271,-0.07093629786046618,-0.019375842295389134,0,354486747640.06,8827.97,3.3,39436661.0,66.25,5.0,5.0,0.0,1.0,In Force,FTA,Goods,21,19,118,151,0,0,0,0,0,0
2025,271019,"Medium oils and preparations, of petroleum or bituminous minerals (Diesel/Gas Oil)",MEX,Mexico,3783762.053333333,3728165.31,5118973.21,5799821.5,5118973.21,1.99,26,1.0,2.456304267927605,2.4270642024536517,0.14486060511161192,-0.09071545115547308,0,1188674554333.95,8882.55,1.9,130009527.0,71.25,5.0,5.0,0.0,0.0,None,None,None,110,95,869,969,0,0,0,0,0,0
2025,271019,"Medium oils and preparations, of petroleum or bituminous minerals (Diesel/Gas Oil)",MYS,Malaysia,2882711.1933333334,3132077.06,2416879.23,1075160.42,1164436.58,0.37,26,1.0,-0.5426375167805952,-0.552507026113895,-0.5581113258997082,-0.51820655101599,0,303500855641.07,9683.98,4.6,30760596.0,191.25,5.0,5.0,0.0,1.0,In Force,FTA,Goods & Services,177,54,172,349,0,0,0,0,0,0
2025,271019,"Medium oils and preparations, of petroleum or bituminous minerals (Diesel/Gas Oil)",NGA,Nigeria,4636863.953333333,5283779.22,5803763.05,5958810.6,6784947.4,2.05,26,1.0,0.5316488659363445,0.44208053771591604,0.10109004986207948,0.16906002907869078,0,204369543044.52,1260.94,4.3,160375757.0,56.25,5.0,5.0,0.0,0.0,None,None,None,41,23,101,163,0,0,1,1,0,0
2025,271019,"Medium oils and preparations, of petroleum or bituminous minerals (Diesel/Gas Oil)",NLD,Netherlands,3345776.7099999995,3525561.966666667,3993733.83,5423220.25,5288280.09,1.86,26,1.0,1.2273772287111715,1.0210513599517075,0.5402564654896391,0.3241443509014912,0,684132699691.79,31975.3,1.8,20901430.0,136.25,0.0,5.0,5.0,0.0,Under Negotiation,FTA,Goods & Services,531,23,1818,1876,0,0,0,0,0,0
2025,271019,"Medium oils and preparations, of petroleum or bituminous minerals (Diesel/Gas Oil)",NPL,Nepal,4865394.823333333,5838544.100000001,6297153.2,5892635.83,6355575.65,2.02,26,1.0,0.22136799266237195,0.1432194975942056,0.2396749120308692,0.00927759705750697,0,354486747640.06,8827.97,3.3,39436661.0,66.25,5.0,5.0,0.0,1.0,In Force,PTA,Goods,1,44,20,63,0,0,0,0,0,0
2025,271019,"Medium oils and preparations, of petroleum or bituminous minerals (Diesel/Gas Oil)",NZL,New Zealand,1190006.78,1477529.88,1765866.93,366379.12,405402.68,0.13,26,1.0,-0.5165048445110652,-0.5208579121657911,-0.776101382574059,-0.8207229960282001,0,354486747640.06,8827.97,3.3,39436661.0,66.25,5.0,5.0,0.0,0.0,None,None,None,48,60,290,341,0,0,0,0,0,0
2025,271019,"Medium oils and preparations, of petroleum or bituminous minerals (Diesel/Gas Oil)",OMN,Oman,2086781.61,2035987.7066666668,1867808.51,3452893.13,3124951.34,1.19,26,1.0,0.33153128749431726,0.2934673025013659,3.01527863715293,1.802136098468576,0,354486747640.06,8827.97,3.3,39436661.0,66.25,5.0,5.0,0.0,0.0,None,None,None,17,10,19,39,0,0,0,0,0,0
2025,271019,"Medium oils and preparations, of petroleum or bituminous minerals (Diesel/Gas Oil)",PHL,Philippines,3437881.02,3943720.2433333327,3422001.53,3213142.48,3422001.53,1.1,26,1.0,-0.11020799359147582,-0.21561371948923702,0.05621888087074711,0.20184212673462354,0,354486747640.06,8827.97,3.3,39436661.0,66.25,5.0,5.0,0.0,0.0,None,None,None,377,75,252,598,0,0,0,0,0,0
2025,271019,"Medium oils and preparations, of petroleum or bituminous minerals (Diesel/Gas Oil)",POL,Poland,3390850.9599999995,3856921.1133333333,4948696.0,4782650.11,4948696.0,1.64,26,1.0,0.09986568989617295,-0.012494325101087167,2.3297618867822716,2.1981681442618717,0,354486747640.06,8827.97,3.3,39436661.0,66.25,5.0,5.0,0.0,0.0,None,None,None,79,24,1907,1952,0,0,0,0,0,0
2025,271019,"Medium oils and preparations, of petroleum or bituminous minerals (Diesel/Gas Oil)",QAT,Qatar,2363913.84,2941446.223333333,3104131.22,2648523.64,3104131.22,0.91,26,1.0,-0.07858396409418733,-0.10753539039413662,1.000901436390388,0.7027979204682153,0,354486747640.06,8827.97,3.3,39436661.0,66.25,5.0,5.0,0.0,0.0,None,None,None,11,2,19,29,0,0,0,0,0,0
2025,271019,"Medium oils and preparations, of petroleum or bituminous minerals (Diesel/Gas Oil)",RUS,Russian Federation,3838676.7366666663,3940705.5766666667,4401430.85,1825194.69,1769197.4,0.63,26,1.0,-0.28118743164038673,-0.36599715800373434,-0.7036237595761365,-0.6869501890943097,0,660552264556.61,3362.46,3.6,191925086.0,59.25,5.0,5.0,0.0,0.0,None,None,None,259,147,598,858,0,0,1,1,1,0
2025,271019,"Medium oils and preparations, of petroleum or bituminous minerals (Diesel/Gas Oil)",SWE,Sweden,1446899.5466666669,1495181.093333333,1510623.71,2415059.24,2688094.44,0.83,26,1.0,0.22636369984943316,0.3339640108072026,5.0,5.0,0,354486747640.06,8827.97,3.3,39436661.0,66.25,5.0,5.0,0.0,0.0,None,None,None,317,47,1005,1198,0,0,0,0,0,0
2025,271019,"Medium oils and preparations, of petroleum or bituminous minerals (Diesel/Gas Oil)",THA,Thailand,3258276.92,3230928.216666667,4498336.44,4613266.93,4498336.44,1.58,26,1.0,-0.016459480688552075,-0.02468746548261236,5.0,5.0,0,335895377767.42,3988.94,3.8,82685533.0,126.25,5.0,5.0,0.0,1.0,In Force,FTA,Goods & Services,67,41,127,204,0,0,0,0,0,0
2025,271019,"Medium oils and preparations, of petroleum or bituminous minerals (Diesel/Gas Oil)",TUR,Türkiye,3054290.323333333,3167246.6,3037030.54,5636753.0,5623398.02,1.94,26,1.0,1.7631594923562939,1.5853602440763233,1.0219034576229094,0.8516106262132446,0,647529125689.17,7592.05,3.3,84263000.0,61.25,5.0,5.0,0.0,0.0,None,None,None,142,51,306,656,0,0,0,0,0,0
2025,271019,"Medium oils and preparations, of petroleum or bituminous minerals (Diesel/Gas Oil)",TWN,Taiwan,2350071.046666667,2501978.7733333334,885852.69,256450.37,304617.59,0.09,26,1.0,-0.7945532633547615,-0.7803785336657404,-0.6427987538748614,-0.6561306485397067,0,354486747640.06,8827.97,3.3,39436661.0,66.25,5.0,5.0,0.0,0.0,None,None,None,23,21,35,68,0,0,0,0,0,0
2025,271019,"Medium oils and preparations, of petroleum or bituminous minerals (Diesel/Gas Oil)",TZA,United Republic of Tanzania,3610503.8000000003,3766192.3166666664,3635151.02,6002884.83,6137592.7,2.06,26,1.0,0.3126574657229928,0.29938486321214874,3.463792682050043,3.0224531615397954,0,354486747640.06,8827.97,3.3,39436661.0,66.25,5.0,5.0,0.0,0.0,None,None,None,20,30,33,71,0,0,0,0,0,0
2025,271019,"Medium oils and preparations, of petroleum or bituminous minerals (Diesel/Gas Oil)",VNM,Viet Nam,2234998.486666667,2622780.0833333335,1870940.79,1928386.79,1870940.79,0.66,26,1.0,0.14440241202745385,0.08864432319226201,-0.416378209631042,-0.5765896801402282,0,160562089452.67,1522.87,6.6,105032975.0,121.25,5.0,5.0,0.0,1.0,In Force,FTA,Goods & Services,132,31,175,241,0,0,0,0,0,0
2025,271019,"Medium oils and preparations, of petroleum or bituminous minerals (Diesel/Gas Oil)",ZAF,South Africa,6436174.583333333,6686442.75,7556714.38,3318441.67,3538846.55,1.14,26,1.0,-0.31076460681183715,-0.3156719181942015,-0.6314708640264068,-0.6052054427937109,0,261888231492.08,4360.27,2.0,59023536.0,63.25,5.0,5.0,0.0,1.0,Under Negotiation,PTA,Goods,60,85,696,793,0,0,0,0,0,0
2025,280461,Silicon containing by weight not less than 99.99% of silicon,AGO,Angola,134584299.89333335,4228646.913333333,5565259.1,133125645.56,5947598.2,2.54,26,1.0,-0.2266072714908962,0.03377997763022211,1.7699970294830578,4.070055545234643,0,354486747640.06,8827.97,3.3,39436661.0,66.25,5.0,5.0,0.0,0.0,None,None,None,35,40,13,81,0,0,0,0,0,1
2025,280461,Silicon containing by weight not less than 99.99% of silicon,ARE,United Arab Emirates,112808025.87666667,3466436.486666667,2049358.33,222891940.65,6597064.62,4.25,26,1.0,0.7469381755943869,0.9399854364799227,4.245041033604243,2.219087908358506,0,290888340065.6,69094.67,4.0,4206577.0,151.25,5.0,5.0,0.0,1.0,In Force,FTA & EIA,Goods & Services,44,10,35,75,0,0,1,1,1,1
2025,280461,Silicon containing by weight not less than 99.99% of silicon,ARG,Argentina,91464900.88666666,3077590.2133333334,2568329.79,78790771.66,2355249.52,1.5,26,1.0,-0.23964097049742117,-0.2607002262541296,0.3281856637097258,-0.08296452847705238,0,354486747640.06,8827.97,3.3,39436661.0,66.25,5.0,5.0,0.0,1.0,In Force,PTA,Goods,104,113,458,602,0,0,0,0,0,1
2025,280461,Silicon containing by weight not less than 99.99% of silicon,AUS,Australia,121734143.95666666,4531025.883333334,4157660.38,161131160.99,6840523.65,3.07,26,1.0,0.013971594400707943,0.28268545148494106,2.402981588365015,1.6361480090260363,0,827705732805.53,32270.26,2.6,25108007.0,51.25,5.0,5.0,0.0,1.0,In Force,FTA,Goods & Services,378,622,1830,2593,0,0,0,0,0,1
2025,280461,Silicon containing by weight not less than 99.99% of silicon,AUT,Austria,88020993.44666666,3830307.15,4045580.89,76894019.77,2372277.71,1.46,26,1.0,0.020382884738449958,-0.23424063018218577,-0.32142127834935796,-0.5323776227216399,0,354486747640.06,8827.97,3.3,39436661.0,66.25,5.0,5.0,0.0,0.0,None,None,None,111,11,1349,1394,0,0,0,0,0,1
2025,280461,Silicon containing by weight not less than 99.99% of silicon,BEL,Belgium,55361893.173333324,1721161.24,1732594.36,46316059.97,1379579.59,0.88,26,1.0,-0.22368865864750398,-0.17991710039130226,0.0792055459304597,-0.20374923187490712,0,354486747640.06,8827.97,3.3,39436661.0,66.25,5.0,5.0,0.0,0.0,None,None,None,484,11,1834,1842,0,0,0,0,0,1
2025,280461,Silicon containing by weight not less than 99.99% of silicon,BGD,Bangladesh,96915191.43666667,4209050.703333333,4284871.59,107433334.01,5519139.39,2.05,26,1.0,0.03808268154063166,0.13492398840937914,0.2848290605649,0.9549640403553064,0,354486747640.06,8827.97,3.3,39436661.0,66.25,5.0,5.0,0.0,1.0,In Force,FTA,Goods,12,15,18,45,0,0,0,0,0,1
2025,280461,Silicon containing by weight not less than 99.99% of silicon,BRA,Brazil,51427216.72333334,1986848.8033333335,2254692.49,26886116.92,1421086.15,0.51,26,1.0,-0.3242961921943276,-0.21134116750511156,-0.6075539999621996,-0.36972063538501887,0,1214333384401.01,5179.26,2.3,230047193.0,35.25,5.0,5.0,0.0,1.0,In Force,PTA,Goods,206,430,5576,5635,0,0,0,0,0,1
2025,280461,Silicon containing by weight not less than 99.99% of silicon,CAN,Canada,70757297.51333334,2079971.79,2540033.97,4947050.25,181886.0,0.09,26,1.0,-0.806302770450658,-0.7726201359705476,-0.934449207437851,-0.9283922962652628,0,1278428077415.3,30906.61,2.0,40356850.0,86.25,5.0,5.0,0.0,0.0,None,None,None,580,499,2609,3225,0,0,0,0,0,1
2025,280461,Silicon containing by weight not less than 99.99% of silicon,CHE,Switzerland,116288855.02999999,3319630.063333334,3013189.85,24062881.58,885015.64,0.46,26,1.0,-0.4295704447226758,-0.458046251000506,-0.9040756758165043,-0.8539743141563108,0,354486747640.06,8827.97,3.3,39436661.0,66.25,5.0,5.0,0.0,0.0,None,None,None,68,13,1548,1560,0,0,0,0,0,1
2025,280461,Silicon containing by weight not less than 99.99% of silicon,CHL,Chile,101600682.26666667,3390120.0566666666,1867824.21,171624613.46,6855808.74,3.27,26,1.0,0.5014236375807046,0.915849308400603,2.00861403101064,3.7388399452353305,0,354486747640.06,8827.97,3.3,39436661.0,66.25,5.0,5.0,0.0,1.0,In Force,PTA,Goods,105,43,445,489,0,0,0,0,0,1
2025,280461,Silicon containing by weight not less than 99.99% of silicon,CHN,China,101339157.60333334,2846674.48,3280074.96,77901383.43,1923358.09,1.48,26,1.0,-0.2327961545399676,-0.23424791169561354,-0.16919534985429874,-0.4235558264017467,0,9300982450507.4,5588.1,8.3,1656339789.0,46.25,5.0,5.0,0.0,0.0,In Force,PTA,Goods,765,191,996,1676,0,0,0,0,0,1
2025,280461,Silicon containing by weight not less than 99.99% of silicon,COL,Colombia,104860265.12333333,3700383.42,2957874.6,88815128.11,2957874.6,1.69,26,1.0,0.05618012148406448,0.17241525833797766,-0.3922920782733844,-0.5063134208021408,0,354486747640.06,8827.97,3.3,39436661.0,66.25,5.0,5.0,0.0,0.0,None,None,None,33,165,246,394,0,0,0,0,0,1
2025,280461,Silicon containing by weight not less than 99.99% of silicon,DEU,Germany,79473570.92666666,2592225.7666666666,2920077.55,118986165.63,2920077.55,2.27,26,1.0,0.07684592817030467,-0.17305936640763642,5.0,3.979462139937996,0,2760472889424.06,24913.88,1.2,108056452.0,76.25,0.0,5.0,5.0,0.0,Under Negotiation,FTA,Goods & Services,879,112,9939,10026,0,0,0,0,0,1
2025,280461,Silicon containing by weight not less than 99.99% of silicon,EGY,Egypt,60483264.093333334,2648123.76,1690624.91,88588564.28,4919866.96,1.69,26,1.0,0.46264797835906046,0.7058979514384398,0.7217739223595034,2.6883896123685664,0,290888340065.6,3140.67,4.0,92544699.0,49.25,5.0,5.0,0.0,0.0,None,None,None,41,24,74,127,0,0,0,0,0,1
2025,280461,Silicon containing by weight not less than 99.99% of silicon,ESP,Spain,106822173.54,4213950.46,4876271.21,153180406.5,5705626.56,2.92,26,1.0,0.14399989090603227,0.08170228074529962,2.0488790441198605,1.7697840049889422,0,354486747640.06,8827.97,3.3,39436661.0,66.25,5.0,5.0,0.0,0.0,None,None,None,432,50,4433,4769,0,0,0,0,0,1
2025,280461,Silicon containing by weight not less than 99.99% of silicon,FRA,France,105001972.53000002,3100642.1633333326,2895362.03,183578094.41,4396770.21,3.5,26,1.0,0.6596852492576486,0.47907802455553017,1.8337586335218092,0.5185562856878669,0,1973285681586.82,24141.89,1.3,80056423.0,65.25,5.0,5.0,0.0,0.0,Under Negotiation,FTA,Goods & Services,808,142,14175,14370,0,0,0,0,0,1
2025,280461,Silicon containing by weight not less than 99.99% of silicon,GBR,United Kingdom of Great Britain and Northern Ireland,133856233.14333333,3674244.6733333333,4443715.82,41167587.43,1137843.89,0.78,26,1.0,-0.4472661455565504,-0.4939793943537826,-0.817562269505729,-0.7908826615040401,0,2593000127109.38,32632.91,1.6,77427312.0,66.25,5.0,5.0,0.0,0.0,Under Negotiation,FTA,Goods & Services,1350,144,4976,5878,0,0,0,0,0,1
2025,280461,Silicon containing by weight not less than 99.99% of silicon,GHA,Ghana,159234878.02333334,4306824.873333334,5187611.62,174045687.95,5187611.62,3.32,26,1.0,0.6607406498493933,0.7664399941111135,-0.2764814045618318,-0.14541554363589126,0,354486747640.06,8827.97,3.3,39436661.0,66.25,5.0,5.0,0.0,0.0,None,None,None,11,5,45,62,0,0,0,0,0,1
2025,280461,Silicon containing by weight not less than 99.99% of silicon,HKG,"China, Hong Kong Special Administrative Region",105783901.07000001,3143404.2433333336,3155071.71,94930009.07,3155071.71,1.81,26,1.0,-0.31449918940720856,-0.2551293737020375,3.6523251817928415,4.360222389628716,0,354486747640.06,8827.97,3.3,39436661.0,66.25,5.0,5.0,0.0,0.0,None,None,None,13,3,63,70,0,0,0,0,0,1
2025,280461,Silicon containing by weight not less than 99.99% of silicon,IDN,Indonesia,92284186.03333332,2739109.54,2476856.37,73894640.52,2476856.37,1.41,26,1.0,-0.04867934310974242,0.030751114238181776,-0.39084790317275075,-0.27347848119566787,0,558748565248.4,1981.66,4.8,277371187.0,66.25,5.0,5.0,0.0,1.0,In Force,FTA,Goods & Services,297,187,365,748,0,0,0,0,0,1
2025,280461,Silicon containing by weight not less than 99.99% of silicon,IRN,Iran (Islamic Republic of),101944297.49,2771867.0933333333,3049823.17,45704973.75,1254407.57,0.87,26,1.0,-0.42572429279979707,-0.4407925575562529,-0.6239539425968803,-0.5886949832571478,0,354486747640.06,8827.97,3.3,39436661.0,66.25,5.0,5.0,0.0,0.0,None,None,None,43,70,58,158,0,0,0,0,0,1
2025,280461,Silicon containing by weight not less than 99.99% of silicon,ISR,Israel,130694968.35333334,3849908.3833333333,3860487.12,258256905.16,6476495.16,4.92,26,1.0,1.5190237107576667,1.3109239718470191,1.7731197069259688,0.6776367745007068,0,354486747640.06,8827.97,3.3,39436661.0,66.25,5.0,5.0,0.0,0.0,None,None,None,22,15,360,381,0,0,0,0,0,1
2025,280461,Silicon containing by weight not less than 99.99% of silicon,ITA,Italy,135583319.01000002,4265514.253333333,3873727.5,144901583.56,3682184.83,2.76,26,1.0,0.3146245790581246,-0.025036720731683948,-0.18596823832887543,-0.29737750463749124,0,1461972474319.65,19023.64,0.8,74798201.0,61.25,5.0,5.0,0.0,0.0,Under Negotiation,FTA,Goods & Services,327,61,5598,5803,0,0,0,0,0,1
2025,280461,Silicon containing by weight not less than 99.99% of silicon,JPN,Japan,96810301.77,2559548.2533333334,2640388.74,15542244.72,406170.73,0.3,26,1.0,-0.6077122058670312,-0.6077884527579859,-0.9106216201655328,-0.9123136331542133,0,6533340281527.44,38134.14,0.9,166685623.0,33.25,0.0,5.0,5.0,1.0,In Force,FTA & EIA,Goods & Services,1562,102,621,2170,0,0,0,0,0,1
2025,280461,Silicon containing by weight not less than 99.99% of silicon,KAZ,Kazakhstan,44554712.876666665,1977251.9633333331,1690045.55,14198597.18,635375.88,0.27,26,1.0,-0.5646304049731822,-0.5802580640774397,-0.6813411571401551,-0.6240480737340931,0,354486747640.06,8827.97,3.3,39436661.0,66.25,5.0,5.0,0.0,0.0,None,None,None,3,27,67,85,0,0,0,0,0,1
2025,280461,Silicon containing by weight not less than 99.99% of silicon,KEN,Kenya,82043422.2,2730868.723333333,2293809.34,138291259.52,5383070.18,2.63,26,1.0,2.123960844391358,2.2307639922727773,0.4763893059498403,1.3467818733346224,0,354486747640.06,8827.97,3.3,39436661.0,66.25,5.0,5.0,0.0,0.0,None,None,None,7,38,27,72,0,0,0,0,0,1
2025,280461,Silicon containing by weight not less than 99.99% of silicon,KOR,Republic of Korea,91689042.79666667,2607650.53,3494631.75,153930297.97,4069281.76,2.93,26,1.0,3.2178692287688246,2.963483683512756,0.3684590199580018,0.16443792968996962,0,1859749923928.23,29536.14,4.6,61784103.0,81.25,5.0,5.0,0.0,1.0,In Force,FTA & EIA,Goods & Services,76,29,232,279,0,0,0,0,0,1
2025,280461,Silicon containing by weight not less than 99.99% of silicon,KWT,Kuwait,40515107.61666667,1313607.6633333333,1152772.49,16073962.76,675501.36,0.31,26,1.0,-0.17005799655343468,-0.23450684440966774,-0.8042989790832423,-0.6802434806322752,0,354486747640.06,8827.97,3.3,39436661.0,66.25,5.0,5.0,0.0,0.0,None,None,None,13,2,19,31,0,0,0,0,0,1
2025,280461,Silicon containing by weight not less than 99.99% of silicon,LKA,Sri Lanka,108715915.91000001,3818864.9166666665,4005905.02,98204506.72,4005905.02,1.87,26,1.0,-0.11235923454722441,0.14082145200647278,-0.04935828482042737,-0.08388573748956196,0,354486747640.06,8827.97,3.3,39436661.0,66.25,5.0,5.0,0.0,1.0,In Force,FTA,Goods,21,19,118,151,0,0,0,0,0,1
2025,280461,Silicon containing by weight not less than 99.99% of silicon,MEX,Mexico,93926460.05666666,3278074.4933333336,3256008.26,153189166.26,5349576.67,2.92,26,1.0,1.6044813773277578,1.086640532742881,0.4450852356997532,0.6429862097457817,0,1188674554333.95,8882.55,1.9,130009527.0,71.25,5.0,5.0,0.0,0.0,None,None,None,110,95,869,969,0,0,0,0,0,1
2025,280461,Silicon containing by weight not less than 99.99% of silicon,MYS,Malaysia,73242313.20333333,2554291.2466666666,1327031.58,169594047.78,5962078.62,3.23,26,1.0,3.349913346948844,2.9939293857864713,3.119362476397572,3.492793321463764,0,303500855641.07,9683.98,4.6,30760596.0,191.25,5.0,5.0,0.0,1.0,In Force,FTA,Goods & Services,177,54,172,349,0,0,0,0,0,1
2025,280461,Silicon containing by weight not less than 99.99% of silicon,NGA,Nigeria,92752380.33333333,3009546.5466666664,1644864.82,51736411.66,1644864.82,0.99,26,1.0,-0.48080311452733815,-0.483851050954335,0.49546800388541956,0.3598610483117155,0,204369543044.52,1260.94,4.3,160375757.0,56.25,5.0,5.0,0.0,0.0,None,None,None,41,23,101,163,0,0,1,1,0,1
2025,280461,Silicon containing by weight not less than 99.99% of silicon,NLD,Netherlands,90164980.12333333,3162044.3266666667,2813291.35,64270438.6,2813291.35,1.22,26,1.0,0.46813744507667887,0.39657795871557355,-0.6356686346639644,-0.46213167038085035,0,684132699691.79,31975.3,1.8,20901430.0,136.25,5.0,5.0,0.0,0.0,Under Negotiation,FTA,Goods & Services,531,23,1818,1876,0,0,0,0,0,1
2025,280461,Silicon containing by weight not less than 99.99% of silicon,NPL,Nepal,74453943.28666666,2815648.9933333336,1912703.88,28828334.51,1073272.23,0.55,26,1.0,-0.5553428720177018,-0.5566772523212244,-0.40840235960213644,-0.4388717243573329,0,354486747640.06,8827.97,3.3,39436661.0,66.25,5.0,5.0,0.0,1.0,In Force,PTA,Goods,1,44,20,63,0,0,0,0,0,1
2025,280461,Silicon containing by weight not less than 99.99% of silicon,NZL,New Zealand,64953277.953333326,2435136.9,2333123.31,5732740.14,178401.69,0.11,26,1.0,-0.7881214348875285,-0.8070895986548928,-0.9066752788576253,-0.923535250265052,0,354486747640.06,8827.97,3.3,39436661.0,66.25,5.0,5.0,0.0,0.0,None,None,None,48,60,290,341,0,0,0,0,0,1
2025,280461,Silicon containing by weight not less than 99.99% of silicon,OMN,Oman,79782306.47333333,2632246.52,2210289.54,174601102.13,4987975.02,3.33,26,1.0,1.9101235878506437,1.672309168744024,2.956617423394357,1.2567066122919548,0,354486747640.06,8827.97,3.3,39436661.0,66.25,5.0,5.0,0.0,0.0,None,None,None,17,10,19,39,0,0,0,0,0,1
2025,280461,Silicon containing by weight not less than 99.99% of silicon,PHL,Philippines,85556212.41000001,3353277.0566666666,3408369.47,87730414.76,3408369.47,1.67,26,1.0,0.3609980016208638,0.3016646958531566,-0.2783883217110712,-0.26541074155603583,0,354486747640.06,8827.97,3.3,39436661.0,66.25,5.0,5.0,0.0,0.0,None,None,None,377,75,252,598,0,0,0,0,0,1
2025,280461,Silicon containing by weight not less than 99.99% of silicon,POL,Poland,88517145.05333333,4453152.823333333,4777296.97,129101527.21,6516741.96,2.46,26,1.0,0.1681325188390801,0.16794970918764407,2.085769763920267,2.1551662186738314,0,354486747640.06,8827.97,3.3,39436661.0,66.25,5.0,5.0,0.0,0.0,None,None,None,79,24,1907,1952,0,0,0,0,0,1
2025,280461,Silicon containing by weight not less than 99.99% of silicon,QAT,Qatar,147559871.53,4931787.09,5236428.44,131979473.85,4027901.32,2.51,26,1.0,0.15814782541255257,-0.12295510577155333,-0.378346516749109,-0.27176308565284746,0,354486747640.06,8827.97,3.3,39436661.0,66.25,5.0,5.0,0.0,0.0,None,None,None,11,2,19,29,0,0,0,0,0,1
2025,280461,Silicon containing by weight not less than 99.99% of silicon,RUS,Russian Federation,104458464.25999999,3195002.22,3274594.96,166381317.78,4102581.6,3.17,26,1.0,0.8979531503684446,0.3631567203948898,0.6505165468467875,0.2528516198530848,0,660552264556.61,3362.46,3.6,191925086.0,59.25,5.0,5.0,0.0,0.0,None,None,None,259,147,598,858,0,0,1,1,1,1
2025,280461,Silicon containing by weight not less than 99.99% of silicon,SAU,Saudi Arabia,34202885.330000006,1058100.9433333334,921091.2,10172961.97,436375.14,0.19,26,1.0,-0.4721559853728545,-0.31169855069624,-0.8180919330096725,-0.7598159534985123,0,415388277619.73,14929.51,3.0,27342752.0,73.25,5.0,5.0,0.0,0.0,Under Negotiation,FTA,Goods,38,35,43,95,0,0,0,0,0,1
2025,280461,Silicon containing by weight not less than 99.99% of silicon,SGP,Singapore,110229959.94333333,3394942.5933333337,2779799.66,126607697.05,5019712.24,2.41,26,1.0,0.17926160824906234,0.450662755359553,0.12001966243240747,0.8057820181178792,0,340929615341.57,63446.9,5.0,5258221.0,321.25,5.0,5.0,0.0,1.0,In Force,FTA & EIA,Goods & Services,15,5,22,27,1,1,0,0,0,1
2025,280461,Silicon containing by weight not less than 99.99% of silicon,SWE,Sweden,146473071.6866667,4499123.703333334,4037578.81,86178179.12,4037578.81,1.64,26,1.0,-0.22336965470552128,0.04321056147770852,-0.5903338465838843,-0.29778372678200304,0,354486747640.06,8827.97,3.3,39436661.0,66.25,5.0,5.0,0.0,0.0,None,None,None,317,47,1005,1198,0,0,0,0,0,1
2025,280461,Silicon containing by weight not less than 99.99% of silicon,THA,Thailand,72698180.83333333,3249658.653333334,3336208.49,100888000.65,4625882.31,1.92,26,1.0,0.24022175488684638,0.17752652297810134,0.9545854876021824,1.5887966465608852,0,335895377767.42,3988.94,3.8,82685533.0,126.25,5.0,5.0,0.0,1.0,In Force,FTA,Goods & Services,67,41,127,204,0,0,0,0,0,1
2025,280461,Silicon containing by weight not less than 99.99% of silicon,TUR,Türkiye,130971270.18666665,3830821.206666667,3957371.06,120704391.78,3957371.06,2.3,26,1.0,0.628886729971416,0.49726354087844715,-0.4675982897172656,-0.3141264563039803,0,647529125689.17,7592.05,3.3,84263000.0,61.25,5.0,5.0,0.0,0.0,None,None,None,142,51,306,656,0,0,0,0,0,1
2025,280461,Silicon containing by weight not less than 99.99% of silicon,TWN,Taiwan,65629412.36333332,2719575.966666667,2157369.13,101466316.49,4056027.29,1.93,26,1.0,0.4613709395651313,0.44395489328095006,1.1178447057502692,0.8800803411876579,0,354486747640.06,8827.97,3.3,39436661.0,66.25,5.0,5.0,0.0,0.0,None,None,None,23,21,35,68,0,0,0,0,0,1
2025,280461,Silicon containing by weight not less than 99.99% of silicon,TZA,United Republic of Tanzania,60269437.48,2706020.3266666667,1919587.65,30187163.8,1310768.7,0.58,26,1.0,-0.2551055138442855,-0.17365946394587894,-0.6862592451671363,-0.7318232587226263,0,354486747640.06,8827.97,3.3,39436661.0,66.25,5.0,5.0,0.0,0.0,None,None,None,20,30,33,71,0,0,0,0,0,1
2025,280461,Silicon containing by weight not less than 99.99% of silicon,USA,United States of America,97655909.62333333,3290040.796666667,2774593.02,197737823.62,6088412.36,3.77,26,1.0,0.698852164430938,0.48133193222181414,5.0,5.0,0,18097338437760.06,47718.36,2.1,370704619.0,36.25,0.0,5.0,5.0,0.0,None,None,None,1765,2105,19117,20895,0,0,0,0,0,1
2025,280461,Silicon containing by weight not less than 99.99% of silicon,VNM,Viet Nam,70108000.07333334,3167904.5566666666,1782369.78,33057678.99,1782369.78,0.63,26,1.0,0.0659523241160691,0.19796272512497404,-0.7768977397111696,-0.7249163446142306,0,160562089452.67,1522.87,6.6,105032975.0,121.25,5.0,5.0,0.0,1.0,In Force,FTA,Goods & Services,132,31,175,241,0,0,0,0,0,1
2025,280461,Silicon containing by weight not less than 99.99% of silicon,ZAF,South Africa,178620138.71333334,4771479.423333333,5532033.05,95344369.73,2413674.38,1.82,26,1.0,-0.33066368695570014,-0.3394632925682317,-0.581270263268006,-0.6210117147925157,0,261888231492.08,4360.27,2.0,59023536.0,63.25,5.0,5.0,0.0,1.0,Under Negotiation,PTA,Goods,60,85,696,793,0,0,0,0,0,1
2025,293339,Heterocyclic compounds with nitrogen hetero-atom(s) only (Active Pharmaceutical Ingredients),AGO,Angola,48486367.333333336,1375131.8133333332,751960.59,38741890.32,751960.59,0.55,26,1.0,0.3590969988327868,0.2530228710575255,-0.5481641075481067,-0.7402104769561922,0,354486747640.06,8827.97,3.3,39436661.0,66.25,7.5,7.5,0.0,0.0,None,None,None,35,40,13,81,0,0,0,0,0,0
2025,293339,Heterocyclic compounds with nitrogen hetero-atom(s) only (Active Pharmaceutical Ingredients),ARE,United Arab Emirates,106632795.91000001,3055018.4433333334,3618258.53,17633815.78,539757.85,0.25,26,1.0,-0.5327276470486132,-0.6137667253073718,-0.9203900806135715,-0.892200189495252,0,290888340065.6,69094.67,4.0,4206577.0,151.25,0.0,7.5,7.5,1.0,In Force,FTA & EIA,Goods & Services,44,10,35,75,0,0,1,1,1,0
2025,293339,Heterocyclic compounds with nitrogen hetero-atom(s) only (Active Pharmaceutical Ingredients),ARG,Argentina,110526675.44999999,2361334.0966666667,2353282.96,4204423.19,134909.36,0.06,26,1.0,-0.8594256991288209,-0.8286673983753061,-0.9633164654561337,-0.9426718493725282,0,354486747640.06,8827.97,3.3,39436661.0,66.25,7.5,7.5,0.0,1.0,In Force,PTA,Goods,104,113,458,602,0,0,0,0,0,0
2025,293339,Heterocyclic compounds with nitrogen hetero-atom(s) only (Active Pharmaceutical Ingredients),AUS,Australia,109881067.48,2962568.9800000004,2377562.49,136563730.14,4913241.0,1.93,26,1.0,0.31594867915406666,0.7540610466790598,0.19562696128599888,1.0665034129125806,0,827705732805.53,32270.26,2.6,25108007.0,51.25,7.5,7.5,0.0,1.0,In Force,FTA,Goods & Services,378,622,1830,2593,0,0,0,0,0,0
2025,293339,Heterocyclic compounds with nitrogen hetero-atom(s) only (Active Pharmaceutical Ingredients),AUT,Austria,117636346.53000002,2844661.096666666,1966702.28,103193085.47,1966702.28,1.45,26,1.0,0.3930951786842125,0.09207968359533214,-0.4749598218682646,-0.6001211781683147,0,354486747640.06,8827.97,3.3,39436661.0,66.25,7.5,7.5,0.0,0.0,None,None,None,111,11,1349,1394,0,0,0,0,0,0
2025,293339,Heterocyclic compounds with nitrogen hetero-atom(s) only (Active Pharmaceutical Ingredients),BEL,Belgium,181397296.81000003,4162758.813333333,5755343.42,301352976.41,5987324.51,4.25,26,1.0,2.387730576017252,1.8337463292802432,0.3914090760041107,0.04030708040684727,0,354486747640.06,8827.97,3.3,39436661.0,66.25,7.5,7.5,0.0,0.0,None,None,None,484,11,1834,1842,0,0,0,0,0,0
2025,293339,Heterocyclic compounds with nitrogen hetero-atom(s) only (Active Pharmaceutical Ingredients),BGD,Bangladesh,136127542.27333334,3412959.123333333,3187570.28,185875410.93,4752764.67,2.62,26,1.0,0.6083805180629747,0.43796029327916286,0.23378753875531832,0.49103055070475476,0,354486747640.06,8827.97,3.3,39436661.0,66.25,7.5,7.5,0.0,1.0,In Force,FTA,Goods,12,15,18,45,0,0,0,0,0,0
2025,293339,Heterocyclic compounds with nitrogen hetero-atom(s) only (Active Pharmaceutical Ingredients),BRA,Brazil,85360104.51,1991852.5833333333,2355865.26,80589987.07,2355865.26,1.14,26,1.0,-0.21170128033079993,-0.06124573151385615,0.7595133236018023,1.489293218590968,0,1214333384401.01,5179.26,2.3,230047193.0,35.25,7.5,7.5,0.0,1.0,In Force,PTA,Goods,206,430,5576,5635,0,0,0,0,0,0
2025,293339,Heterocyclic compounds with nitrogen hetero-atom(s) only (Active Pharmaceutical Ingredients),CAN,Canada,159541414.9,3622783.4233333333,4916627.68,166942767.63,4916627.68,2.35,26,1.0,-0.2115740085347645,-0.01594401562500436,2.8716980364619564,4.6223288470655195,0,1278428077415.3,30906.61,2.0,40356850.0,86.25,7.5,7.5,0.0,0.0,None,None,None,580,499,2609,3225,0,0,0,0,0,0
2025,293339,Heterocyclic compounds with nitrogen hetero-atom(s) only (Active Pharmaceutical Ingredients),CHE,Switzerland,198787853.25,4664719.316666667,4723279.73,132090083.85,3388347.14,1.86,26,1.0,-0.27076408391986384,-0.15302202786100272,-0.38814174604589424,-0.4239984296012552,0,354486747640.06,8827.97,3.3,39436661.0,66.25,0.0,7.5,7.5,0.0,None,None,None,68,13,1548,1560,0,0,0,0,0,0
2025,293339,Heterocyclic compounds with nitrogen hetero-atom(s) only (Active Pharmaceutical Ingredients),CHL,Chile,105910727.25333335,3047601.67,3552089.6,44773382.05,1866623.86,0.63,26,1.0,-0.46369531108162554,-0.27508606149575365,-0.618273369018747,-0.4987706840881774,0,354486747640.06,8827.97,3.3,39436661.0,66.25,7.5,7.5,0.0,1.0,In Force,PTA,Goods,105,43,445,489,0,0,0,0,0,0
2025,293339,Heterocyclic compounds with nitrogen hetero-atom(s) only (Active Pharmaceutical Ingredients),CHN,China,130825932.79,2868371.4166666665,2389513.6,256827819.06,5131500.68,3.62,26,1.0,0.6315321180293536,0.46543797673158527,5.0,3.7334201844828634,0,9300982450507.4,5588.1,8.3,1656339789.0,46.25,6.5,7.5,1.0,0.0,In Force,PTA,Goods,765,191,996,1676,0,0,0,0,0,0
2025,293339,Heterocyclic compounds with nitrogen hetero-atom(s) only (Active Pharmaceutical Ingredients),COL,Colombia,77925151.82,2536438.8966666665,2096846.64,169604449.85,5129359.92,2.39,26,1.0,0.7577887731761088,0.5640414301452861,5.0,5.0,0,354486747640.06,8827.97,3.3,39436661.0,66.25,7.5,7.5,0.0,0.0,None,None,None,33,165,246,394,0,0,0,0,0,0
2025,293339,Heterocyclic compounds with nitrogen hetero-atom(s) only (Active Pharmaceutical Ingredients),DEU,Germany,219508397.04,4815536.333333333,4110205.54,312182879.36,6237042.89,4.4,26,1.0,0.25787448526301326,0.23184933993166768,1.0946394294878892,0.5214672589775333,0,2760472889424.06,24913.88,1.2,108056452.0,76.25,0.0,7.5,7.5,0.0,Under Negotiation,FTA,Goods & Services,879,112,9939,10026,0,0,0,0,0,0
2025,293339,Heterocyclic compounds with nitrogen hetero-atom(s) only (Active Pharmaceutical Ingredients),EGY,Egypt,137863155.3866667,3638280.7466666666,3901112.82,38441359.54,1243915.48,0.54,26,1.0,-0.6305073930817291,-0.5356830564785631,-0.5892032040156874,-0.6811382963285637,0,290888340065.6,3140.67,4.0,92544699.0,49.25,7.5,7.5,0.0,0.0,None,None,None,41,24,74,127,0,0,0,0,0,0
2025,293339,Heterocyclic compounds with nitrogen hetero-atom(s) only (Active Pharmaceutical Ingredients),ESP,Spain,131368237.72333334,3157040.236666667,4101547.12,5518956.01,170669.75,0.08,26,1.0,-0.8299840037008651,-0.8188149401382827,-0.9720777413595196,-0.9583889334910388,0,354486747640.06,8827.97,3.3,39436661.0,66.25,7.5,7.5,0.0,0.0,None,None,None,432,50,4433,4769,0,0,0,0,0,0
2025,293339,Heterocyclic compounds with nitrogen hetero-atom(s) only (Active Pharmaceutical Ingredients),FRA,France,210868040.35666668,5014202.57,4952136.49,134773726.85,3771930.64,1.9,26,1.0,-0.26349023593117615,-0.12725866423947885,-0.4595542375863162,-0.40303768057790923,0,1973285681586.82,24141.89,1.3,80056423.0,65.25,7.5,7.5,0.0,0.0,Under Negotiation,FTA,Goods & Services,808,142,14175,14370,0,0,0,0,0,0
2025,293339,Heterocyclic compounds with nitrogen hetero-atom(s) only (Active Pharmaceutical Ingredients),GBR,United Kingdom of Great Britain and Northern Ireland,71946759.75,2494860.4,2463278.81,58218379.35,2463278.81,0.82,26,1.0,0.2971768717769516,0.7939191827754013,-0.5267685084894032,-0.4212041681009596,0,2593000127109.38,32632.91,1.6,77427312.0,66.25,7.5,7.5,0.0,0.0,Under Negotiation,FTA,Goods & Services,1350,144,4976,5878,0,0,0,0,0,0
2025,293339,Heterocyclic compounds with nitrogen hetero-atom(s) only (Active Pharmaceutical Ingredients),GHA,Ghana,109642700.78666668,3159907.92,2057070.9,195651184.51,5472306.71,2.76,26,1.0,0.5552306240417189,0.6750561380270923,2.7347077152296024,1.6602421481910712,0,354486747640.06,8827.97,3.3,39436661.0,66.25,7.5,7.5,0.0,0.0,None,None,None,11,5,45,62,0,0,0,0,0,0
2025,293339,Heterocyclic compounds with nitrogen hetero-atom(s) only (Active Pharmaceutical Ingredients),HKG,"China, Hong Kong Special Administrative Region",165847520.92333332,5039963.713333334,5650115.66,203134515.9,6273398.42,2.86,26,1.0,0.15200007480983335,0.05371403831531674,0.4371838254112079,0.9626590675125286,0,354486747640.06,8827.97,3.3,39436661.0,66.25,7.5,7.5,0.0,0.0,None,None,None,13,3,63,70,0,0,0,0,0,0
2025,293339,Heterocyclic compounds with nitrogen hetero-atom(s) only (Active Pharmaceutical Ingredients),IDN,Indonesia,114528794.65333335,2783489.0733333337,2442587.5,190360879.34,4159670.11,2.68,26,1.0,0.7416998784275248,0.3049815740877304,1.1040628450807577,1.3793886535137054,0,558748565248.4,1981.66,4.8,277371187.0,66.25,7.5,7.5,0.0,1.0,In Force,FTA,Goods & Services,297,187,365,748,0,0,0,0,0,0
2025,293339,Heterocyclic compounds with nitrogen hetero-atom(s) only (Active Pharmaceutical Ingredients),IRN,Iran (Islamic Republic of),199732491.31333336,4686651.836666666,5359806.47,304108855.96,7211710.31,4.29,26,1.0,0.14743855744166057,0.15996419044461474,3.7434853371340493,3.8451509387928615,0,354486747640.06,8827.97,3.3,39436661.0,66.25,7.5,7.5,0.0,0.0,None,None,None,43,70,58,158,0,0,0,0,0,0
2025,293339,Heterocyclic compounds with nitrogen hetero-atom(s) only (Active Pharmaceutical Ingredients),ISR,Israel,162043676.83,3783395.7399999998,3857025.55,143187179.02,3857025.55,2.02,26,1.0,0.7668621869953183,0.409219955127224,-0.518013271161456,-0.30516028063575995,0,354486747640.06,8827.97,3.3,39436661.0,66.25,7.5,7.5,0.0,0.0,None,None,None,22,15,360,381,0,0,0,0,0,0
2025,293339,Heterocyclic compounds with nitrogen hetero-atom(s) only (Active Pharmaceutical Ingredients),ITA,Italy,126541688.76666667,3975488.7399999998,4985863.33,78498759.99,1938562.12,1.11,26,1.0,-0.31032461010312185,-0.3774614532530255,-0.4231948675185002,-0.6111882753914935,0,1461972474319.65,19023.64,0.8,74798201.0,61.25,7.5,7.5,0.0,0.0,Under Negotiation,FTA,Goods & Services,327,61,5598,5803,0,0,0,0,0,0
2025,293339,Heterocyclic compounds with nitrogen hetero-atom(s) only (Active Pharmaceutical Ingredients),JPN,Japan,147417381.99666667,2983582.016666667,3939824.31,45367099.01,854237.59,0.64,26,1.0,-0.5328354447257589,-0.5343593237031135,-0.7599758197246983,-0.794490618201098,0,6533340281527.44,38134.14,0.9,166685623.0,33.25,7.5,7.5,0.0,1.0,In Force,FTA & EIA,Goods & Services,1562,102,621,2170,0,0,0,0,0,0
2025,293339,Heterocyclic compounds with nitrogen hetero-atom(s) only (Active Pharmaceutical Ingredients),KAZ,Kazakhstan,163682562.17333332,5008303.566666666,4892613.46,115454373.82,4892613.46,1.63,26,1.0,-0.05281664086356608,-0.038360442904101455,-0.5323917607192001,0.010545022551421201,0,354486747640.06,8827.97,3.3,39436661.0,66.25,7.5,7.5,0.0,0.0,None,None,None,3,27,67,85,0,0,0,0,0,0
2025,293339,Heterocyclic compounds with nitrogen hetero-atom(s) only (Active Pharmaceutical Ingredients),KEN,Kenya,95873999.99666667,2760069.3000000003,2952395.23,52543560.97,1511303.56,0.74,26,1.0,-0.3217653862644556,-0.3707217794380244,-0.5652305598113928,-0.48810933419659797,0,354486747640.06,8827.97,3.3,39436661.0,66.25,7.5,7.5,0.0,0.0,None,None,None,7,38,27,72,0,0,0,0,0,0
2025,293339,Heterocyclic compounds with nitrogen hetero-atom(s) only (Active Pharmaceutical Ingredients),KOR,Republic of Korea,138574131.34666666,3727155.8633333333,4377611.11,230559327.39,5246716.74,3.25,26,1.0,0.7784245161717993,0.8356083085804034,1.0536933504894708,0.19853422521097386,0,1859749923928.23,29536.14,4.6,61784103.0,81.25,7.5,7.5,0.0,1.0,In Force,FTA & EIA,Goods & Services,76,29,232,279,0,0,0,0,0,0
2025,293339,Heterocyclic compounds with nitrogen hetero-atom(s) only (Active Pharmaceutical Ingredients),KWT,Kuwait,221394165.94333336,4873703.203333333,4917133.49,197405591.41,3703042.62,2.78,26,1.0,-0.21301434259888674,-0.21445702664672195,0.33341794571714267,-0.24691029285046995,0,354486747640.06,8827.97,3.3,39436661.0,66.25,7.5,7.5,0.0,0.0,None,None,None,13,2,19,31,0,0,0,0,0,0
2025,293339,Heterocyclic compounds with nitrogen hetero-atom(s) only (Active Pharmaceutical Ingredients),LKA,Sri Lanka,83361910.82666667,2680373.196666667,3327368.36,102584881.9,3694800.47,1.45,26,1.0,-0.05442134803025478,0.053768115699816876,2.1306487467622626,2.6260834331154275,0,354486747640.06,8827.97,3.3,39436661.0,66.25,7.5,7.5,0.0,1.0,In Force,FTA,Goods,21,19,118,151,0,0,0,0,0,0
2025,293339,Heterocyclic compounds with nitrogen hetero-atom(s) only (Active Pharmaceutical Ingredients),MEX,Mexico,138634662.84333333,2947215.053333333,3854566.59,205116039.54,3949496.3,2.89,26,1.0,0.15004922664302822,0.012239030941348705,2.682247632362475,2.8064415846236397,0,1188674554333.95,8882.55,1.9,130009527.0,71.25,7.5,7.5,0.0,0.0,None,None,None,110,95,869,969,0,0,0,0,0,0
2025,293339,Heterocyclic compounds with nitrogen hetero-atom(s) only (Active Pharmaceutical Ingredients),MYS,Malaysia,142913046.99,2785523.403333334,2410675.14,216524404.27,3973072.02,3.05,26,1.0,0.45481916092502694,0.4191201024391853,0.9699863127567216,0.648115896693717,0,303500855641.07,9683.98,4.6,30760596.0,191.25,7.5,7.5,0.0,1.0,In Force,FTA,Goods & Services,177,54,172,349,0,0,0,0,0,0
2025,293339,Heterocyclic compounds with nitrogen hetero-atom(s) only (Active Pharmaceutical Ingredients),NGA,Nigeria,101331996.96999998,3214181.7900000005,2967549.46,81402518.11,2967549.46,1.15,26,1.0,0.09913850784651324,0.03882878031906034,-0.47554372541098533,-0.2439633100632531,0,204369543044.52,1260.94,4.3,160375757.0,56.25,7.5,7.5,0.0,0.0,None,None,None,41,23,101,163,0,0,1,1,0,0
2025,293339,Heterocyclic compounds with nitrogen hetero-atom(s) only (Active Pharmaceutical Ingredients),NLD,Netherlands,114015699.78333335,2943477.2899999996,2473830.65,179141839.02,4479672.59,2.53,26,1.0,0.6747064816274022,0.34566870874023015,0.8089302749894862,1.3867037448289197,0,684132699691.79,31975.3,1.8,20901430.0,136.25,7.5,7.5,0.0,0.0,Under Negotiation,FTA,Goods & Services,531,23,1818,1876,0,0,0,0,0,0
2025,293339,Heterocyclic compounds with nitrogen hetero-atom(s) only (Active Pharmaceutical Ingredients),NPL,Nepal,119441993.60000001,2816342.2899999996,3050671.78,104991899.48,3050671.78,1.48,26,1.0,-0.2208876239212112,-0.11270380834234728,0.3063546564154134,1.0024427441258692,0,354486747640.06,8827.97,3.3,39436661.0,66.25,7.5,7.5,0.0,1.0,In Force,PTA,Goods,1,44,20,63,0,0,0,0,0,0
2025,293339,Heterocyclic compounds with nitrogen hetero-atom(s) only (Active Pharmaceutical Ingredients),NZL,New Zealand,98374475.14999999,2288242.13,3020501.76,10729625.7,286816.42,0.15,26,1.0,-0.7321244632256056,-0.7160543930926606,-0.9204430294341026,-0.9050434521183973,0,354486747640.06,8827.97,3.3,39436661.0,66.25,7.5,7.5,0.0,0.0,None,None,None,48,60,290,341,0,0,0,0,0,0
2025,293339,Heterocyclic compounds with nitrogen hetero-atom(s) only (Active Pharmaceutical Ingredients),OMN,Oman,171383212.95333335,4072252.0766666667,4056409.16,93581670.31,2304833.64,1.32,26,1.0,-0.394039760384293,-0.372610420183071,-0.43525978284775035,-0.4318044484448822,0,354486747640.06,8827.97,3.3,39436661.0,66.25,7.5,7.5,0.0,0.0,None,None,None,17,10,19,39,0,0,0,0,0,0
2025,293339,Heterocyclic compounds with nitrogen hetero-atom(s) only (Active Pharmaceutical Ingredients),PHL,Philippines,39482096.08,850782.6433333334,722698.43,31337136.48,622538.88,0.44,26,1.0,0.22740235662884678,-0.07187881814786845,-0.5274010423728006,-0.4842735457008205,0,354486747640.06,8827.97,3.3,39436661.0,66.25,7.5,7.5,0.0,0.0,None,None,None,377,75,252,598,0,0,0,0,0,0
2025,293339,Heterocyclic compounds with nitrogen hetero-atom(s) only (Active Pharmaceutical Ingredients),POL,Poland,108245002.25333333,3168878.516666667,2868149.25,47092523.58,1693097.83,0.66,26,1.0,-0.4480880272853752,-0.23168351227283024,-0.6172629990193208,-0.6576410851704724,0,354486747640.06,8827.97,3.3,39436661.0,66.25,7.5,7.5,0.0,0.0,None,None,None,79,24,1907,1952,0,0,0,0,0,0
2025,293339,Heterocyclic compounds with nitrogen hetero-atom(s) only (Active Pharmaceutical Ingredients),QAT,Qatar,93563241.13333333,2676182.196666667,2475030.72,60096036.94,2475030.72,0.85,26,1.0,-0.32983463317596573,-0.20372287808520817,-0.3075356636229738,0.49998730935488855,0,354486747640.06,8827.97,3.3,39436661.0,66.25,7.5,7.5,0.0,0.0,None,None,None,11,2,19,29,0,0,0,0,0,0
2025,293339,Heterocyclic compounds with nitrogen hetero-atom(s) only (Active Pharmaceutical Ingredients),RUS,Russian Federation,84330551.3,2587845.5366666666,3194903.56,92268968.22,3194903.56,1.3,26,1.0,0.3646501520294039,0.5286249650470007,-0.17006533148227965,-0.0020161880674948174,0,660552264556.61,3362.46,3.6,191925086.0,59.25,7.5,7.5,0.0,0.0,None,None,None,259,147,598,858,0,0,1,1,1,0
2025,293339,Heterocyclic compounds with nitrogen hetero-atom(s) only (Active Pharmaceutical Ingredients),SAU,Saudi Arabia,91915025.73666668,2620675.8133333335,3401323.43,30418753.67,791338.14,0.43,26,1.0,-0.5140487260538397,-0.517655774571696,-0.7389271544073641,-0.7843392651385335,0,415388277619.73,14929.51,3.0,27342752.0,73.25,7.5,7.5,0.0,0.0,Under Negotiation,FTA,Goods,38,35,43,95,0,0,0,0,0,0
2025,293339,Heterocyclic compounds with nitrogen hetero-atom(s) only (Active Pharmaceutical Ingredients),SGP,Singapore,231630486.38333333,5325932.083333333,5395570.01,265044880.35,5096211.06,3.74,26,1.0,0.33373039908500224,-0.028137025385213565,-0.056267921106003205,-0.0710541453516228,0,340929615341.57,63446.9,5.0,5258221.0,321.25,7.5,7.5,0.0,1.0,In Force,FTA & EIA,Goods & Services,15,5,22,27,1,1,0,0,0,0
2025,293339,Heterocyclic compounds with nitrogen hetero-atom(s) only (Active Pharmaceutical Ingredients),SWE,Sweden,135978615.58,3941472.2733333334,4926719.38,275479232.12,6041302.2,3.88,26,1.0,2.5560250598492362,1.656000533776119,1.4891607667947793,0.22623225193694174,0,354486747640.06,8827.97,3.3,39436661.0,66.25,7.5,7.5,0.0,0.0,None,None,None,317,47,1005,1198,0,0,0,0,0,0
2025,293339,Heterocyclic compounds with nitrogen hetero-atom(s) only (Active Pharmaceutical Ingredients),THA,Thailand,76434589.46,2604514.8533333335,1255750.34,20421159.12,922843.86,0.29,26,1.0,-0.6197119839120513,-0.5953131745062137,-0.6982509683436091,-0.26510562601220156,0,335895377767.42,3988.94,3.8,82685533.0,126.25,7.5,7.5,0.0,1.0,In Force,FTA,Goods & Services,67,41,127,204,0,0,0,0,0,0
2025,293339,Heterocyclic compounds with nitrogen hetero-atom(s) only (Active Pharmaceutical Ingredients),TUR,Türkiye,181944959.45666668,4093280.973333333,4034501.97,180988705.59,3774959.66,2.55,26,1.0,0.23086634861854693,-0.0326999915150229,-0.26242722822966624,-0.15556203931786872,0,647529125689.17,7592.05,3.3,84263000.0,61.25,7.5,7.5,0.0,0.0,None,None,None,142,51,306,656,0,0,0,0,0,0
2025,293339,Heterocyclic compounds with nitrogen hetero-atom(s) only (Active Pharmaceutical Ingredients),TWN,Taiwan,169512948.70000002,4442014.489999999,5127726.1,323207576.44,6177579.77,4.56,26,1.0,0.6358309775791957,0.09760675588798007,4.007198431008518,2.0570915145028934,0,354486747640.06,8827.97,3.3,39436661.0,66.25,7.5,7.5,0.0,0.0,None,None,None,23,21,35,68,0,0,0,0,0,0
2025,293339,Heterocyclic compounds with nitrogen hetero-atom(s) only (Active Pharmaceutical Ingredients),TZA,United Republic of Tanzania,114177370.17,4036410.8166666664,4543082.29,121031617.73,4567639.4,1.71,26,1.0,0.09591418111918859,0.2342214770514328,0.00252210291312549,0.005405385249800165,0,354486747640.06,8827.97,3.3,39436661.0,66.25,7.5,7.5,0.0,0.0,None,None,None,20,30,33,71,0,0,0,0,0,0
2025,293339,Heterocyclic compounds with nitrogen hetero-atom(s) only (Active Pharmaceutical Ingredients),USA,United States of America,79560931.34666668,2205856.4266666663,1943747.84,133073673.02,3915928.23,1.88,26,1.0,0.96137515205918,1.2730728446283952,0.8738150014815054,1.0146276947106396,0,18097338437760.06,47718.36,2.1,370704619.0,36.25,0.0,7.5,7.5,0.0,None,None,None,1765,2105,19117,20895,0,0,0,0,0,0
2025,293339,Heterocyclic compounds with nitrogen hetero-atom(s) only (Active Pharmaceutical Ingredients),VNM,Viet Nam,201715642.73000002,4567874.043333333,4626294.62,217825210.56,6329272.61,3.07,26,1.0,0.20486479638422628,0.5176240438437212,-0.08196480721759913,0.3681084171847733,0,160562089452.67,1522.87,6.6,105032975.0,121.25,7.5,7.5,0.0,1.0,In Force,FTA,Goods & Services,132,31,175,241,0,0,0,0,0,0
2025,293339,Heterocyclic compounds with nitrogen hetero-atom(s) only (Active Pharmaceutical Ingredients),ZAF,South Africa,202781701.8166667,4622698.293333333,5824430.03,289183357.15,6372497.97,4.08,26,1.0,0.12226958593350479,0.045991455098310485,2.2290051742348833,2.813202646761517,0,261888231492.08,4360.27,2.0,59023536.0,63.25,7.5,7.5,0.0,1.0,Under Negotiation,PTA,Goods,60,85,696,793,0,0,0,0,0,0
2025,300490,Medicaments consisting of mixed or unmixed products for therapeutic uses,CHN,China,46237242.029047616,3740564.0738095236,2698237.08,40428133.01,3398374.1,0.41,92,3.5385,0.7417530098537657,1.040829958609522,-0.9278879860554281,-0.8949362979744286,0,9300982450507.4,5588.1,8.3,1656339789.0,46.25,5.0,5.0,0.0,0.0,In Force,PTA,Goods,765,191,996,1676,0,0,0,0,0,0
2025,300490,Medicaments consisting of mixed or unmixed products for therapeutic uses,DEU,Germany,50870605.09095239,4470023.17952381,2153020.52,13141648.96,1311943.35,0.13,92,3.5385,-0.16476118121193106,-0.20245273780256945,-0.8755318085667547,-0.8170969758186448,0,2760472889424.06,24913.88,1.2,108056452.0,76.25,0.0,5.0,5.0,0.0,Under Negotiation,FTA,Goods & Services,879,112,9939,10026,0,0,0,0,0,0
2025,300490,Medicaments consisting of mixed or unmixed products for therapeutic uses,GBR,United Kingdom of Great Britain and Northern Ireland,29719429.059523802,2710591.018095238,1799586.61,3246372.99,271783.86,0.03,92,3.5385,1.6291850288283811,1.3123028267770835,-0.06423482033000438,-0.04904019865356357,0,2593000127109.38,32632.91,1.6,77427312.0,66.25,0.0,5.0,5.0,0.0,Under Negotiation,FTA,Goods & Services,1350,144,4976,5878,0,0,0,0,0,0
2025,300490,Medicaments consisting of mixed or unmixed products for therapeutic uses,IND,India,21136027.238571428,1960153.8490476194,1726247.91,33606188.93,2834206.49,0.34,77,2.9615,0.7832892798708304,0.7808168255846755,0.9648540502939542,0.4458117747580599,0,2423969608511.26,1757.16,6.6,1380283158.0,38.25,5.0,7.5,2.5,0.0,None,None,None,282,135,964,1337,0,0,0,0,0,0
2025,300490,Medicaments consisting of mixed or unmixed products for therapeutic uses,SAU,Saudi Arabia,52913039.71041667,4082517.1229166663,2108455.2,19239434.37,1652990.11,0.19,103,3.9615,0.4137838560045346,0.10877490677773749,0.3274409325109462,0.16280294813918528,0,415388277619.73,14929.51,3.0,27342752.0,73.25,5.0,5.0,0.0,0.0,Under Negotiation,FTA,Goods,38,35,43,95,0,0,0,0,0,0
2025,300490,Medicaments consisting of mixed or unmixed products for therapeutic uses,SGP,Singapore,47054261.369523816,4105747.266190476,2505710.57,23257951.56,2448431.02,0.24,92,3.5385,-0.010933024260769697,0.0731075264205443,0.5017220404777145,0.7367918010698113,0,340929615341.57,63446.9,5.0,5258221.0,321.25,0.0,5.0,5.0,1.0,In Force,FTA & EIA,Goods & Services,15,5,22,27,1,1,0,0,0,0
2025,300490,Medicaments consisting of mixed or unmixed products for therapeutic uses,USA,United States of America,68275501.51238096,5031033.441904761,2049914.92,23525847.35,1683532.3,0.24,92,3.5385,-0.7688538649304308,-0.7484611344709868,-0.7666509968938621,-0.7869257401421206,0,18097338437760.06,47718.36,2.1,370704619.0,36.25,0.0,5.0,5.0,0.0,None,None,None,1765,2105,19117,20895,0,0,0,0,0,0
2025,300490,Medicaments consisting of mixed or unmixed products for therapeutic uses,ARE,United Arab Emirates,34347693.26571427,2919205.936190476,2180983.04,13661321.15,1222078.5,0.14,92,3.5385,2.4185273690794844,1.8699647912243327,-0.8320522656612351,-0.8516045801483174,0,290888340065.6,69094.67,4.0,4206577.0,151.25,0.0,5.0,5.0,1.0,In Force,FTA & EIA,Goods & Services,44,10,35,75,0,0,1,1,1,0
2025,300490,Medicaments consisting of mixed or unmixed products for therapeutic uses (Formulations),AGO,Angola,109584634.12666667,8334195.133333333,10370941.86,162073189.33,10370941.86,1.64,26,1.0,0.11617791175964243,-0.06411735802483387,3.4293682432328128,2.7158555301367047,0,354486747640.06,8827.97,3.3,39436661.0,66.25,5.0,5.0,0.0,0.0,None,None,None,35,40,13,81,0,0,0,0,0,0
2025,300490,Medicaments consisting of mixed or unmixed products for therapeutic uses (Formulations),ARG,Argentina,207925934.79,17686953.61,20921405.85,197413208.92,20921405.85,2.0,26,1.0,0.16765049417353195,0.5433559177261593,-0.2988856421423961,-0.10424368462531841,0,354486747640.06,8827.97,3.3,39436661.0,66.25,5.0,5.0,0.0,1.0,In Force,PTA,Goods,104,113,458,602,0,0,0,0,0,0
2025,300490,Medicaments consisting of mixed or unmixed products for therapeutic uses (Formulations),AUS,Australia,191804123.35333335,14569811.043333331,14664010.73,152735996.64000002,11713266.02,1.55,26,1.0,-0.12919899222872233,-0.10625707175383503,-0.3096863000667306,-0.32418876432966237,0,827705732805.53,32270.26,2.6,25108007.0,51.25,5.0,5.0,0.0,1.0,In Force,FTA,Goods & Services,378,622,1830,2593,0,0,0,0,0,0
2025,300490,Medicaments consisting of mixed or unmixed products for therapeutic uses (Formulations),AUT,Austria,58476233.75333333,4674907.493333333,4751457.8,49951634.53,3793220.07,0.51,26,1.0,-0.12349486398073295,-0.10650817834589421,-0.17377948793105968,-0.3078121913319046,0,354486747640.06,8827.97,3.3,39436661.0,66.25,5.0,5.0,0.0,0.0,None,None,None,111,11,1349,1394,0,0,0,0,0,0
2025,300490,Medicaments consisting of mixed or unmixed products for therapeutic uses (Formulations),BEL,Belgium,57198668.79,4959421.21,2633323.77,97129624.68,10115321.33,0.98,26,1.0,0.6859609686775248,1.1794099695575686,1.410435862000028,2.8412752147056186,0,354486747640.06,8827.97,3.3,39436661.0,66.25,5.0,5.0,0.0,0.0,None,None,None,484,11,1834,1842,0,0,0,0,0,0
2025,300490,Medicaments consisting of mixed or unmixed products for therapeutic uses (Formulations),BGD,Bangladesh,119034386.00333333,9745438.373333333,8609247.87,82108541.64,8609247.87,0.83,26,1.0,-0.07099672776176158,0.022769227675146997,-0.5434778732855439,-0.3055308779234659,0,354486747640.06,8827.97,3.3,39436661.0,66.25,5.0,5.0,0.0,1.0,In Force,FTA,Goods,12,15,18,45,0,0,0,0,0,0
2025,300490,Medicaments consisting of mixed or unmixed products for therapeutic uses (Formulations),BRA,Brazil,141765777.35666665,9473565.303333333,6232878.15,266026467.95,17575136.09,2.7,26,1.0,0.7279661143094065,0.6792100698078831,2.7908660713420583,2.8101775382206657,0,1214333384401.01,5179.26,2.3,230047193.0,35.25,5.0,5.0,0.0,1.0,In Force,PTA,Goods,206,430,5576,5635,0,0,0,0,0,0
2025,300490,Medicaments consisting of mixed or unmixed products for therapeutic uses (Formulations),CAN,Canada,157947049.43333334,11255953.063333333,13354806.05,226402915.2,14165381.98,2.29,26,1.0,0.22877399070562965,0.029900697901940054,1.3222917474230251,1.2673059476449353,0,1278428077415.3,30906.61,2.0,40356850.0,86.25,5.0,5.0,0.0,0.0,None,None,None,580,499,2609,3225,0,0,0,0,0,0
2025,300490,Medicaments consisting of mixed or unmixed products for therapeutic uses (Formulations),CHE,Switzerland,151241371.37,10049702.726666667,6848000.01,331402885.52,20152837.35,3.36,26,1.0,1.7959751192075406,1.5300672082370306,3.146233215403325,1.9428792816250389,0,354486747640.06,8827.97,3.3,39436661.0,66.25,5.0,5.0,0.0,0.0,None,None,None,68,13,1548,1560,0,0,0,0,0,0
2025,300490,Medicaments consisting of mixed or unmixed products for therapeutic uses (Formulations),CHL,Chile,80895450.24333332,7756377.533333334,6661271.6,63667729.04,6661271.6,0.65,26,1.0,-0.26607840817883177,-0.2099338711304598,0.04685793188538434,0.12213586120792774,0,354486747640.06,8827.97,3.3,39436661.0,66.25,5.0,5.0,0.0,1.0,In Force,PTA,Goods,105,43,445,489,0,0,0,0,0,0
2025,300490,Medicaments consisting of mixed or unmixed products for therapeutic uses (Formulations),COL,Colombia,169528337.95666668,14176224.703333333,13464225.97,194911809.33,12321992.09,1.97,26,1.0,0.1100936919481923,-0.14211143499525403,0.2534109627866987,-0.08483472295741012,0,354486747640.06,8827.97,3.3,39436661.0,66.25,5.0,5.0,0.0,0.0,None,None,None,33,165,246,394,0,0,0,0,0,0
2025,300490,Medicaments consisting of mixed or unmixed products for therapeutic uses (Formulations),EGY,Egypt,67309154.45,6256487.853333334,4861132.55,141584449.89,12998206.71,1.43,26,1.0,0.7185193270206174,0.6352079428100854,5.0,5.0,0,290888340065.6,3140.67,4.0,92544699.0,49.25,5.0,5.0,0.0,0.0,None,None,None,41,24,74,127,0,0,0,0,0,0
2025,300490,Medicaments consisting of mixed or unmixed products for therapeutic uses (Formulations),ESP,Spain,80529572.77333333,6973345.813333333,6427835.69,85360682.46,8751288.19,0.86,26,1.0,0.019289454694805253,0.16681931494807412,0.1524701799469299,0.5243720530776421,0,354486747640.06,8827.97,3.3,39436661.0,66.25,5.0,5.0,0.0,0.0,None,None,None,432,50,4433,4769,0,0,0,0,0,0
2025,300490,Medicaments consisting of mixed or unmixed products for therapeutic uses (Formulations),FRA,France,155353681.11666667,11476359.543333335,14060547.54,62107889.97,4032977.92,0.63,26,1.0,-0.4235687196177985,-0.4644354709040962,-0.7138345602851666,-0.753116538018054,0,1973285681586.82,24141.89,1.3,80056423.0,65.25,5.0,5.0,0.0,0.0,Under Negotiation,FTA,Goods & Services,808,142,14175,14370,0,0,0,0,0,0
2025,300490,Medicaments consisting of mixed or unmixed products for therapeutic uses (Formulations),GHA,Ghana,69743639.3,6686157.25,6657496.56,60933005.42,6657496.56,0.62,26,1.0,0.6662633642065319,0.8349455888417654,-0.5177497016516921,-0.41722123307109604,0,354486747640.06,8827.97,3.3,39436661.0,66.25,5.0,5.0,0.0,0.0,None,None,None,11,5,45,62,0,0,0,0,0,0
2025,300490,Medicaments consisting of mixed or unmixed products for therapeutic uses (Formulations),HKG,"China, Hong Kong Special Administrative Region",106215567.99,9233145.796666667,9911653.54,115508116.21,11335869.18,1.17,26,1.0,0.2417512547045335,0.3255102950546944,-0.09919729797481758,0.1436910233243338,0,354486747640.06,8827.97,3.3,39436661.0,66.25,5.0,5.0,0.0,0.0,None,None,None,13,3,63,70,0,0,0,0,0,0
2025,300490,Medicaments consisting of mixed or unmixed products for therapeutic uses (Formulations),IDN,Indonesia,197375337.34,15806664.473333335,15415754.96,177169881.79000002,15415754.96,1.8,26,1.0,0.1738608817299221,0.06858528750035942,-0.3813492518917385,-0.16688911178242483,0,558748565248.4,1981.66,4.8,277371187.0,66.25,5.0,5.0,0.0,1.0,In Force,FTA,Goods & Services,297,187,365,748,0,0,0,0,0,0
2025,300490,Medicaments consisting of mixed or unmixed products for therapeutic uses (Formulations),IRN,Iran (Islamic Republic of),252341450.5,18752889.496666666,19990606.7,234226889.83,19990606.7,2.37,26,1.0,0.1453645252505642,0.18902055908419446,-0.3196059159725002,-0.09659764686333994,0,354486747640.06,8827.97,3.3,39436661.0,66.25,5.0,5.0,0.0,0.0,None,None,None,43,70,58,158,0,0,0,0,0,0
2025,300490,Medicaments consisting of mixed or unmixed products for therapeutic uses (Formulations),ISR,Israel,167614183.9433333,13510467.503333332,12784121.09,210103759.42,12784121.09,2.13,26,1.0,0.08752785449140488,-0.15051895428314876,0.8255007268345083,0.27441421680195344,0,354486747640.06,8827.97,3.3,39436661.0,66.25,5.0,5.0,0.0,0.0,None,None,None,22,15,360,381,0,0,0,0,0,0
2025,300490,Medicaments consisting of mixed or unmixed products for therapeutic uses (Formulations),ITA,Italy,84454021.24333332,6265527.676666667,7019351.85,71509214.63,4417522.89,0.72,26,1.0,-0.09721990732032715,-0.2252544261161954,-0.24017515768564413,-0.3706651291458811,0,1461972474319.65,19023.64,0.8,74798201.0,61.25,5.0,5.0,0.0,0.0,Under Negotiation,FTA,Goods & Services,327,61,5598,5803,0,0,0,0,0,0
2025,300490,Medicaments consisting of mixed or unmixed products for therapeutic uses (Formulations),JPN,Japan,105264509.79333334,8133061.600000001,6283639.66,72288104.68,6283639.66,0.73,26,1.0,0.05205169205954108,0.13301480476642724,-0.5943279820846338,-0.5247115658984703,0,6533340281527.44,38134.14,0.9,166685623.0,33.25,5.0,5.0,0.0,1.0,In Force,FTA & EIA,Goods & Services,1562,102,621,2170,0,0,0,0,0,0
2025,300490,Medicaments consisting of mixed or unmixed products for therapeutic uses (Formulations),KAZ,Kazakhstan,155108997.27333334,12981991.676666668,14209260.55,130018518.39,14209260.55,1.32,26,1.0,-0.2907454304766395,-0.08550396951362704,0.6919810257648731,0.834364430824778,0,354486747640.06,8827.97,3.3,39436661.0,66.25,5.0,5.0,0.0,0.0,None,None,None,3,27,67,85,0,0,0,0,0,0
2025,300490,Medicaments consisting of mixed or unmixed products for therapeutic uses (Formulations),KEN,Kenya,181414339.6833333,12426138.270000001,13498672.96,231799232.81,15645384.16,2.35,26,1.0,0.539426416512168,0.3868563612376854,0.07998782388996628,0.15903127710109666,0,354486747640.06,8827.97,3.3,39436661.0,66.25,5.0,5.0,0.0,0.0,None,None,None,7,38,27,72,0,0,0,0,0,0
2025,300490,Medicaments consisting of mixed or unmixed products for therapeutic uses (Formulations),KOR,Republic of Korea,160604651.38,12385377.486666666,14018071.14,204765308.39,14018071.14,2.07,26,1.0,0.011358399820482257,-0.06744201905490865,1.664241715671066,0.9971272059327356,0,1859749923928.23,29536.14,4.6,61784103.0,81.25,5.0,5.0,0.0,1.0,In Force,FTA & EIA,Goods & Services,76,29,232,279,0,0,0,0,0,0
2025,300490,Medicaments consisting of mixed or unmixed products for therapeutic uses (Formulations),KWT,Kuwait,209422276.84666666,14361874.436666667,14829379.42,240797576.0,14829379.42,2.44,26,1.0,0.012481227724177257,-0.016901747905759046,0.5782565321381008,0.14844450575374024,0,354486747640.06,8827.97,3.3,39436661.0,66.25,5.0,5.0,0.0,0.0,None,None,None,13,2,19,31,0,0,0,0,0,0
2025,300490,Medicaments consisting of mixed or unmixed products for therapeutic uses (Formulations),LKA,Sri Lanka,92564006.29666667,6260159.46,3024536.48,20363574.14,2168972.96,0.21,26,1.0,-0.6950149481490725,-0.6004549287614613,-0.46973543907229354,-0.2828742604555119,0,354486747640.06,8827.97,3.3,39436661.0,66.25,5.0,5.0,0.0,1.0,In Force,FTA,Goods,21,19,118,151,0,0,0,0,0,0
2025,300490,Medicaments consisting of mixed or unmixed products for therapeutic uses (Formulations),MEX,Mexico,149605708.40666667,12351767.76,9849301.09,132930113.59,9849301.09,1.35,26,1.0,0.07569837380061095,0.09436748877914147,-0.33868102662576116,-0.48112632335310046,0,1188674554333.95,8882.55,1.9,130009527.0,71.25,5.0,5.0,0.0,0.0,None,None,None,110,95,869,969,0,0,0,0,0,0
2025,300490,Medicaments consisting of mixed or unmixed products for therapeutic uses (Formulations),MYS,Malaysia,167982697.59,10820988.343333334,9927049.13,267121008.59,17136748.79,2.71,26,1.0,0.7894605815784148,0.781561547196854,0.741242039027787,0.7262681553786439,0,303500855641.07,9683.98,4.6,30760596.0,191.25,5.0,5.0,0.0,1.0,In Force,FTA,Goods & Services,177,54,172,349,0,0,0,0,0,0
2025,300490,Medicaments consisting of mixed or unmixed products for therapeutic uses (Formulations),NGA,Nigeria,175369618.36666667,15506217.32,16591620.19,157017821.12,11624735.35,1.59,26,1.0,-0.12450918309484782,-0.20303592531997894,-0.043952468455055405,-0.299361049922919,0,204369543044.52,1260.94,4.3,160375757.0,56.25,5.0,5.0,0.0,0.0,None,None,None,41,23,101,163,0,0,1,1,0,0
2025,300490,Medicaments consisting of mixed or unmixed products for therapeutic uses (Formulations),NLD,Netherlands,139273491.64,10285024.91,8029223.34,212929164.34,16015606.48,2.16,26,1.0,0.6514300431641746,0.5335231252723673,0.6790427579894471,0.9946644652679453,0,684132699691.79,31975.3,1.8,20901430.0,136.25,5.0,5.0,0.0,0.0,Under Negotiation,FTA,Goods & Services,531,23,1818,1876,0,0,0,0,0,0
2025,300490,Medicaments consisting of mixed or unmixed products for therapeutic uses (Formulations),NPL,Nepal,84240375.70666666,6962837.086666667,4063743.78,39639854.79,4063743.78,0.4,26,1.0,-0.5560724075194967,-0.4910299611257972,2.3207687702358193,2.571907290923215,0,354486747640.06,8827.97,3.3,39436661.0,66.25,5.0,5.0,0.0,1.0,In Force,PTA,Goods,1,44,20,63,0,0,0,0,0,0
2025,300490,Medicaments consisting of mixed or unmixed products for therapeutic uses (Formulations),NZL,New Zealand,108669331.07000001,8932721.953333333,8116794.04,189220861.27,15468420.77,1.92,26,1.0,0.3675528847526528,0.38048192775829226,4.313644173697969,3.814396649458817,0,354486747640.06,8827.97,3.3,39436661.0,66.25,5.0,5.0,0.0,0.0,None,None,None,48,60,290,341,0,0,0,0,0,0
2025,300490,Medicaments consisting of mixed or unmixed products for therapeutic uses (Formulations),OMN,Oman,93983036.58666666,7633657.68,9143276.19,121091450.23,9143276.19,1.23,26,1.0,-0.04652060649115641,-0.12753014381484618,3.3775758723585003,4.236417953659349,0,354486747640.06,8827.97,3.3,39436661.0,66.25,5.0,5.0,0.0,0.0,None,None,None,17,10,19,39,0,0,0,0,0,0
2025,300490,Medicaments consisting of mixed or unmixed products for therapeutic uses (Formulations),PHL,Philippines,133641039.98,12958408.89,14440190.3,140266144.56,14440190.3,1.42,26,1.0,-0.19933710523104908,-0.14824233726225422,2.351329279402771,2.18696553482492,0,354486747640.06,8827.97,3.3,39436661.0,66.25,5.0,5.0,0.0,0.0,None,None,None,377,75,252,598,0,0,0,0,0,0
2025,300490,Medicaments consisting of mixed or unmixed products for therapeutic uses (Formulations),POL,Poland,142578926.5,12351801.89,15134216.2,203303173.0,18931093.25,2.06,26,1.0,0.055242103112101315,0.11842761191414986,3.856835532744773,5.0,0,354486747640.06,8827.97,3.3,39436661.0,66.25,5.0,5.0,0.0,0.0,None,None,None,79,24,1907,1952,0,0,0,0,0,0
2025,300490,Medicaments consisting of mixed or unmixed products for therapeutic uses (Formulations),QAT,Qatar,266438237.74333334,18162012.246666666,15265756.19,386194175.42,24125304.1,3.91,26,1.0,0.48853370780167227,0.2642127856629133,0.6170649657666432,0.5803543433899438,0,354486747640.06,8827.97,3.3,39436661.0,66.25,5.0,5.0,0.0,0.0,None,None,None,11,2,19,29,0,0,0,0,0,0
2025,300490,Medicaments consisting of mixed or unmixed products for therapeutic uses (Formulations),RUS,Russian Federation,152974314.42333332,10850814.896666666,8127290.25,29418659.72,2457184.32,0.3,26,1.0,-0.44962636733021577,-0.4501477802313649,-0.9114920867450792,-0.888146956383429,0,660552264556.61,3362.46,3.6,191925086.0,59.25,5.0,5.0,0.0,0.0,None,None,None,259,147,598,858,0,0,1,1,1,0
2025,300490,Medicaments consisting of mixed or unmixed products for therapeutic uses (Formulations),SWE,Sweden,141208784.55333334,10760678.236666666,13075607.96,152735869.12,13075607.96,1.55,26,1.0,-0.12954858409843828,-0.03741618979284267,1.2037142178291655,1.5665875900661175,0,354486747640.06,8827.97,3.3,39436661.0,66.25,5.0,5.0,0.0,0.0,None,None,None,317,47,1005,1198,0,0,0,0,0,0
2025,300490,Medicaments consisting of mixed or unmixed products for therapeutic uses (Formulations),THA,Thailand,85153169.48333333,8092338.806666668,8733838.6,99365844.89,8733838.6,1.01,26,1.0,0.01034631242887718,-0.05616188351301432,0.691262045073838,0.5218335609815514,0,335895377767.42,3988.94,3.8,82685533.0,126.25,5.0,5.0,0.0,1.0,In Force,FTA,Goods & Services,67,41,127,204,0,0,0,0,0,0
2025,300490,Medicaments consisting of mixed or unmixed products for therapeutic uses (Formulations),TUR,Türkiye,167510611.83,10411879.586666666,7536900.6,357103862.91,21716435.72,3.62,26,1.0,2.740445076820552,2.309857646458543,1.9782477059564365,1.8813482985296526,0,647529125689.17,7592.05,3.3,84263000.0,61.25,5.0,5.0,0.0,0.0,None,None,None,142,51,306,656,0,0,0,0,0,0
2025,300490,Medicaments consisting of mixed or unmixed products for therapeutic uses (Formulations),TWN,Taiwan,193944145.47333333,12811698.896666666,11276149.11,184530561.54,11276149.11,1.87,26,1.0,0.34488313592322384,0.18008155853775065,-0.3750628936002416,-0.40843986207240046,0,354486747640.06,8827.97,3.3,39436661.0,66.25,5.0,5.0,0.0,0.0,None,None,None,23,21,35,68,0,0,0,0,0,0
2025,300490,Medicaments consisting of mixed or unmixed products for therapeutic uses (Formulations),TZA,United Republic of Tanzania,122282466.11999999,8084148.18,4094539.68,63414035.64,4094539.68,0.64,26,1.0,0.11657248664278419,0.10671455364744609,-0.7489241550903963,-0.7564937201082542,0,354486747640.06,8827.97,3.3,39436661.0,66.25,5.0,5.0,0.0,0.0,None,None,None,20,30,33,71,0,0,0,0,0,0
2025,300490,Medicaments consisting of mixed or unmixed products for therapeutic uses (Formulations),VNM,Viet Nam,195077641.6833333,13873400.606666664,15969392.54,229377642.89,15969392.54,2.32,26,1.0,0.4655644981749374,0.45151095631179294,-0.07903643787443215,-0.11630621927425966,0,160562089452.67,1522.87,6.6,105032975.0,121.25,5.0,5.0,0.0,1.0,In Force,FTA,Goods & Services,132,31,175,241,0,0,0,0,0,0
2025,300490,Medicaments consisting of mixed or unmixed products for therapeutic uses (Formulations),ZAF,South Africa,125929889.63666666,9141282.319999998,9145387.94,127524273.07,10031283.27,1.29,26,1.0,-0.036569743060894666,0.047314655719328025,0.12977022815274597,0.21632951377309784,0,261888231492.08,4360.27,2.0,59023536.0,63.25,0.0,5.0,5.0,1.0,Under Negotiation,PTA,Goods,60,85,696,793,0,0,0,0,0,0
2025,310520,"Mineral or chemical fertilisers containing nitrogen, phosphorus and potassium (NPK)",AGO,Angola,2628574.3533333335,4858767.5600000005,5139219.09,2665836.64,5194832.15,2.25,26,1.0,0.15726312705734502,0.10659207834308293,-0.17449842496223533,0.010821305537878745,0,354486747640.06,8827.97,3.3,39436661.0,66.25,5.0,5.0,0.0,0.0,None,None,None,35,40,13,81,0,0,0,0,0,0
2025,310520,"Mineral or chemical fertilisers containing nitrogen, phosphorus and potassium (NPK)",ARE,United Arab Emirates,2326493.1266666665,3849501.606666667,3800826.7,2835630.0,4608592.83,2.39,26,1.0,0.297504402867383,0.21166513649215557,0.15292891343822212,0.21252379909844032,0,290888340065.6,69094.67,4.0,4206577.0,151.25,5.0,5.0,0.0,1.0,In Force,FTA & EIA,Goods & Services,44,10,35,75,0,0,1,1,1,0
2025,310520,"Mineral or chemical fertilisers containing nitrogen, phosphorus and potassium (NPK)",ARG,Argentina,1006143.79,1712173.5533333335,1609440.82,1769793.79,3269716.73,1.49,26,1.0,2.3259871002954795,2.564362917275039,0.625674882950515,1.0315855602556225,0,354486747640.06,8827.97,3.3,39436661.0,66.25,5.0,5.0,0.0,1.0,In Force,PTA,Goods,104,113,458,602,0,0,0,0,0,0
2025,310520,"Mineral or chemical fertilisers containing nitrogen, phosphorus and potassium (NPK)",AUS,Australia,1481219.3733333333,2796750.51,3097808.59,2808130.66,4687529.08,2.37,26,1.0,0.4787788466304004,0.23011212033471473,5.0,5.0,0,827705732805.53,32270.26,2.6,25108007.0,51.25,5.0,5.0,0.0,1.0,In Force,FTA,Goods & Services,378,622,1830,2593,0,0,0,0,0,0
2025,310520,"Mineral or chemical fertilisers containing nitrogen, phosphorus and potassium (NPK)",AUT,Austria,2493222.64,3702190.763333333,3930790.41,3983558.64,5934824.49,3.36,26,1.0,0.21319735608591506,0.22875131650762137,4.044985307758767,3.78245630173911,0,354486747640.06,8827.97,3.3,39436661.0,66.25,5.0,5.0,0.0,0.0,None,None,None,111,11,1349,1394,0,0,0,0,0,0
2025,310520,"Mineral or chemical fertilisers containing nitrogen, phosphorus and potassium (NPK)",BEL,Belgium,1991754.9833333334,2721293.176666667,3769083.22,2917095.41,3893537.81,2.46,26,1.0,0.016326004440715414,0.016375844498370817,5.0,5.0,0,354486747640.06,8827.97,3.3,39436661.0,66.25,5.0,5.0,0.0,0.0,None,None,None,484,11,1834,1842,0,0,0,0,0,0
2025,310520,"Mineral or chemical fertilisers containing nitrogen, phosphorus and potassium (NPK)",BGD,Bangladesh,971977.6200000001,1418266.5633333332,1434683.83,901217.05,1434683.83,0.76,26,1.0,0.8848956048353547,0.9228276696230597,-0.4882513750275562,-0.41009928317377486,0,354486747640.06,8827.97,3.3,39436661.0,66.25,5.0,5.0,0.0,1.0,In Force,FTA,Goods,12,15,18,45,0,0,0,0,0,0
2025,310520,"Mineral or chemical fertilisers containing nitrogen, phosphorus and potassium (NPK)",BRA,Brazil,2450656.9133333336,3673199.8533333335,2698028.4,2018489.63,2698028.4,1.7,26,1.0,0.3226501129421888,0.09266394347595752,-0.5170690471548174,-0.5549096222405205,0,1214333384401.01,5179.26,2.3,230047193.0,35.25,5.0,5.0,0.0,1.0,In Force,PTA,Goods,206,430,5576,5635,0,0,0,0,0,0
2025,310520,"Mineral or chemical fertilisers containing nitrogen, phosphorus and potassium (NPK)",CAN,Canada,1633884.1366666667,2650896.3333333335,3420489.33,2349550.4,3420489.33,1.98,26,1.0,-0.00532356140399648,-0.09100925956533157,5.0,5.0,0,1278428077415.3,30906.61,2.0,40356850.0,86.25,5.0,5.0,0.0,0.0,None,None,None,580,499,2609,3225,0,0,0,0,0,0
2025,310520,"Mineral or chemical fertilisers containing nitrogen, phosphorus and potassium (NPK)",CHE,Switzerland,1396532.6366666667,3000946.6033333335,2553405.86,1055580.53,2553405.86,0.89,26,1.0,0.48181335839036055,0.6896901332335137,-0.602160731453875,-0.5403482319492223,0,354486747640.06,8827.97,3.3,39436661.0,66.25,5.0,5.0,0.0,0.0,None,None,None,68,13,1548,1560,0,0,0,0,0,0
2025,310520,"Mineral or chemical fertilisers containing nitrogen, phosphorus and potassium (NPK)",CHL,Chile,1169537.76,2439856.48,1906909.18,527613.4,913056.98,0.45,26,1.0,-0.4780607612738138,-0.5495341960936606,-0.49473902712603646,-0.5211848631409277,0,354486747640.06,8827.97,3.3,39436661.0,66.25,5.0,5.0,0.0,1.0,In Force,PTA,Goods,105,43,445,489,0,0,0,0,0,0
2025,310520,"Mineral or chemical fertilisers containing nitrogen, phosphorus and potassium (NPK)",CHN,China,2074523.04,3334266.403333333,3313112.97,2796451.08,3888593.11,2.36,26,1.0,0.19023015098575247,0.17823651242779648,0.9244377312543828,0.17369771124913558,0,9300982450507.4,5588.1,8.3,1656339789.0,46.25,5.0,5.0,0.0,0.0,In Force,PTA,Goods,765,191,996,1676,0,0,0,0,0,0
2025,310520,"Mineral or chemical fertilisers containing nitrogen, phosphorus and potassium (NPK)",COL,Colombia,2384645.1233333335,3995245.5400000005,4669368.62,3048452.58,4669368.62,2.57,26,1.0,1.409727587565205,0.8952879764498602,-0.14859628168794659,-0.2239028756938214,0,354486747640.06,8827.97,3.3,39436661.0,66.25,5.0,5.0,0.0,0.0,None,None,None,33,165,246,394,0,0,0,0,0,0
2025,310520,"Mineral or chemical fertilisers containing nitrogen, phosphorus and potassium (NPK)",DEU,Germany,2002106.7333333334,3345135.776666667,3804925.9,595864.4,827371.03,0.5,26,1.0,-0.44509000080230776,-0.533687504222426,-0.828546021464832,-0.8468713446980749,0,2760472889424.06,24913.88,1.2,108056452.0,76.25,5.0,5.0,0.0,0.0,Under Negotiation,FTA,Goods & Services,879,112,9939,10026,0,0,0,0,0,0
2025,310520,"Mineral or chemical fertilisers containing nitrogen, phosphorus and potassium (NPK)",EGY,Egypt,3859787.6233333335,5878059.71,6065150.2,4234659.62,6065150.2,3.57,26,1.0,0.04547930447427695,-0.006408581393924084,0.22020357466919216,0.11792029051164188,0,290888340065.6,3140.67,4.0,92544699.0,49.25,5.0,5.0,0.0,0.0,None,None,None,41,24,74,127,0,0,0,0,0,0
2025,310520,"Mineral or chemical fertilisers containing nitrogen, phosphorus and potassium (NPK)",ESP,Spain,1643727.55,2755868.7266666666,3757466.7,1731858.92,3782047.63,1.46,26,1.0,1.0456322959801407,1.2791368975531938,-0.37825029977117663,0.0065418889804116365,0,354486747640.06,8827.97,3.3,39436661.0,66.25,5.0,5.0,0.0,0.0,None,None,None,432,50,4433,4769,0,0,0,0,0,0
2025,310520,"Mineral or chemical fertilisers containing nitrogen, phosphorus and potassium (NPK)",FRA,France,2975559.5566666666,4883300.326666667,5850454.57,1218814.29,2595566.23,1.03,26,1.0,-0.42235389373182763,-0.3339278857498862,-0.699441563399138,-0.5816221212061543,0,1973285681586.82,24141.89,1.3,80056423.0,65.25,5.0,5.0,0.0,0.0,Under Negotiation,FTA,Goods & Services,808,142,14175,14370,0,0,0,0,0,0
2025,310520,"Mineral or chemical fertilisers containing nitrogen, phosphorus and potassium (NPK)",GBR,United Kingdom of Great Britain and Northern Ireland,2035279.4433333334,3702258.7100000004,3884560.21,2332567.32,3259161.68,1.97,26,1.0,0.10932342937425554,-0.09314480642956091,0.24218284544289403,-0.16099596767502256,0,2593000127109.38,32632.91,1.6,77427312.0,66.25,5.0,5.0,0.0,0.0,Under Negotiation,FTA,Goods & Services,1350,144,4976,5878,0,0,0,0,0,0
2025,310520,"Mineral or chemical fertilisers containing nitrogen, phosphorus and potassium (NPK)",GHA,Ghana,1445965.92,2560922.4066666667,2265135.04,258220.95,420893.89,0.22,26,1.0,-0.6914075435747569,-0.7097695274474649,-0.8112566949648444,-0.8141859612927032,0,354486747640.06,8827.97,3.3,39436661.0,66.25,5.0,5.0,0.0,0.0,None,None,None,11,5,45,62,0,0,0,0,0,0
2025,310520,"Mineral or chemical fertilisers containing nitrogen, phosphorus and potassium (NPK)",HKG,"China, Hong Kong Special Administrative Region",1515209.88,2824862.5133333337,1387960.17,3357413.53,6295902.48,2.83,26,1.0,1.0714522578598915,1.129808198563636,5.0,5.0,0,354486747640.06,8827.97,3.3,39436661.0,66.25,5.0,5.0,0.0,0.0,None,None,None,13,3,63,70,0,0,0,0,0,0
2025,310520,"Mineral or chemical fertilisers containing nitrogen, phosphorus and potassium (NPK)",IDN,Indonesia,3143353.97,4556877.776666666,5717015.55,5169515.05,7062312.4,4.36,26,1.0,2.378148110553122,1.8148820284136487,0.3577001325845388,0.23531453399645996,0,558748565248.4,1981.66,4.8,277371187.0,66.25,5.0,5.0,0.0,1.0,In Force,FTA,Goods & Services,297,187,365,748,0,0,0,0,0,0
2025,310520,"Mineral or chemical fertilisers containing nitrogen, phosphorus and potassium (NPK)",IRN,Iran (Islamic Republic of),2254260.966666667,3607832.3299999996,5123588.09,2659731.88,5172037.1,2.24,26,1.0,1.9613895540344837,2.1301603427512075,-0.3000279922287221,0.009456070462328992,0,354486747640.06,8827.97,3.3,39436661.0,66.25,5.0,5.0,0.0,0.0,None,None,None,43,70,58,158,0,0,0,0,0,0
2025,310520,"Mineral or chemical fertilisers containing nitrogen, phosphorus and potassium (NPK)",ISR,Israel,753888.0499999999,1246924.9233333333,903602.91,1269692.54,1943715.9,1.07,26,1.0,0.632727670211126,0.4749585595048187,1.4621615974369049,1.1510730858512273,0,354486747640.06,8827.97,3.3,39436661.0,66.25,5.0,5.0,0.0,0.0,None,None,None,22,15,360,381,0,0,0,0,0,0
2025,310520,"Mineral or chemical fertilisers containing nitrogen, phosphorus and potassium (NPK)",ITA,Italy,1214186.92,2398929.096666666,2291569.0,1739679.96,3028674.82,1.47,26,1.0,0.4784438995123088,0.27041908339688425,0.5715568794860877,0.3216598845588672,0,1461972474319.65,19023.64,0.8,74798201.0,61.25,5.0,5.0,0.0,0.0,Under Negotiation,FTA,Goods & Services,327,61,5598,5803,0,0,0,0,0,0
2025,310520,"Mineral or chemical fertilisers containing nitrogen, phosphorus and potassium (NPK)",JPN,Japan,1264675.5999999999,2192796.21,1422055.46,906304.75,1226216.54,0.76,26,1.0,-0.01100052006240504,-0.07140718740657415,-0.5378692894792414,-0.6879948725593703,0,6533340281527.44,38134.14,0.9,166685623.0,33.25,5.0,5.0,0.0,1.0,In Force,FTA & EIA,Goods & Services,1562,102,621,2170,0,0,0,0,0,0
2025,310520,"Mineral or chemical fertilisers containing nitrogen, phosphorus and potassium (NPK)",KAZ,Kazakhstan,1039960.43,1622279.0866666667,1306519.87,2198983.01,3231864.84,1.86,26,1.0,0.7088500396382607,0.5727822001101519,5.0,5.0,0,354486747640.06,8827.97,3.3,39436661.0,66.25,5.0,5.0,0.0,0.0,None,None,None,3,27,67,85,0,0,0,0,0,0
2025,310520,"Mineral or chemical fertilisers containing nitrogen, phosphorus and potassium (NPK)",KEN,Kenya,3068597.8666666667,4386009.056666667,4060931.67,2549460.56,4060931.67,2.15,26,1.0,-0.19742346905544106,-0.12823969478326114,-0.05517330691069011,0.08189798075967203,0,354486747640.06,8827.97,3.3,39436661.0,66.25,5.0,5.0,0.0,0.0,None,None,None,7,38,27,72,0,0,0,0,0,0
2025,310520,"Mineral or chemical fertilisers containing nitrogen, phosphorus and potassium (NPK)",KOR,Republic of Korea,2081955.1633333333,3259312.033333333,4619715.3,2642674.48,4804840.38,2.23,26,1.0,2.753476872732241,2.687382931565064,-0.22629625744662962,0.04007283305942244,0,1859749923928.23,29536.14,4.6,61784103.0,81.25,5.0,5.0,0.0,1.0,In Force,FTA & EIA,Goods & Services,76,29,232,279,0,0,0,0,0,0
2025,310520,"Mineral or chemical fertilisers containing nitrogen, phosphorus and potassium (NPK)",KWT,Kuwait,3461672.85,4879910.426666667,5397036.49,2079591.35,3114531.5,1.75,26,1.0,-0.28009034756639384,-0.24034100149311954,-0.5155700478166416,-0.4917675406786539,0,354486747640.06,8827.97,3.3,39436661.0,66.25,5.0,5.0,0.0,0.0,None,None,None,13,2,19,31,0,0,0,0,0,0
2025,310520,"Mineral or chemical fertilisers containing nitrogen, phosphorus and potassium (NPK)",LKA,Sri Lanka,2671358.0733333337,4269690.283333333,3848929.56,2834632.15,3848929.56,2.39,26,1.0,-0.057652531999119905,-0.1560523958738278,0.42633324681063023,0.0823091030922023,0,354486747640.06,8827.97,3.3,39436661.0,66.25,5.0,5.0,0.0,1.0,In Force,FTA,Goods,21,19,118,151,0,0,0,0,0,0
2025,310520,"Mineral or chemical fertilisers containing nitrogen, phosphorus and potassium (NPK)",MEX,Mexico,1986748.8,4099143.813333334,5595083.11,2423377.6,5676413.42,2.04,26,1.0,0.9347471871511459,1.352215487041629,-0.1613069042643015,0.014536032512836972,0,1188674554333.95,8882.55,1.9,130009527.0,71.25,5.0,5.0,0.0,0.0,None,None,None,110,95,869,969,0,0,0,0,0,0
2025,310520,"Mineral or chemical fertilisers containing nitrogen, phosphorus and potassium (NPK)",MYS,Malaysia,1151810.1566666665,2160474.0166666666,1059186.9,2499736.57,4703656.18,2.11,26,1.0,1.677194173205621,1.5584712021741733,3.118673345567326,3.4408179330725854,0,303500855641.07,9683.98,4.6,30760596.0,191.25,5.0,5.0,0.0,1.0,In Force,FTA,Goods & Services,177,54,172,349,0,0,0,0,0,0
2025,310520,"Mineral or chemical fertilisers containing nitrogen, phosphorus and potassium (NPK)",NGA,Nigeria,2303269.763333333,3692430.956666667,4984399.4,360161.5,850815.13,0.3,26,1.0,-0.6424069894075526,-0.5971291464337183,-0.9035217846801366,-0.8293043831921195,0,204369543044.52,1260.94,4.3,160375757.0,56.25,5.0,5.0,0.0,0.0,None,None,None,41,23,101,163,0,0,1,1,0,0
2025,310520,"Mineral or chemical fertilisers containing nitrogen, phosphorus and potassium (NPK)",NLD,Netherlands,1549417.0033333332,2952300.9433333334,3665985.18,2005491.16,3665985.18,1.69,26,1.0,-0.0820037890437677,-0.10628527586836134,5.0,5.0,0,684132699691.79,31975.3,1.8,20901430.0,136.25,5.0,5.0,0.0,0.0,Under Negotiation,FTA,Goods & Services,531,23,1818,1876,0,0,0,0,0,0
2025,310520,"Mineral or chemical fertilisers containing nitrogen, phosphorus and potassium (NPK)",NPL,Nepal,1537614.3366666667,2989414.2533333334,3955941.61,1610547.73,3955941.61,1.36,26,1.0,-0.17121202583186113,-0.020288653587464678,1.4491359794018197,3.4407999125696858,0,354486747640.06,8827.97,3.3,39436661.0,66.25,5.0,5.0,0.0,1.0,In Force,PTA,Goods,1,44,20,63,0,0,0,0,0,0
2025,310520,"Mineral or chemical fertilisers containing nitrogen, phosphorus and potassium (NPK)",NZL,New Zealand,1212793.7,2621282.43,1723320.3,473035.45,1015529.59,0.4,26,1.0,-0.5291154341362108,-0.5548570840191285,-0.5416245697024749,-0.4107133827649969,0,354486747640.06,8827.97,3.3,39436661.0,66.25,5.0,5.0,0.0,0.0,None,None,None,48,60,290,341,0,0,0,0,0,0
2025,310520,"Mineral or chemical fertilisers containing nitrogen, phosphorus and potassium (NPK)",OMN,Oman,2516810.3333333335,4044864.6666666665,3896663.17,3992599.36,6316313.23,3.37,26,1.0,0.7494137537230503,0.8130022602498268,0.7719277278637704,0.6209543792819998,0,354486747640.06,8827.97,3.3,39436661.0,66.25,0.0,5.0,5.0,0.0,None,None,None,17,10,19,39,0,0,0,0,0,0
2025,310520,"Mineral or chemical fertilisers containing nitrogen, phosphorus and potassium (NPK)",PHL,Philippines,1280705.27,2034939.9066666665,2599067.43,2099194.22,3256819.55,1.77,26,1.0,2.8269521642966096,2.6170610456405496,0.31233392798754545,0.2530723568025115,0,354486747640.06,8827.97,3.3,39436661.0,66.25,5.0,5.0,0.0,0.0,None,None,None,377,75,252,598,0,0,0,0,0,0
2025,310520,"Mineral or chemical fertilisers containing nitrogen, phosphorus and potassium (NPK)",POL,Poland,1682067.8833333335,3395279.0066666664,3020700.5,2800901.08,5160012.56,2.36,26,1.0,0.4728326562436054,0.3069878359270588,1.9356159991430175,1.5734132467288586,0,354486747640.06,8827.97,3.3,39436661.0,66.25,5.0,5.0,0.0,0.0,None,None,None,79,24,1907,1952,0,0,0,0,0,0
2025,310520,"Mineral or chemical fertilisers containing nitrogen, phosphorus and potassium (NPK)",QAT,Qatar,1112091.19,2317008.3133333335,3029885.72,1279251.9,3113400.54,1.08,26,1.0,0.5279300353413048,0.9632791663867841,-0.1522863365160323,0.02756368646107643,0,354486747640.06,8827.97,3.3,39436661.0,66.25,5.0,5.0,0.0,0.0,None,None,None,11,2,19,29,0,0,0,0,0,0
2025,310520,"Mineral or chemical fertilisers containing nitrogen, phosphorus and potassium (NPK)",RUS,Russian Federation,2859378.7600000002,4945831.043333333,4178061.78,4691442.29,6590076.19,3.96,26,1.0,0.6066911076127632,0.2559078907289354,1.2671295791604513,0.6194399188293953,0,660552264556.61,3362.46,3.6,191925086.0,59.25,0.0,5.0,5.0,0.0,None,None,None,259,147,598,858,0,0,1,1,1,0
2025,310520,"Mineral or chemical fertilisers containing nitrogen, phosphorus and potassium (NPK)",SAU,Saudi Arabia,2046327.423333333,3623156.486666667,3065756.04,556390.98,1258320.46,0.47,26,1.0,-0.4850605164069195,-0.3593411455927147,-0.8403144222115516,-0.8077547875750751,0,415388277619.73,14929.51,3.0,27342752.0,73.25,0.0,5.0,5.0,0.0,Under Negotiation,FTA,Goods,38,35,43,95,0,0,0,0,0,0
2025,310520,"Mineral or chemical fertilisers containing nitrogen, phosphorus and potassium (NPK)",SGP,Singapore,1703931.9266666668,2860788.2266666666,2600706.08,1334830.8,2260667.3,1.13,26,1.0,-0.1560788933110322,-0.06766349360682578,-0.29846788300813454,-0.39245563406735395,0,340929615341.57,63446.9,5.0,5258221.0,321.25,5.0,5.0,0.0,1.0,In Force,FTA & EIA,Goods & Services,15,5,22,27,1,1,0,0,0,0
2025,310520,"Mineral or chemical fertilisers containing nitrogen, phosphorus and potassium (NPK)",SWE,Sweden,2794492.4433333334,4382648.95,5743303.75,3668217.23,5936299.09,3.09,26,1.0,1.2065723463272353,1.0106847268836239,-0.07412022733952661,0.03360354047075531,0,354486747640.06,8827.97,3.3,39436661.0,66.25,5.0,5.0,0.0,0.0,None,None,None,317,47,1005,1198,0,0,0,0,0,0
2025,310520,"Mineral or chemical fertilisers containing nitrogen, phosphorus and potassium (NPK)",THA,Thailand,1714379.5333333332,2724910.803333333,2255725.64,2414918.48,3894918.23,2.04,26,1.0,0.3119586021766927,0.38718511258347466,0.8222974256543978,0.7266808342872202,0,335895377767.42,3988.94,3.8,82685533.0,126.25,5.0,5.0,0.0,1.0,In Force,FTA,Goods & Services,67,41,127,204,0,0,0,0,0,0
2025,310520,"Mineral or chemical fertilisers containing nitrogen, phosphorus and potassium (NPK)",TUR,Türkiye,725343.3266666667,1328256.8933333333,1201952.15,849836.55,1201952.15,0.72,26,1.0,-0.09272817038817482,-0.2587339668620422,1.8929268563417803,1.0188516348309995,0,647529125689.17,7592.05,3.3,84263000.0,61.25,5.0,5.0,0.0,0.0,None,None,None,142,51,306,656,0,0,0,0,0,0
2025,310520,"Mineral or chemical fertilisers containing nitrogen, phosphorus and potassium (NPK)",TWN,Taiwan,2218384.12,3590101.3266666667,2860461.37,3630638.25,5906167.08,3.06,26,1.0,0.40271963108487285,0.43692738203351755,2.0785769618256675,1.947666421816836,0,354486747640.06,8827.97,3.3,39436661.0,66.25,5.0,5.0,0.0,0.0,None,None,None,23,21,35,68,0,0,0,0,0,0
2025,310520,"Mineral or chemical fertilisers containing nitrogen, phosphorus and potassium (NPK)",TZA,United Republic of Tanzania,2635583.2866666666,4570313.433333334,4372441.64,3869750.03,6534273.28,3.26,26,1.0,0.48565753500869513,0.5264837628957006,0.6944768776730565,0.4944220684895193,0,354486747640.06,8827.97,3.3,39436661.0,66.25,5.0,5.0,0.0,0.0,None,None,None,20,30,33,71,0,0,0,0,0,0
2025,310520,"Mineral or chemical fertilisers containing nitrogen, phosphorus and potassium (NPK)",USA,United States of America,3276565.106666667,4761885.483333333,5908630.7,4213463.32,5908630.7,3.55,26,1.0,0.7971568121308146,0.7716366134748598,-0.02277521337007682,-0.09021211811528884,0,18097338437760.06,47718.36,2.1,370704619.0,36.25,5.0,5.0,0.0,0.0,None,None,None,1765,2105,19117,20895,0,0,0,0,0,0
2025,310520,"Mineral or chemical fertilisers containing nitrogen, phosphorus and potassium (NPK)",VNM,Viet Nam,1985881.1133333333,3746890.176666667,4690221.32,2102569.28,4690221.32,1.77,26,1.0,0.9214734259880539,1.1405117375927318,-0.3600634099807759,-0.15136512464269414,0,160562089452.67,1522.87,6.6,105032975.0,121.25,5.0,5.0,0.0,1.0,In Force,FTA,Goods & Services,132,31,175,241,0,0,0,0,0,0
2025,310520,"Mineral or chemical fertilisers containing nitrogen, phosphorus and potassium (NPK)",ZAF,South Africa,2776573.0166666666,4463197.13,5766799.5,3615453.45,6181929.85,3.05,26,1.0,0.888185468432632,1.0713373498759164,-0.02289865867648544,0.07198626378443151,0,261888231492.08,4360.27,2.0,59023536.0,63.25,5.0,5.0,0.0,1.0,Under Negotiation,PTA,Goods,60,85,696,793,0,0,0,0,0,0
2025,390110,Polyethylene having a specific gravity of less than 0.94 (Plastics in primary forms),AGO,Angola,4937415.793333333,3670749.286666667,3491454.18,4498168.64,3468016.72,1.39,26,1.0,0.03469817522322516,-0.00336205548641344,-0.26410811165167525,-0.14428631177395346,0,354486747640.06,8827.97,3.3,39436661.0,66.25,7.5,7.5,0.0,0.0,None,None,None,35,40,13,81,0,0,0,0,0,0
2025,390110,Polyethylene having a specific gravity of less than 0.94 (Plastics in primary forms),ARE,United Arab Emirates,6491295.486666667,4004089.7233333327,4402153.31,4653998.93,2527366.43,1.44,26,1.0,-0.18816157052067384,-0.24229260705843514,-0.4001456615257678,-0.5027560447732906,0,290888340065.6,69094.67,4.0,4206577.0,151.25,0.0,7.5,7.5,1.0,In Force,FTA & EIA,Goods & Services,44,10,35,75,0,0,1,1,1,0
2025,390110,Polyethylene having a specific gravity of less than 0.94 (Plastics in primary forms),ARG,Argentina,6197356.56,4224093.916666667,4752845.74,8816182.21,5706173.3,2.72,26,1.0,0.16745725703970682,0.09570998471946113,1.6655430165645941,1.5781726110577368,0,354486747640.06,8827.97,3.3,39436661.0,66.25,7.5,7.5,0.0,1.0,In Force,PTA,Goods,104,113,458,602,0,0,0,0,0,0
2025,390110,Polyethylene having a specific gravity of less than 0.94 (Plastics in primary forms),AUS,Australia,5912337.406666666,4038112.0399999996,4358852.35,4014606.36,2876703.06,1.24,26,1.0,-0.14010545220680637,-0.18761585550443527,-0.5159040158876231,-0.41036434490628904,0,827705732805.53,32270.26,2.6,25108007.0,51.25,7.5,7.5,0.0,1.0,In Force,FTA,Goods & Services,378,622,1830,2593,0,0,0,0,0,0
2025,390110,Polyethylene having a specific gravity of less than 0.94 (Plastics in primary forms),AUT,Austria,6098537.78,4159081.063333334,4386361.36,7450287.77,4386361.36,2.3,26,1.0,0.005760766660879879,-0.11188715079763434,1.1408008892278638,0.7339540957376287,0,354486747640.06,8827.97,3.3,39436661.0,66.25,7.5,7.5,0.0,0.0,None,None,None,111,11,1349,1394,0,0,0,0,0,0
2025,390110,Polyethylene having a specific gravity of less than 0.94 (Plastics in primary forms),BEL,Belgium,5407239.166666667,3916113.8799999994,3825857.77,4656775.31,3825857.77,1.44,26,1.0,0.027377784569307728,0.07902560431683892,-0.34898041415486647,-0.17483940437418477,0,354486747640.06,8827.97,3.3,39436661.0,66.25,7.5,7.5,0.0,0.0,None,None,None,484,11,1834,1842,0,0,0,0,0,0
2025,390110,Polyethylene having a specific gravity of less than 0.94 (Plastics in primary forms),BGD,Bangladesh,5376062.193333334,3677694.4066666667,3754371.85,5391589.19,3834091.18,1.66,26,1.0,-0.025109535363996738,0.010561098176484984,0.06475349181211199,0.11306645392416614,0,354486747640.06,8827.97,3.3,39436661.0,66.25,7.5,7.5,0.0,1.0,In Force,FTA,Goods,12,15,18,45,0,0,0,0,0,0
2025,390110,Polyethylene having a specific gravity of less than 0.94 (Plastics in primary forms),BRA,Brazil,6718889.806666666,4109414.473333333,5700276.44,711382.24,539713.2,0.22,26,1.0,-0.7359681244194998,-0.7022613969229892,-0.9230174189558147,-0.9053180655919373,0,1214333384401.01,5179.26,2.3,230047193.0,35.25,7.5,7.5,0.0,1.0,In Force,PTA,Goods,206,430,5576,5635,0,0,0,0,0,0
2025,390110,Polyethylene having a specific gravity of less than 0.94 (Plastics in primary forms),CAN,Canada,6355113.46,4391728.376666666,4190566.04,9207377.62,5305632.0,2.84,26,1.0,0.3012028066748478,0.1252064613152708,1.0831746079864457,0.44214477251632833,0,1278428077415.3,30906.61,2.0,40356850.0,86.25,7.5,7.5,0.0,0.0,None,None,None,580,499,2609,3225,0,0,0,0,0,0
2025,390110,Polyethylene having a specific gravity of less than 0.94 (Plastics in primary forms),CHE,Switzerland,3922345.8733333335,2759930.3699999996,1724029.83,8277392.58,5724401.6,2.56,26,1.0,1.599540419897839,1.624040708589471,2.654888324347069,2.3203611099911647,0,354486747640.06,8827.97,3.3,39436661.0,66.25,7.5,7.5,0.0,0.0,None,None,None,68,13,1548,1560,0,0,0,0,0,0
2025,390110,Polyethylene having a specific gravity of less than 0.94 (Plastics in primary forms),CHL,Chile,6287886.293333333,4184931.9499999997,4940785.49,8040400.86,4940785.49,2.48,26,1.0,0.8859420314435555,0.7831132553028928,-0.06099395318674161,-0.18469645370080812,0,354486747640.06,8827.97,3.3,39436661.0,66.25,7.5,7.5,0.0,1.0,In Force,PTA,Goods,105,43,445,489,0,0,0,0,0,0
2025,390110,Polyethylene having a specific gravity of less than 0.94 (Plastics in primary forms),CHN,China,6989782.406666666,4658935.36,4776732.15,7288716.15,5640326.3,2.25,26,1.0,0.07844973228600138,0.25875877127966196,-0.01686556792122107,0.18079183066582827,0,9300982450507.4,5588.1,8.3,1656339789.0,46.25,6.5,7.5,1.0,0.0,In Force,PTA,Goods,765,191,996,1676,0,0,0,0,0,0
2025,390110,Polyethylene having a specific gravity of less than 0.94 (Plastics in primary forms),COL,Colombia,6274777.649999999,3586166.026666667,4132923.27,7262693.67,4132923.27,2.24,26,1.0,0.4159302504504727,0.396578948677786,-0.08519850380340954,-0.08291709911066236,0,354486747640.06,8827.97,3.3,39436661.0,66.25,7.5,7.5,0.0,0.0,None,None,None,33,165,246,394,0,0,0,0,0,0
2025,390110,Polyethylene having a specific gravity of less than 0.94 (Plastics in primary forms),DEU,Germany,7024255.760000001,4032111.7900000005,4740713.16,2249036.24,1337107.16,0.69,26,1.0,-0.4707215618998364,-0.46891838436730593,-0.7916661783776857,-0.7778343746104319,0,2760472889424.06,24913.88,1.2,108056452.0,76.25,7.5,7.5,0.0,0.0,Under Negotiation,FTA,Goods & Services,879,112,9939,10026,0,0,0,0,0,0
2025,390110,Polyethylene having a specific gravity of less than 0.94 (Plastics in primary forms),EGY,Egypt,3480207.5933333337,2244854.7600000002,1142421.1,603583.13,318067.36,0.19,26,1.0,-0.45889845503678917,-0.47234939038571044,-0.9223742969452917,-0.9396923042338933,0,290888340065.6,3140.67,4.0,92544699.0,49.25,7.5,7.5,0.0,0.0,None,None,None,41,24,74,127,0,0,0,0,0,0
2025,390110,Polyethylene having a specific gravity of less than 0.94 (Plastics in primary forms),ESP,Spain,6632712.373333334,4321870.026666666,5196277.5,7694354.98,5752960.22,2.38,26,1.0,-0.06940971299321419,0.05220295601595071,1.3183951877222695,1.8531239239944481,0,354486747640.06,8827.97,3.3,39436661.0,66.25,7.5,7.5,0.0,0.0,None,None,None,432,50,4433,4769,0,0,0,0,0,0
2025,390110,Polyethylene having a specific gravity of less than 0.94 (Plastics in primary forms),FRA,France,6384293.78,3976468.806666667,4425142.04,8441988.23,4701985.53,2.61,26,1.0,0.10768305994715144,0.030806234156745882,1.2038909704946352,0.677914933411542,0,1973285681586.82,24141.89,1.3,80056423.0,65.25,7.5,7.5,0.0,0.0,Under Negotiation,FTA,Goods & Services,808,142,14175,14370,0,0,0,0,0,0
2025,390110,Polyethylene having a specific gravity of less than 0.94 (Plastics in primary forms),GBR,United Kingdom of Great Britain and Northern Ireland,6485754.426666667,4213982.583333333,5331941.42,3108857.96,1952252.0,0.96,26,1.0,-0.402320472573797,-0.3963620434763182,-0.5933742947380639,-0.6338571926771781,0,2593000127109.38,32632.91,1.6,77427312.0,66.25,7.5,7.5,0.0,0.0,Under Negotiation,FTA,Goods & Services,1350,144,4976,5878,0,0,0,0,0,0
2025,390110,Polyethylene having a specific gravity of less than 0.94 (Plastics in primary forms),GHA,Ghana,5649586.2299999995,3141476.236666667,2857826.12,3454204.7,1978685.85,1.07,26,1.0,-0.17308639049070662,-0.16790957721886224,-0.5908778883944361,-0.5687180125244451,0,354486747640.06,8827.97,3.3,39436661.0,66.25,7.5,7.5,0.0,0.0,None,None,None,11,5,45,62,0,0,0,0,0,0
2025,390110,Polyethylene having a specific gravity of less than 0.94 (Plastics in primary forms),HKG,"China, Hong Kong Special Administrative Region",5100000.613333333,2896687.736666667,1850891.58,12184450.18,6419079.44,3.76,26,1.0,1.1711132203561103,0.8622838855598387,5.0,5.0,0,354486747640.06,8827.97,3.3,39436661.0,66.25,7.5,7.5,0.0,0.0,None,None,None,13,3,63,70,0,0,0,0,0,0
2025,390110,Polyethylene having a specific gravity of less than 0.94 (Plastics in primary forms),IDN,Indonesia,4985514.196666666,3114108.5700000003,2393237.16,11460437.03,6719963.35,3.54,26,1.0,4.621646811901235,4.41560553829371,2.657430343455497,1.8078969616187943,0,558748565248.4,1981.66,4.8,277371187.0,66.25,7.5,7.5,0.0,1.0,In Force,FTA,Goods & Services,297,187,365,748,0,0,0,0,0,0
2025,390110,Polyethylene having a specific gravity of less than 0.94 (Plastics in primary forms),IRN,Iran (Islamic Republic of),8533217.733333332,5006862.03,5103447.37,10944534.93,6373155.37,3.38,26,1.0,0.12971241870423533,0.11749459922457883,0.8002130197296762,0.7983028531999741,0,354486747640.06,8827.97,3.3,39436661.0,66.25,7.5,7.5,0.0,0.0,None,None,None,43,70,58,158,0,0,0,0,0,0
2025,390110,Polyethylene having a specific gravity of less than 0.94 (Plastics in primary forms),ISR,Israel,6275106.296666667,4103490.7900000005,4328799.29,5302616.79,4328799.29,1.64,26,1.0,0.396107457457229,0.5366811410235981,-0.5091159670169865,-0.2959601923129588,0,354486747640.06,8827.97,3.3,39436661.0,66.25,7.5,7.5,0.0,0.0,None,None,None,22,15,360,381,0,0,0,0,0,0
2025,390110,Polyethylene having a specific gravity of less than 0.94 (Plastics in primary forms),ITA,Italy,3806583.596666666,2832741.0,3256821.82,5579260.02,4148092.23,1.72,26,1.0,1.011959183055776,0.947837624255301,0.2503361104946811,0.27366262548521214,0,1461972474319.65,19023.64,0.8,74798201.0,61.25,7.5,7.5,0.0,0.0,Under Negotiation,FTA,Goods & Services,327,61,5598,5803,0,0,0,0,0,0
2025,390110,Polyethylene having a specific gravity of less than 0.94 (Plastics in primary forms),JPN,Japan,4370672.68,2570977.8233333332,2424189.57,5733635.13,3399927.58,1.77,26,1.0,0.21563323027952452,0.18427222571345458,0.6389102375878652,0.8000308150652784,0,6533340281527.44,38134.14,0.9,166685623.0,33.25,7.5,7.5,0.0,1.0,In Force,FTA & EIA,Goods & Services,1562,102,621,2170,0,0,0,0,0,0
2025,390110,Polyethylene having a specific gravity of less than 0.94 (Plastics in primary forms),KAZ,Kazakhstan,7954473.833333333,4780412.336666666,5723649.38,10686056.42,5723649.38,3.3,26,1.0,0.5376124440635512,0.5001451681957341,0.23430939335049317,-0.05771695457269721,0,354486747640.06,8827.97,3.3,39436661.0,66.25,7.5,7.5,0.0,0.0,None,None,None,3,27,67,85,0,0,0,0,0,0
2025,390110,Polyethylene having a specific gravity of less than 0.94 (Plastics in primary forms),KEN,Kenya,9578740.853333334,5542221.100000001,5836915.19,10428120.32,5836915.19,3.22,26,1.0,0.16218995222415322,0.08614241727062466,-0.01505254181649085,-0.0008660000380965593,0,354486747640.06,8827.97,3.3,39436661.0,66.25,7.5,7.5,0.0,0.0,None,None,None,7,38,27,72,0,0,0,0,0,0
2025,390110,Polyethylene having a specific gravity of less than 0.94 (Plastics in primary forms),KOR,Republic of Korea,4765243.510000001,3109038.983333333,2749157.19,2455591.12,1458441.41,0.76,26,1.0,-0.3912317451963454,-0.4662597663006448,-0.5290506373909126,-0.46949508187290323,0,1859749923928.23,29536.14,4.6,61784103.0,81.25,7.5,7.5,0.0,1.0,In Force,FTA & EIA,Goods & Services,76,29,232,279,0,0,0,0,0,0
2025,390110,Polyethylene having a specific gravity of less than 0.94 (Plastics in primary forms),KWT,Kuwait,8062929.483333334,5234400.983333333,5520229.65,10236404.33,6486773.21,3.16,26,1.0,0.1150243287591739,0.08401622988319613,0.7898962765475182,0.7549843222903676,0,354486747640.06,8827.97,3.3,39436661.0,66.25,7.5,7.5,0.0,0.0,None,None,None,13,2,19,31,0,0,0,0,0,0
2025,390110,Polyethylene having a specific gravity of less than 0.94 (Plastics in primary forms),LKA,Sri Lanka,3733205.926666667,2376225.2833333337,1586674.63,2590943.05,1586674.63,0.8,26,1.0,-0.3878608616777999,-0.4098236919845881,0.5292784492599021,0.6081855429200811,0,354486747640.06,8827.97,3.3,39436661.0,66.25,7.5,7.5,0.0,1.0,In Force,FTA,Goods,21,19,118,151,0,0,0,0,0,0
2025,390110,Polyethylene having a specific gravity of less than 0.94 (Plastics in primary forms),MEX,Mexico,5219186.523333333,3683116.610000001,3560576.37,5185280.75,4229356.61,1.6,26,1.0,0.04884514102167836,0.1391140263815256,-0.09957652954600493,0.18782920811183512,0,1188674554333.95,8882.55,1.9,130009527.0,71.25,7.5,7.5,0.0,0.0,None,None,None,110,95,869,969,0,0,0,0,0,0
2025,390110,Polyethylene having a specific gravity of less than 0.94 (Plastics in primary forms),MYS,Malaysia,2960983.606666667,1936543.9533333331,1019989.14,5620678.19,3976814.23,1.74,26,1.0,1.022940414256877,1.2119137755145877,1.9758058007430277,2.8988789919823077,0,303500855641.07,9683.98,4.6,30760596.0,191.25,7.5,7.5,0.0,1.0,In Force,FTA,Goods & Services,177,54,172,349,0,0,0,0,0,0
2025,390110,Polyethylene having a specific gravity of less than 0.94 (Plastics in primary forms),NGA,Nigeria,5024653.956666667,3546247.6233333335,4751894.64,7061721.65,5042402.87,2.18,26,1.0,1.162244432915656,1.4436161896819866,0.08611647924534616,0.06113524225758904,0,204369543044.52,1260.94,4.3,160375757.0,56.25,7.5,7.5,0.0,0.0,None,None,None,41,23,101,163,0,0,1,1,0,0
2025,390110,Polyethylene having a specific gravity of less than 0.94 (Plastics in primary forms),NLD,Netherlands,6390915.053333332,3815245.0233333334,3244015.88,5186558.51,3244015.88,1.6,26,1.0,-0.2474145664243329,-0.192430537431738,0.07407026382140591,0.005111088801270869,0,684132699691.79,31975.3,1.8,20901430.0,136.25,7.5,7.5,0.0,0.0,Under Negotiation,FTA,Goods & Services,531,23,1818,1876,0,0,0,0,0,0
2025,390110,Polyethylene having a specific gravity of less than 0.94 (Plastics in primary forms),NPL,Nepal,7643860.676666666,5486238.326666666,5448448.85,5305204.66,4254139.67,1.64,26,1.0,-0.17837178853041236,-0.116372073268594,-0.4568604390938309,-0.3703285906227146,0,354486747640.06,8827.97,3.3,39436661.0,66.25,7.5,7.5,0.0,1.0,In Force,PTA,Goods,1,44,20,63,0,0,0,0,0,0
2025,390110,Polyethylene having a specific gravity of less than 0.94 (Plastics in primary forms),NZL,New Zealand,6047598.19,3686027.42,3253378.47,5435575.63,3253378.47,1.68,26,1.0,-0.24809105422107136,-0.22361219272193644,0.7573927420868234,0.35140970070129085,0,354486747640.06,8827.97,3.3,39436661.0,66.25,7.5,7.5,0.0,0.0,None,None,None,48,60,290,341,0,0,0,0,0,0
2025,390110,Polyethylene having a specific gravity of less than 0.94 (Plastics in primary forms),OMN,Oman,7072139.736666667,4083524.9233333333,3292553.66,11455844.88,6509899.43,3.54,26,1.0,0.6139289584682162,0.6306871153138456,1.1362708678803255,0.9771581885162117,0,354486747640.06,8827.97,3.3,39436661.0,66.25,7.5,7.5,0.0,0.0,None,None,None,17,10,19,39,0,0,0,0,0,0
2025,390110,Polyethylene having a specific gravity of less than 0.94 (Plastics in primary forms),PHL,Philippines,9508573.766666668,5669693.993333333,5808744.82,10974379.41,5808744.82,3.39,26,1.0,0.10041982301449792,-0.031327134923282984,0.2928486627206688,0.15947538350451573,0,354486747640.06,8827.97,3.3,39436661.0,66.25,7.5,7.5,0.0,0.0,None,None,None,377,75,252,598,0,0,0,0,0,0
2025,390110,Polyethylene having a specific gravity of less than 0.94 (Plastics in primary forms),POL,Poland,4100717.8833333333,2832153.5666666664,1504813.46,9546442.97,6242953.09,2.95,26,1.0,2.197742755151479,1.88763844978978,4.239183344597162,3.148655800829859,0,354486747640.06,8827.97,3.3,39436661.0,66.25,7.5,7.5,0.0,0.0,None,None,None,79,24,1907,1952,0,0,0,0,0,0
2025,390110,Polyethylene having a specific gravity of less than 0.94 (Plastics in primary forms),QAT,Qatar,4523064.293333334,3246383.2133333334,3756035.42,2248919.81,1588976.03,0.69,26,1.0,-0.33429880086616803,-0.3495800804039916,-0.6399144675902114,-0.6383873330120193,0,354486747640.06,8827.97,3.3,39436661.0,66.25,7.5,7.5,0.0,0.0,None,None,None,11,2,19,29,0,0,0,0,0,0
2025,390110,Polyethylene having a specific gravity of less than 0.94 (Plastics in primary forms),RUS,Russian Federation,6836931.84,4331354.18,5305585.82,1683465.88,1140305.77,0.52,26,1.0,-0.5903647478504432,-0.5363994003548196,-0.808584342023071,-0.8258588881220601,0,660552264556.61,3362.46,3.6,191925086.0,59.25,7.5,7.5,0.0,0.0,None,None,None,259,147,598,858,0,0,1,1,1,0
2025,390110,Polyethylene having a specific gravity of less than 0.94 (Plastics in primary forms),SAU,Saudi Arabia,8744170.403333334,5484581.489999999,6176640.6,10772194.05,6541062.03,3.33,26,1.0,0.0005502768693628202,0.029077227831628027,1.2919714395285213,0.7507999937169467,0,415388277619.73,14929.51,3.0,27342752.0,73.25,5.0,7.5,2.5,0.0,Under Negotiation,FTA,Goods,38,35,43,95,0,0,0,0,0,0
2025,390110,Polyethylene having a specific gravity of less than 0.94 (Plastics in primary forms),SGP,Singapore,793534.0100000001,571367.3933333333,544896.08,1083117.12,809912.75,0.33,26,1.0,0.5240418090289389,0.5013934897665469,0.30312741907319474,0.4863618582070066,0,340929615341.57,63446.9,5.0,5258221.0,321.25,0.0,7.5,7.5,1.0,In Force,FTA & EIA,Goods & Services,15,5,22,27,1,1,0,0,0,0
2025,390110,Polyethylene having a specific gravity of less than 0.94 (Plastics in primary forms),SWE,Sweden,6859063.523333333,3804746.696666667,3275693.92,5745463.71,3186298.36,1.77,26,1.0,-0.006655587242907379,-0.013739675219467729,-0.36225387654613583,-0.35659553353422424,0,354486747640.06,8827.97,3.3,39436661.0,66.25,7.5,7.5,0.0,0.0,None,None,None,317,47,1005,1198,0,0,0,0,0,0
2025,390110,Polyethylene having a specific gravity of less than 0.94 (Plastics in primary forms),THA,Thailand,5129503.403333333,3572402.5500000003,3492984.33,4297952.98,3492984.33,1.33,26,1.0,-0.017929250486541704,0.03765062018979304,-0.3521559307011325,-0.12239276683196731,0,335895377767.42,3988.94,3.8,82685533.0,126.25,7.5,7.5,0.0,1.0,In Force,FTA,Goods & Services,67,41,127,204,0,0,0,0,0,0
2025,390110,Polyethylene having a specific gravity of less than 0.94 (Plastics in primary forms),TUR,Türkiye,6404030.243333333,3952507.706666667,4818047.78,6667920.0,4818047.78,2.06,26,1.0,0.5208655941741687,0.579519922854338,-0.3098398145178137,-0.056820402600958,0,647529125689.17,7592.05,3.3,84263000.0,61.25,7.5,7.5,0.0,0.0,None,None,None,142,51,306,656,0,0,0,0,0,0
2025,390110,Polyethylene having a specific gravity of less than 0.94 (Plastics in primary forms),TWN,Taiwan,5286220.899999999,3939927.6300000004,4507666.67,5864362.21,4826397.77,1.81,26,1.0,0.02396071549452139,0.03475053354114177,0.33245233545567254,0.9416510224631667,0,354486747640.06,8827.97,3.3,39436661.0,66.25,7.5,7.5,0.0,0.0,None,None,None,23,21,35,68,0,0,0,0,0,0
2025,390110,Polyethylene having a specific gravity of less than 0.94 (Plastics in primary forms),TZA,United Republic of Tanzania,2470703.3366666664,1695983.8433333335,528405.48,5880270.31,4039625.29,1.82,26,1.0,1.7365713566259844,1.7649474698947194,5.0,5.0,0,354486747640.06,8827.97,3.3,39436661.0,66.25,7.5,7.5,0.0,0.0,None,None,None,20,30,33,71,0,0,0,0,0,0
2025,390110,Polyethylene having a specific gravity of less than 0.94 (Plastics in primary forms),USA,United States of America,2338978.1700000004,1427351.61,1519171.83,2081591.62,1596263.91,0.64,26,1.0,-0.13668607501170638,0.025059082512984165,-0.028395013329806318,0.3682820071105055,0,18097338437760.06,47718.36,2.1,370704619.0,36.25,6.5,7.5,1.0,0.0,None,None,None,1765,2105,19117,20895,0,0,0,0,0,0
2025,390110,Polyethylene having a specific gravity of less than 0.94 (Plastics in primary forms),VNM,Viet Nam,5843582.576666667,3522374.793333333,3004866.75,4993980.5,3004866.75,1.54,26,1.0,-0.31824382735502954,-0.31013618627656303,1.7864991368917535,1.4070781376838561,0,160562089452.67,1522.87,6.6,105032975.0,121.25,7.5,7.5,0.0,1.0,In Force,FTA,Goods & Services,132,31,175,241,0,0,0,0,0,0
2025,390110,Polyethylene having a specific gravity of less than 0.94 (Plastics in primary forms),ZAF,South Africa,9206325.973333335,5692149.086666667,6114707.03,9892914.71,6114707.03,3.05,26,1.0,0.0537578732980859,0.12843724382928534,0.12205486781494201,-0.007313253673008613,0,261888231492.08,4360.27,2.0,59023536.0,63.25,7.5,7.5,0.0,1.0,Under Negotiation,PTA,Goods,60,85,696,793,0,0,0,0,0,0
2025,520512,"Single cotton yarn, of uncombed fibres, measuring < 714.29 dtex but >= 232.56 dtex",CHN,China,11692587.621904762,3142957.094761905,2384291.21,10725927.84,2647759.76,0.39,92,3.5385,-0.3845752959565073,-0.3355324208591628,-0.8501641265238271,-0.8260412842215579,0,9300982450507.4,5588.1,8.3,1656339789.0,46.25,7.5,7.5,0.0,0.0,In Force,PTA,Goods,765,191,996,1676,0,0,0,0,0,0
2025,520512,"Single cotton yarn, of uncombed fibres, measuring < 714.29 dtex but >= 232.56 dtex",DEU,Germany,13505306.368095236,3648979.2157142856,1839078.18,4288082.27,1133611.6,0.15,92,3.5385,-0.311968386484778,-0.3132488281492093,-0.9415500808158738,-0.932671655001736,0,2760472889424.06,24913.88,1.2,108056452.0,76.25,3.2,7.5,4.3,0.0,Under Negotiation,FTA,Goods & Services,879,112,9939,10026,0,0,0,0,0,0
2025,520512,"Single cotton yarn, of uncombed fibres, measuring < 714.29 dtex but >= 232.56 dtex",GBR,United Kingdom of Great Britain and Northern Ireland,8663948.662380954,2380428.5138095235,1916434.98,12200729.12,3290855.08,0.44,92,3.5385,0.6919688604197516,0.6450343243440082,-0.756250430215099,-0.7772452752306112,0,2593000127109.38,32632.91,1.6,77427312.0,66.25,7.5,7.5,0.0,0.0,Under Negotiation,FTA,Goods & Services,1350,144,4976,5878,0,0,0,0,0,0
2025,520512,"Single cotton yarn, of uncombed fibres, measuring < 714.29 dtex but >= 232.56 dtex",IND,India,7739535.865238096,2082659.0623809518,2198633.75,4866266.34,1221901.97,0.17,77,2.9615,-0.33801600940044285,-0.31021773137228525,-0.5689589080649298,-0.5323165970356314,0,2423969608511.26,1757.16,6.6,1380283158.0,38.25,5.0,7.5,2.5,0.0,None,None,None,282,135,964,1337,0,0,0,0,0,0
2025,520512,"Single cotton yarn, of uncombed fibres, measuring < 714.29 dtex but >= 232.56 dtex",SAU,Saudi Arabia,14972523.795,4041397.5362500004,2810860.235,15597322.02,3858557.79,0.56,103,3.9615,0.29285009201084455,0.3175773894412841,5.0,5.0,0,415388277619.73,14929.51,3.0,27342752.0,73.25,7.5,7.5,0.0,0.0,Under Negotiation,FTA,Goods,38,35,43,95,0,0,0,0,0,0
2025,520512,"Single cotton yarn, of uncombed fibres, measuring < 714.29 dtex but >= 232.56 dtex",SGP,Singapore,15212816.228095239,4161268.023333333,2324190.13,7628656.29,2324190.13,0.27,92,3.5385,-0.16885909579054914,-0.10375190726246741,2.6453557230021376,2.763007527082133,0,340929615341.57,63446.9,5.0,5258221.0,321.25,0.0,7.5,7.5,1.0,In Force,FTA & EIA,Goods & Services,15,5,22,27,1,1,0,0,0,0
2025,520512,"Single cotton yarn, of uncombed fibres, measuring < 714.29 dtex but >= 232.56 dtex",USA,United States of America,11851977.817619048,3272208.7338095238,1969503.07,11782001.79,3578624.51,0.42,92,3.5385,0.3416389577555703,0.2638422480974598,5.0,5.0,0,18097338437760.06,47718.36,2.1,370704619.0,36.25,4.5,7.5,3.0,0.0,None,None,None,1765,2105,19117,20895,0,0,0,0,0,0
2025,520512,"Single cotton yarn, of uncombed fibres, measuring < 714.29 dtex but >= 232.56 dtex",ARE,United Arab Emirates,13618248.996190473,3605773.8676190474,2598290.56,9840748.59,2598290.56,0.35,92,3.5385,0.2464847267187371,0.20496762501231225,-0.7206315431079175,-0.6993913993600326,0,290888340065.6,69094.67,4.0,4206577.0,151.25,0.0,7.5,7.5,1.0,In Force,FTA & EIA,Goods & Services,44,10,35,75,0,0,1,1,1,0
2025,520512,"Single cotton yarn, measuring < 714.29 dtex but >= 232.56 dtex",AGO,Angola,32060787.52333333,8928556.813333334,8888850.25,27301318.88,8191884.13,0.98,26,1.0,-0.09767064846959117,-0.04000470278977375,-0.22767468941849,-0.1559053991336492,0,354486747640.06,8827.97,3.3,39436661.0,66.25,7.5,7.5,0.0,0.0,None,None,None,35,40,13,81,0,0,0,0,0,0
2025,520512,"Single cotton yarn, measuring < 714.29 dtex but >= 232.56 dtex",ARG,Argentina,43674505.446666665,11727557.25,10238518.1,23224758.71,6809600.66,0.83,26,1.0,-0.23245978710189397,-0.18446562606996508,-0.6603366920456499,-0.6244958084296499,0,354486747640.06,8827.97,3.3,39436661.0,66.25,7.5,7.5,0.0,1.0,In Force,PTA,Goods,104,113,458,602,0,0,0,0,0,0
2025,520512,"Single cotton yarn, measuring < 714.29 dtex but >= 232.56 dtex",AUS,Australia,59742690.833333336,16869315.826666664,17363009.0,92827012.81,25601324.61,3.34,26,1.0,0.8141587543087196,0.8301296125509301,0.5950697409252816,0.4744751102760201,0,827705732805.53,32270.26,2.6,25108007.0,51.25,7.5,7.5,0.0,1.0,In Force,FTA,Goods & Services,378,622,1830,2593,0,0,0,0,0,0
2025,520512,"Single cotton yarn, measuring < 714.29 dtex but >= 232.56 dtex",AUT,Austria,54500524.20333334,15980312.49,14158980.12,84193830.38,24841860.28,3.03,26,1.0,0.28708813858779814,0.3245735283818427,1.9557931052072508,1.7787014039655413,0,354486747640.06,8827.97,3.3,39436661.0,66.25,7.5,7.5,0.0,0.0,None,None,None,111,11,1349,1394,0,0,0,0,0,0
2025,520512,"Single cotton yarn, measuring < 714.29 dtex but >= 232.56 dtex",BEL,Belgium,30503368.27333333,8682222.686666667,9352961.01,37970662.66,9352961.01,1.36,26,1.0,-0.08081087945879994,-0.18211948057940008,3.415764419262281,2.449108514390731,0,354486747640.06,8827.97,3.3,39436661.0,66.25,7.5,7.5,0.0,0.0,None,None,None,484,11,1834,1842,0,0,0,0,0,0
2025,520512,"Single cotton yarn, measuring < 714.29 dtex but >= 232.56 dtex",BGD,Bangladesh,34341031.74666666,9721222.683333334,7368519.87,2065501.44,636753.82,0.07,26,1.0,-0.7229849905185731,-0.7060349834657685,-0.9721033027078683,-0.9699053808542413,0,354486747640.06,8827.97,3.3,39436661.0,66.25,0.0,7.5,7.5,1.0,In Force,FTA,Goods,12,15,18,45,0,0,0,0,0,0
2025,520512,"Single cotton yarn, measuring < 714.29 dtex but >= 232.56 dtex",BRA,Brazil,49372817.830000006,13140607.34666667,15401245.61,60153836.7,17728221.330000002,2.16,26,1.0,-0.037090620943461494,0.07288867024696133,1.6054882258836218,1.8174222605455284,0,1214333384401.01,5179.26,2.3,230047193.0,35.25,7.5,7.5,0.0,1.0,In Force,PTA,Goods,206,430,5576,5635,0,0,0,0,0,0
2025,520512,"Single cotton yarn, measuring < 714.29 dtex but >= 232.56 dtex",CAN,Canada,23522225.790000003,7468615.723333333,7144523.87,18670997.82,5916768.22,0.67,26,1.0,-0.19980708048782414,-0.2042750707423534,-0.17880266139998136,-0.17184569221697188,0,1278428077415.3,30906.61,2.0,40356850.0,86.25,7.5,7.5,0.0,0.0,None,None,None,580,499,2609,3225,0,0,0,0,0,0
2025,520512,"Single cotton yarn, measuring < 714.29 dtex but >= 232.56 dtex",CHE,Switzerland,67882977.03666668,17799505.32,20616717.05,130745805.44,31187950.88,4.7,26,1.0,3.771989602361761,3.4235400716642435,0.9467350902936649,0.512750589939269,0,354486747640.06,8827.97,3.3,39436661.0,66.25,7.5,7.5,0.0,0.0,None,None,None,68,13,1548,1560,0,0,0,0,0,0
2025,520512,"Single cotton yarn, measuring < 714.29 dtex but >= 232.56 dtex",CHL,Chile,44435622.21666667,10902331.59,6766531.88,18431468.22,4653065.45,0.66,26,1.0,-0.17155939909531137,-0.170748025015228,-0.7905982674721451,-0.7814168940512918,0,354486747640.06,8827.97,3.3,39436661.0,66.25,7.5,7.5,0.0,1.0,In Force,PTA,Goods,105,43,445,489,0,0,0,0,0,0
2025,520512,"Single cotton yarn, measuring < 714.29 dtex but >= 232.56 dtex",COL,Colombia,24456767.040000003,7306367.473333334,4806407.32,10603103.91,3168427.35,0.38,26,1.0,-0.5257352085209168,-0.5233231946113381,-0.32148889137184034,-0.3407909194846723,0,354486747640.06,8827.97,3.3,39436661.0,66.25,7.5,7.5,0.0,0.0,None,None,None,33,165,246,394,0,0,0,0,0,0
2025,520512,"Single cotton yarn, measuring < 714.29 dtex but >= 232.56 dtex",EGY,Egypt,76967705.32333334,20290658.98666667,20780632.66,73075441.48,21308980.84,2.63,26,1.0,-0.09322445593804596,0.012632721481050657,0.05976683894992241,0.13452073725331193,0,290888340065.6,3140.67,4.0,92544699.0,49.25,7.5,7.5,0.0,0.0,None,None,None,41,24,74,127,0,0,0,0,0,0
2025,520512,"Single cotton yarn, measuring < 714.29 dtex but >= 232.56 dtex",ESP,Spain,20122037.0,5957613.283333332,3688923.88,12041307.11,3688923.88,0.43,26,1.0,0.10516651069804395,0.17634172904894974,-0.68696344095207,-0.6797276601335723,0,354486747640.06,8827.97,3.3,39436661.0,66.25,7.5,7.5,0.0,0.0,None,None,None,432,50,4433,4769,0,0,0,0,0,0
2025,520512,"Single cotton yarn, measuring < 714.29 dtex but >= 232.56 dtex",FRA,France,34558236.47666667,9363531.413333334,6940575.8,23934976.07,6940575.8,0.86,26,1.0,-0.3658613462950525,-0.31409990250613706,0.18375642624771604,0.08493257129764542,0,1973285681586.82,24141.89,1.3,80056423.0,65.25,7.5,7.5,0.0,0.0,Under Negotiation,FTA,Goods & Services,808,142,14175,14370,0,0,0,0,0,0
2025,520512,"Single cotton yarn, measuring < 714.29 dtex but >= 232.56 dtex",GHA,Ghana,34540297.57666667,9392572.196666667,9815399.83,28737838.26,7949305.42,1.03,26,1.0,-0.07171175430627064,-0.12627166322958827,-0.30808260862628023,-0.19011904174267447,0,354486747640.06,8827.97,3.3,39436661.0,66.25,7.5,7.5,0.0,0.0,None,None,None,11,5,45,62,0,0,0,0,0,0
2025,520512,"Single cotton yarn, measuring < 714.29 dtex but >= 232.56 dtex",HKG,"China, Hong Kong Special Administrative Region",46935879.26666667,12111736.799999999,8242383.19,33366854.35,8242383.19,1.2,26,1.0,1.2644628444840769,0.9962141695442746,-0.6694181737561926,-0.683282588189547,0,354486747640.06,8827.97,3.3,39436661.0,66.25,7.5,7.5,0.0,0.0,None,None,None,13,3,63,70,0,0,0,0,0,0
2025,520512,"Single cotton yarn, measuring < 714.29 dtex but >= 232.56 dtex",IDN,Indonesia,56324872.50666666,15897019.159999998,14031376.32,52739483.67,14031376.32,1.9,26,1.0,-0.16338220298457595,-0.21433059843060942,0.2899341377541498,0.2839165100241976,0,558748565248.4,1981.66,4.8,277371187.0,66.25,7.5,7.5,0.0,1.0,In Force,FTA,Goods & Services,297,187,365,748,0,0,0,0,0,0
2025,520512,"Single cotton yarn, measuring < 714.29 dtex but >= 232.56 dtex",IRN,Iran (Islamic Republic of),36262574.25,10071196.946666667,10625299.25,45815758.16,13105653.36,1.65,26,1.0,0.32822069644463014,0.4218488969121521,0.23820287537874751,0.23343851797856563,0,354486747640.06,8827.97,3.3,39436661.0,66.25,7.5,7.5,0.0,0.0,None,None,None,43,70,58,158,0,0,0,0,0,0
2025,520512,"Single cotton yarn, measuring < 714.29 dtex but >= 232.56 dtex",ISR,Israel,35577081.07666667,9307412.256666666,6548661.57,20319935.88,6548661.57,0.73,26,1.0,-0.460187944612076,-0.3876230003278881,0.21833143134521293,0.6745334521231019,0,354486747640.06,8827.97,3.3,39436661.0,66.25,7.5,7.5,0.0,0.0,None,None,None,22,15,360,381,0,0,0,0,0,0
2025,520512,"Single cotton yarn, measuring < 714.29 dtex but >= 232.56 dtex",ITA,Italy,53589153.74,15429793.066666665,18145080.99,26023450.03,7895695.26,0.94,26,1.0,-0.3723383775883704,-0.34034670889155616,-0.6211342684011598,-0.610062221107476,0,1461972474319.65,19023.64,0.8,74798201.0,61.25,7.5,7.5,0.0,0.0,Under Negotiation,FTA,Goods & Services,327,61,5598,5803,0,0,0,0,0,0
2025,520512,"Single cotton yarn, measuring < 714.29 dtex but >= 232.56 dtex",JPN,Japan,36782330.093333334,10039287.67,9457483.41,35433634.129999995,9457483.41,1.27,26,1.0,-0.19751452877305953,-0.21194522280480932,0.7814147483316587,0.7411704534500854,0,6533340281527.44,38134.14,0.9,166685623.0,33.25,7.5,7.5,0.0,1.0,In Force,FTA & EIA,Goods & Services,1562,102,621,2170,0,0,0,0,0,0
2025,520512,"Single cotton yarn, measuring < 714.29 dtex but >= 232.56 dtex",KAZ,Kazakhstan,12669147.6,3508199.3666666667,3678234.54,17573881.36,5178502.81,0.63,26,1.0,0.10206086679857074,0.18654004231345667,1.9466792740136496,2.104877196730539,0,354486747640.06,8827.97,3.3,39436661.0,66.25,7.5,7.5,0.0,0.0,None,None,None,3,27,67,85,0,0,0,0,0,0
2025,520512,"Single cotton yarn, measuring < 714.29 dtex but >= 232.56 dtex",KEN,Kenya,53414674.653333336,16266041.073333332,13877348.54,80196932.43,25742326.29,2.88,26,1.0,0.5713736771845219,0.6747086376014781,0.6859294890426808,0.8549888125817835,0,354486747640.06,8827.97,3.3,39436661.0,66.25,7.5,7.5,0.0,0.0,None,None,None,7,38,27,72,0,0,0,0,0,0
2025,520512,"Single cotton yarn, measuring < 714.29 dtex but >= 232.56 dtex",KOR,Republic of Korea,70841493.33999999,18813400.62,17916014.98,131819970.77,32361713.03,4.74,26,1.0,0.46938490638567454,0.3439869221161451,5.0,4.251415879029612,0,1859749923928.23,29536.14,4.6,61784103.0,81.25,7.5,7.5,0.0,1.0,In Force,FTA & EIA,Goods & Services,76,29,232,279,0,0,0,0,0,0
2025,520512,"Single cotton yarn, measuring < 714.29 dtex but >= 232.56 dtex",KWT,Kuwait,38649974.669999994,11266638.336666668,12290839.64,41007596.02,12290839.64,1.47,26,1.0,0.22506443336990745,0.2808558039438944,-0.13882499913679747,-0.12317036517503521,0,354486747640.06,8827.97,3.3,39436661.0,66.25,7.5,7.5,0.0,0.0,None,None,None,13,2,19,31,0,0,0,0,0,0
2025,520512,"Single cotton yarn, measuring < 714.29 dtex but >= 232.56 dtex",LKA,Sri Lanka,32748344.846666664,8415220.12,8489646.28,29639827.99,8489646.28,1.07,26,1.0,0.27200748247059603,0.40265194117824077,-0.41058005014884014,-0.3176032929461877,0,354486747640.06,8827.97,3.3,39436661.0,66.25,7.5,7.5,0.0,1.0,In Force,FTA,Goods,21,19,118,151,0,0,0,0,0,0
2025,520512,"Single cotton yarn, measuring < 714.29 dtex but >= 232.56 dtex",MEX,Mexico,33743321.160000004,8176188.94,3145329.23,12884591.83,3145329.23,0.46,26,1.0,0.579627101784268,0.436502978034641,-0.8451029834686453,-0.8416169272252803,0,1188674554333.95,8882.55,1.9,130009527.0,71.25,7.5,7.5,0.0,0.0,None,None,None,110,95,869,969,0,0,0,0,0,0
2025,520512,"Single cotton yarn, measuring < 714.29 dtex but >= 232.56 dtex",MYS,Malaysia,72449488.14333333,20058648.346666668,18548739.19,63579110.14,18548739.19,2.29,26,1.0,-0.16830294235867194,-0.12334938018855746,0.027876139834383862,0.060447412970513925,0,303500855641.07,9683.98,4.6,30760596.0,191.25,7.5,7.5,0.0,1.0,In Force,FTA,Goods & Services,177,54,172,349,0,0,0,0,0,0
2025,520512,"Single cotton yarn, measuring < 714.29 dtex but >= 232.56 dtex",NGA,Nigeria,47198158.903333336,12735326.256666668,11844479.32,41427557.51,11844479.32,1.49,26,1.0,0.48820355114036973,0.43836151370207976,-0.4914469239168515,-0.4260406204581928,0,204369543044.52,1260.94,4.3,160375757.0,56.25,7.5,7.5,0.0,0.0,None,None,None,41,23,101,163,0,0,1,1,0,0
2025,520512,"Single cotton yarn, measuring < 714.29 dtex but >= 232.56 dtex",NLD,Netherlands,46939792.60666666,13700915.84666667,17624390.080000002,63273724.99,19194308.16,2.27,26,1.0,0.015292554755613308,0.04358825633790575,2.914567218247494,3.4804125293318915,0,684132699691.79,31975.3,1.8,20901430.0,136.25,7.5,7.5,0.0,0.0,Under Negotiation,FTA,Goods & Services,531,23,1818,1876,0,0,0,0,0,0
2025,520512,"Single cotton yarn, measuring < 714.29 dtex but >= 232.56 dtex",NPL,Nepal,18312156.98,5410149.336666667,2475666.67,9979944.38,2475666.67,0.36,26,1.0,0.2048692875065301,0.0944702391551755,-0.737934798003435,-0.788188200513108,0,354486747640.06,8827.97,3.3,39436661.0,66.25,7.5,7.5,0.0,1.0,In Force,PTA,Goods,1,44,20,63,0,0,0,0,0,0
2025,520512,"Single cotton yarn, measuring < 714.29 dtex but >= 232.56 dtex",NZL,New Zealand,38378546.78666667,11366314.913333332,10811248.11,42279441.16,10811248.11,1.52,26,1.0,1.5349493025970493,1.3081823012373537,-0.3620771655942381,-0.4914375233608562,0,354486747640.06,8827.97,3.3,39436661.0,66.25,7.5,7.5,0.0,0.0,None,None,None,48,60,290,341,0,0,0,0,0,0
2025,520512,"Single cotton yarn, measuring < 714.29 dtex but >= 232.56 dtex",OMN,Oman,17923461.25,5117920.766666667,4097370.18,33429502.77,10188642.67,1.2,26,1.0,0.44081979483263223,0.5769051241007892,5.0,5.0,0,354486747640.06,8827.97,3.3,39436661.0,66.25,7.5,7.5,0.0,0.0,None,None,None,17,10,19,39,0,0,0,0,0,0
2025,520512,"Single cotton yarn, measuring < 714.29 dtex but >= 232.56 dtex",PHL,Philippines,37789720.156666666,10620282.626666667,8294171.44,23683547.87,7286855.36,0.85,26,1.0,-0.041273679792017015,-0.06268930912821469,-0.6294755738757278,-0.5523995427104809,0,354486747640.06,8827.97,3.3,39436661.0,66.25,7.5,7.5,0.0,0.0,None,None,None,377,75,252,598,0,0,0,0,0,0
2025,520512,"Single cotton yarn, measuring < 714.29 dtex but >= 232.56 dtex",POL,Poland,36458525.39333333,9033545.72,8462512.59,36201063.3,8462512.59,1.3,26,1.0,0.275811199642763,0.1932970265924845,-0.2892527924197196,-0.33340705400553206,0,354486747640.06,8827.97,3.3,39436661.0,66.25,7.5,7.5,0.0,0.0,None,None,None,79,24,1907,1952,0,0,0,0,0,0
2025,520512,"Single cotton yarn, measuring < 714.29 dtex but >= 232.56 dtex",QAT,Qatar,33226653.8,9223212.516666668,10743647.64,48770809.24,12901111.27,1.75,26,1.0,0.15279405998473372,0.09581611367680987,2.4321566317287693,2.205341682053001,0,354486747640.06,8827.97,3.3,39436661.0,66.25,7.5,7.5,0.0,0.0,None,None,None,11,2,19,29,0,0,0,0,0,0
2025,520512,"Single cotton yarn, measuring < 714.29 dtex but >= 232.56 dtex",RUS,Russian Federation,26457309.043333333,6410537.04,7187764.07,30698251.31,7187764.07,1.1,26,1.0,-0.037054255393206614,-0.05692297581756278,0.9719543361294405,0.8140807471870917,0,660552264556.61,3362.46,3.6,191925086.0,59.25,7.5,7.5,0.0,0.0,None,None,None,259,147,598,858,0,0,1,1,1,0
2025,520512,"Single cotton yarn, measuring < 714.29 dtex but >= 232.56 dtex",SWE,Sweden,28963567.47,7258242.143333334,2812312.95,71098319.07,17743203.79,2.56,26,1.0,1.4409759845641896,1.511795031257369,5.0,5.0,0,354486747640.06,8827.97,3.3,39436661.0,66.25,7.5,7.5,0.0,0.0,None,None,None,317,47,1005,1198,0,0,0,0,0,0
2025,520512,"Single cotton yarn, measuring < 714.29 dtex but >= 232.56 dtex",THA,Thailand,21468386.763333336,5666892.616666667,7277938.23,25764636.05,7277938.23,0.93,26,1.0,-0.10788729809493847,-0.05275357002434855,3.1108946956011705,3.5159985446146527,0,335895377767.42,3988.94,3.8,82685533.0,126.25,7.5,7.5,0.0,1.0,In Force,FTA,Goods & Services,67,41,127,204,0,0,0,0,0,0
2025,520512,"Single cotton yarn, measuring < 714.29 dtex but >= 232.56 dtex",TUR,Türkiye,56134600.06333333,13870275.746666668,13216961.1,55130969.81,13216961.1,1.98,26,1.0,0.13355178580820493,0.14281227944529618,-0.21652612943826666,-0.27672759790997326,0,647529125689.17,7592.05,3.3,84263000.0,61.25,4.0,7.5,3.5,0.0,None,None,None,142,51,306,656,0,0,0,0,0,0
2025,520512,"Single cotton yarn, measuring < 714.29 dtex but >= 232.56 dtex",TWN,Taiwan,40921584.13,11007391.796666665,15715575.26,1693722.88,499412.48,0.06,26,1.0,-0.8425436811703628,-0.8276218676545961,-0.9678945957144404,-0.9682218135997163,0,354486747640.06,8827.97,3.3,39436661.0,66.25,7.5,7.5,0.0,0.0,None,None,None,23,21,35,68,0,0,0,0,0,0
2025,520512,"Single cotton yarn, measuring < 714.29 dtex but >= 232.56 dtex",TZA,United Republic of Tanzania,53126505.14333334,13564991.076666668,12668376.1,78485245.63,21589927.82,2.82,26,1.0,0.7198582511619276,0.831449704397438,0.4437979225206501,0.7042379899029281,0,354486747640.06,8827.97,3.3,39436661.0,66.25,7.5,7.5,0.0,0.0,None,None,None,20,30,33,71,0,0,0,0,0,0
2025,520512,"Single cotton yarn, measuring < 714.29 dtex but >= 232.56 dtex",VNM,Viet Nam,52577639.093333334,14172089.64,19278862.25,76987804.18,19278862.25,2.77,26,1.0,1.9753993835736448,1.7671399081950452,0.06854969787755327,-0.0695358546425896,0,160562089452.67,1522.87,6.6,105032975.0,121.25,7.5,7.5,0.0,1.0,In Force,FTA,Goods & Services,132,31,175,241,0,0,0,0,0,0
2025,520512,"Single cotton yarn, measuring < 714.29 dtex but >= 232.56 dtex",ZAF,South Africa,59646289.10333333,17152086.466666665,17754549.14,58192168.04,17754549.14,2.09,26,1.0,0.1507098571134009,0.14303051589528604,-0.24228288009392962,-0.11723838121707564,0,261888231492.08,4360.27,2.0,59023536.0,63.25,7.5,7.5,0.0,1.0,Under Negotiation,PTA,Goods,60,85,696,793,0,0,0,0,0,0
2025,610910,"T-shirts, singlets and other vests, knitted or crocheted, of cotton",AGO,Angola,49857802.66,3684572.61,2942124.58,89062544.0,6462260.25,3.87,26,1.0,0.9404581690137599,0.9794204272948595,1.4163793866907355,1.196460440161852,0,354486747640.06,8827.97,3.3,39436661.0,66.25,12.0,12.0,0.0,0.0,None,None,None,35,40,13,81,0,0,0,0,0,0
2025,610910,"T-shirts, singlets and other vests, knitted or crocheted, of cotton",ARE,United Arab Emirates,81750016.24666667,5939986.739999999,5889336.99,87264935.9,6650946.02,3.79,26,1.0,0.10351738849593728,0.12237510668131169,0.010895922686031234,0.12931999498280877,0,290888340065.6,69094.67,4.0,4206577.0,151.25,0.0,12.0,12.0,1.0,In Force,FTA & EIA,Goods & Services,44,10,35,75,0,0,1,1,1,0
2025,610910,"T-shirts, singlets and other vests, knitted or crocheted, of cotton",ARG,Argentina,27557415.919999998,1924605.326666667,1134166.26,14338232.18,1134166.26,0.62,26,1.0,-0.5177944444891763,-0.4682685551532406,1.1496319357638982,0.8051749548576563,0,354486747640.06,8827.97,3.3,39436661.0,66.25,12.0,12.0,0.0,1.0,In Force,PTA,Goods,104,113,458,602,0,0,0,0,0,0
2025,610910,"T-shirts, singlets and other vests, knitted or crocheted, of cotton",AUS,Australia,40154302.74666667,3844208.0866666664,3221281.12,41341122.27,3221281.12,1.79,26,1.0,0.5042374934700111,0.21619348768314617,-0.3206208655208844,-0.4748068173087394,0,827705732805.53,32270.26,2.6,25108007.0,51.25,12.0,12.0,0.0,1.0,In Force,FTA,Goods & Services,378,622,1830,2593,0,0,0,0,0,0
2025,610910,"T-shirts, singlets and other vests, knitted or crocheted, of cotton",AUT,Austria,47645120.48,4375751.906666666,4633468.99,58705505.36,4679444.06,2.55,26,1.0,0.13954801033219977,0.1076110423821317,0.5044193758866964,0.009922386466427957,0,354486747640.06,8827.97,3.3,39436661.0,66.25,12.0,12.0,0.0,0.0,None,None,None,111,11,1349,1394,0,0,0,0,0,0
2025,610910,"T-shirts, singlets and other vests, knitted or crocheted, of cotton",BEL,Belgium,48023876.203333326,4243092.003333334,3753963.93,36512310.93,3423603.79,1.59,26,1.0,-0.2986490250512732,-0.21471296014990282,0.09543979228369381,-0.08800301392371446,0,354486747640.06,8827.97,3.3,39436661.0,66.25,12.0,12.0,0.0,0.0,None,None,None,484,11,1834,1842,0,0,0,0,0,0
2025,610910,"T-shirts, singlets and other vests, knitted or crocheted, of cotton",BGD,Bangladesh,60998194.28,5271213.17,5634883.38,33698725.65,3560703.68,1.46,26,1.0,-0.24817771450762838,-0.20507629038935526,-0.6242214077158466,-0.4619710697518782,0,354486747640.06,8827.97,3.3,39436661.0,66.25,12.0,12.0,0.0,1.0,In Force,FTA,Goods,12,15,18,45,0,0,0,0,0,0
2025,610910,"T-shirts, singlets and other vests, knitted or crocheted, of cotton",BRA,Brazil,68400540.19666667,4877612.593333334,5146097.87,79673391.83,5146097.87,3.46,26,1.0,0.05654117256693092,-0.07705021777784526,0.47123308240261763,0.49354547401435633,0,1214333384401.01,5179.26,2.3,230047193.0,35.25,12.0,12.0,0.0,1.0,In Force,PTA,Goods,206,430,5576,5635,0,0,0,0,0,0
2025,610910,"T-shirts, singlets and other vests, knitted or crocheted, of cotton",CAN,Canada,27644803.849999998,2349610.4933333336,1891742.99,28324894.64,1891742.99,1.23,26,1.0,-0.2322636565498144,-0.36620152799853956,3.3218341768289124,3.2249830162440842,0,1278428077415.3,30906.61,2.0,40356850.0,86.25,12.0,12.0,0.0,0.0,None,None,None,580,499,2609,3225,0,0,0,0,0,0
2025,610910,"T-shirts, singlets and other vests, knitted or crocheted, of cotton",CHE,Switzerland,53052803.19333333,4360252.886666667,3899759.81,101743076.96,6366142.89,4.42,26,1.0,1.106192192613249,0.5038693320014134,1.9508025938292741,0.6324448684439279,0,354486747640.06,8827.97,3.3,39436661.0,66.25,12.0,12.0,0.0,0.0,None,None,None,68,13,1548,1560,0,0,0,0,0,0
2025,610910,"T-shirts, singlets and other vests, knitted or crocheted, of cotton",CHL,Chile,38102054.13,2643638.973333333,1016951.06,8046654.14,523270.65,0.35,26,1.0,-0.011474828470179887,-0.2826796340696046,-0.9179121900992173,-0.9181199176607394,0,354486747640.06,8827.97,3.3,39436661.0,66.25,12.0,12.0,0.0,1.0,In Force,PTA,Goods,105,43,445,489,0,0,0,0,0,0
2025,610910,"T-shirts, singlets and other vests, knitted or crocheted, of cotton",CHN,China,52098445.336666666,4499928.486666666,4366447.82,48898453.63,3567105.94,2.12,26,1.0,0.04516909705262484,-0.19947045737166558,-0.21929347737933147,-0.18306456711552266,0,9300982450507.4,5588.1,8.3,1656339789.0,46.25,12.0,12.0,0.0,0.0,In Force,PTA,Goods,765,191,996,1676,0,0,0,0,0,0
2025,610910,"T-shirts, singlets and other vests, knitted or crocheted, of cotton",COL,Colombia,51342633.73,4169986.1366666667,4183222.21,44827553.09,4183222.21,1.95,26,1.0,0.3896854910777472,0.4838796678706565,-0.4786789366197488,-0.3491084614838721,0,354486747640.06,8827.97,3.3,39436661.0,66.25,12.0,12.0,0.0,0.0,None,None,None,33,165,246,394,0,0,0,0,0,0
2025,610910,"T-shirts, singlets and other vests, knitted or crocheted, of cotton",DEU,Germany,48909468.60999999,3580171.5566666666,3008042.47,13068837.13,1042963.08,0.57,26,1.0,-0.40873098181604905,-0.4111665329427102,-0.8642582484563011,-0.8440897439123539,0,2760472889424.06,24913.88,1.2,108056452.0,76.25,6.5,12.0,5.5,0.0,Under Negotiation,FTA,Goods & Services,879,112,9939,10026,0,0,0,0,0,0
2025,610910,"T-shirts, singlets and other vests, knitted or crocheted, of cotton",EGY,Egypt,18064857.19333333,1468223.25,1893026.4,27660183.88,2113104.21,1.2,26,1.0,1.3223620058082908,1.3026342913386788,0.29217991527164,0.11625712668290511,0,290888340065.6,3140.67,4.0,92544699.0,49.25,12.0,12.0,0.0,0.0,None,None,None,41,24,74,127,0,0,0,0,0,0
2025,610910,"T-shirts, singlets and other vests, knitted or crocheted, of cotton",ESP,Spain,46583973.77666666,4248603.553333334,4312461.02,52490335.26,6398079.68,2.28,26,1.0,0.32892588859923455,0.7730207199173327,-0.08775286861466236,0.48362608967965026,0,354486747640.06,8827.97,3.3,39436661.0,66.25,12.0,12.0,0.0,0.0,None,None,None,432,50,4433,4769,0,0,0,0,0,0
2025,610910,"T-shirts, singlets and other vests, knitted or crocheted, of cotton",FRA,France,35218810.10666666,2598096.0066666664,2667028.36,9311227.43,926795.35,0.4,26,1.0,-0.6254992885329869,-0.5302754342779945,-0.6891632280455735,-0.6524988770649396,0,1973285681586.82,24141.89,1.3,80056423.0,65.25,12.0,12.0,0.0,0.0,Under Negotiation,FTA,Goods & Services,808,142,14175,14370,0,0,0,0,0,0
2025,610910,"T-shirts, singlets and other vests, knitted or crocheted, of cotton",GBR,United Kingdom of Great Britain and Northern Ireland,30157370.186666667,2911810.3366666674,2123452.54,31691285.53,2123452.54,1.38,26,1.0,-0.16858502476981563,-0.3812710214085523,1.450128952771613,0.9934974761466913,0,2593000127109.38,32632.91,1.6,77427312.0,66.25,8.0,12.0,4.0,0.0,Under Negotiation,FTA,Goods & Services,1350,144,4976,5878,0,0,0,0,0,0
2025,610910,"T-shirts, singlets and other vests, knitted or crocheted, of cotton",GHA,Ghana,46590007.76666667,4226420.956666667,4023075.19,54463694.67,5651158.06,2.36,26,1.0,0.06707536152982163,0.18519456839933035,0.4533531740991794,0.8805665083587826,0,354486747640.06,8827.97,3.3,39436661.0,66.25,12.0,12.0,0.0,0.0,None,None,None,11,5,45,62,0,0,0,0,0,0
2025,610910,"T-shirts, singlets and other vests, knitted or crocheted, of cotton",HKG,"China, Hong Kong Special Administrative Region",30411635.44333334,3005810.92,3253921.59,43081395.21,3923285.11,1.87,26,1.0,0.6686539601352095,0.4601226793902793,0.3182346204919404,0.20570978786209615,0,354486747640.06,8827.97,3.3,39436661.0,66.25,12.0,12.0,0.0,0.0,None,None,None,13,3,63,70,0,0,0,0,0,0
2025,610910,"T-shirts, singlets and other vests, knitted or crocheted, of cotton",IDN,Indonesia,33053273.416666668,3099150.44,2072412.14,16003342.29,1555299.36,0.69,26,1.0,-0.2274337050788776,-0.13369876644839696,-0.7159700881614104,-0.7256841743401683,0,558748565248.4,1981.66,4.8,277371187.0,66.25,12.0,12.0,0.0,1.0,In Force,FTA,Goods & Services,297,187,365,748,0,0,0,0,0,0
2025,610910,"T-shirts, singlets and other vests, knitted or crocheted, of cotton",IRN,Iran (Islamic Republic of),36382333.39,3217460.456666667,2766249.89,37707276.83,2766249.89,1.64,26,1.0,-0.22077513522399494,-0.3209985018160437,3.037793628307127,2.1216514003154665,0,354486747640.06,8827.97,3.3,39436661.0,66.25,12.0,12.0,0.0,0.0,None,None,None,43,70,58,158,0,0,0,0,0,0
2025,610910,"T-shirts, singlets and other vests, knitted or crocheted, of cotton",ISR,Israel,40135921.75666666,4327910.239999999,4258389.57,41291623.76,3694580.45,1.79,26,1.0,-0.03080735877976226,-0.14302977247309978,0.1744670277832463,-0.1323996104003392,0,354486747640.06,8827.97,3.3,39436661.0,66.25,12.0,12.0,0.0,0.0,None,None,None,22,15,360,381,0,0,0,0,0,0
2025,610910,"T-shirts, singlets and other vests, knitted or crocheted, of cotton",ITA,Italy,33837508.57666667,3219017.67,2854930.26,11577997.09,950745.73,0.5,26,1.0,-0.46782994142561607,-0.4229221037571804,-0.763967180519905,-0.837517608803844,0,1461972474319.65,19023.64,0.8,74798201.0,61.25,12.0,12.0,0.0,0.0,Under Negotiation,FTA,Goods & Services,327,61,5598,5803,0,0,0,0,0,0
2025,610910,"T-shirts, singlets and other vests, knitted or crocheted, of cotton",JPN,Japan,43791738.75666667,3544586.963333333,3796339.61,58387660.76,3796339.61,2.53,26,1.0,0.1638352247532293,-0.04416283000694732,0.9539722385448055,0.41539824779849477,0,6533340281527.44,38134.14,0.9,166685623.0,33.25,12.0,12.0,0.0,1.0,In Force,FTA & EIA,Goods & Services,1562,102,621,2170,0,0,0,0,0,0
2025,610910,"T-shirts, singlets and other vests, knitted or crocheted, of cotton",KAZ,Kazakhstan,37686815.23333333,3114312.5566666666,3537001.64,35677420.51,3537001.64,1.55,26,1.0,-0.25240028662225267,-0.118470910337102,1.633298973038153,1.8197698123374146,0,354486747640.06,8827.97,3.3,39436661.0,66.25,12.0,12.0,0.0,0.0,None,None,None,3,27,67,85,0,0,0,0,0,0
2025,610910,"T-shirts, singlets and other vests, knitted or crocheted, of cotton",KEN,Kenya,41436349.55,4119647.6333333333,5863327.67,65879560.19,6200247.32,2.86,26,1.0,0.10503460876688031,0.0283298061603503,5.0,5.0,0,354486747640.06,8827.97,3.3,39436661.0,66.25,12.0,12.0,0.0,0.0,None,None,None,7,38,27,72,0,0,0,0,0,0
2025,610910,"T-shirts, singlets and other vests, knitted or crocheted, of cotton",KOR,Republic of Korea,40963091.45,2732959.9033333333,617074.76,106488525.01,7073252.74,4.62,26,1.0,2.2853400280249754,2.385639373879004,5.0,5.0,0,1859749923928.23,29536.14,4.6,61784103.0,81.25,12.0,12.0,0.0,1.0,In Force,FTA & EIA,Goods & Services,76,29,232,279,0,0,0,0,0,0
2025,610910,"T-shirts, singlets and other vests, knitted or crocheted, of cotton",KWT,Kuwait,26780528.456666663,2240283.896666667,2258273.1,18684120.38,1555586.37,0.81,26,1.0,-0.21838019205947112,-0.17003680487149098,-0.3987287589160885,-0.46488113752176985,0,354486747640.06,8827.97,3.3,39436661.0,66.25,12.0,12.0,0.0,0.0,None,None,None,13,2,19,31,0,0,0,0,0,0
2025,610910,"T-shirts, singlets and other vests, knitted or crocheted, of cotton",LKA,Sri Lanka,39388153.89666667,3366930.923333334,3674042.4,28612819.73,2078133.22,1.24,26,1.0,-0.1601221313677983,-0.3087086776976381,-0.4159313927760441,-0.4343741868631036,0,354486747640.06,8827.97,3.3,39436661.0,66.25,12.0,12.0,0.0,1.0,In Force,FTA,Goods,21,19,118,151,0,0,0,0,0,0
2025,610910,"T-shirts, singlets and other vests, knitted or crocheted, of cotton",MEX,Mexico,24447512.486666664,1847317.78,1886874.94,21676920.11,1886874.94,0.94,26,1.0,-0.19110110999920726,-0.06006390106687698,0.16941448902775247,0.24189791533240967,0,1188674554333.95,8882.55,1.9,130009527.0,71.25,12.0,12.0,0.0,0.0,None,None,None,110,95,869,969,0,0,0,0,0,0
2025,610910,"T-shirts, singlets and other vests, knitted or crocheted, of cotton",MYS,Malaysia,33593866.31333333,2674655.84,1804938.93,21641573.17,1804938.93,0.94,26,1.0,1.857412624190673,1.8358429817208073,-0.7170645388702372,-0.6989053419249708,0,303500855641.07,9683.98,4.6,30760596.0,191.25,12.0,12.0,0.0,1.0,In Force,FTA,Goods & Services,177,54,172,349,0,0,0,0,0,0
2025,610910,"T-shirts, singlets and other vests, knitted or crocheted, of cotton",NGA,Nigeria,20671841.54,1789250.8466666667,1970259.86,12154722.46,773566.55,0.53,26,1.0,-0.3143197122430682,-0.3734047674460883,-0.4937294024539962,-0.7051873750730531,0,204369543044.52,1260.94,4.3,160375757.0,56.25,12.0,12.0,0.0,0.0,None,None,None,41,23,101,163,0,0,1,1,0,0
2025,610910,"T-shirts, singlets and other vests, knitted or crocheted, of cotton",NLD,Netherlands,52253326.29666666,3606776.5033333334,3312601.13,48650841.4,3312601.13,2.11,26,1.0,0.45972947190629876,0.24114650807379956,-0.42949667136889236,-0.38166703373224664,0,684132699691.79,31975.3,1.8,20901430.0,136.25,12.0,12.0,0.0,0.0,Under Negotiation,FTA,Goods & Services,531,23,1818,1876,0,0,0,0,0,0
2025,610910,"T-shirts, singlets and other vests, knitted or crocheted, of cotton",NPL,Nepal,42609705.51,3743780.796666667,3305202.8,64615172.75,6100862.43,2.81,26,1.0,0.278934917535977,0.35861548446571456,1.7251990814393117,2.3424307078913196,0,354486747640.06,8827.97,3.3,39436661.0,66.25,12.0,12.0,0.0,1.0,In Force,PTA,Goods,1,44,20,63,0,0,0,0,0,0
2025,610910,"T-shirts, singlets and other vests, knitted or crocheted, of cotton",NZL,New Zealand,22378880.896666665,1803757.0133333334,701214.7,51870116.13,4177750.85,2.25,26,1.0,1.2889057275894462,1.4408762527748724,5.0,5.0,0,354486747640.06,8827.97,3.3,39436661.0,66.25,12.0,12.0,0.0,0.0,None,None,None,48,60,290,341,0,0,0,0,0,0
2025,610910,"T-shirts, singlets and other vests, knitted or crocheted, of cotton",OMN,Oman,32711249.00333333,2439201.8766666665,2614050.38,28220337.33,2614050.38,1.23,26,1.0,-0.2765260430326658,-0.15436274982467757,0.7640393086093373,1.4941704469278432,0,354486747640.06,8827.97,3.3,39436661.0,66.25,12.0,12.0,0.0,0.0,None,None,None,17,10,19,39,0,0,0,0,0,0
2025,610910,"T-shirts, singlets and other vests, knitted or crocheted, of cotton",PHL,Philippines,42729409.906666666,4246273.2299999995,4385181.66,23607371.85,2607418.06,1.02,26,1.0,-0.3904844413882246,-0.32638118182423115,-0.4247204190514777,-0.40540249819447494,0,354486747640.06,8827.97,3.3,39436661.0,66.25,12.0,12.0,0.0,0.0,None,None,None,377,75,252,598,0,0,0,0,0,0
2025,610910,"T-shirts, singlets and other vests, knitted or crocheted, of cotton",POL,Poland,49848748.29,3809440.59,3971785.07,88085678.32,6816045.99,3.82,26,1.0,0.30642131493752944,0.3100063070084669,5.0,5.0,0,354486747640.06,8827.97,3.3,39436661.0,66.25,12.0,12.0,0.0,0.0,None,None,None,79,24,1907,1952,0,0,0,0,0,0
2025,610910,"T-shirts, singlets and other vests, knitted or crocheted, of cotton",QAT,Qatar,44314693.35,4207798.616666666,3780960.25,31311570.19,3780960.25,1.36,26,1.0,-0.33234436905082165,-0.19920596459035156,-0.0024996220608034525,0.2832495368115273,0,354486747640.06,8827.97,3.3,39436661.0,66.25,12.0,12.0,0.0,0.0,None,None,None,11,2,19,29,0,0,0,0,0,0
2025,610910,"T-shirts, singlets and other vests, knitted or crocheted, of cotton",RUS,Russian Federation,27561113.323333334,2559925.19,2062091.98,29127994.88,2062091.98,1.26,26,1.0,-0.16235520587947783,-0.34255343668655724,1.4189258673256564,1.434788486710037,0,660552264556.61,3362.46,3.6,191925086.0,59.25,12.0,12.0,0.0,0.0,None,None,None,259,147,598,858,0,0,1,1,1,0
2025,610910,"T-shirts, singlets and other vests, knitted or crocheted, of cotton",SAU,Saudi Arabia,33707268.86333334,2469378.3433333333,1289441.44,78331775.2,5305481.83,3.4,26,1.0,1.5229612047337477,1.0284373749763782,5.0,5.0,0,415388277619.73,14929.51,3.0,27342752.0,73.25,12.0,12.0,0.0,0.0,Under Negotiation,FTA,Goods,38,35,43,95,0,0,0,0,0,0
2025,610910,"T-shirts, singlets and other vests, knitted or crocheted, of cotton",SGP,Singapore,30628507.75333333,2613854.54,2591682.87,16190592.41,1547406.11,0.7,26,1.0,-0.27826758385348205,-0.22729944431189353,-0.6370866601340059,-0.5820616586317571,0,340929615341.57,63446.9,5.0,5258221.0,321.25,0.0,12.0,12.0,1.0,In Force,FTA & EIA,Goods & Services,15,5,22,27,1,1,0,0,0,0
2025,610910,"T-shirts, singlets and other vests, knitted or crocheted, of cotton",SWE,Sweden,52824389.76666667,4685984.093333333,5771714.29,58646703.96,6230956.52,2.55,26,1.0,0.7390140501024922,0.7411721298740173,-0.2708699389705451,0.07956773445882392,0,354486747640.06,8827.97,3.3,39436661.0,66.25,12.0,12.0,0.0,0.0,None,None,None,317,47,1005,1198,0,0,0,0,0,0
2025,610910,"T-shirts, singlets and other vests, knitted or crocheted, of cotton",THA,Thailand,15200159.856666667,1163523.3833333335,984151.46,12474444.64,984151.46,0.54,26,1.0,-0.3481743514899234,-0.3402653263920432,2.3124904562494195,3.012028771260634,0,335895377767.42,3988.94,3.8,82685533.0,126.25,12.0,12.0,0.0,1.0,In Force,FTA,Goods & Services,67,41,127,204,0,0,0,0,0,0
2025,610910,"T-shirts, singlets and other vests, knitted or crocheted, of cotton",TUR,Türkiye,67550710.57,5006390.81,5621054.44,82103792.14,5976591.39,3.56,26,1.0,0.4313416723494701,0.321651100956057,0.02026435239068114,0.06325093517488423,0,647529125689.17,7592.05,3.3,84263000.0,61.25,12.0,12.0,0.0,0.0,None,None,None,142,51,306,656,0,0,0,0,0,0
2025,610910,"T-shirts, singlets and other vests, knitted or crocheted, of cotton",TWN,Taiwan,46950049.86333334,4147541.686666667,4388765.58,36789504.56,3290822.26,1.6,26,1.0,-0.13889944071931637,-0.16879102182544203,-0.32428476800980033,-0.2501713294973368,0,354486747640.06,8827.97,3.3,39436661.0,66.25,12.0,12.0,0.0,0.0,None,None,None,23,21,35,68,0,0,0,0,0,0
2025,610910,"T-shirts, singlets and other vests, knitted or crocheted, of cotton",TZA,United Republic of Tanzania,46973925.70333334,3334140.82,2404969.4,83483955.9,5809417.93,3.62,26,1.0,1.0166362547845917,0.8025125067946965,1.2618394158238058,1.415589125582049,0,354486747640.06,8827.97,3.3,39436661.0,66.25,12.0,12.0,0.0,0.0,None,None,None,20,30,33,71,0,0,0,0,0,0
2025,610910,"T-shirts, singlets and other vests, knitted or crocheted, of cotton",USA,United States of America,48123321.81666666,3496128.2133333334,4491625.58,7937524.38,920967.36,0.34,26,1.0,-0.6580692694924083,-0.5740386216307081,-0.8841946904608832,-0.7949590090276859,0,18097338437760.06,47718.36,2.1,370704619.0,36.25,16.5,12.0,0.0,0.0,None,None,None,1765,2105,19117,20895,0,0,0,0,0,0
2025,610910,"T-shirts, singlets and other vests, knitted or crocheted, of cotton",VNM,Viet Nam,26847217.233333334,2764924.4966666666,1626206.76,55373905.5,6320581.81,2.4,26,1.0,2.2223658020364714,3.261851532817685,1.7917349048223787,2.886702457193151,0,160562089452.67,1522.87,6.6,105032975.0,121.25,12.0,12.0,0.0,1.0,In Force,FTA,Goods & Services,132,31,175,241,0,0,0,0,0,0
2025,610910,"T-shirts, singlets and other vests, knitted or crocheted, of cotton",ZAF,South Africa,56950550.28666667,3954894.063333334,3202383.32,94245706.85,6425397.19,4.09,26,1.0,0.6291715595854632,0.694831556592068,1.2932054755561935,1.006442248768019,0,261888231492.08,4360.27,2.0,59023536.0,63.25,12.0,12.0,0.0,1.0,Under Negotiation,PTA,Goods,60,85,696,793,0,0,0,0,0,0
2025,620342,"Men's or boys' trousers, bib and brace overalls, of cotton",AGO,Angola,24271995.016666666,1472954.8399999999,688315.15,50705713.28,3399496.0,1.77,26,1.0,1.9753360624182346,2.204485130109367,2.0951123546755186,3.9388655763207607,0,354486747640.06,8827.97,3.3,39436661.0,66.25,12.0,12.0,0.0,0.0,None,None,None,35,40,13,81,0,0,0,0,0,0
2025,620342,"Men's or boys' trousers, bib and brace overalls, of cotton",ARE,United Arab Emirates,33119397.653333336,2322405.3866666667,1076893.59,15216005.34,1076893.59,0.53,26,1.0,0.5676993743399907,0.91664818514549,-0.804800343195362,-0.807600475358504,0,290888340065.6,69094.67,4.0,4206577.0,151.25,0.0,12.0,12.0,1.0,In Force,FTA & EIA,Goods & Services,44,10,35,75,0,0,1,1,1,0
2025,620342,"Men's or boys' trousers, bib and brace overalls, of cotton",ARG,Argentina,36181897.91,2219393.0566666666,2025745.25,28480831.99,1571144.91,0.99,26,1.0,-0.21946523495693748,-0.2835993764242869,-0.14513843993295428,-0.22441140612363553,0,354486747640.06,8827.97,3.3,39436661.0,66.25,12.0,12.0,0.0,1.0,In Force,PTA,Goods,104,113,458,602,0,0,0,0,0,0
2025,620342,"Men's or boys' trousers, bib and brace overalls, of cotton",AUS,Australia,54959282.47,3309852.823333333,2709673.24,37898859.47,2709673.24,1.32,26,1.0,0.006852210733156339,0.16146854322562776,-0.5769943719494703,-0.48003348389474876,0,827705732805.53,32270.26,2.6,25108007.0,51.25,12.0,12.0,0.0,1.0,In Force,FTA,Goods & Services,378,622,1830,2593,0,0,0,0,0,0
2025,620342,"Men's or boys' trousers, bib and brace overalls, of cotton",AUT,Austria,54302349.67666667,3558158.366666667,3392863.81,100616362.78,5832530.37,3.5,26,1.0,0.5338736066360323,0.3111285996030264,4.153051367063904,3.024985968344663,0,354486747640.06,8827.97,3.3,39436661.0,66.25,12.0,12.0,0.0,0.0,None,None,None,111,11,1349,1394,0,0,0,0,0,0
2025,620342,"Men's or boys' trousers, bib and brace overalls, of cotton",BEL,Belgium,66194885.59666667,3824990.2733333334,4148880.4,78401070.23,4148880.4,2.73,26,1.0,-0.028845786752687896,-0.11848685194058517,1.1157502466618854,1.088090454477514,0,354486747640.06,8827.97,3.3,39436661.0,66.25,12.0,12.0,0.0,0.0,None,None,None,484,11,1834,1842,0,0,0,0,0,0
2025,620342,"Men's or boys' trousers, bib and brace overalls, of cotton",BGD,Bangladesh,24257489.50333333,1351345.6733333336,1310047.81,40642563.87,2492966.24,1.41,26,1.0,0.2326858954817972,0.37947751464478285,5.0,5.0,0,354486747640.06,8827.97,3.3,39436661.0,66.25,12.0,12.0,0.0,1.0,In Force,FTA,Goods,12,15,18,45,0,0,0,0,0,0
2025,620342,"Men's or boys' trousers, bib and brace overalls, of cotton",BRA,Brazil,50289456.163333334,3273664.0766666667,3561219.73,94836755.81,5752408.63,3.3,26,1.0,2.9140024435617473,2.367170407198411,0.9027864497623606,0.6152916882773716,0,1214333384401.01,5179.26,2.3,230047193.0,35.25,12.0,12.0,0.0,1.0,In Force,PTA,Goods,206,430,5576,5635,0,0,0,0,0,0
2025,620342,"Men's or boys' trousers, bib and brace overalls, of cotton",CAN,Canada,81557230.85333334,4534713.600000001,4873976.58,60898943.64,3760721.84,2.12,26,1.0,-0.24335854691264847,-0.130075070915865,-0.2131941451837901,-0.22840789686370877,0,1278428077415.3,30906.61,2.0,40356850.0,86.25,12.0,12.0,0.0,0.0,None,None,None,580,499,2609,3225,0,0,0,0,0,0
2025,620342,"Men's or boys' trousers, bib and brace overalls, of cotton",CHE,Switzerland,34084427.836666666,1768220.0433333332,1968177.2,7981904.49,530077.4,0.28,26,1.0,-0.6017200903652151,-0.5653952882004896,-0.8183976202233659,-0.7306759777525464,0,354486747640.06,8827.97,3.3,39436661.0,66.25,12.0,12.0,0.0,0.0,None,None,None,68,13,1548,1560,0,0,0,0,0,0
2025,620342,"Men's or boys' trousers, bib and brace overalls, of cotton",CHL,Chile,63063130.81,3956388.57,3810060.8,44889665.15,2464570.36,1.56,26,1.0,-0.17447004112871567,-0.19572483668806584,-0.42765248290675884,-0.5594682027659371,0,354486747640.06,8827.97,3.3,39436661.0,66.25,12.0,12.0,0.0,1.0,In Force,PTA,Goods,105,43,445,489,0,0,0,0,0,0
2025,620342,"Men's or boys' trousers, bib and brace overalls, of cotton",CHN,China,58028040.71,3022431.7433333336,3158858.99,99646215.93,4660291.06,3.47,26,1.0,1.5608073727380019,0.9322973968335444,0.6820002952144713,0.47530835493183066,0,9300982450507.4,5588.1,8.3,1656339789.0,46.25,12.0,12.0,0.0,0.0,In Force,PTA,Goods,765,191,996,1676,0,0,0,0,0,0
2025,620342,"Men's or boys' trousers, bib and brace overalls, of cotton",COL,Colombia,51935910.40333333,3166930.41,3514386.58,44994476.11,3514386.58,1.57,26,1.0,-0.2276649342206304,-0.031511622268805994,0.2716542854712889,0.5692007071710681,0,354486747640.06,8827.97,3.3,39436661.0,66.25,12.0,12.0,0.0,0.0,None,None,None,33,165,246,394,0,0,0,0,0,0
2025,620342,"Men's or boys' trousers, bib and brace overalls, of cotton",DEU,Germany,29191541.406666666,1638680.9033333333,1443483.24,39474127.36,2359569.17,1.37,26,1.0,0.10276496788526779,0.2785287067413049,1.5238180942180182,1.1200267154151118,0,2760472889424.06,24913.88,1.2,108056452.0,76.25,6.5,12.0,5.5,0.0,Under Negotiation,FTA,Goods & Services,879,112,9939,10026,0,0,0,0,0,0
2025,620342,"Men's or boys' trousers, bib and brace overalls, of cotton",EGY,Egypt,31413178.386666667,1901152.4866666666,1909931.39,42851453.42,1909931.39,1.49,26,1.0,0.055257805702806806,-0.2220103871158724,2.3200424766623113,1.993568205215385,0,290888340065.6,3140.67,4.0,92544699.0,49.25,12.0,12.0,0.0,0.0,None,None,None,41,24,74,127,0,0,0,0,0,0
2025,620342,"Men's or boys' trousers, bib and brace overalls, of cotton",ESP,Spain,85600490.96,4877985.87,5396471.08,79149346.85,3539736.36,2.76,26,1.0,0.030354478239055238,-0.1901016177693723,-0.23228720853279916,-0.37874840868999027,0,354486747640.06,8827.97,3.3,39436661.0,66.25,12.0,12.0,0.0,0.0,None,None,None,432,50,4433,4769,0,0,0,0,0,0
2025,620342,"Men's or boys' trousers, bib and brace overalls, of cotton",FRA,France,43515570.49666666,2553659.4299999997,1318016.73,28339159.02,1318016.73,0.99,26,1.0,0.1490457656414872,0.18293291768857678,-0.6490222848625964,-0.7559712028716122,0,1973285681586.82,24141.89,1.3,80056423.0,65.25,12.0,12.0,0.0,0.0,Under Negotiation,FTA,Goods & Services,808,142,14175,14370,0,0,0,0,0,0
2025,620342,"Men's or boys' trousers, bib and brace overalls, of cotton",GBR,United Kingdom of Great Britain and Northern Ireland,29116548.936666667,1282910.2266666666,1538741.0,35708134.62,1538741.0,1.24,26,1.0,2.9385474578008695,2.4820105626923845,-0.2762779070928716,-0.29515034491029823,0,2593000127109.38,32632.91,1.6,77427312.0,66.25,8.0,12.0,4.0,0.0,Under Negotiation,FTA,Goods & Services,1350,144,4976,5878,0,0,0,0,0,0
2025,620342,"Men's or boys' trousers, bib and brace overalls, of cotton",GHA,Ghana,78057011.07666667,4176353.5399999996,4937736.45,30801441.84,1859811.83,1.07,26,1.0,-0.39886223324719816,-0.38627961333700656,-0.7392660345948875,-0.6755111531349027,0,354486747640.06,8827.97,3.3,39436661.0,66.25,12.0,12.0,0.0,0.0,None,None,None,11,5,45,62,0,0,0,0,0,0
2025,620342,"Men's or boys' trousers, bib and brace overalls, of cotton",HKG,"China, Hong Kong Special Administrative Region",64015237.35666666,3699361.6300000004,3987321.33,18587063.6,903326.0,0.65,26,1.0,-0.5172868712598566,-0.6185250055374363,-0.8016108911675881,-0.77345041313744,0,354486747640.06,8827.97,3.3,39436661.0,66.25,12.0,12.0,0.0,0.0,None,None,None,13,3,63,70,0,0,0,0,0,0
2025,620342,"Men's or boys' trousers, bib and brace overalls, of cotton",IDN,Indonesia,21978304.293333333,1580211.2633333334,305585.4,4693090.28,206398.38,0.16,26,1.0,-0.1767437508575983,-0.17816082035795544,-0.9135986342859801,-0.9511904793463976,0,558748565248.4,1981.66,4.8,277371187.0,66.25,12.0,12.0,0.0,1.0,In Force,FTA,Goods & Services,297,187,365,748,0,0,0,0,0,0
2025,620342,"Men's or boys' trousers, bib and brace overalls, of cotton",IRN,Iran (Islamic Republic of),54259297.71333333,2401963.6933333334,2611435.83,60635676.82,2611435.83,2.11,26,1.0,-0.16137331265458432,-0.1845630302997726,2.8074295178314776,2.914523107175644,0,354486747640.06,8827.97,3.3,39436661.0,66.25,12.0,12.0,0.0,0.0,None,None,None,43,70,58,158,0,0,0,0,0,0
2025,620342,"Men's or boys' trousers, bib and brace overalls, of cotton",ISR,Israel,29489089.76,1621948.1933333334,716171.52,70147934.31,3814796.62,2.44,26,1.0,1.419284534168527,1.3079541209296863,5.0,5.0,0,354486747640.06,8827.97,3.3,39436661.0,66.25,12.0,12.0,0.0,0.0,None,None,None,22,15,360,381,0,0,0,0,0,0
2025,620342,"Men's or boys' trousers, bib and brace overalls, of cotton",ITA,Italy,67579076.65666668,3421897.4933333336,4209427.62,25828493.74,1214384.92,0.9,26,1.0,-0.409733719397271,-0.46288576857832786,-0.7486942693115055,-0.7491914431897811,0,1461972474319.65,19023.64,0.8,74798201.0,61.25,12.0,12.0,0.0,0.0,Under Negotiation,FTA,Goods & Services,327,61,5598,5803,0,0,0,0,0,0
2025,620342,"Men's or boys' trousers, bib and brace overalls, of cotton",JPN,Japan,68105572.78333335,4219219.54,4478760.02,68132071.45,3596888.52,2.37,26,1.0,0.11202167417327513,-0.10384198682269385,-0.15977625649509253,-0.21499768503363603,0,6533340281527.44,38134.14,0.9,166685623.0,33.25,12.0,12.0,0.0,1.0,In Force,FTA & EIA,Goods & Services,1562,102,621,2170,0,0,0,0,0,0
2025,620342,"Men's or boys' trousers, bib and brace overalls, of cotton",KAZ,Kazakhstan,35100265.57333333,2427070.8333333335,2070924.41,21695702.88,1185733.36,0.76,26,1.0,-0.1577137195547258,-0.2433214973688994,-0.5908317166064573,-0.7053752676883821,0,354486747640.06,8827.97,3.3,39436661.0,66.25,12.0,12.0,0.0,0.0,None,None,None,3,27,67,85,0,0,0,0,0,0
2025,620342,"Men's or boys' trousers, bib and brace overalls, of cotton",KEN,Kenya,102300925.06,5327067.896666667,5316471.82,157181458.44,7053600.55,5.47,26,1.0,0.3773489540033217,0.15184402204340963,1.3506461226607906,0.9532938364584447,0,354486747640.06,8827.97,3.3,39436661.0,66.25,12.0,12.0,0.0,0.0,None,None,None,7,38,27,72,0,0,0,0,0,0
2025,620342,"Men's or boys' trousers, bib and brace overalls, of cotton",KOR,Republic of Korea,108198451.10666667,5962314.56,5960827.82,136095556.76,6574494.89,4.74,26,1.0,0.09752911880699089,0.10837959688351129,0.8021814076511369,0.10294997415290141,0,1859749923928.23,29536.14,4.6,61784103.0,81.25,12.0,12.0,0.0,1.0,In Force,FTA & EIA,Goods & Services,76,29,232,279,0,0,0,0,0,0
2025,620342,"Men's or boys' trousers, bib and brace overalls, of cotton",KWT,Kuwait,36750850.27333333,2268810.703333333,1862304.94,80608181.06,4688273.0,2.81,26,1.0,3.04604276985883,3.2806546983920377,2.2608001806625495,1.5174572108461906,0,354486747640.06,8827.97,3.3,39436661.0,66.25,12.0,12.0,0.0,0.0,None,None,None,13,2,19,31,0,0,0,0,0,0
2025,620342,"Men's or boys' trousers, bib and brace overalls, of cotton",LKA,Sri Lanka,51414694.096666664,2887959.4433333334,2872162.68,61581989.37,4516209.01,2.14,26,1.0,0.5183268026563164,0.8816795044468084,-0.0662188475679939,0.5724071068280949,0,354486747640.06,8827.97,3.3,39436661.0,66.25,12.0,12.0,0.0,1.0,In Force,FTA,Goods,21,19,118,151,0,0,0,0,0,0
2025,620342,"Men's or boys' trousers, bib and brace overalls, of cotton",MEX,Mexico,59201191.370000005,3055139.86,3199141.83,98204022.79,4273149.58,3.42,26,1.0,0.5491366489152569,0.15573243181643504,1.5521980725690865,1.5238193160518239,0,1188674554333.95,8882.55,1.9,130009527.0,71.25,12.0,12.0,0.0,0.0,None,None,None,110,95,869,969,0,0,0,0,0,0
2025,620342,"Men's or boys' trousers, bib and brace overalls, of cotton",MYS,Malaysia,55729208.14666667,3756883.806666667,3835625.49,81474694.04,6394342.61,2.84,26,1.0,0.08101948373293233,0.2911593751426711,4.094333271734755,5.0,0,303500855641.07,9683.98,4.6,30760596.0,191.25,12.0,12.0,0.0,1.0,In Force,FTA,Goods & Services,177,54,172,349,0,0,0,0,0,0
2025,620342,"Men's or boys' trousers, bib and brace overalls, of cotton",NGA,Nigeria,71926586.59333332,4133168.5500000003,3663307.24,50576116.94,2738751.18,1.76,26,1.0,-0.19482878052380426,-0.3242390820200174,-0.419934002540463,-0.2523828877647586,0,204369543044.52,1260.94,4.3,160375757.0,56.25,12.0,12.0,0.0,0.0,None,None,None,41,23,101,163,0,0,1,1,0,0
2025,620342,"Men's or boys' trousers, bib and brace overalls, of cotton",NLD,Netherlands,76127247.89,3509749.1166666667,3174266.28,49630565.59,2127368.36,1.73,26,1.0,-0.3366396873378379,-0.36207496623484137,-0.24763940959546682,-0.32980784460233437,0,684132699691.79,31975.3,1.8,20901430.0,136.25,12.0,12.0,0.0,0.0,Under Negotiation,FTA,Goods & Services,531,23,1818,1876,0,0,0,0,0,0
2025,620342,"Men's or boys' trousers, bib and brace overalls, of cotton",NPL,Nepal,78497211.10333334,4069813.75,4732727.9,74109647.96,4732727.9,2.58,26,1.0,-0.26648520270945475,-0.09338207934675735,2.1345328183387844,1.7534605827556127,0,354486747640.06,8827.97,3.3,39436661.0,66.25,12.0,12.0,0.0,1.0,In Force,PTA,Goods,1,44,20,63,0,0,0,0,0,0
2025,620342,"Men's or boys' trousers, bib and brace overalls, of cotton",NZL,New Zealand,61056105.576666676,3492909.2533333334,4120541.32,80800057.12,4120541.32,2.81,26,1.0,0.8093988722390724,0.8398673928427809,0.040053314804608275,-0.19848365872028162,0,354486747640.06,8827.97,3.3,39436661.0,66.25,12.0,12.0,0.0,0.0,None,None,None,48,60,290,341,0,0,0,0,0,0
2025,620342,"Men's or boys' trousers, bib and brace overalls, of cotton",OMN,Oman,21901096.016666666,1556267.16,1020065.4,14672506.61,776881.43,0.51,26,1.0,-0.35399369842322403,-0.47988887602624164,-0.07558711025437148,-0.2384003711926329,0,354486747640.06,8827.97,3.3,39436661.0,66.25,12.0,12.0,0.0,0.0,None,None,None,17,10,19,39,0,0,0,0,0,0
2025,620342,"Men's or boys' trousers, bib and brace overalls, of cotton",PHL,Philippines,51926614.830000006,2683597.936666667,2650941.95,91829356.92,4727464.37,3.2,26,1.0,1.5063881233212948,1.6515774676164408,0.8614339062689818,0.7833149345266563,0,354486747640.06,8827.97,3.3,39436661.0,66.25,12.0,12.0,0.0,0.0,None,None,None,377,75,252,598,0,0,0,0,0,0
2025,620342,"Men's or boys' trousers, bib and brace overalls, of cotton",POL,Poland,79837260.66,4559286.886666667,4860185.29,58949041.72,2504477.87,2.05,26,1.0,-0.20517813876841973,-0.28215251038945977,-0.3243726081935996,-0.603294864448704,0,354486747640.06,8827.97,3.3,39436661.0,66.25,12.0,12.0,0.0,0.0,None,None,None,79,24,1907,1952,0,0,0,0,0,0
2025,620342,"Men's or boys' trousers, bib and brace overalls, of cotton",QAT,Qatar,68042479.33333333,4336764.273333333,5867970.31,83434666.18,6736726.98,2.9,26,1.0,2.610846989124846,3.0754718100109386,-0.26999660910647105,0.148050624679942,0,354486747640.06,8827.97,3.3,39436661.0,66.25,12.0,12.0,0.0,0.0,None,None,None,11,2,19,29,0,0,0,0,0,0
2025,620342,"Men's or boys' trousers, bib and brace overalls, of cotton",RUS,Russian Federation,36679895.379999995,1787726.3800000001,2012514.69,60633537.48,3218652.79,2.11,26,1.0,3.412712387399754,3.9377707066430343,0.3097983155812183,0.5993189048465533,0,660552264556.61,3362.46,3.6,191925086.0,59.25,12.0,12.0,0.0,0.0,None,None,None,259,147,598,858,0,0,1,1,1,0
2025,620342,"Men's or boys' trousers, bib and brace overalls, of cotton",SAU,Saudi Arabia,52084875.13333333,2490284.4566666665,885379.58,15896002.95,885379.58,0.55,26,1.0,1.0844579108767065,0.8717287725137328,-0.8837162592975525,-0.860190378576116,0,415388277619.73,14929.51,3.0,27342752.0,73.25,12.0,12.0,0.0,0.0,Under Negotiation,FTA,Goods,38,35,43,95,0,0,0,0,0,0
2025,620342,"Men's or boys' trousers, bib and brace overalls, of cotton",SGP,Singapore,73373887.12333333,3598205.936666667,3991662.62,32381856.9,2381376.14,1.13,26,1.0,-0.41713267722868896,-0.2661195779492428,-0.6496401568763455,-0.403412470766529,0,340929615341.57,63446.9,5.0,5258221.0,321.25,0.0,12.0,12.0,1.0,In Force,FTA & EIA,Goods & Services,15,5,22,27,1,1,0,0,0,0
2025,620342,"Men's or boys' trousers, bib and brace overalls, of cotton",SWE,Sweden,40906532.24666667,2165041.5100000002,1937561.59,70106344.68,3431967.72,2.44,26,1.0,0.8972211097885794,0.7461456931626822,1.11569745750303,0.7712818718698013,0,354486747640.06,8827.97,3.3,39436661.0,66.25,12.0,12.0,0.0,0.0,None,None,None,317,47,1005,1198,0,0,0,0,0,0
2025,620342,"Men's or boys' trousers, bib and brace overalls, of cotton",THA,Thailand,64125231.153333336,3443169.196666667,4338756.23,104057974.2,4338756.23,3.62,26,1.0,0.9028645367376886,0.775868941873419,0.7465394541424992,-0.05985556208248721,0,335895377767.42,3988.94,3.8,82685533.0,126.25,12.0,12.0,0.0,1.0,In Force,FTA,Goods & Services,67,41,127,204,0,0,0,0,0,0
2025,620342,"Men's or boys' trousers, bib and brace overalls, of cotton",TUR,Türkiye,14559703.596666666,953181.2333333334,540872.17,29783496.63,2033388.72,1.04,26,1.0,0.7316242921495288,0.9389333787301106,5.0,5.0,0,647529125689.17,7592.05,3.3,84263000.0,61.25,12.0,12.0,0.0,0.0,None,None,None,142,51,306,656,0,0,0,0,0,0
2025,620342,"Men's or boys' trousers, bib and brace overalls, of cotton",TWN,Taiwan,30765230.423333336,2163888.47,2201098.68,36656495.78,2201098.68,1.28,26,1.0,-0.1463447593642636,-0.2609176913106045,5.0,5.0,0,354486747640.06,8827.97,3.3,39436661.0,66.25,12.0,12.0,0.0,0.0,None,None,None,23,21,35,68,0,0,0,0,0,0
2025,620342,"Men's or boys' trousers, bib and brace overalls, of cotton",TZA,United Republic of Tanzania,63170261.25999999,3299430.0199999996,2657203.66,29653065.32,1441467.63,1.03,26,1.0,-0.506460790777477,-0.5014568840799729,-0.22210628837037993,-0.457524595612119,0,354486747640.06,8827.97,3.3,39436661.0,66.25,12.0,12.0,0.0,0.0,None,None,None,20,30,33,71,0,0,0,0,0,0
2025,620342,"Men's or boys' trousers, bib and brace overalls, of cotton",USA,United States of America,67458870.44666667,3136046.53,3138522.82,36945960.88,1909504.36,1.29,26,1.0,-0.36835697033360815,-0.3382232820944523,-0.4926954569384949,-0.39159137291237156,0,18097338437760.06,47718.36,2.1,370704619.0,36.25,16.0,12.0,0.0,0.0,None,None,None,1765,2105,19117,20895,0,0,0,0,0,0
2025,620342,"Men's or boys' trousers, bib and brace overalls, of cotton",VNM,Viet Nam,56751716.52,3249341.7100000004,2628889.58,71068970.02,4946686.07,2.47,26,1.0,0.22094005270667227,0.371737471556733,0.3796823769133717,1.2770085636227195,0,160562089452.67,1522.87,6.6,105032975.0,121.25,12.0,12.0,0.0,1.0,In Force,FTA,Goods & Services,132,31,175,241,0,0,0,0,0,0
2025,620342,"Men's or boys' trousers, bib and brace overalls, of cotton",ZAF,South Africa,51952362.28333334,2651717.7500000005,2756830.81,8906698.62,504753.87,0.31,26,1.0,-0.629965466260267,-0.57210740394701,-0.891252611196396,-0.8924584007941974,0,261888231492.08,4360.27,2.0,59023536.0,63.25,12.0,12.0,0.0,1.0,Under Negotiation,PTA,Goods,60,85,696,793,0,0,0,0,0,0
2025,690721,"Ceramic flags and paving, hearth or wall tiles (Water absorption <= 0.5%)",AGO,Angola,1334628.7833333334,1963330.8499999999,1158460.42,334098.74,493682.74,0.31,26,1.0,-0.09285418137997348,-0.347195150854531,-0.8976348148292307,-0.8835063036537305,0,354486747640.06,8827.97,3.3,39436661.0,66.25,10.0,10.0,0.0,0.0,None,None,None,35,40,13,81,0,0,0,0,0,0
2025,690721,"Ceramic flags and paving, hearth or wall tiles (Water absorption <= 0.5%)",ARE,United Arab Emirates,2952607.973333333,4642405.91,4735435.91,3299466.18,4735435.91,3.11,26,1.0,-0.04586535091704924,-0.09802783440925877,0.7059827445215996,0.4047144105458669,0,290888340065.6,69094.67,4.0,4206577.0,151.25,0.0,10.0,10.0,1.0,In Force,FTA & EIA,Goods & Services,44,10,35,75,0,0,1,1,1,0
2025,690721,"Ceramic flags and paving, hearth or wall tiles (Water absorption <= 0.5%)",ARG,Argentina,2782905.56,3810589.4299999997,4513348.13,350827.32,969236.68,0.33,26,1.0,-0.6777903970385831,-0.5365898904450389,-0.9240414759097282,-0.8370807215379685,0,354486747640.06,8827.97,3.3,39436661.0,66.25,10.0,10.0,0.0,1.0,In Force,PTA,Goods,104,113,458,602,0,0,0,0,0,0
2025,690721,"Ceramic flags and paving, hearth or wall tiles (Water absorption <= 0.5%)",AUS,Australia,2165036.84,3172266.703333333,2622193.92,3698391.54,5025910.26,3.49,26,1.0,0.9795154546928142,0.6399780866120122,0.9960166467208484,0.9166813795365996,0,827705732805.53,32270.26,2.6,25108007.0,51.25,10.0,10.0,0.0,1.0,In Force,FTA,Goods & Services,378,622,1830,2593,0,0,0,0,0,0
2025,690721,"Ceramic flags and paving, hearth or wall tiles (Water absorption <= 0.5%)",AUT,Austria,1549299.593333333,2408924.9066666667,2445804.39,2529974.55,3784171.55,2.39,26,1.0,0.33423055371141897,0.243868724165208,2.6312285669190323,2.796324419654891,0,354486747640.06,8827.97,3.3,39436661.0,66.25,10.0,10.0,0.0,0.0,None,None,None,111,11,1349,1394,0,0,0,0,0,0
2025,690721,"Ceramic flags and paving, hearth or wall tiles (Water absorption <= 0.5%)",BEL,Belgium,1785780.6933333334,3008630.44,2955353.11,1409759.53,2955353.11,1.33,26,1.0,0.09291179265328231,0.19915151879535498,-0.4905705692472905,-0.26397780047727837,0,354486747640.06,8827.97,3.3,39436661.0,66.25,10.0,10.0,0.0,0.0,None,None,None,484,11,1834,1842,0,0,0,0,0,0
2025,690721,"Ceramic flags and paving, hearth or wall tiles (Water absorption <= 0.5%)",BGD,Bangladesh,2872127.233333333,3978620.06,5089742.08,4491433.2,5748849.01,4.23,26,1.0,1.3937622034077686,1.2889372057880695,0.34429106724340475,0.1294971178576636,0,354486747640.06,8827.97,3.3,39436661.0,66.25,10.0,10.0,0.0,1.0,In Force,FTA,Goods,12,15,18,45,0,0,0,0,0,0
2025,690721,"Ceramic flags and paving, hearth or wall tiles (Water absorption <= 0.5%)",BRA,Brazil,2781236.5100000002,4211956.840000001,4340741.19,2939205.67,3758266.15,2.77,26,1.0,0.01567914775588064,-0.06950976466593517,0.15021943253977788,-0.17161571753654437,0,1214333384401.01,5179.26,2.3,230047193.0,35.25,10.0,10.0,0.0,1.0,In Force,PTA,Goods,206,430,5576,5635,0,0,0,0,0,0
2025,690721,"Ceramic flags and paving, hearth or wall tiles (Water absorption <= 0.5%)",CAN,Canada,2614765.346666666,3872015.0366666666,3530449.81,3275827.43,4735815.21,3.09,26,1.0,0.354545858935299,0.18902018008034505,0.17705256181930062,0.341419780727221,0,1278428077415.3,30906.61,2.0,40356850.0,86.25,10.0,10.0,0.0,0.0,None,None,None,580,499,2609,3225,0,0,0,0,0,0
2025,690721,"Ceramic flags and paving, hearth or wall tiles (Water absorption <= 0.5%)",CHE,Switzerland,2701308.816666667,4673209.406666666,3818229.29,2525029.87,6401730.22,2.38,26,1.0,-0.03762327106283547,0.2980033636330175,-0.11482590388015024,0.6766227834364351,0,354486747640.06,8827.97,3.3,39436661.0,66.25,10.0,10.0,0.0,0.0,None,None,None,68,13,1548,1560,0,0,0,0,0,0
2025,690721,"Ceramic flags and paving, hearth or wall tiles (Water absorption <= 0.5%)",CHL,Chile,2168253.24,3292168.763333333,2710848.61,3031891.1,4557003.18,2.86,26,1.0,0.37617481674183884,0.29654332458148347,0.6196340523358566,0.7468787760120219,0,354486747640.06,8827.97,3.3,39436661.0,66.25,10.0,10.0,0.0,1.0,In Force,PTA,Goods,105,43,445,489,0,0,0,0,0,0
2025,690721,"Ceramic flags and paving, hearth or wall tiles (Water absorption <= 0.5%)",CHN,China,2610668.4233333333,3783140.4066666663,3759271.93,1458768.51,2201594.27,1.38,26,1.0,-0.20744771567823328,-0.23472632838505647,-0.6398877308240329,-0.5914314205147354,0,9300982450507.4,5588.1,8.3,1656339789.0,46.25,10.0,10.0,0.0,0.0,In Force,PTA,Goods,765,191,996,1676,0,0,0,0,0,0
2025,690721,"Ceramic flags and paving, hearth or wall tiles (Water absorption <= 0.5%)",COL,Colombia,1381836.2999999998,2671798.8066666666,3129599.81,1611847.66,3129599.81,1.52,26,1.0,1.32565097276939,1.1995893337401253,-0.2790245410860398,-0.26170289158452353,0,354486747640.06,8827.97,3.3,39436661.0,66.25,10.0,10.0,0.0,0.0,None,None,None,33,165,246,394,0,0,0,0,0,0
2025,690721,"Ceramic flags and paving, hearth or wall tiles (Water absorption <= 0.5%)",DEU,Germany,1613061.68,2844130.6466666665,2303917.69,1106365.38,2303917.69,1.04,26,1.0,-0.3647030792472433,-0.2702825504461912,0.11574637468287019,0.2114615030545608,0,2760472889424.06,24913.88,1.2,108056452.0,76.25,10.0,10.0,0.0,0.0,Under Negotiation,FTA,Goods & Services,879,112,9939,10026,0,0,0,0,0,0
2025,690721,"Ceramic flags and paving, hearth or wall tiles (Water absorption <= 0.5%)",EGY,Egypt,2269418.6033333335,3914372.236666667,4366551.58,3291840.02,4773662.87,3.1,26,1.0,0.4085890109732788,0.04557833297213154,0.772355328489224,0.8339769968919875,0,290888340065.6,3140.67,4.0,92544699.0,49.25,10.0,10.0,0.0,0.0,None,None,None,41,24,74,127,0,0,0,0,0,0
2025,690721,"Ceramic flags and paving, hearth or wall tiles (Water absorption <= 0.5%)",ESP,Spain,2651093.0866666664,3870437.6833333336,3466565.86,3734624.88,5125273.79,3.52,26,1.0,0.28533962792085465,0.21593065394632704,0.9072506403212479,0.6974065047230762,0,354486747640.06,8827.97,3.3,39436661.0,66.25,10.0,10.0,0.0,0.0,None,None,None,432,50,4433,4769,0,0,0,0,0,0
2025,690721,"Ceramic flags and paving, hearth or wall tiles (Water absorption <= 0.5%)",FRA,France,1513222.26,3424082.03,3845296.51,1452984.71,4021091.67,1.37,26,1.0,-0.056617474261803524,0.2928168379338336,-0.0007402165237859748,0.04571693224223039,0,1973285681586.82,24141.89,1.3,80056423.0,65.25,10.0,10.0,0.0,0.0,Under Negotiation,FTA,Goods & Services,808,142,14175,14370,0,0,0,0,0,0
2025,690721,"Ceramic flags and paving, hearth or wall tiles (Water absorption <= 0.5%)",GBR,United Kingdom of Great Britain and Northern Ireland,1698016.07,4057704.4766666666,5013305.62,839187.47,1246362.19,0.79,26,1.0,-0.373974137483186,-0.5013910814169251,-0.6029537117502428,-0.7892324931873156,0,2593000127109.38,32632.91,1.6,77427312.0,66.25,10.0,10.0,0.0,0.0,Under Negotiation,FTA,Goods & Services,1350,144,4976,5878,0,0,0,0,0,0
2025,690721,"Ceramic flags and paving, hearth or wall tiles (Water absorption <= 0.5%)",GHA,Ghana,2190297.1566666667,4143194.2433333336,3101524.43,3812797.48,6809839.46,3.59,26,1.0,0.5194293196838238,0.6444538973699832,2.445574397229494,1.1956426956139774,0,354486747640.06,8827.97,3.3,39436661.0,66.25,10.0,10.0,0.0,0.0,None,None,None,11,5,45,62,0,0,0,0,0,0
2025,690721,"Ceramic flags and paving, hearth or wall tiles (Water absorption <= 0.5%)",HKG,"China, Hong Kong Special Administrative Region",978811.8733333334,1886049.9633333336,685449.53,232683.35,441226.2,0.22,26,1.0,-0.2690924158866008,-0.19768870740358035,-0.8974149725630236,-0.9026307589051986,0,354486747640.06,8827.97,3.3,39436661.0,66.25,10.0,10.0,0.0,0.0,None,None,None,13,3,63,70,0,0,0,0,0,0
2025,690721,"Ceramic flags and paving, hearth or wall tiles (Water absorption <= 0.5%)",IDN,Indonesia,1694308.8633333333,3145505.22,2673350.13,2435275.79,4592483.48,2.3,26,1.0,0.5813901441016331,0.3106776091176009,0.4548948162355695,1.1156868551973727,0,558748565248.4,1981.66,4.8,277371187.0,66.25,10.0,10.0,0.0,1.0,In Force,FTA,Goods & Services,297,187,365,748,0,0,0,0,0,0
2025,690721,"Ceramic flags and paving, hearth or wall tiles (Water absorption <= 0.5%)",IRN,Iran (Islamic Republic of),533155.9766666667,961328.3000000002,767232.89,295120.74,767232.89,0.28,26,1.0,0.5026543671640287,0.7833000367382128,-0.7485435208967304,-0.5909173129772922,0,354486747640.06,8827.97,3.3,39436661.0,66.25,10.0,10.0,0.0,0.0,None,None,None,43,70,58,158,0,0,0,0,0,0
2025,690721,"Ceramic flags and paving, hearth or wall tiles (Water absorption <= 0.5%)",ISR,Israel,1465638.9066666665,3246438.5399999996,1981471.52,985047.54,1646158.09,0.93,26,1.0,-0.36773445140460304,-0.48101446526322145,0.039331655689227585,-0.16922445092767757,0,354486747640.06,8827.97,3.3,39436661.0,66.25,10.0,10.0,0.0,0.0,None,None,None,22,15,360,381,0,0,0,0,0,0
2025,690721,"Ceramic flags and paving, hearth or wall tiles (Water absorption <= 0.5%)",ITA,Italy,2417515.31,4173742.813333333,4698057.64,461071.71,809379.38,0.43,26,1.0,-0.5869512869090212,-0.584934250540911,-0.8872402113136362,-0.8846017322824972,0,1461972474319.65,19023.64,0.8,74798201.0,61.25,10.0,10.0,0.0,0.0,Under Negotiation,FTA,Goods & Services,327,61,5598,5803,0,0,0,0,0,0
2025,690721,"Ceramic flags and paving, hearth or wall tiles (Water absorption <= 0.5%)",JPN,Japan,2024596.6300000001,4528342.763333333,4869154.1,1327464.53,3299527.6,1.25,26,1.0,-0.16952807937640113,-0.17681182529596562,-0.5295316864110584,-0.3908204460011502,0,6533340281527.44,38134.14,0.9,166685623.0,33.25,10.0,10.0,0.0,1.0,In Force,FTA & EIA,Goods & Services,1562,102,621,2170,0,0,0,0,0,0
2025,690721,"Ceramic flags and paving, hearth or wall tiles (Water absorption <= 0.5%)",KAZ,Kazakhstan,1578342.1566666665,2369266.356666667,1723635.27,1250023.15,1723635.27,1.18,26,1.0,-0.3823787688065813,-0.40399736786678253,5.0,2.240839072838077,0,354486747640.06,8827.97,3.3,39436661.0,66.25,10.0,10.0,0.0,0.0,None,None,None,3,27,67,85,0,0,0,0,0,0
2025,690721,"Ceramic flags and paving, hearth or wall tiles (Water absorption <= 0.5%)",KEN,Kenya,1857023.28,3091372.83,1581740.2,3904537.79,6471469.59,3.68,26,1.0,1.2547878985618741,1.022711209140721,3.345437527286741,4.30053524067336,0,354486747640.06,8827.97,3.3,39436661.0,66.25,10.0,10.0,0.0,0.0,None,None,None,7,38,27,72,0,0,0,0,0,0
2025,690721,"Ceramic flags and paving, hearth or wall tiles (Water absorption <= 0.5%)",KOR,Republic of Korea,1753629.24,3209159.1666666665,2603635.91,3033065.23,5075564.22,2.86,26,1.0,0.9020917858793616,0.6140492061704466,1.1828698421122508,0.9494139716324816,0,1859749923928.23,29536.14,4.6,61784103.0,81.25,10.0,10.0,0.0,1.0,In Force,FTA & EIA,Goods & Services,76,29,232,279,0,0,0,0,0,0
2025,690721,"Ceramic flags and paving, hearth or wall tiles (Water absorption <= 0.5%)",KWT,Kuwait,2247702.63,4343965.956666667,4882551.12,2251217.59,4882551.12,2.12,26,1.0,-0.17452779110004724,-0.06379647152879409,0.8948058585724867,0.8934216759017717,0,354486747640.06,8827.97,3.3,39436661.0,66.25,10.0,10.0,0.0,0.0,None,None,None,13,2,19,31,0,0,0,0,0,0
2025,690721,"Ceramic flags and paving, hearth or wall tiles (Water absorption <= 0.5%)",LKA,Sri Lanka,2467236.063333333,4172682.69,4584629.67,4257482.58,5643448.86,4.01,26,1.0,0.8476305911538318,0.5698474220440863,1.2442477743798674,0.23094977483727042,0,354486747640.06,8827.97,3.3,39436661.0,66.25,10.0,10.0,0.0,1.0,In Force,FTA,Goods,21,19,118,151,0,0,0,0,0,0
2025,690721,"Ceramic flags and paving, hearth or wall tiles (Water absorption <= 0.5%)",MEX,Mexico,1356789.5266666666,2182143.74,2426649.87,1145978.45,2426649.87,1.08,26,1.0,-0.20279333958519785,-0.055078586388420225,0.02207379318818159,0.7308581391319782,0,1188674554333.95,8882.55,1.9,130009527.0,71.25,10.0,10.0,0.0,0.0,None,None,None,110,95,869,969,0,0,0,0,0,0
2025,690721,"Ceramic flags and paving, hearth or wall tiles (Water absorption <= 0.5%)",MYS,Malaysia,1274756.7733333334,2528577.1,2700336.74,203027.26,425671.44,0.19,26,1.0,-0.68601988044993,-0.6910534797360611,-0.8700042114902,-0.8423635712930224,0,303500855641.07,9683.98,4.6,30760596.0,191.25,10.0,10.0,0.0,1.0,In Force,FTA,Goods & Services,177,54,172,349,0,0,0,0,0,0
2025,690721,"Ceramic flags and paving, hearth or wall tiles (Water absorption <= 0.5%)",NGA,Nigeria,1611555.86,4052180.893333333,5203057.14,2457574.46,6080803.85,2.32,26,1.0,0.14342898073707455,0.08106348776309491,3.940899008078601,5.0,0,204369543044.52,1260.94,4.3,160375757.0,56.25,10.0,10.0,0.0,0.0,None,None,None,41,23,101,163,0,0,1,1,0,0
2025,690721,"Ceramic flags and paving, hearth or wall tiles (Water absorption <= 0.5%)",NLD,Netherlands,2616988.183333333,4139152.77,4617405.69,1982618.14,2974836.48,1.87,26,1.0,-0.08062240946334498,-0.19733831514334554,-0.43719766150942674,-0.38348119676160586,0,684132699691.79,31975.3,1.8,20901430.0,136.25,10.0,10.0,0.0,0.0,Under Negotiation,FTA,Goods & Services,531,23,1818,1876,0,0,0,0,0,0
2025,690721,"Ceramic flags and paving, hearth or wall tiles (Water absorption <= 0.5%)",NPL,Nepal,1975203.8233333332,4269404.79,4737305.67,1116777.68,3039049.84,1.05,26,1.0,-0.3406773345454923,-0.19905405457527425,-0.5013928352515643,-0.3960383380070809,0,354486747640.06,8827.97,3.3,39436661.0,66.25,10.0,10.0,0.0,1.0,In Force,PTA,Goods,1,44,20,63,0,0,0,0,0,0
2025,690721,"Ceramic flags and paving, hearth or wall tiles (Water absorption <= 0.5%)",NZL,New Zealand,2122202.033333333,4363598.569999999,4300315.15,1583068.09,4300315.15,1.49,26,1.0,-0.04002467252731945,0.34215145839013483,-0.48362120837960165,-0.3284151453176213,0,354486747640.06,8827.97,3.3,39436661.0,66.25,10.0,10.0,0.0,0.0,None,None,None,48,60,290,341,0,0,0,0,0,0
2025,690721,"Ceramic flags and paving, hearth or wall tiles (Water absorption <= 0.5%)",OMN,Oman,1830389.2233333334,4427813.0633333335,5033448.49,2434279.03,5033448.49,2.29,26,1.0,0.5760491574426985,0.341459519298664,0.1720857743826374,-0.07691835718265105,0,354486747640.06,8827.97,3.3,39436661.0,66.25,0.0,10.0,10.0,0.0,None,None,None,17,10,19,39,0,0,0,0,0,0
2025,690721,"Ceramic flags and paving, hearth or wall tiles (Water absorption <= 0.5%)",PHL,Philippines,3536234.15,5455163.543333334,5532811.74,4443859.39,5759570.78,4.19,26,1.0,0.25223022942780604,0.06551115597028168,0.3341338800192928,0.040984412746159826,0,354486747640.06,8827.97,3.3,39436661.0,66.25,10.0,10.0,0.0,0.0,None,None,None,377,75,252,598,0,0,0,0,0,0
2025,690721,"Ceramic flags and paving, hearth or wall tiles (Water absorption <= 0.5%)",POL,Poland,1219220.9833333334,2981521.0566666666,3683845.84,1563000.45,3683845.84,1.47,26,1.0,1.12604748362735,1.278309325991894,-0.10628076876350612,-0.190544168819335,0,354486747640.06,8827.97,3.3,39436661.0,66.25,10.0,10.0,0.0,0.0,None,None,None,79,24,1907,1952,0,0,0,0,0,0
2025,690721,"Ceramic flags and paving, hearth or wall tiles (Water absorption <= 0.5%)",QAT,Qatar,1610632.9100000001,2937262.25,2965979.27,2180747.18,2965979.27,2.06,26,1.0,0.3399184301893887,0.18342643958548188,0.5180883902746165,-0.20440564125964966,0,354486747640.06,8827.97,3.3,39436661.0,66.25,10.0,10.0,0.0,0.0,None,None,None,11,2,19,29,0,0,0,0,0,0
2025,690721,"Ceramic flags and paving, hearth or wall tiles (Water absorption <= 0.5%)",RUS,Russian Federation,2608312.283333333,4714809.826666667,5882953.15,3475403.67,7041796.21,3.28,26,1.0,-0.014103176951522078,0.09406728354272698,3.490257673121201,4.773477893526891,0,660552264556.61,3362.46,3.6,191925086.0,59.25,10.0,10.0,0.0,0.0,None,None,None,259,147,598,858,0,0,1,1,1,0
2025,690721,"Ceramic flags and paving, hearth or wall tiles (Water absorption <= 0.5%)",SAU,Saudi Arabia,961060.0033333333,2215843.1133333333,2313968.02,1059867.13,2313968.02,1.0,26,1.0,-0.18250361316272135,-0.218646913763209,3.464506619210322,3.2586558929325635,0,415388277619.73,14929.51,3.0,27342752.0,73.25,5.0,10.0,5.0,0.0,Under Negotiation,FTA,Goods,38,35,43,95,0,0,0,0,0,0
2025,690721,"Ceramic flags and paving, hearth or wall tiles (Water absorption <= 0.5%)",SGP,Singapore,1995279.96,3188085.533333333,3037596.9,1752494.8,3037596.9,1.65,26,1.0,0.4490678930339649,0.1562181561845959,-0.48436977752766175,-0.2860169998126626,0,340929615341.57,63446.9,5.0,5258221.0,321.25,10.0,10.0,0.0,1.0,In Force,FTA & EIA,Goods & Services,15,5,22,27,1,1,0,0,0,0
2025,690721,"Ceramic flags and paving, hearth or wall tiles (Water absorption <= 0.5%)",SWE,Sweden,1790944.6266666667,2589889.76,2537211.96,1648711.24,2537211.96,1.55,26,1.0,-0.3002799755111756,-0.24249094255560777,3.6219587322070117,2.129112966016196,0,354486747640.06,8827.97,3.3,39436661.0,66.25,10.0,10.0,0.0,0.0,None,None,None,317,47,1005,1198,0,0,0,0,0,0
2025,690721,"Ceramic flags and paving, hearth or wall tiles (Water absorption <= 0.5%)",THA,Thailand,1790570.9433333334,2744330.1733333333,1165903.18,4410748.73,6068037.66,4.16,26,1.0,2.3372688924988587,1.4645100370775168,5.0,4.204581104234398,0,335895377767.42,3988.94,3.8,82685533.0,126.25,10.0,10.0,0.0,1.0,In Force,FTA,Goods & Services,67,41,127,204,0,0,0,0,0,0
2025,690721,"Ceramic flags and paving, hearth or wall tiles (Water absorption <= 0.5%)",TUR,Türkiye,1364322.7466666666,2482220.936666667,2918921.22,274257.4,482095.65,0.26,26,1.0,-0.6051862369600991,-0.6547985030983549,-0.8668183751807843,-0.834837731591867,0,647529125689.17,7592.05,3.3,84263000.0,61.25,10.0,10.0,0.0,0.0,None,None,None,142,51,306,656,0,0,0,0,0,0
2025,690721,"Ceramic flags and paving, hearth or wall tiles (Water absorption <= 0.5%)",TWN,Taiwan,1905108.8800000001,2805679.296666667,3468338.14,142362.98,190202.76,0.13,26,1.0,-0.765120156259284,-0.765821137861546,-0.9524260010976904,-0.9600288157374751,0,354486747640.06,8827.97,3.3,39436661.0,66.25,10.0,10.0,0.0,0.0,None,None,None,23,21,35,68,0,0,0,0,0,0
2025,690721,"Ceramic flags and paving, hearth or wall tiles (Water absorption <= 0.5%)",TZA,United Republic of Tanzania,2073388.8133333332,3164075.443333333,3202924.76,1333361.38,3202924.76,1.26,26,1.0,-0.4127305739761925,-0.18911471483744802,0.30631413281560516,1.2584563566944236,0,354486747640.06,8827.97,3.3,39436661.0,66.25,10.0,10.0,0.0,0.0,None,None,None,20,30,33,71,0,0,0,0,0,0
2025,690721,"Ceramic flags and paving, hearth or wall tiles (Water absorption <= 0.5%)",USA,United States of America,2023886.1933333334,5018848.806666667,4942685.08,1838470.49,4942685.08,1.73,26,1.0,-0.027646935842119857,0.15534559181165242,-0.19671310173519574,-0.2290288499128088,0,18097338437760.06,47718.36,2.1,370704619.0,36.25,4.0,10.0,6.0,0.0,None,None,None,1765,2105,19117,20895,0,0,0,0,0,0
2025,690721,"Ceramic flags and paving, hearth or wall tiles (Water absorption <= 0.5%)",VNM,Viet Nam,2320313.1,3275396.306666666,4278758.8,2943963.71,4278758.8,2.78,26,1.0,4.108879421407033,2.914938407825114,-0.24594625223579214,-0.18782325090142316,0,160562089452.67,1522.87,6.6,105032975.0,121.25,10.0,10.0,0.0,1.0,In Force,FTA,Goods & Services,132,31,175,241,0,0,0,0,0,0
2025,690721,"Ceramic flags and paving, hearth or wall tiles (Water absorption <= 0.5%)",ZAF,South Africa,1834525.2400000002,2947861.1366666667,2797283.93,2044161.82,2797283.93,1.93,26,1.0,-0.20467064388598133,-0.298200906250765,5.0,5.0,0,261888231492.08,4360.27,2.0,59023536.0,63.25,10.0,10.0,0.0,1.0,Under Negotiation,PTA,Goods,60,85,696,793,0,0,0,0,0,0
2025,710239,"Diamonds, non-industrial, worked, but not mounted or set (Cut & Polished Diamonds)",AGO,Angola,279353724932.7233,3812186.5066666664,3755744.39,124233515670.04,2312331.99,0.95,26,1.0,-0.32447172769830956,-0.21534801069893428,-0.718666329936615,-0.569276473503171,0,354486747640.06,8827.97,3.3,39436661.0,66.25,5.0,5.0,0.0,0.0,None,None,None,35,40,13,81,0,0,0,0,0,0
2025,710239,"Diamonds, non-industrial, worked, but not mounted or set (Cut & Polished Diamonds)",ARE,United Arab Emirates,113745422443.56667,1632813.3933333335,1740518.89,19968232528.52,401574.86,0.15,26,1.0,-0.7000923821615375,-0.6183050993340002,-0.7988332172856785,-0.7692786545972108,0,290888340065.6,69094.67,4.0,4206577.0,151.25,0.0,5.0,5.0,1.0,In Force,FTA & EIA,Goods & Services,44,10,35,75,0,0,1,1,1,0
2025,710239,"Diamonds, non-industrial, worked, but not mounted or set (Cut & Polished Diamonds)",ARG,Argentina,194395909143.37,2525604.8533333335,1449781.23,399733955520.44,4743548.2,3.06,26,1.0,1.0375340357070417,0.8088411216558473,3.5857782940815275,2.4286947485995545,0,354486747640.06,8827.97,3.3,39436661.0,66.25,5.0,5.0,0.0,1.0,In Force,PTA,Goods,104,113,458,602,0,0,0,0,0,0
2025,710239,"Diamonds, non-industrial, worked, but not mounted or set (Cut & Polished Diamonds)",AUS,Australia,208015960066.82666,2761174.0500000003,3562318.09,373138362244.5,4463666.16,2.85,26,1.0,0.27605675684453357,0.11938505641819641,5.0,5.0,0,827705732805.53,32270.26,2.6,25108007.0,51.25,5.0,5.0,0.0,1.0,In Force,FTA,Goods & Services,378,622,1830,2593,0,0,0,0,0,0
2025,710239,"Diamonds, non-industrial, worked, but not mounted or set (Cut & Polished Diamonds)",AUT,Austria,164910250355.21664,2773686.54,2227045.67,55857877383.18,778194.16,0.43,26,1.0,-0.5866953473526373,-0.617387760379207,-0.5007153691613688,-0.6505710814634301,0,354486747640.06,8827.97,3.3,39436661.0,66.25,5.0,5.0,0.0,0.0,None,None,None,111,11,1349,1394,0,0,0,0,0,0
2025,710239,"Diamonds, non-industrial, worked, but not mounted or set (Cut & Polished Diamonds)",BEL,Belgium,294253418094.94336,3742874.19,5355485.93,402615945644.94,5355485.93,3.08,26,1.0,4.5699978002717865,4.204161695141435,-0.13817574847959613,-0.056367780417903135,0,354486747640.06,8827.97,3.3,39436661.0,66.25,0.0,5.0,5.0,0.0,None,None,None,484,11,1834,1842,0,0,0,0,0,0
2025,710239,"Diamonds, non-industrial, worked, but not mounted or set (Cut & Polished Diamonds)",BGD,Bangladesh,189520285701.29,3229780.846666667,2288454.03,130880832104.24,2123589.15,1.0,26,1.0,-0.06544262521650024,-0.036694250340545076,-0.5452802839454138,-0.5975992633475321,0,354486747640.06,8827.97,3.3,39436661.0,66.25,5.0,5.0,0.0,1.0,In Force,FTA,Goods,12,15,18,45,0,0,0,0,0,0
2025,710239,"Diamonds, non-industrial, worked, but not mounted or set (Cut & Polished Diamonds)",BRA,Brazil,252183095175.43668,4684632.036666666,5790103.93,337475545449.68,6878293.21,2.58,26,1.0,0.7066681933920878,1.2281131353536807,0.11300593140709969,0.18793950733088338,0,1214333384401.01,5179.26,2.3,230047193.0,35.25,5.0,5.0,0.0,1.0,In Force,PTA,Goods,206,430,5576,5635,0,0,0,0,0,0
2025,710239,"Diamonds, non-industrial, worked, but not mounted or set (Cut & Polished Diamonds)",CAN,Canada,147471157314.65332,2961570.92,4074535.42,226631545725.0,4580509.63,1.73,26,1.0,0.052814839187929286,0.060273364607557944,5.0,5.0,0,1278428077415.3,30906.61,2.0,40356850.0,86.25,5.0,5.0,0.0,0.0,None,None,None,580,499,2609,3225,0,0,0,0,0,0
2025,710239,"Diamonds, non-industrial, worked, but not mounted or set (Cut & Polished Diamonds)",CHE,Switzerland,241260208782.62997,4226262.133333334,4779380.67,146092442036.06,3090447.39,1.12,26,1.0,-0.3287378505520946,-0.19587258996316537,-0.4236199550952928,-0.3573561733122942,0,354486747640.06,8827.97,3.3,39436661.0,66.25,5.0,5.0,0.0,0.0,None,None,None,68,13,1548,1560,0,0,0,0,0,0
2025,710239,"Diamonds, non-industrial, worked, but not mounted or set (Cut & Polished Diamonds)",CHL,Chile,117778953514.32666,1686688.0233333334,1160089.09,241832369614.07,3435117.24,1.85,26,1.0,0.738546790253761,0.7207790530529288,5.0,5.0,0,354486747640.06,8827.97,3.3,39436661.0,66.25,5.0,5.0,0.0,1.0,In Force,PTA,Goods,105,43,445,489,0,0,0,0,0,0
2025,710239,"Diamonds, non-industrial, worked, but not mounted or set (Cut & Polished Diamonds)",CHN,China,174070590697.38666,2498436.6533333333,2243728.6,26576872132.01,346452.97,0.2,26,1.0,-0.5453585709468323,-0.607050281066128,-0.9275947280826936,-0.9293692351241535,0,9300982450507.4,5588.1,8.3,1656339789.0,46.25,5.0,5.0,0.0,0.0,In Force,PTA,Goods,765,191,996,1676,0,0,0,0,0,0
2025,710239,"Diamonds, non-industrial, worked, but not mounted or set (Cut & Polished Diamonds)",COL,Colombia,317240254860.10333,4248097.773333333,4683702.82,168869144964.74,2131286.43,1.29,26,1.0,-0.38134996411721755,-0.4004587782909371,-0.5056907472226335,-0.5449569471191289,0,354486747640.06,8827.97,3.3,39436661.0,66.25,5.0,5.0,0.0,0.0,None,None,None,33,165,246,394,0,0,0,0,0,0
2025,710239,"Diamonds, non-industrial, worked, but not mounted or set (Cut & Polished Diamonds)",DEU,Germany,232081711770.43335,4051001.69,4267901.33,172932707050.39,2845756.71,1.32,26,1.0,-0.14331375548000902,-0.18343323629087727,-0.3988729985011046,-0.43529257003770294,0,2760472889424.06,24913.88,1.2,108056452.0,76.25,5.0,5.0,0.0,0.0,Under Negotiation,FTA,Goods & Services,879,112,9939,10026,0,0,0,0,0,0
2025,710239,"Diamonds, non-industrial, worked, but not mounted or set (Cut & Polished Diamonds)",EGY,Egypt,199766188027.12668,2872662.7466666666,3185671.2,323473551583.73,3820341.78,2.47,26,1.0,0.6880325612904443,0.539472455884507,0.9930131780120053,0.1992266433518941,0,290888340065.6,3140.67,4.0,92544699.0,49.25,5.0,5.0,0.0,0.0,None,None,None,41,24,74,127,0,0,0,0,0,0
2025,710239,"Diamonds, non-industrial, worked, but not mounted or set (Cut & Polished Diamonds)",ESP,Spain,178233132570.37,2931971.0100000002,3563251.43,295555539217.14,3563251.43,2.26,26,1.0,2.0953586696840776,1.4247975892447635,0.4189170481726696,-0.22983863826421425,0,354486747640.06,8827.97,3.3,39436661.0,66.25,5.0,5.0,0.0,0.0,None,None,None,432,50,4433,4769,0,0,0,0,0,0
2025,710239,"Diamonds, non-industrial, worked, but not mounted or set (Cut & Polished Diamonds)",FRA,France,285395566829.1,3976143.2866666666,4662792.56,361664344342.97,4662792.56,2.76,26,1.0,-0.0027233235220045504,-0.048663624615868706,1.7633261757515162,1.2060766124288294,0,1973285681586.82,24141.89,1.3,80056423.0,65.25,5.0,5.0,0.0,0.0,Under Negotiation,FTA,Goods & Services,808,142,14175,14370,0,0,0,0,0,0
2025,710239,"Diamonds, non-industrial, worked, but not mounted or set (Cut & Polished Diamonds)",GBR,United Kingdom of Great Britain and Northern Ireland,110053564052.66333,1790899.5633333332,2351047.2,34964443435.01,472193.85,0.27,26,1.0,-0.48777139287437743,-0.5518437173679753,-0.7840854811100982,-0.8147865480911404,0,2593000127109.38,32632.91,1.6,77427312.0,66.25,5.0,5.0,0.0,0.0,Under Negotiation,FTA,Goods & Services,1350,144,4976,5878,0,0,0,0,0,0
2025,710239,"Diamonds, non-industrial, worked, but not mounted or set (Cut & Polished Diamonds)",GHA,Ghana,180186277179.34335,2468104.8533333335,2353020.15,33363817603.52,635252.9,0.26,26,1.0,-0.6842957080333962,-0.6207227838526301,-0.8065299251308543,-0.7300265788205298,0,354486747640.06,8827.97,3.3,39436661.0,66.25,5.0,5.0,0.0,0.0,None,None,None,11,5,45,62,0,0,0,0,0,0
2025,710239,"Diamonds, non-industrial, worked, but not mounted or set (Cut & Polished Diamonds)",HKG,"China, Hong Kong Special Administrative Region",183162059307.19666,3397472.9166666665,3462814.44,318786358209.55,5625083.0,2.44,26,1.0,1.2057388962219928,1.2567186490573783,0.9299663479513789,0.6244251886619647,0,354486747640.06,8827.97,3.3,39436661.0,66.25,0.0,5.0,5.0,0.0,None,None,None,13,3,63,70,0,0,0,0,0,0
2025,710239,"Diamonds, non-industrial, worked, but not mounted or set (Cut & Polished Diamonds)",IDN,Indonesia,191967229330.14664,3362776.1133333333,3441892.02,257918969221.76,3441892.02,1.97,26,1.0,-0.00982445372601759,-0.2106972066153533,3.6962453419423307,2.068404941988729,0,558748565248.4,1981.66,4.8,277371187.0,66.25,5.0,5.0,0.0,1.0,In Force,FTA,Goods & Services,297,187,365,748,0,0,0,0,0,0
2025,710239,"Diamonds, non-industrial, worked, but not mounted or set (Cut & Polished Diamonds)",IRN,Iran (Islamic Republic of),138603760437.95667,2413583.2466666666,2537758.22,117193677521.14,1841028.3,0.9,26,1.0,-0.07301044066877871,-0.19795597438679624,-0.2776363846434755,-0.27454542931230286,0,354486747640.06,8827.97,3.3,39436661.0,66.25,5.0,5.0,0.0,0.0,None,None,None,43,70,58,158,0,0,0,0,0,0
2025,710239,"Diamonds, non-industrial, worked, but not mounted or set (Cut & Polished Diamonds)",ISR,Israel,194930453202.87332,3663509.1266666665,3641721.05,217523565242.31,4386163.69,1.66,26,1.0,0.02036600366092234,0.09746095852896763,0.37376740550881316,0.4804902997003109,0,354486747640.06,8827.97,3.3,39436661.0,66.25,0.0,5.0,5.0,0.0,None,None,None,22,15,360,381,0,0,0,0,0,0
2025,710239,"Diamonds, non-industrial, worked, but not mounted or set (Cut & Polished Diamonds)",ITA,Italy,234533182134.79663,3297779.43,2870104.35,202771768047.94,2870104.35,1.55,26,1.0,-0.1953323860538485,-0.18692678942106022,0.08051646811468016,0.07023634538409818,0,1461972474319.65,19023.64,0.8,74798201.0,61.25,5.0,5.0,0.0,0.0,Under Negotiation,FTA,Goods & Services,327,61,5598,5803,0,0,0,0,0,0
2025,710239,"Diamonds, non-industrial, worked, but not mounted or set (Cut & Polished Diamonds)",JPN,Japan,200142408758.56332,3650058.8200000003,3684544.21,254924288513.07,3684544.21,1.95,26,1.0,1.5581313534588443,1.371753002234041,-0.16840261959914715,-0.4426331615276743,0,6533340281527.44,38134.14,0.9,166685623.0,33.25,5.0,5.0,0.0,1.0,In Force,FTA & EIA,Goods & Services,1562,102,621,2170,0,0,0,0,0,0
2025,710239,"Diamonds, non-industrial, worked, but not mounted or set (Cut & Polished Diamonds)",KAZ,Kazakhstan,354487556147.8367,4550895.153333333,4168680.94,327891643576.41,3908313.81,2.51,26,1.0,-0.014768876894649896,-0.03173243235342482,-0.17568633725691207,-0.2990440084867443,0,354486747640.06,8827.97,3.3,39436661.0,66.25,5.0,5.0,0.0,0.0,None,None,None,3,27,67,85,0,0,0,0,0,0
2025,710239,"Diamonds, non-industrial, worked, but not mounted or set (Cut & Polished Diamonds)",KEN,Kenya,171729465304.48334,2194248.2066666665,1524261.52,317503921177.38,3846543.71,2.43,26,1.0,1.0180715766586497,0.7815371599444487,1.6519714425120036,1.52354576923091,0,354486747640.06,8827.97,3.3,39436661.0,66.25,5.0,5.0,0.0,0.0,None,None,None,7,38,27,72,0,0,0,0,0,0
2025,710239,"Diamonds, non-industrial, worked, but not mounted or set (Cut & Polished Diamonds)",KOR,Republic of Korea,278234059720.24335,4649181.536666666,4335795.3,265106895989.86,3842363.78,2.03,26,1.0,-0.06377361035108797,-0.0586202439582556,-0.007615565492085086,-0.33400814349819785,0,1859749923928.23,29536.14,4.6,61784103.0,81.25,5.0,5.0,0.0,1.0,In Force,FTA & EIA,Goods & Services,76,29,232,279,0,0,0,0,0,0
2025,710239,"Diamonds, non-industrial, worked, but not mounted or set (Cut & Polished Diamonds)",KWT,Kuwait,189752933085.69998,3407018.69,3761658.42,297896481346.51,6126330.18,2.28,26,1.0,0.10072707086240906,0.27617584870802614,5.0,5.0,0,354486747640.06,8827.97,3.3,39436661.0,66.25,5.0,5.0,0.0,0.0,None,None,None,13,2,19,31,0,0,0,0,0,0
2025,710239,"Diamonds, non-industrial, worked, but not mounted or set (Cut & Polished Diamonds)",LKA,Sri Lanka,352358521004.00336,5064514.416666666,5047850.22,256399083455.02,3661106.1,1.96,26,1.0,-0.28436050159583937,-0.24861071224357068,-0.1454326932148795,-0.2747197439627528,0,354486747640.06,8827.97,3.3,39436661.0,66.25,5.0,5.0,0.0,1.0,In Force,FTA,Goods,21,19,118,151,0,0,0,0,0,0
2025,710239,"Diamonds, non-industrial, worked, but not mounted or set (Cut & Polished Diamonds)",MEX,Mexico,165370345788.87668,2566303.8866666667,3125290.3,55325177408.36,864588.86,0.42,26,1.0,-0.5116093049748369,-0.5171919547526156,-0.7350824580764165,-0.7233572638037102,0,1188674554333.95,8882.55,1.9,130009527.0,71.25,5.0,5.0,0.0,0.0,None,None,None,110,95,869,969,0,0,0,0,0,0
2025,710239,"Diamonds, non-industrial, worked, but not mounted or set (Cut & Polished Diamonds)",MYS,Malaysia,263613578401.8033,3932146.026666666,3683824.38,300075964812.67,3683824.38,2.29,26,1.0,0.11906431345867463,-0.12740048608906018,0.19482751600503567,0.12497650766631851,0,303500855641.07,9683.98,4.6,30760596.0,191.25,5.0,5.0,0.0,1.0,In Force,FTA,Goods & Services,177,54,172,349,0,0,0,0,0,0
2025,710239,"Diamonds, non-industrial, worked, but not mounted or set (Cut & Polished Diamonds)",NGA,Nigeria,174516032413.66333,3074382.283333333,3023870.75,194209164794.44,4231199.34,1.48,26,1.0,0.30365120049813754,0.46625912074847564,-0.09697486513254605,0.3992659375400225,0,204369543044.52,1260.94,4.3,160375757.0,56.25,5.0,5.0,0.0,0.0,None,None,None,41,23,101,163,0,0,1,1,0,0
2025,710239,"Diamonds, non-industrial, worked, but not mounted or set (Cut & Polished Diamonds)",NLD,Netherlands,184969659919.37668,3356409.763333333,3380238.93,326906994663.55,6260513.09,2.5,26,1.0,0.28922519747416375,0.36091582565656655,5.0,5.0,0,684132699691.79,31975.3,1.8,20901430.0,136.25,5.0,5.0,0.0,0.0,Under Negotiation,FTA,Goods & Services,531,23,1818,1876,0,0,0,0,0,0
2025,710239,"Diamonds, non-industrial, worked, but not mounted or set (Cut & Polished Diamonds)",NPL,Nepal,443953368156.55664,5384909.1866666665,5130375.97,415476500288.43,5130375.97,3.18,26,1.0,-0.0006906600664999818,0.00029423983875909165,-0.1695993864439196,-0.13000140693745,0,354486747640.06,8827.97,3.3,39436661.0,66.25,5.0,5.0,0.0,1.0,In Force,PTA,Goods,1,44,20,63,0,0,0,0,0,0
2025,710239,"Diamonds, non-industrial, worked, but not mounted or set (Cut & Polished Diamonds)",NZL,New Zealand,327446166927.5733,4302736.333333333,4258741.71,360638969483.43,4258741.71,2.76,26,1.0,0.23210188623836014,0.1945010572428596,-0.06116900613161769,-0.24819847968794229,0,354486747640.06,8827.97,3.3,39436661.0,66.25,5.0,5.0,0.0,0.0,None,None,None,48,60,290,341,0,0,0,0,0,0
2025,710239,"Diamonds, non-industrial, worked, but not mounted or set (Cut & Polished Diamonds)",OMN,Oman,250646132770.28333,4061502.6999999997,5575498.6,397931324151.13,5710858.14,3.04,26,1.0,1.4102052527732596,1.5215983997594202,0.3937777668985476,0.024277566852761057,0,354486747640.06,8827.97,3.3,39436661.0,66.25,5.0,5.0,0.0,0.0,None,None,None,17,10,19,39,0,0,0,0,0,0
2025,710239,"Diamonds, non-industrial, worked, but not mounted or set (Cut & Polished Diamonds)",PHL,Philippines,112002617698.73999,1962694.3166666667,2621139.81,123344897791.2,2621139.81,0.94,26,1.0,1.1126127720902805,1.5388694551517599,-0.33336653170623076,-0.08361487481912233,0,354486747640.06,8827.97,3.3,39436661.0,66.25,5.0,5.0,0.0,0.0,None,None,None,377,75,252,598,0,0,0,0,0,0
2025,710239,"Diamonds, non-industrial, worked, but not mounted or set (Cut & Polished Diamonds)",POL,Poland,217537629551.0167,3449338.6199999996,3786407.99,282543528711.2,3786407.99,2.16,26,1.0,0.5848315847818426,0.6268206043595017,0.09692410805431129,-0.26203960864644793,0,354486747640.06,8827.97,3.3,39436661.0,66.25,5.0,5.0,0.0,0.0,None,None,None,79,24,1907,1952,0,0,0,0,0,0
2025,710239,"Diamonds, non-industrial, worked, but not mounted or set (Cut & Polished Diamonds)",QAT,Qatar,157970688554.94,2408138.013333333,2901232.34,197608535176.3,2901232.34,1.51,26,1.0,-0.09603611416015823,-0.1227815925624578,4.7315670286351885,4.24674317906079,0,354486747640.06,8827.97,3.3,39436661.0,66.25,5.0,5.0,0.0,0.0,None,None,None,11,2,19,29,0,0,0,0,0,0
2025,710239,"Diamonds, non-industrial, worked, but not mounted or set (Cut & Polished Diamonds)",RUS,Russian Federation,88653157713.88335,1477792.1300000001,1315269.2,88220534995.61,1315269.2,0.67,26,1.0,-0.20912266977856353,-0.25389400263264894,1.4040931601126498,0.7412021592554301,0,660552264556.61,3362.46,3.6,191925086.0,59.25,5.0,5.0,0.0,0.0,None,None,None,259,147,598,858,0,0,1,1,1,0
2025,710239,"Diamonds, non-industrial, worked, but not mounted or set (Cut & Polished Diamonds)",SAU,Saudi Arabia,240121786392.05002,3691035.4433333334,3689149.54,251747741664.33,3689149.54,1.92,26,1.0,0.26869217537568146,0.285029788082483,-0.19366344402925095,-0.2836423230868881,0,415388277619.73,14929.51,3.0,27342752.0,73.25,5.0,5.0,0.0,0.0,Under Negotiation,FTA,Goods,38,35,43,95,0,0,0,0,0,0
2025,710239,"Diamonds, non-industrial, worked, but not mounted or set (Cut & Polished Diamonds)",SGP,Singapore,288312393627.13,4509309.1466666665,5892875.63,347561795362.55,5892875.63,2.66,26,1.0,-0.07996324396580778,-0.02176854786282334,2.2551528433663277,2.9897866010158647,0,340929615341.57,63446.9,5.0,5258221.0,321.25,5.0,5.0,0.0,1.0,In Force,FTA & EIA,Goods & Services,15,5,22,27,1,1,0,0,0,0
2025,710239,"Diamonds, non-industrial, worked, but not mounted or set (Cut & Polished Diamonds)",SWE,Sweden,209859054701.2667,2680274.6566666667,2238696.76,419372223673.56,5316094.25,3.21,26,1.0,2.2609250459670562,2.3072229665170134,1.4558203385644024,1.3746379344371884,0,354486747640.06,8827.97,3.3,39436661.0,66.25,5.0,5.0,0.0,0.0,None,None,None,317,47,1005,1198,0,0,0,0,0,0
2025,710239,"Diamonds, non-industrial, worked, but not mounted or set (Cut & Polished Diamonds)",THA,Thailand,198960981407.55997,2955184.4499999997,2614887.69,134668371083.45,2614887.69,1.03,26,1.0,0.07642231259020593,0.2387030680803781,-0.610773123661263,-0.4248536134591564,0,335895377767.42,3988.94,3.8,82685533.0,126.25,5.0,5.0,0.0,1.0,In Force,FTA,Goods & Services,67,41,127,204,0,0,0,0,0,0
2025,710239,"Diamonds, non-industrial, worked, but not mounted or set (Cut & Polished Diamonds)",TUR,Türkiye,198239790999.75333,3350930.403333334,3903568.18,387020987731.7,5690537.59,2.96,26,1.0,2.7948078319477005,2.5222418342433213,1.1403307087982113,0.4577784548900954,0,647529125689.17,7592.05,3.3,84263000.0,61.25,5.0,5.0,0.0,0.0,None,None,None,142,51,306,656,0,0,0,0,0,0
2025,710239,"Diamonds, non-industrial, worked, but not mounted or set (Cut & Polished Diamonds)",TWN,Taiwan,126327567604.27667,2073797.89,866302.78,31577827811.34,614663.51,0.24,26,1.0,-0.34148403373571057,-0.157666909914143,-0.8849980074798318,-0.8703358451195449,0,354486747640.06,8827.97,3.3,39436661.0,66.25,5.0,5.0,0.0,0.0,None,None,None,23,21,35,68,0,0,0,0,0,0
2025,710239,"Diamonds, non-industrial, worked, but not mounted or set (Cut & Polished Diamonds)",TZA,United Republic of Tanzania,240371031880.0267,4060065.123333333,4585725.05,330100028955.01,5526191.18,2.52,26,1.0,0.08893829566995626,0.09776390474206265,1.9307724385454197,1.6718787967843296,0,354486747640.06,8827.97,3.3,39436661.0,66.25,5.0,5.0,0.0,0.0,None,None,None,20,30,33,71,0,0,0,0,0,0
2025,710239,"Diamonds, non-industrial, worked, but not mounted or set (Cut & Polished Diamonds)",USA,United States of America,377100543378.0633,5084024.48,5502813.44,476109141475.14,6164319.41,3.64,26,1.0,0.06592826286028974,0.05840083143052066,1.016068436119601,0.7195039234941076,0,18097338437760.06,47718.36,2.1,370704619.0,36.25,0.0,5.0,5.0,0.0,None,None,None,1765,2105,19117,20895,0,0,0,0,0,0
2025,710239,"Diamonds, non-industrial, worked, but not mounted or set (Cut & Polished Diamonds)",VNM,Viet Nam,292451709067.8833,3882364.78,5037282.08,403276146856.16,5563996.35,3.08,26,1.0,-0.010803994060210487,0.050982010967187685,5.0,4.3202445065065795,0,160562089452.67,1522.87,6.6,105032975.0,121.25,5.0,5.0,0.0,1.0,In Force,FTA,Goods & Services,132,31,175,241,0,0,0,0,0,0
2025,710239,"Diamonds, non-industrial, worked, but not mounted or set (Cut & Polished Diamonds)",ZAF,South Africa,262200261979.1967,3368922.1033333335,3199714.13,445723974158.45,5488823.99,3.41,26,1.0,0.3355227000361818,0.3097368980148292,3.899226987600171,2.8701980602967216,0,261888231492.08,4360.27,2.0,59023536.0,63.25,5.0,5.0,0.0,1.0,Under Negotiation,PTA,Goods,60,85,696,793,0,0,0,0,0,0
2025,711319,"Articles of jewellery and parts thereof, of precious metal other than silver",CHN,China,190065814013.69427,4619742.323333333,2712002.11,111448038120.13,2712002.11,0.32,92,3.5385,-0.0796981952380873,-0.11359926205131776,-0.877850499070538,-0.8799486383611046,0,9300982450507.4,5588.1,8.3,1656339789.0,46.25,12.5,12.5,0.0,0.0,In Force,PTA,Goods,765,191,996,1676,0,0,0,0,0,0
2025,711319,"Articles of jewellery and parts thereof, of precious metal other than silver",DEU,Germany,123168082983.2819,2701347.7638095235,2149144.18,14372390293.33,381926.81,0.04,92,3.5385,1.6845103023752275,1.3593573554074654,-0.7668532680430228,-0.7543390618005141,0,2760472889424.06,24913.88,1.2,108056452.0,76.25,12.5,12.5,0.0,0.0,Under Negotiation,FTA,Goods & Services,879,112,9939,10026,0,0,0,0,0,0
2025,711319,"Articles of jewellery and parts thereof, of precious metal other than silver",GBR,United Kingdom of Great Britain and Northern Ireland,211460389344.44,4532681.041904761,2059592.57,121699713732.25,3352016.03,0.35,92,3.5385,-0.11920266163067317,-0.09421894314259016,-0.8811496335747571,-0.9057835783532225,0,2593000127109.38,32632.91,1.6,77427312.0,66.25,4.0,12.5,8.5,0.0,Under Negotiation,FTA,Goods & Services,1350,144,4976,5878,0,0,0,0,0,0
2025,711319,"Articles of jewellery and parts thereof, of precious metal other than silver",IND,India,71979691973.98334,1715940.7633333337,2100566.92,34607602243.35,909508.31,0.1,77,2.9615,3.0042440111519113,2.48548198876136,0.0031011815380919128,-0.253303031927111,0,2423969608511.26,1757.16,6.6,1380283158.0,38.25,5.0,7.5,2.5,0.0,None,None,None,282,135,964,1337,0,0,0,0,0,0
2025,711319,"Articles of jewellery and parts thereof, of precious metal other than silver",SAU,Saudi Arabia,151688527719.36874,3315636.7116666664,1986071.4300000002,108538069984.73,2909453.65,0.31,103,3.9615,3.07101734064405,2.89717350103287,0.5434873807044553,0.5053927926979058,0,415388277619.73,14929.51,3.0,27342752.0,73.25,12.5,12.5,0.0,0.0,Under Negotiation,FTA,Goods,38,35,43,95,0,0,0,0,0,0
2025,711319,"Articles of jewellery and parts thereof, of precious metal other than silver",SGP,Singapore,163658895666.74237,3962531.238571428,2222508.64,67089340479.38,1308020.38,0.19,92,3.5385,0.9260968291360328,0.9847601130819874,5.0,5.0,0,340929615341.57,63446.9,5.0,5258221.0,321.25,0.0,12.5,12.5,1.0,In Force,FTA & EIA,Goods & Services,15,5,22,27,1,1,0,0,0,0
2025,711319,"Articles of jewellery and parts thereof, of precious metal other than silver",USA,United States of America,228677338043.32758,5230992.017142858,3204380.37,121107524053.89,3309024.53,0.35,92,3.5385,-0.06447730803081231,0.02771091327177544,0.00285331502858166,0.1446453276999906,0,18097338437760.06,47718.36,2.1,370704619.0,36.25,5.5,12.5,7.0,0.0,None,None,None,1765,2105,19117,20895,0,0,0,0,0,0
2025,711319,"Articles of jewellery and parts thereof, of precious metal other than silver",ARE,United Arab Emirates,169491240028.5019,3695363.0971428566,2090977.96,102672236995.48,2834102.46,0.29,92,3.5385,0.16327458581239251,0.043001195868805686,-0.8837363468422124,-0.8702821615747208,0,290888340065.6,69094.67,4.0,4206577.0,151.25,5.0,12.5,7.5,1.0,In Force,FTA & EIA,Goods & Services,44,10,35,75,0,0,1,1,1,0
2025,711319,"Articles of jewellery and parts thereof, of precious metal other than silver (Gold Jewellery)",AGO,Angola,696429559674.65,14266399.256666668,15378693.15,810627046790.48,15378693.15,2.31,26,1.0,0.25058771122070667,0.18342642320929214,0.06612660416248373,-0.06453535994080517,0,354486747640.06,8827.97,3.3,39436661.0,66.25,12.5,12.5,0.0,0.0,None,None,None,35,40,13,81,0,0,0,0,0,0
2025,711319,"Articles of jewellery and parts thereof, of precious metal other than silver (Gold Jewellery)",ARG,Argentina,530788932650.06006,11576253.806666667,15692859.4,545457590252.86,15692859.4,1.56,26,1.0,-0.26362680792720594,-0.06695531559691814,5.0,5.0,0,354486747640.06,8827.97,3.3,39436661.0,66.25,12.5,12.5,0.0,1.0,In Force,PTA,Goods,104,113,458,602,0,0,0,0,0,0
2025,711319,"Articles of jewellery and parts thereof, of precious metal other than silver (Gold Jewellery)",AUS,Australia,729200987758.38,14827136.456666669,16003283.09,1113922844211.56,22521687.64,3.18,26,1.0,0.17819031014036235,0.18630379995483226,3.1071034838347664,2.7810660028886347,0,827705732805.53,32270.26,2.6,25108007.0,51.25,12.5,12.5,0.0,1.0,In Force,FTA,Goods & Services,378,622,1830,2593,0,0,0,0,0,0
2025,711319,"Articles of jewellery and parts thereof, of precious metal other than silver (Gold Jewellery)",AUT,Austria,414293887553.41,8574955.066666668,7827922.58,288882620427.83,5804873.15,0.82,26,1.0,-0.2799508870754419,-0.3071391055712176,-0.2720002398192587,-0.25844014287641837,0,354486747640.06,8827.97,3.3,39436661.0,66.25,12.5,12.5,0.0,0.0,None,None,None,111,11,1349,1394,0,0,0,0,0,0
2025,711319,"Articles of jewellery and parts thereof, of precious metal other than silver (Gold Jewellery)",BEL,Belgium,362160887725.06665,9125642.053333335,6302232.11,259766418141.3,6046567.58,0.74,26,1.0,-0.015156272461909426,-0.020493643872586453,-0.5352125640494572,-0.5976499404586394,0,354486747640.06,8827.97,3.3,39436661.0,66.25,12.5,12.5,0.0,0.0,None,None,None,484,11,1834,1842,0,0,0,0,0,0
2025,711319,"Articles of jewellery and parts thereof, of precious metal other than silver (Gold Jewellery)",BGD,Bangladesh,736093766740.3365,16077676.826666668,17202109.94,1132248428142.22,23701385.69,3.23,26,1.0,1.097532667894901,0.798244173085048,0.38301232140744323,0.37781852183643383,0,354486747640.06,8827.97,3.3,39436661.0,66.25,12.5,12.5,0.0,1.0,In Force,FTA,Goods,12,15,18,45,0,0,0,0,0,0
2025,711319,"Articles of jewellery and parts thereof, of precious metal other than silver (Gold Jewellery)",BRA,Brazil,508072596985.43335,10831886.110000001,13026539.3,175325226231.78,3695946.57,0.5,26,1.0,-0.5120393888469923,-0.5159354081367862,-0.7137820834485797,-0.7162756366151894,0,1214333384401.01,5179.26,2.3,230047193.0,35.25,12.5,12.5,0.0,1.0,In Force,PTA,Goods,206,430,5576,5635,0,0,0,0,0,0
2025,711319,"Articles of jewellery and parts thereof, of precious metal other than silver (Gold Jewellery)",CAN,Canada,573335612830.7101,14135326.733333334,15157722.88,436843353277.16,9874178.24,1.25,26,1.0,-0.14308614295630817,-0.19288856601653714,-0.36528695183769966,-0.43167184893465826,0,1278428077415.3,30906.61,2.0,40356850.0,86.25,12.5,12.5,0.0,0.0,None,None,None,580,499,2609,3225,0,0,0,0,0,0
2025,711319,"Articles of jewellery and parts thereof, of precious metal other than silver (Gold Jewellery)",CHE,Switzerland,893546408111.4967,19582877.396666665,22957314.92,1120872405893.3,22957314.92,3.2,26,1.0,-0.011430613016890412,-0.06420467468907964,1.7151354944939943,1.3974443612482275,0,354486747640.06,8827.97,3.3,39436661.0,66.25,12.5,12.5,0.0,0.0,None,None,None,68,13,1548,1560,0,0,0,0,0,0
2025,711319,"Articles of jewellery and parts thereof, of precious metal other than silver (Gold Jewellery)",CHL,Chile,582768131403.3766,12811854.923333334,9725257.79,232720756465.19,4446145.29,0.66,26,1.0,-0.2550694097611169,-0.32385278410150087,-0.7877037762121447,-0.8167608118176937,0,354486747640.06,8827.97,3.3,39436661.0,66.25,12.5,12.5,0.0,1.0,In Force,PTA,Goods,105,43,445,489,0,0,0,0,0,0
2025,711319,"Articles of jewellery and parts thereof, of precious metal other than silver (Gold Jewellery)",COL,Colombia,479551786404.3433,9879766.263333334,10656008.75,246312542592.79,4751586.35,0.7,26,1.0,-0.4082376715894208,-0.42218226633837785,-0.49625192259847306,-0.5540932387091411,0,354486747640.06,8827.97,3.3,39436661.0,66.25,12.5,12.5,0.0,0.0,None,None,None,33,165,246,394,0,0,0,0,0,0
2025,711319,"Articles of jewellery and parts thereof, of precious metal other than silver (Gold Jewellery)",EGY,Egypt,307160457044.0867,8027750.456666667,10386111.07,100677640955.7,1798861.45,0.29,26,1.0,-0.5071075747814475,-0.5838284613901364,-0.752266625414204,-0.8488133054639371,0,290888340065.6,3140.67,4.0,92544699.0,49.25,12.5,12.5,0.0,0.0,None,None,None,41,24,74,127,0,0,0,0,0,0
2025,711319,"Articles of jewellery and parts thereof, of precious metal other than silver (Gold Jewellery)",ESP,Spain,959458252208.75,18707869.783333335,17329903.76,825640564314.99,16262929.5,2.36,26,1.0,-0.1812895432413546,-0.15040624023733506,0.0056987130926242635,-0.06156838922923935,0,354486747640.06,8827.97,3.3,39436661.0,66.25,12.5,12.5,0.0,0.0,None,None,None,432,50,4433,4769,0,0,0,0,0,0
2025,711319,"Articles of jewellery and parts thereof, of precious metal other than silver (Gold Jewellery)",FRA,France,386341728834.4133,8441541.833333334,8318162.53,213788348182.86,4224381.92,0.61,26,1.0,-0.2803891708575106,-0.28736378833893494,-0.598436805399789,-0.669507500110894,0,1973285681586.82,24141.89,1.3,80056423.0,65.25,12.5,12.5,0.0,0.0,Under Negotiation,FTA,Goods & Services,808,142,14175,14370,0,0,0,0,0,0
2025,711319,"Articles of jewellery and parts thereof, of precious metal other than silver (Gold Jewellery)",GHA,Ghana,398947018918.1434,7966331.386666666,7734413.22,506662268987.02,9325544.94,1.45,26,1.0,0.21029205101065118,0.16772254395039154,0.471620674637641,0.2057210643833165,0,354486747640.06,8827.97,3.3,39436661.0,66.25,12.5,12.5,0.0,0.0,None,None,None,11,5,45,62,0,0,0,0,0,0
2025,711319,"Articles of jewellery and parts thereof, of precious metal other than silver (Gold Jewellery)",HKG,"China, Hong Kong Special Administrative Region",389701638063.4133,9138200.35,10982762.72,646175578376.55,14076228.29,1.84,26,1.0,1.221515276235042,1.4445079414327604,0.6484260630946361,0.2816655197662976,0,354486747640.06,8827.97,3.3,39436661.0,66.25,0.0,12.5,12.5,0.0,None,None,None,13,3,63,70,0,0,0,0,0,0
2025,711319,"Articles of jewellery and parts thereof, of precious metal other than silver (Gold Jewellery)",IDN,Indonesia,525078185279.82666,11665168.13,10281081.05,428184488295.2,8408317.76,1.22,26,1.0,-0.22940691189006956,-0.2819090838954119,0.005187807018453672,-0.18215626167063614,0,558748565248.4,1981.66,4.8,277371187.0,66.25,12.5,12.5,0.0,1.0,In Force,FTA,Goods & Services,297,187,365,748,0,0,0,0,0,0
2025,711319,"Articles of jewellery and parts thereof, of precious metal other than silver (Gold Jewellery)",IRN,Iran (Islamic Republic of),521558315452.87335,13208545.913333332,11486464.01,695081439600.78,18353602.11,1.98,26,1.0,0.24306132195851138,0.2640593869954242,0.6558970667227464,0.8755779245932416,0,354486747640.06,8827.97,3.3,39436661.0,66.25,12.5,12.5,0.0,0.0,None,None,None,43,70,58,158,0,0,0,0,0,0
2025,711319,"Articles of jewellery and parts thereof, of precious metal other than silver (Gold Jewellery)",ISR,Israel,697767486928.7633,14772749.729999999,14384646.55,879084548451.38,18196255.23,2.51,26,1.0,0.10886142848243163,0.12471221627355011,0.7607495912152973,0.5502868403209724,0,354486747640.06,8827.97,3.3,39436661.0,66.25,12.5,12.5,0.0,0.0,None,None,None,22,15,360,381,0,0,0,0,0,0
2025,711319,"Articles of jewellery and parts thereof, of precious metal other than silver (Gold Jewellery)",ITA,Italy,468119309391.10333,9362028.526666665,8612713.08,713145869648.99,13808655.6,2.03,26,1.0,0.2327872214153337,0.2662099130316129,2.212884141887495,1.437660318028878,0,1461972474319.65,19023.64,0.8,74798201.0,61.25,12.5,12.5,0.0,0.0,Under Negotiation,FTA,Goods & Services,327,61,5598,5803,0,0,0,0,0,0
2025,711319,"Articles of jewellery and parts thereof, of precious metal other than silver (Gold Jewellery)",JPN,Japan,921877343794.0433,18212827.806666665,19829974.68,977895255048.81,19829974.68,2.79,26,1.0,0.290505086826887,0.2817703942786993,-0.18546370864980655,-0.1279182115885389,0,6533340281527.44,38134.14,0.9,166685623.0,33.25,12.5,12.5,0.0,1.0,In Force,FTA & EIA,Goods & Services,1562,102,621,2170,0,0,0,0,0,0
2025,711319,"Articles of jewellery and parts thereof, of precious metal other than silver (Gold Jewellery)",KAZ,Kazakhstan,688507195030.4,13587569.12,17350719.15,928714265170.67,17350719.15,2.65,26,1.0,1.9828472710115927,1.8326815387877184,-0.10045496624533323,-0.1834824359669378,0,354486747640.06,8827.97,3.3,39436661.0,66.25,12.5,12.5,0.0,0.0,None,None,None,3,27,67,85,0,0,0,0,0,0
2025,711319,"Articles of jewellery and parts thereof, of precious metal other than silver (Gold Jewellery)",KEN,Kenya,402484534534.1667,8682344.936666666,6037218.11,244599888514.9,4610377.02,0.7,26,1.0,-0.4093585515676641,-0.4528382102573736,-0.06537024440680705,-0.23634082188240912,0,354486747640.06,8827.97,3.3,39436661.0,66.25,12.5,12.5,0.0,0.0,None,None,None,7,38,27,72,0,0,0,0,0,0
2025,711319,"Articles of jewellery and parts thereof, of precious metal other than silver (Gold Jewellery)",KOR,Republic of Korea,464387810142.5833,11816890.44,10402752.52,918892585850.72,23793784.11,2.62,26,1.0,3.1316691985194662,3.3557171301955915,1.1855385708908872,1.2872584985803077,0,1859749923928.23,29536.14,4.6,61784103.0,81.25,12.5,12.5,0.0,1.0,In Force,FTA & EIA,Goods & Services,76,29,232,279,0,0,0,0,0,0
2025,711319,"Articles of jewellery and parts thereof, of precious metal other than silver (Gold Jewellery)",KWT,Kuwait,346214403039.8467,8915852.706666665,5915921.59,52440265062.67,959023.99,0.15,26,1.0,-0.5293772030696312,-0.5973724105053015,-0.9300271343933928,-0.9517414236266314,0,354486747640.06,8827.97,3.3,39436661.0,66.25,12.5,12.5,0.0,0.0,None,None,None,13,2,19,31,0,0,0,0,0,0
2025,711319,"Articles of jewellery and parts thereof, of precious metal other than silver (Gold Jewellery)",LKA,Sri Lanka,400060470953.1433,10308236.666666666,8872377.14,668461066959.74,19405400.86,1.91,26,1.0,0.30543542558207704,0.4789085241284252,3.792928240248596,5.0,0,354486747640.06,8827.97,3.3,39436661.0,66.25,12.5,12.5,0.0,1.0,In Force,FTA,Goods,21,19,118,151,0,0,0,0,0,0
2025,711319,"Articles of jewellery and parts thereof, of precious metal other than silver (Gold Jewellery)",MEX,Mexico,299806595309.8,6628375.763333333,4366711.75,545190901724.05,12928771.13,1.56,26,1.0,0.5166547655959575,0.7206849547669707,3.6512333145286027,3.9924889610597187,0,1188674554333.95,8882.55,1.9,130009527.0,71.25,12.5,12.5,0.0,0.0,None,None,None,110,95,869,969,0,0,0,0,0,0
2025,711319,"Articles of jewellery and parts thereof, of precious metal other than silver (Gold Jewellery)",MYS,Malaysia,537646085103.6067,12946641.533333333,11900407.24,461776274787.84,11900407.24,1.32,26,1.0,1.1440413255948791,1.4851024154670434,-0.5605095917301066,-0.5242226450264429,0,303500855641.07,9683.98,4.6,30760596.0,191.25,12.5,12.5,0.0,1.0,In Force,FTA,Goods & Services,177,54,172,349,0,0,0,0,0,0
2025,711319,"Articles of jewellery and parts thereof, of precious metal other than silver (Gold Jewellery)",NGA,Nigeria,278498171803.14996,6955451.693333334,4621996.24,568833051708.84,14169080.38,1.62,26,1.0,1.7559797698148154,1.6129592860767925,1.9662266450585393,2.0655759209351787,0,204369543044.52,1260.94,4.3,160375757.0,56.25,12.5,12.5,0.0,0.0,None,None,None,41,23,101,163,0,0,1,1,0,0
2025,711319,"Articles of jewellery and parts thereof, of precious metal other than silver (Gold Jewellery)",NLD,Netherlands,1023354020075.5499,21797230.64,21653790.76,978915623442.86,22707606.81,2.79,26,1.0,-0.02788925100778572,0.03911354791277866,-0.07234310641436414,0.04866658506489374,0,684132699691.79,31975.3,1.8,20901430.0,136.25,12.5,12.5,0.0,0.0,Under Negotiation,FTA,Goods & Services,531,23,1818,1876,0,0,0,0,0,0
2025,711319,"Articles of jewellery and parts thereof, of precious metal other than silver (Gold Jewellery)",NPL,Nepal,467973972306.67,10583486.65,7880473.63,345616662744.33,7880473.63,0.99,26,1.0,-0.3362962844475139,-0.3104542163000461,0.26271527532634176,0.08010385813442333,0,354486747640.06,8827.97,3.3,39436661.0,66.25,12.5,12.5,0.0,1.0,In Force,PTA,Goods,1,44,20,63,0,0,0,0,0,0
2025,711319,"Articles of jewellery and parts thereof, of precious metal other than silver (Gold Jewellery)",NZL,New Zealand,267111514306.7933,5785013.539999999,6975288.02,396718042682.54,9640742.66,1.13,26,1.0,0.03298500868976206,0.1756395089966878,5.0,5.0,0,354486747640.06,8827.97,3.3,39436661.0,66.25,12.5,12.5,0.0,0.0,None,None,None,48,60,290,341,0,0,0,0,0,0
2025,711319,"Articles of jewellery and parts thereof, of precious metal other than silver (Gold Jewellery)",OMN,Oman,758185797019.68,15612543.43,13283698.32,271503131926.9,6577562.1,0.77,26,1.0,-0.566205316581869,-0.5062117803214005,-0.5153922593835623,-0.5048395453172634,0,354486747640.06,8827.97,3.3,39436661.0,66.25,12.5,12.5,0.0,0.0,None,None,None,17,10,19,39,0,0,0,0,0,0
2025,711319,"Articles of jewellery and parts thereof, of precious metal other than silver (Gold Jewellery)",PHL,Philippines,313427569986.24335,6635284.419999999,8205110.1,389735559288.17,8205110.1,1.11,26,1.0,-0.1385152183204328,-0.142320895371706,5.0,5.0,0,354486747640.06,8827.97,3.3,39436661.0,66.25,12.5,12.5,0.0,0.0,None,None,None,377,75,252,598,0,0,0,0,0,0
2025,711319,"Articles of jewellery and parts thereof, of precious metal other than silver (Gold Jewellery)",POL,Poland,398192947932.4067,10018810.973333335,6916567.42,285233515683.54,6916567.42,0.81,26,1.0,-0.3550568390787109,-0.365982134352671,0.2755951254335729,0.16566902785593918,0,354486747640.06,8827.97,3.3,39436661.0,66.25,12.5,12.5,0.0,0.0,None,None,None,79,24,1907,1952,0,0,0,0,0,0
2025,711319,"Articles of jewellery and parts thereof, of precious metal other than silver (Gold Jewellery)",QAT,Qatar,415187921937.35333,8606338.76,6028588.82,753057471860.48,15235172.61,2.15,26,1.0,0.7529297514581021,0.5897025014109099,2.0435019283330935,2.3445269500117334,0,354486747640.06,8827.97,3.3,39436661.0,66.25,12.5,12.5,0.0,0.0,None,None,None,11,2,19,29,0,0,0,0,0,0
2025,711319,"Articles of jewellery and parts thereof, of precious metal other than silver (Gold Jewellery)",RUS,Russian Federation,186376511610.14,4602365.420000001,5820305.91,81095972549.16,1698097.87,0.23,26,1.0,-0.4128334347548762,-0.4803616685495026,-0.6660136819241183,-0.7082459416639652,0,660552264556.61,3362.46,3.6,191925086.0,59.25,12.5,12.5,0.0,0.0,None,None,None,259,147,598,858,0,0,1,1,1,0
2025,711319,"Articles of jewellery and parts thereof, of precious metal other than silver (Gold Jewellery)",SWE,Sweden,479416604797.6133,9524446.476666667,7674076.94,93121412561.73,1831517.25,0.27,26,1.0,-0.519881474258763,-0.51146865711204,-0.9010562560877089,-0.9039468365584318,0,354486747640.06,8827.97,3.3,39436661.0,66.25,12.5,12.5,0.0,0.0,None,None,None,317,47,1005,1198,0,0,0,0,0,0
2025,711319,"Articles of jewellery and parts thereof, of precious metal other than silver (Gold Jewellery)",THA,Thailand,438748086736.24005,9717319.819999998,13895903.52,40064404527.57,817660.4,0.11,26,1.0,-0.7712812718720312,-0.7620273674729068,-0.9214899948594656,-0.9411581694689298,0,335895377767.42,3988.94,3.8,82685533.0,126.25,12.5,12.5,0.0,1.0,In Force,FTA,Goods & Services,67,41,127,204,0,0,0,0,0,0
2025,711319,"Articles of jewellery and parts thereof, of precious metal other than silver (Gold Jewellery)",TUR,Türkiye,540954823403.47675,10339215.456666665,10474564.61,109230029957.06,2223301.7,0.31,26,1.0,-0.5566884090053881,-0.5392862117138821,-0.8859606584663855,-0.8786392799084795,0,647529125689.17,7592.05,3.3,84263000.0,61.25,12.5,12.5,0.0,0.0,None,None,None,142,51,306,656,0,0,0,0,0,0
2025,711319,"Articles of jewellery and parts thereof, of precious metal other than silver (Gold Jewellery)",TWN,Taiwan,490206569245.0833,10036699.293333333,9341463.77,710798886717.19,15077697.23,2.03,26,1.0,0.6436362382222935,0.627704726965709,0.43100793370209,0.6140615219662076,0,354486747640.06,8827.97,3.3,39436661.0,66.25,12.5,12.5,0.0,0.0,None,None,None,23,21,35,68,0,0,0,0,0,0
2025,711319,"Articles of jewellery and parts thereof, of precious metal other than silver (Gold Jewellery)",TZA,United Republic of Tanzania,592291212021.4366,12111678.933333332,8440277.03,415631678954.68,8440277.03,1.19,26,1.0,0.1210040684552256,0.03404846523081284,-0.5966684073843863,-0.5780106966727689,0,354486747640.06,8827.97,3.3,39436661.0,66.25,12.5,12.5,0.0,0.0,None,None,None,20,30,33,71,0,0,0,0,0,0
2025,711319,"Articles of jewellery and parts thereof, of precious metal other than silver (Gold Jewellery)",VNM,Viet Nam,506884633522.10333,13540594.996666668,18363949.13,704466415861.56,18363949.13,2.01,26,1.0,1.1043098339800501,1.3025697762572621,0.07208696344047749,-0.022889324728119553,0,160562089452.67,1522.87,6.6,105032975.0,121.25,12.5,12.5,0.0,1.0,In Force,FTA,Goods & Services,132,31,175,241,0,0,0,0,0,0
2025,711319,"Articles of jewellery and parts thereof, of precious metal other than silver (Gold Jewellery)",ZAF,South Africa,771563469037.6934,18154497.28666667,19786305.91,431029110665.34,10863166.85,1.23,26,1.0,-0.3871761667732947,-0.32459872491307973,-0.41431725593418534,-0.4509754928781725,0,261888231492.08,4360.27,2.0,59023536.0,63.25,12.5,12.5,0.0,1.0,Under Negotiation,PTA,Goods,60,85,696,793,0,0,0,0,0,0
2025,720839,"Flat-rolled products of iron or non-alloy steel, hot-rolled, in coils",AGO,Angola,1983990.5633333335,2628998.35,1285328.03,4368449.95,5633487.47,2.81,26,1.0,1.579156924009721,1.4121855623745914,3.713402885400911,3.382918086673654,0,354486747640.06,8827.97,3.3,39436661.0,66.25,7.5,7.5,0.0,0.0,None,None,None,35,40,13,81,0,0,0,0,0,0
2025,720839,"Flat-rolled products of iron or non-alloy steel, hot-rolled, in coils",ARE,United Arab Emirates,1092116.8499999999,1348355.23,1515288.93,1328128.22,1869814.31,0.85,26,1.0,0.5500586930477596,0.6832151310831591,-0.04824601508762216,0.23396553157605804,0,290888340065.6,69094.67,4.0,4206577.0,151.25,7.5,7.5,0.0,1.0,In Force,FTA & EIA,Goods & Services,44,10,35,75,0,0,1,1,1,0
2025,720839,"Flat-rolled products of iron or non-alloy steel, hot-rolled, in coils",ARG,Argentina,1665243.7299999997,2024092.2166666668,1152710.86,873677.64,1152710.86,0.56,26,1.0,-0.5208476431429023,-0.49987640954975776,1.7593749850878466,2.7064547041589027,0,354486747640.06,8827.97,3.3,39436661.0,66.25,7.5,7.5,0.0,1.0,In Force,PTA,Goods,104,113,458,602,0,0,0,0,0,0
2025,720839,"Flat-rolled products of iron or non-alloy steel, hot-rolled, in coils",AUS,Australia,1924746.9433333334,2287816.783333333,3109514.48,3093612.24,3109514.48,1.99,26,1.0,0.1441333874923174,-0.0377376287987512,5.0,5.0,0,827705732805.53,32270.26,2.6,25108007.0,51.25,7.5,7.5,0.0,1.0,In Force,FTA,Goods & Services,378,622,1830,2593,0,0,0,0,0,0
2025,720839,"Flat-rolled products of iron or non-alloy steel, hot-rolled, in coils",AUT,Austria,3517141.0733333337,3860207.5366666666,3551404.41,3562502.49,3551404.41,2.29,26,1.0,0.39996400445624225,0.14709097337309895,-0.3110910445100118,-0.33372132751848904,0,354486747640.06,8827.97,3.3,39436661.0,66.25,7.5,7.5,0.0,0.0,None,None,None,111,11,1349,1394,0,0,0,0,0,0
2025,720839,"Flat-rolled products of iron or non-alloy steel, hot-rolled, in coils",BEL,Belgium,1976685.4000000001,2488891.6766666663,1836003.56,704922.2,940291.41,0.45,26,1.0,-0.3324416589918221,-0.2843602178394835,-0.8065151130543317,-0.7995276719644336,0,354486747640.06,8827.97,3.3,39436661.0,66.25,7.5,7.5,0.0,0.0,None,None,None,484,11,1834,1842,0,0,0,0,0,0
2025,720839,"Flat-rolled products of iron or non-alloy steel, hot-rolled, in coils",BGD,Bangladesh,2737790.5833333335,2946259.016666667,3194189.25,2417832.94,3194189.25,1.56,26,1.0,-0.24217412081475953,-0.08667370561184051,0.5249779572469286,0.7595136787408281,0,354486747640.06,8827.97,3.3,39436661.0,66.25,7.5,7.5,0.0,1.0,In Force,FTA,Goods,12,15,18,45,0,0,0,0,0,0
2025,720839,"Flat-rolled products of iron or non-alloy steel, hot-rolled, in coils",BRA,Brazil,2611694.5833333335,3217627.9933333336,3801431.23,1468957.45,1624595.07,0.95,26,1.0,-0.3598447789462871,-0.38003988109330034,-0.471891229220894,-0.5726359437522766,0,1214333384401.01,5179.26,2.3,230047193.0,35.25,7.5,7.5,0.0,1.0,In Force,PTA,Goods,206,430,5576,5635,0,0,0,0,0,0
2025,720839,"Flat-rolled products of iron or non-alloy steel, hot-rolled, in coils",CAN,Canada,3061414.496666666,3248863.1766666663,3309449.87,2325083.13,3309449.87,1.5,26,1.0,0.442064503987486,0.7147518029667337,-0.5950101625823311,-0.3769414662442958,0,1278428077415.3,30906.61,2.0,40356850.0,86.25,7.5,7.5,0.0,0.0,None,None,None,580,499,2609,3225,0,0,0,0,0,0
2025,720839,"Flat-rolled products of iron or non-alloy steel, hot-rolled, in coils",CHE,Switzerland,2155294.816666667,2616502.3533333335,1695969.16,197389.05,257045.99,0.13,26,1.0,-0.7963012647525622,-0.7912105438497433,-0.8693955723848009,-0.8484371083729798,0,354486747640.06,8827.97,3.3,39436661.0,66.25,7.5,7.5,0.0,0.0,None,None,None,68,13,1548,1560,0,0,0,0,0,0
2025,720839,"Flat-rolled products of iron or non-alloy steel, hot-rolled, in coils",CHL,Chile,1935193.64,2380658.3,1793523.86,3706597.16,4271228.27,2.39,26,1.0,1.09037361224537,0.9912400961233125,1.9635551911783087,1.3814727895494059,0,354486747640.06,8827.97,3.3,39436661.0,66.25,7.5,7.5,0.0,1.0,In Force,PTA,Goods,105,43,445,489,0,0,0,0,0,0
2025,720839,"Flat-rolled products of iron or non-alloy steel, hot-rolled, in coils",CHN,China,3288050.2166666663,3844800.6733333333,4418908.24,3686304.12,4418908.24,2.37,26,1.0,0.2555438546576838,0.3150403025338375,-0.03987502423254996,-0.030988652744774692,0,9300982450507.4,5588.1,8.3,1656339789.0,46.25,7.5,7.5,0.0,0.0,In Force,PTA,Goods,765,191,996,1676,0,0,0,0,0,0
2025,720839,"Flat-rolled products of iron or non-alloy steel, hot-rolled, in coils",COL,Colombia,2680787.6599999997,2887517.3000000003,3342297.2,972799.72,1191429.8,0.63,26,1.0,-0.4898570062733989,-0.46281856302446156,-0.708004811762805,-0.6435296657641207,0,354486747640.06,8827.97,3.3,39436661.0,66.25,7.5,7.5,0.0,0.0,None,None,None,33,165,246,394,0,0,0,0,0,0
2025,720839,"Flat-rolled products of iron or non-alloy steel, hot-rolled, in coils",DEU,Germany,4213720.303333334,4706668.583333333,5505173.75,2169616.48,2661868.07,1.4,26,1.0,-0.34241823770143076,-0.3313072142025216,-0.6022037502819051,-0.5164788268491043,0,2760472889424.06,24913.88,1.2,108056452.0,76.25,7.5,7.5,0.0,0.0,Under Negotiation,FTA,Goods & Services,879,112,9939,10026,0,0,0,0,0,0
2025,720839,"Flat-rolled products of iron or non-alloy steel, hot-rolled, in coils",EGY,Egypt,1978067.1366666667,2667741.8000000003,3396215.02,801415.37,1022189.77,0.52,26,1.0,-0.4627858632888452,-0.46601131913901417,-0.6598218553399682,-0.6990208912038499,0,290888340065.6,3140.67,4.0,92544699.0,49.25,7.5,7.5,0.0,0.0,None,None,None,41,24,74,127,0,0,0,0,0,0
2025,720839,"Flat-rolled products of iron or non-alloy steel, hot-rolled, in coils",ESP,Spain,3299974.0399999996,3936608.4200000004,5524528.45,455346.04,613262.48,0.29,26,1.0,-0.6627006631975754,-0.6668225574471309,-0.9163315557237427,-0.8918796247836018,0,354486747640.06,8827.97,3.3,39436661.0,66.25,7.5,7.5,0.0,0.0,None,None,None,432,50,4433,4769,0,0,0,0,0,0
2025,720839,"Flat-rolled products of iron or non-alloy steel, hot-rolled, in coils",FRA,France,4273328.443333333,4713061.223333334,5042790.35,3604806.94,3951156.33,2.32,26,1.0,-0.09924468306303691,-0.11483007429125625,-0.24463315382622597,-0.23207495831999925,0,1973285681586.82,24141.89,1.3,80056423.0,65.25,7.5,7.5,0.0,0.0,Under Negotiation,FTA,Goods & Services,808,142,14175,14370,0,0,0,0,0,0
2025,720839,"Flat-rolled products of iron or non-alloy steel, hot-rolled, in coils",GBR,United Kingdom of Great Britain and Northern Ireland,3409027.566666667,3855168.2166666663,4678663.01,3720972.94,5027154.8,2.39,26,1.0,0.356480278160928,0.6441491806349453,-0.17014521899695312,0.07448533678404967,0,2593000127109.38,32632.91,1.6,77427312.0,66.25,7.5,7.5,0.0,0.0,Under Negotiation,FTA,Goods & Services,1350,144,4976,5878,0,0,0,0,0,0
2025,720839,"Flat-rolled products of iron or non-alloy steel, hot-rolled, in coils",GHA,Ghana,2856556.8666666667,2814012.546666667,2437251.65,4800022.01,4474351.51,3.09,26,1.0,0.400769568355688,0.35492377463839264,2.6271806538408784,1.9235825306269083,0,354486747640.06,8827.97,3.3,39436661.0,66.25,7.5,7.5,0.0,0.0,None,None,None,11,5,45,62,0,0,0,0,0,0
2025,720839,"Flat-rolled products of iron or non-alloy steel, hot-rolled, in coils",HKG,"China, Hong Kong Special Administrative Region",2904175.1999999997,3591038.016666667,3423294.04,2567017.4,3423294.04,1.65,26,1.0,-0.19518251596283875,-0.16665073271915076,0.17622652537828487,0.4143124972132777,0,354486747640.06,8827.97,3.3,39436661.0,66.25,7.5,7.5,0.0,0.0,None,None,None,13,3,63,70,0,0,0,0,0,0
2025,720839,"Flat-rolled products of iron or non-alloy steel, hot-rolled, in coils",IDN,Indonesia,3214152.016666667,3640003.44,3285142.21,2758215.0,3285142.21,1.78,26,1.0,-0.14491750074655751,-0.1365123586067034,-0.11365284747962612,0.017420211592310775,0,558748565248.4,1981.66,4.8,277371187.0,66.25,0.0,7.5,7.5,1.0,In Force,FTA,Goods & Services,297,187,365,748,0,0,0,0,0,0
2025,720839,"Flat-rolled products of iron or non-alloy steel, hot-rolled, in coils",IRN,Iran (Islamic Republic of),5190193.489999999,5292818.786666666,5626149.95,5420606.36,5962180.13,3.49,26,1.0,0.14382642514441857,0.17887432311804052,-0.09759631561105853,0.05972648844863082,0,354486747640.06,8827.97,3.3,39436661.0,66.25,7.5,7.5,0.0,0.0,None,None,None,43,70,58,158,0,0,0,0,0,0
2025,720839,"Flat-rolled products of iron or non-alloy steel, hot-rolled, in coils",ISR,Israel,2196090.14,2676862.82,981082.8,149693.49,195479.32,0.1,26,1.0,-0.6107025504234996,-0.5536273478725557,-0.972537554463595,-0.9714796368874223,0,354486747640.06,8827.97,3.3,39436661.0,66.25,7.5,7.5,0.0,0.0,None,None,None,22,15,360,381,0,0,0,0,0,0
2025,720839,"Flat-rolled products of iron or non-alloy steel, hot-rolled, in coils",ITA,Italy,2553366.59,2955539.35,2992050.82,4151391.54,4458246.05,2.67,26,1.0,0.3588808291570891,0.22066792756819886,2.2933727841784783,2.147764866438594,0,1461972474319.65,19023.64,0.8,74798201.0,61.25,7.5,7.5,0.0,0.0,Under Negotiation,FTA,Goods & Services,327,61,5598,5803,0,0,0,0,0,0
2025,720839,"Flat-rolled products of iron or non-alloy steel, hot-rolled, in coils",JPN,Japan,2314459.2066666665,2482739.3733333335,1801920.61,216145.89,325886.31,0.14,26,1.0,-0.7980550483931038,-0.7525084025348786,-0.8485492359506313,-0.8191450232650266,0,6533340281527.44,38134.14,0.9,166685623.0,33.25,0.0,7.5,7.5,1.0,In Force,FTA & EIA,Goods & Services,1562,102,621,2170,0,0,0,0,0,0
2025,720839,"Flat-rolled products of iron or non-alloy steel, hot-rolled, in coils",KAZ,Kazakhstan,3777688.483333333,3615377.2399999998,4578431.28,4529635.91,4578431.28,2.92,26,1.0,-0.13206984697457302,-0.08732360381925874,4.730855266679861,4.936450333984073,0,354486747640.06,8827.97,3.3,39436661.0,66.25,7.5,7.5,0.0,0.0,None,None,None,3,27,67,85,0,0,0,0,0,0
2025,720839,"Flat-rolled products of iron or non-alloy steel, hot-rolled, in coils",KEN,Kenya,976130.6833333335,1178074.9166666667,1389582.07,375148.48,368524.49,0.24,26,1.0,-0.45420179201637645,-0.5444907025032837,-0.7100671866277992,-0.7347947286051735,0,354486747640.06,8827.97,3.3,39436661.0,66.25,7.5,7.5,0.0,0.0,None,None,None,7,38,27,72,0,0,0,0,0,0
2025,720839,"Flat-rolled products of iron or non-alloy steel, hot-rolled, in coils",KOR,Republic of Korea,3240280.86,3380319.43,3784219.94,147530.26,223441.32,0.09,26,1.0,-0.8432394979824407,-0.8091312869140527,-0.9586722961961316,-0.9409544573141431,0,1859749923928.23,29536.14,4.6,61784103.0,81.25,0.0,7.5,7.5,1.0,In Force,FTA & EIA,Goods & Services,76,29,232,279,0,0,0,0,0,0
2025,720839,"Flat-rolled products of iron or non-alloy steel, hot-rolled, in coils",KWT,Kuwait,4315683.41,4422389.306666667,5554443.75,6553294.2,6207437.75,4.22,26,1.0,0.11703235198189055,0.05714826168553233,4.739871873552979,3.12375855353553,0,354486747640.06,8827.97,3.3,39436661.0,66.25,7.5,7.5,0.0,0.0,None,None,None,13,2,19,31,0,0,0,0,0,0
2025,720839,"Flat-rolled products of iron or non-alloy steel, hot-rolled, in coils",LKA,Sri Lanka,2698126.4566666665,3816418.4766666666,4539833.3,3052727.32,4539833.3,1.96,26,1.0,-0.09239402168984767,-0.09311259644265513,1.2853941629171133,2.2672488321400017,0,354486747640.06,8827.97,3.3,39436661.0,66.25,7.5,7.5,0.0,1.0,In Force,FTA,Goods,21,19,118,151,0,0,0,0,0,0
2025,720839,"Flat-rolled products of iron or non-alloy steel, hot-rolled, in coils",MEX,Mexico,2991760.533333333,3583933.9800000004,5058188.28,4854093.85,5058188.28,3.12,26,1.0,1.8211913739823156,1.8936389345084477,0.3824169335562484,-0.006155572120998265,0,1188674554333.95,8882.55,1.9,130009527.0,71.25,7.5,7.5,0.0,0.0,None,None,None,110,95,869,969,0,0,0,0,0,0
2025,720839,"Flat-rolled products of iron or non-alloy steel, hot-rolled, in coils",MYS,Malaysia,1667106.72,1868020.4933333332,1156043.94,262118.66,341734.64,0.17,26,1.0,-0.423205597535264,-0.4563025063890731,-0.9336631673260372,-0.9167776189994321,0,303500855641.07,9683.98,4.6,30760596.0,191.25,7.5,7.5,0.0,1.0,In Force,FTA,Goods & Services,177,54,172,349,0,0,0,0,0,0
2025,720839,"Flat-rolled products of iron or non-alloy steel, hot-rolled, in coils",NGA,Nigeria,2734896.81,3292291.4600000004,3962072.18,4414468.32,5430762.74,2.84,26,1.0,2.3063355759375277,2.3495775026050643,0.30358539850520927,0.3706874820232653,0,204369543044.52,1260.94,4.3,160375757.0,56.25,7.5,7.5,0.0,0.0,None,None,None,41,23,101,163,0,0,1,1,0,0
2025,720839,"Flat-rolled products of iron or non-alloy steel, hot-rolled, in coils",NLD,Netherlands,3425409.1633333336,4268379.8133333335,4269964.11,1597270.35,1843293.41,1.03,26,1.0,-0.34749006324640375,-0.3429701165473017,-0.6758433163796878,-0.724547827944979,0,684132699691.79,31975.3,1.8,20901430.0,136.25,7.5,7.5,0.0,0.0,Under Negotiation,FTA,Goods & Services,531,23,1818,1876,0,0,0,0,0,0
2025,720839,"Flat-rolled products of iron or non-alloy steel, hot-rolled, in coils",NPL,Nepal,2755133.0399999996,3243153.7733333334,3283222.22,2992893.53,3283222.22,1.93,26,1.0,0.12604450035671455,0.06437681733001743,0.027731658982141028,-0.07467040274256376,0,354486747640.06,8827.97,3.3,39436661.0,66.25,7.5,7.5,0.0,1.0,In Force,PTA,Goods,1,44,20,63,0,0,0,0,0,0
2025,720839,"Flat-rolled products of iron or non-alloy steel, hot-rolled, in coils",NZL,New Zealand,3392997.2100000004,3772960.8433333333,2790758.42,2876090.23,2790758.42,1.85,26,1.0,0.08255485779168836,0.034991094485932406,-0.40683790984342283,-0.528817044727788,0,354486747640.06,8827.97,3.3,39436661.0,66.25,7.5,7.5,0.0,0.0,None,None,None,48,60,290,341,0,0,0,0,0,0
2025,720839,"Flat-rolled products of iron or non-alloy steel, hot-rolled, in coils",OMN,Oman,4434186.223333334,5087637.483333333,5030922.85,4779265.45,5030922.85,3.08,26,1.0,-0.03931200839191751,-0.06280286539689406,0.4288287704576823,0.11693611515187219,0,354486747640.06,8827.97,3.3,39436661.0,66.25,7.5,7.5,0.0,0.0,None,None,None,17,10,19,39,0,0,0,0,0,0
2025,720839,"Flat-rolled products of iron or non-alloy steel, hot-rolled, in coils",PHL,Philippines,2830907.956666667,2898119.0933333333,2366411.92,2314536.01,2121919.47,1.49,26,1.0,-0.26488460841857087,-0.289721812044906,0.22130069671774133,-0.10331779008318054,0,354486747640.06,8827.97,3.3,39436661.0,66.25,7.5,7.5,0.0,0.0,None,None,None,377,75,252,598,0,0,0,0,0,0
2025,720839,"Flat-rolled products of iron or non-alloy steel, hot-rolled, in coils",POL,Poland,3128822.85,3780281.7100000004,4000340.16,2552977.13,2985835.99,1.64,26,1.0,-0.12099125660083598,-0.13605814777576786,-0.27664084719832727,-0.3143368637863,0,354486747640.06,8827.97,3.3,39436661.0,66.25,7.5,7.5,0.0,0.0,None,None,None,79,24,1907,1952,0,0,0,0,0,0
2025,720839,"Flat-rolled products of iron or non-alloy steel, hot-rolled, in coils",QAT,Qatar,3171059.5399999996,3621218.8633333333,5207610.26,4922746.26,5207610.26,3.17,26,1.0,0.08625360689949257,-0.006010798689119912,5.0,5.0,0,354486747640.06,8827.97,3.3,39436661.0,66.25,7.5,7.5,0.0,0.0,None,None,None,11,2,19,29,0,0,0,0,0,0
2025,720839,"Flat-rolled products of iron or non-alloy steel, hot-rolled, in coils",RUS,Russian Federation,3161842.543333333,3452282.26,3771124.91,5444510.21,6232452.06,3.5,26,1.0,2.8105773144027197,3.2002603526203695,0.485110498819167,0.652677174248876,0,660552264556.61,3362.46,3.6,191925086.0,59.25,7.5,7.5,0.0,0.0,None,None,None,259,147,598,858,0,0,1,1,1,0
2025,720839,"Flat-rolled products of iron or non-alloy steel, hot-rolled, in coils",SAU,Saudi Arabia,3622883.983333333,5056562.933333333,4778349.38,2953142.33,4434942.08,1.9,26,1.0,-0.047492101739924464,-0.03660358546919551,-0.36635162371042784,-0.25543213005342325,0,415388277619.73,14929.51,3.0,27342752.0,73.25,7.5,7.5,0.0,0.0,Under Negotiation,FTA,Goods,38,35,43,95,0,0,0,0,0,0
2025,720839,"Flat-rolled products of iron or non-alloy steel, hot-rolled, in coils",SGP,Singapore,2523819.356666667,2790543.8200000003,2267141.14,4791172.59,5028692.24,3.08,26,1.0,0.6870125964089115,0.48932078210673313,3.368254285271422,3.6743829845795277,0,340929615341.57,63446.9,5.0,5258221.0,321.25,7.5,7.5,0.0,1.0,In Force,FTA & EIA,Goods & Services,15,5,22,27,1,1,0,0,0,0
2025,720839,"Flat-rolled products of iron or non-alloy steel, hot-rolled, in coils",SWE,Sweden,3216250.4066666667,3613716.5933333337,4132626.08,3890862.97,4543124.15,2.5,26,1.0,0.05547281248057123,0.04848988821863953,0.7176199068158529,1.0980535208838957,0,354486747640.06,8827.97,3.3,39436661.0,66.25,7.5,7.5,0.0,0.0,None,None,None,317,47,1005,1198,0,0,0,0,0,0
2025,720839,"Flat-rolled products of iron or non-alloy steel, hot-rolled, in coils",THA,Thailand,3480537.6,3808741.3866666667,3384878.55,4536314.54,5824345.73,2.92,26,1.0,0.429778512976396,0.6208422115154741,0.2306022383055859,0.720695630275503,0,335895377767.42,3988.94,3.8,82685533.0,126.25,7.5,7.5,0.0,1.0,In Force,FTA,Goods & Services,67,41,127,204,0,0,0,0,0,0
2025,720839,"Flat-rolled products of iron or non-alloy steel, hot-rolled, in coils",TUR,Türkiye,4489441.603333333,5012246.826666667,5443004.7,2894298.18,3871419.37,1.86,26,1.0,-0.31838324643451243,-0.17747487036501075,-0.3337848137361633,-0.2887348838777801,0,647529125689.17,7592.05,3.3,84263000.0,61.25,7.5,7.5,0.0,0.0,None,None,None,142,51,306,656,0,0,0,0,0,0
2025,720839,"Flat-rolled products of iron or non-alloy steel, hot-rolled, in coils",TWN,Taiwan,3646108.9066666663,3925665.426666667,3135435.17,5412657.21,5770227.49,3.48,26,1.0,0.35431816683121276,0.4176030524840324,1.102272094931422,0.8403274751804741,0,354486747640.06,8827.97,3.3,39436661.0,66.25,7.5,7.5,0.0,0.0,None,None,None,23,21,35,68,0,0,0,0,0,0
2025,720839,"Flat-rolled products of iron or non-alloy steel, hot-rolled, in coils",TZA,United Republic of Tanzania,2344622.296666667,2890182.52,2924135.17,2259042.41,2203830.39,1.45,26,1.0,-0.023466836621252485,-0.21126860511609213,-0.06104236057621515,-0.24633087669498988,0,354486747640.06,8827.97,3.3,39436661.0,66.25,7.5,7.5,0.0,0.0,None,None,None,20,30,33,71,0,0,0,0,0,0
2025,720839,"Flat-rolled products of iron or non-alloy steel, hot-rolled, in coils",USA,United States of America,2222933.393333333,2888825.0566666666,2961697.67,2005907.22,2591589.07,1.29,26,1.0,-0.12688550939320997,-0.08761031663377794,-0.012648795134865942,-0.12496501710820296,0,18097338437760.06,47718.36,2.1,370704619.0,36.25,7.5,7.5,0.0,0.0,None,None,None,1765,2105,19117,20895,0,0,0,0,0,0
2025,720839,"Flat-rolled products of iron or non-alloy steel, hot-rolled, in coils",VNM,Viet Nam,3943464.4800000004,3999127.676666667,3953746.7,6247834.13,5827653.14,4.02,26,1.0,1.0384686738525657,0.6216742344973958,0.5317084095579858,0.473957130333748,0,160562089452.67,1522.87,6.6,105032975.0,121.25,0.0,7.5,7.5,1.0,In Force,FTA,Goods & Services,132,31,175,241,0,0,0,0,0,0
2025,720839,"Flat-rolled products of iron or non-alloy steel, hot-rolled, in coils",ZAF,South Africa,3428129.0366666666,3836437.8666666667,4202415.02,4354683.8,4202415.02,2.8,26,1.0,0.011286094225668508,-0.06248058312768112,1.6049824639930859,0.663873231303449,0,261888231492.08,4360.27,2.0,59023536.0,63.25,7.5,7.5,0.0,1.0,Under Negotiation,PTA,Goods,60,85,696,793,0,0,0,0,0,0
2025,730890,Structures and parts of structures of iron or steel (Infrastructure & Towers),AGO,Angola,7190471.760000001,3199876.096666666,2875939.6,7372168.52,2875939.6,1.78,26,1.0,0.008434347351876204,-0.14789698802436269,0.06076179189048503,0.04096110526003138,0,354486747640.06,8827.97,3.3,39436661.0,66.25,10.0,10.0,0.0,0.0,None,None,None,35,40,13,81,0,0,0,0,0,0
2025,730890,Structures and parts of structures of iron or steel (Infrastructure & Towers),ARE,United Arab Emirates,9779370.556666667,4419706.25,5034671.36,11612353.4,5218449.31,2.81,26,1.0,0.059168484198334426,0.018087654345615878,0.5746478829310184,0.7360121900005552,0,290888340065.6,69094.67,4.0,4206577.0,151.25,0.0,10.0,10.0,1.0,In Force,FTA & EIA,Goods & Services,44,10,35,75,0,0,1,1,1,0
2025,730890,Structures and parts of structures of iron or steel (Infrastructure & Towers),ARG,Argentina,6357957.260000001,3747626.5400000005,2211167.95,11297336.66,6960861.41,2.73,26,1.0,0.5956347857511308,0.7742737534211703,2.383110367488843,2.3613542922203554,0,354486747640.06,8827.97,3.3,39436661.0,66.25,10.0,10.0,0.0,1.0,In Force,PTA,Goods,104,113,458,602,0,0,0,0,0,0
2025,730890,Structures and parts of structures of iron or steel (Infrastructure & Towers),AUS,Australia,5970855.236666667,3352486.68,2428293.58,9928561.3,5963755.94,2.4,26,1.0,0.5221243224502476,0.5671455551235534,1.6843695462117636,2.5809524849143015,0,827705732805.53,32270.26,2.6,25108007.0,51.25,10.0,10.0,0.0,1.0,In Force,FTA,Goods & Services,378,622,1830,2593,0,0,0,0,0,0
2025,730890,Structures and parts of structures of iron or steel (Infrastructure & Towers),AUT,Austria,6515506.346666667,3277610.266666667,2618621.87,3390264.98,2089210.73,0.82,26,1.0,-0.4278504430266472,-0.3615244583217514,-0.41544315780426344,-0.20217166367773354,0,354486747640.06,8827.97,3.3,39436661.0,66.25,10.0,10.0,0.0,0.0,None,None,None,111,11,1349,1394,0,0,0,0,0,0
2025,730890,Structures and parts of structures of iron or steel (Infrastructure & Towers),BEL,Belgium,3366040.1666666665,1526433.46,1574506.9,5030989.29,2476210.06,1.22,26,1.0,1.044740761622383,1.1643972504302118,0.3020755099339316,0.5726892400398038,0,354486747640.06,8827.97,3.3,39436661.0,66.25,10.0,10.0,0.0,0.0,None,None,None,484,11,1834,1842,0,0,0,0,0,0
2025,730890,Structures and parts of structures of iron or steel (Infrastructure & Towers),BGD,Bangladesh,11987575.223333335,5186048.366666666,5395998.85,11803876.61,5395998.85,2.86,26,1.0,-0.092204318225938,-0.063399622703188,0.20014533074077123,0.3453340505421354,0,354486747640.06,8827.97,3.3,39436661.0,66.25,10.0,10.0,0.0,1.0,In Force,FTA,Goods,12,15,18,45,0,0,0,0,0,0
2025,730890,Structures and parts of structures of iron or steel (Infrastructure & Towers),BRA,Brazil,5963651.399999999,2837523.6199999996,3203141.9,560215.73,326507.07,0.14,26,1.0,-0.7775766056210308,-0.7440210489228041,-0.906737677643811,-0.8980666232738868,0,1214333384401.01,5179.26,2.3,230047193.0,35.25,10.0,10.0,0.0,1.0,In Force,PTA,Goods,206,430,5576,5635,0,0,0,0,0,0
2025,730890,Structures and parts of structures of iron or steel (Infrastructure & Towers),CAN,Canada,10244489.6,5228366.003333334,5731940.78,10762637.69,5731940.78,2.61,26,1.0,0.01291363406334356,-0.03015213020420293,0.13519518023027977,0.4852399041305866,0,1278428077415.3,30906.61,2.0,40356850.0,86.25,10.0,10.0,0.0,0.0,None,None,None,580,499,2609,3225,0,0,0,0,0,0
2025,730890,Structures and parts of structures of iron or steel (Infrastructure & Towers),CHE,Switzerland,2612640.5400000005,1554673.826666667,1465055.06,2818146.48,1465055.06,0.68,26,1.0,0.5780344024387729,0.7719399250743089,-0.27518242803923243,-0.4638122047978198,0,354486747640.06,8827.97,3.3,39436661.0,66.25,10.0,10.0,0.0,0.0,None,None,None,68,13,1548,1560,0,0,0,0,0,0
2025,730890,Structures and parts of structures of iron or steel (Infrastructure & Towers),CHL,Chile,4489388.223333334,2627960.6766666668,1176527.78,9772846.73,5902230.62,2.37,26,1.0,1.2799296768592767,1.2397884169021212,4.383806577974807,5.0,0,354486747640.06,8827.97,3.3,39436661.0,66.25,10.0,10.0,0.0,1.0,In Force,PTA,Goods,105,43,445,489,0,0,0,0,0,0
2025,730890,Structures and parts of structures of iron or steel (Infrastructure & Towers),CHN,China,5153530.956666667,2147753.11,1681283.57,8933841.56,3517108.94,2.16,26,1.0,0.509435874928194,0.4463467557478935,2.4286522707141955,1.825289326931514,0,9300982450507.4,5588.1,8.3,1656339789.0,46.25,10.0,10.0,0.0,0.0,In Force,PTA,Goods,765,191,996,1676,0,0,0,0,0,0
2025,730890,Structures and parts of structures of iron or steel (Infrastructure & Towers),COL,Colombia,7996668.0200000005,3256293.7600000002,2147895.16,15287633.17,6217589.71,3.7,26,1.0,1.111504610819356,1.1048485351141375,1.8989757865063472,1.8947361238977352,0,354486747640.06,8827.97,3.3,39436661.0,66.25,10.0,10.0,0.0,0.0,None,None,None,33,165,246,394,0,0,0,0,0,0
2025,730890,Structures and parts of structures of iron or steel (Infrastructure & Towers),DEU,Germany,9804291.263333334,5685689.303333334,5603682.05,9406037.21,5593908.36,2.28,26,1.0,0.0918403249590134,-0.0008724580856739328,-0.22370840465803477,-0.045323007043026386,0,2760472889424.06,24913.88,1.2,108056452.0,76.25,10.0,10.0,0.0,0.0,Under Negotiation,FTA,Goods & Services,879,112,9939,10026,0,0,0,0,0,0
2025,730890,Structures and parts of structures of iron or steel (Infrastructure & Towers),EGY,Egypt,5780832.696666666,3791352.426666667,3936421.8,5531699.01,3936421.8,1.34,26,1.0,0.027222665134281954,0.09767005584938149,-0.15783270667787996,-0.05614270847579894,0,290888340065.6,3140.67,4.0,92544699.0,49.25,10.0,10.0,0.0,0.0,None,None,None,41,24,74,127,0,0,0,0,0,0
2025,730890,Structures and parts of structures of iron or steel (Infrastructure & Towers),ESP,Spain,3152033.9333333336,2019126.39,1536814.29,6013827.18,4143669.52,1.46,26,1.0,2.172542861833283,2.3157529140486663,1.1139887251343406,1.6962721175616498,0,354486747640.06,8827.97,3.3,39436661.0,66.25,10.0,10.0,0.0,0.0,None,None,None,432,50,4433,4769,0,0,0,0,0,0
2025,730890,Structures and parts of structures of iron or steel (Infrastructure & Towers),FRA,France,8766968.41,4703219.25,5055146.42,9940800.98,5055146.42,2.41,26,1.0,0.0062793453161307244,-0.10917156848993947,0.5193077311561394,0.8831422804537874,0,1973285681586.82,24141.89,1.3,80056423.0,65.25,10.0,10.0,0.0,0.0,Under Negotiation,FTA,Goods & Services,808,142,14175,14370,0,0,0,0,0,0
2025,730890,Structures and parts of structures of iron or steel (Infrastructure & Towers),GBR,United Kingdom of Great Britain and Northern Ireland,9805600.033333333,5474706.036666666,5317599.98,9839939.48,5317599.98,2.38,26,1.0,0.15600448497808794,0.0906467813702545,-0.19434209237395395,-0.198686880217267,0,2593000127109.38,32632.91,1.6,77427312.0,66.25,10.0,10.0,0.0,0.0,Under Negotiation,FTA,Goods & Services,1350,144,4976,5878,0,0,0,0,0,0
2025,730890,Structures and parts of structures of iron or steel (Infrastructure & Towers),GHA,Ghana,5809336.793333333,3397523.276666667,4401922.72,6405179.13,4401922.72,1.55,26,1.0,0.6381421823192663,0.8134626104301805,-0.2583134407001897,-0.01127626424132,0,354486747640.06,8827.97,3.3,39436661.0,66.25,10.0,10.0,0.0,0.0,None,None,None,11,5,45,62,0,0,0,0,0,0
2025,730890,Structures and parts of structures of iron or steel (Infrastructure & Towers),HKG,"China, Hong Kong Special Administrative Region",2190705.816666667,1086933.2233333334,825682.82,4487432.23,2083743.92,1.09,26,1.0,0.7849231303859341,0.5886036229588951,5.0,4.930291556592222,0,354486747640.06,8827.97,3.3,39436661.0,66.25,10.0,10.0,0.0,0.0,None,None,None,13,3,63,70,0,0,0,0,0,0
2025,730890,Structures and parts of structures of iron or steel (Infrastructure & Towers),IDN,Indonesia,7852011.893333334,3215142.806666667,3210690.08,6827572.06,2866218.2,1.65,26,1.0,-0.11656920870970111,-0.10378842527292886,-0.14443733953790672,-0.10728904734426825,0,558748565248.4,1981.66,4.8,277371187.0,66.25,10.0,10.0,0.0,1.0,In Force,FTA,Goods & Services,297,187,365,748,0,0,0,0,0,0
2025,730890,Structures and parts of structures of iron or steel (Infrastructure & Towers),IRN,Iran (Islamic Republic of),6023079.850000001,3311630.0700000003,3068194.13,9004385.07,5466711.22,2.18,26,1.0,0.6620156175842142,0.9760657773928301,0.5511142011099535,0.781735766503868,0,354486747640.06,8827.97,3.3,39436661.0,66.25,10.0,10.0,0.0,0.0,None,None,None,43,70,58,158,0,0,0,0,0,0
2025,730890,Structures and parts of structures of iron or steel (Infrastructure & Towers),ISR,Israel,11151833.956666665,4833572.086666667,4542755.98,11394554.76,4442285.55,2.76,26,1.0,0.041706325865817906,-0.011120141217944024,-0.014356636892688956,-0.19460704855610766,0,354486747640.06,8827.97,3.3,39436661.0,66.25,10.0,10.0,0.0,0.0,None,None,None,22,15,360,381,0,0,0,0,0,0
2025,730890,Structures and parts of structures of iron or steel (Infrastructure & Towers),ITA,Italy,10707767.5,4800127.32,5765770.9,14632179.26,6133940.18,3.54,26,1.0,0.5763406437364984,0.5661793724204764,0.2611157451958763,0.06385430263955416,0,1461972474319.65,19023.64,0.8,74798201.0,61.25,10.0,10.0,0.0,0.0,Under Negotiation,FTA,Goods & Services,327,61,5598,5803,0,0,0,0,0,0
2025,730890,Structures and parts of structures of iron or steel (Infrastructure & Towers),JPN,Japan,6724539.396666667,4097227.92,4400507.39,10382895.73,6945661.71,2.51,26,1.0,0.13092608856173937,0.25633493444737887,5.0,5.0,0,6533340281527.44,38134.14,0.9,166685623.0,33.25,10.0,10.0,0.0,1.0,In Force,FTA & EIA,Goods & Services,1562,102,621,2170,0,0,0,0,0,0
2025,730890,Structures and parts of structures of iron or steel (Infrastructure & Towers),KAZ,Kazakhstan,10855227.783333333,4983876.733333333,5364804.57,12646751.44,5364804.57,3.06,26,1.0,0.5203183921857664,0.21109040382532096,-0.12463405928620686,-0.09518717281586364,0,354486747640.06,8827.97,3.3,39436661.0,66.25,10.0,10.0,0.0,0.0,None,None,None,3,27,67,85,0,0,0,0,0,0
2025,730890,Structures and parts of structures of iron or steel (Infrastructure & Towers),KEN,Kenya,5112038.203333334,2735331.283333333,2756923.65,4619448.9,2960037.61,1.12,26,1.0,0.031354870933696155,0.09051921701790411,-0.2752469611728666,0.07367413312259363,0,354486747640.06,8827.97,3.3,39436661.0,66.25,10.0,10.0,0.0,0.0,None,None,None,7,38,27,72,0,0,0,0,0,0
2025,730890,Structures and parts of structures of iron or steel (Infrastructure & Towers),KOR,Republic of Korea,6533299.563333333,2870201.92,2647722.0,6659875.43,2647722.0,1.61,26,1.0,-0.2723390632259275,-0.32254957513438776,5.0,5.0,0,1859749923928.23,29536.14,4.6,61784103.0,81.25,10.0,10.0,0.0,1.0,In Force,FTA & EIA,Goods & Services,76,29,232,279,0,0,0,0,0,0
2025,730890,Structures and parts of structures of iron or steel (Infrastructure & Towers),KWT,Kuwait,6248913.533333334,2867101.5133333337,1954923.96,13663180.73,5897008.19,3.31,26,1.0,2.311225827732163,1.8052206135364242,2.560531954730459,2.016489802496965,0,354486747640.06,8827.97,3.3,39436661.0,66.25,10.0,10.0,0.0,0.0,None,None,None,13,2,19,31,0,0,0,0,0,0
2025,730890,Structures and parts of structures of iron or steel (Infrastructure & Towers),LKA,Sri Lanka,6543520.096666667,3141181.0933333333,3181682.78,9819731.66,5352779.33,2.38,26,1.0,0.09376186889244886,0.2970634789068627,5.0,5.0,0,354486747640.06,8827.97,3.3,39436661.0,66.25,10.0,10.0,0.0,1.0,In Force,FTA,Goods,21,19,118,151,0,0,0,0,0,0
2025,730890,Structures and parts of structures of iron or steel (Infrastructure & Towers),MEX,Mexico,3864917.8866666667,2269943.53,2502170.7,2725116.31,1472563.89,0.66,26,1.0,-0.22506320789223222,-0.23285297329824584,-0.37089900563453493,-0.4805946994389324,0,1188674554333.95,8882.55,1.9,130009527.0,71.25,10.0,10.0,0.0,0.0,None,None,None,110,95,869,969,0,0,0,0,0,0
2025,730890,Structures and parts of structures of iron or steel (Infrastructure & Towers),MYS,Malaysia,4341114.916666667,2145217.966666667,953055.75,566738.28,375418.66,0.14,26,1.0,-0.7667151609453622,-0.7288763722064839,-0.7225678592613218,-0.6060895073560952,0,303500855641.07,9683.98,4.6,30760596.0,191.25,10.0,10.0,0.0,1.0,In Force,FTA,Goods & Services,177,54,172,349,0,0,0,0,0,0
2025,730890,Structures and parts of structures of iron or steel (Infrastructure & Towers),NGA,Nigeria,7431426.616666667,4032517.193333334,4073748.29,8695754.96,4272603.86,2.11,26,1.0,0.18247024196778838,0.02411615891870378,0.17837683754387257,0.13899672350900882,0,204369543044.52,1260.94,4.3,160375757.0,56.25,10.0,10.0,0.0,0.0,None,None,None,41,23,101,163,0,0,1,1,0,0
2025,730890,Structures and parts of structures of iron or steel (Infrastructure & Towers),NLD,Netherlands,9122396.063333333,4660805.28,5346902.99,11460660.53,5346902.99,2.77,26,1.0,0.22001017516948984,0.3366042323031093,0.3965057295021368,-0.05240141566476786,0,684132699691.79,31975.3,1.8,20901430.0,136.25,10.0,10.0,0.0,0.0,Under Negotiation,FTA,Goods & Services,531,23,1818,1876,0,0,0,0,0,0
2025,730890,Structures and parts of structures of iron or steel (Infrastructure & Towers),NPL,Nepal,5260861.846666667,2711892.3066666666,3185542.47,6322627.87,3932774.0,1.53,26,1.0,-0.06690720791764804,0.11111189067455607,1.8764107303691846,2.8656643277180023,0,354486747640.06,8827.97,3.3,39436661.0,66.25,10.0,10.0,0.0,1.0,In Force,PTA,Goods,1,44,20,63,0,0,0,0,0,0
2025,730890,Structures and parts of structures of iron or steel (Infrastructure & Towers),NZL,New Zealand,6199965.563333333,3347572.8266666667,4086793.31,8118513.84,4086793.31,1.97,26,1.0,0.6381615050190679,0.5477699600973938,0.08883893404234322,-0.03839280199762252,0,354486747640.06,8827.97,3.3,39436661.0,66.25,10.0,10.0,0.0,0.0,None,None,None,48,60,290,341,0,0,0,0,0,0
2025,730890,Structures and parts of structures of iron or steel (Infrastructure & Towers),OMN,Oman,6978002.48,3456361.263333333,2764443.27,13724842.72,6031647.2,3.32,26,1.0,1.1359813373500995,0.9581886382149907,2.2671003030870085,1.1818668754949053,0,354486747640.06,8827.97,3.3,39436661.0,66.25,10.0,10.0,0.0,0.0,None,None,None,17,10,19,39,0,0,0,0,0,0
2025,730890,Structures and parts of structures of iron or steel (Infrastructure & Towers),PHL,Philippines,7738730.146666667,3897689.596666666,3943958.58,4957077.52,3224977.59,1.2,26,1.0,-0.12742509181349104,-0.09573196770553838,-0.5780680628082011,-0.2871611288001352,0,354486747640.06,8827.97,3.3,39436661.0,66.25,10.0,10.0,0.0,0.0,None,None,None,377,75,252,598,0,0,0,0,0,0
2025,730890,Structures and parts of structures of iron or steel (Infrastructure & Towers),POL,Poland,4675626.06,3036493.7999999993,4252941.09,6671410.87,4252941.09,1.61,26,1.0,2.1453325237248677,2.0324492939401404,-0.001453003701972655,-0.0321137191148525,0,354486747640.06,8827.97,3.3,39436661.0,66.25,10.0,10.0,0.0,0.0,None,None,None,79,24,1907,1952,0,0,0,0,0,0
2025,730890,Structures and parts of structures of iron or steel (Infrastructure & Towers),QAT,Qatar,7663144.363333334,3988953.4166666665,5039041.17,8855173.48,5039041.17,2.14,26,1.0,1.1194801186126435,0.9087754132869428,-0.271959591373775,-0.09120792184370263,0,354486747640.06,8827.97,3.3,39436661.0,66.25,0.0,10.0,10.0,0.0,None,None,None,11,2,19,29,0,0,0,0,0,0
2025,730890,Structures and parts of structures of iron or steel (Infrastructure & Towers),RUS,Russian Federation,5602138.04,2979863.1033333335,2738324.39,2236921.21,1297467.98,0.54,26,1.0,-0.4684998408577272,-0.48562235562586675,-0.6636701948335075,-0.5261817830138356,0,660552264556.61,3362.46,3.6,191925086.0,59.25,10.0,10.0,0.0,0.0,None,None,None,259,147,598,858,0,0,1,1,1,0
2025,730890,Structures and parts of structures of iron or steel (Infrastructure & Towers),SAU,Saudi Arabia,10190037.17,4389257.093333333,5532255.01,3494573.56,1650906.9,0.85,26,1.0,-0.5095144860265575,-0.47477742177621163,-0.7215408062665103,-0.7015851769277531,0,415388277619.73,14929.51,3.0,27342752.0,73.25,4.0,10.0,6.0,0.0,Under Negotiation,FTA,Goods,38,35,43,95,0,0,0,0,0,0
2025,730890,Structures and parts of structures of iron or steel (Infrastructure & Towers),SGP,Singapore,8966389.99,4602644.69,4006713.0,5804695.86,4006713.0,1.41,26,1.0,-0.36545658587332874,-0.20783226989117864,-0.1307831088237411,0.17281431845674433,0,340929615341.57,63446.9,5.0,5258221.0,321.25,10.0,10.0,0.0,1.0,In Force,FTA & EIA,Goods & Services,15,5,22,27,1,1,0,0,0,0
2025,730890,Structures and parts of structures of iron or steel (Infrastructure & Towers),SWE,Sweden,7958862.493333333,4218917.1899999995,4072593.51,9544368.17,4072593.51,2.31,26,1.0,0.1324435511912161,-0.08754103013289793,0.3852893177474983,0.10289721643391103,0,354486747640.06,8827.97,3.3,39436661.0,66.25,10.0,10.0,0.0,0.0,None,None,None,317,47,1005,1198,0,0,0,0,0,0
2025,730890,Structures and parts of structures of iron or steel (Infrastructure & Towers),THA,Thailand,4150228.53,2401031.2033333336,316498.99,11375270.12,6593500.7,2.75,26,1.0,3.628458862063228,3.7430163702408636,5.0,5.0,0,335895377767.42,3988.94,3.8,82685533.0,126.25,10.0,10.0,0.0,1.0,In Force,FTA,Goods & Services,67,41,127,204,0,0,0,0,0,0
2025,730890,Structures and parts of structures of iron or steel (Infrastructure & Towers),TUR,Türkiye,7112316.693333332,3293998.5366666666,3256810.32,11848018.56,6070658.72,2.87,26,1.0,0.1899872712413757,0.3652798369910808,5.0,5.0,0,647529125689.17,7592.05,3.3,84263000.0,61.25,10.0,10.0,0.0,0.0,None,None,None,142,51,306,656,0,0,0,0,0,0
2025,730890,Structures and parts of structures of iron or steel (Infrastructure & Towers),TWN,Taiwan,8804095.273333333,4391896.073333333,4353200.97,4144928.61,2703983.36,1.0,26,1.0,-0.4670515117606078,-0.33521779280903663,-0.4598941838254691,-0.37885170507085986,0,354486747640.06,8827.97,3.3,39436661.0,66.25,10.0,10.0,0.0,0.0,None,None,None,23,21,35,68,0,0,0,0,0,0
2025,730890,Structures and parts of structures of iron or steel (Infrastructure & Towers),TZA,United Republic of Tanzania,1837229.55,1003688.14,147343.05,304836.17,131286.17,0.07,26,1.0,0.0017610599649420244,-0.05605940939791609,-0.9378277071824151,-0.9519526867462577,0,354486747640.06,8827.97,3.3,39436661.0,66.25,10.0,10.0,0.0,0.0,None,None,None,20,30,33,71,0,0,0,0,0,0
2025,730890,Structures and parts of structures of iron or steel (Infrastructure & Towers),USA,United States of America,8035506.783333334,4306538.28,5438888.95,12383209.83,5464729.42,3.0,26,1.0,0.9123866461426058,0.6464155071487454,0.48526919251520084,0.004751056739078052,0,18097338437760.06,47718.36,2.1,370704619.0,36.25,3.0,10.0,7.0,0.0,None,None,None,1765,2105,19117,20895,0,0,0,0,0,0
2025,730890,Structures and parts of structures of iron or steel (Infrastructure & Towers),VNM,Viet Nam,5096599.863333333,2775172.9299999997,2648617.44,1891133.14,1341623.52,0.46,26,1.0,-0.5254589892432313,-0.4437028125520526,-0.6218256319160012,-0.49346270256398617,0,160562089452.67,1522.87,6.6,105032975.0,121.25,10.0,10.0,0.0,1.0,In Force,FTA,Goods & Services,132,31,175,241,0,0,0,0,0,0
2025,730890,Structures and parts of structures of iron or steel (Infrastructure & Towers),ZAF,South Africa,7567780.813333333,3599815.8066666666,3856168.64,7158609.32,3856168.64,1.73,26,1.0,0.10376829307131552,0.12283775499020133,-0.2596217586802805,-0.007340348187224954,0,261888231492.08,4360.27,2.0,59023536.0,63.25,10.0,10.0,0.0,1.0,Under Negotiation,PTA,Goods,60,85,696,793,0,0,0,0,0,0
2025,760110,"Aluminium, not alloyed, unwrought",AGO,Angola,6934581.850000001,3089416.9599999995,2964842.67,7009137.82,2964842.67,1.73,26,1.0,0.045977165119368335,0.08254768678919389,-0.051295791988613226,-0.21429559942987053,0,354486747640.06,8827.97,3.3,39436661.0,66.25,7.5,7.5,0.0,0.0,None,None,None,35,40,13,81,0,0,0,0,0,0
2025,760110,"Aluminium, not alloyed, unwrought",ARE,United Arab Emirates,12984924.356666667,5290155.096666667,5879833.59,13607756.19,5879833.59,3.36,26,1.0,0.1588880706338356,0.2167371906645741,-0.1056250149398491,-0.02311747278577503,0,290888340065.6,69094.67,4.0,4206577.0,151.25,0.0,7.5,7.5,1.0,In Force,FTA & EIA,Goods & Services,44,10,35,75,0,0,1,1,1,0
2025,760110,"Aluminium, not alloyed, unwrought",ARG,Argentina,8177866.349999999,3835494.053333333,4147486.62,12396977.85,5751542.92,3.06,26,1.0,1.0464413178138785,0.8915729378250568,0.35095615174033834,0.38675382152254256,0,354486747640.06,8827.97,3.3,39436661.0,66.25,7.5,7.5,0.0,1.0,In Force,PTA,Goods,104,113,458,602,0,0,0,0,0,0
2025,760110,"Aluminium, not alloyed, unwrought",AUS,Australia,7230032.703333333,3109629.0100000002,4020647.69,451496.59,184036.48,0.11,26,1.0,-0.813738694961217,-0.8104870893658177,-0.9451044601863898,-0.9542271558739944,0,827705732805.53,32270.26,2.6,25108007.0,51.25,7.5,7.5,0.0,1.0,In Force,FTA,Goods & Services,378,622,1830,2593,0,0,0,0,0,0
2025,760110,"Aluminium, not alloyed, unwrought",AUT,Austria,4535511.506666667,1934548.3066666666,1523387.82,497959.29,220405.93,0.12,26,1.0,-0.7679993724880134,-0.7669996459460473,-0.8708947791442713,-0.8553185688462079,0,354486747640.06,8827.97,3.3,39436661.0,66.25,7.5,7.5,0.0,0.0,None,None,None,111,11,1349,1394,0,0,0,0,0,0
2025,760110,"Aluminium, not alloyed, unwrought",BEL,Belgium,5336051.9799999995,2355081.9133333336,1324382.55,10144079.1,4509460.76,2.5,26,1.0,0.9002921542717399,0.9136490888238669,2.320542209543729,2.404953319565102,0,354486747640.06,8827.97,3.3,39436661.0,66.25,7.5,7.5,0.0,0.0,None,None,None,484,11,1834,1842,0,0,0,0,0,0
2025,760110,"Aluminium, not alloyed, unwrought",BGD,Bangladesh,8535238.353333334,3772083.8400000003,3495170.31,7403722.85,3013989.98,1.83,26,1.0,-0.08909241968395853,-0.2081740693017795,-0.2021149450611487,-0.1376700667844888,0,354486747640.06,8827.97,3.3,39436661.0,66.25,7.5,7.5,0.0,1.0,In Force,FTA,Goods,12,15,18,45,0,0,0,0,0,0
2025,760110,"Aluminium, not alloyed, unwrought",BRA,Brazil,9393634.376666667,3774047.4133333336,5388089.81,862344.44,448603.98,0.21,26,1.0,-0.74699624684607,-0.7114546046687634,-0.9377221194183053,-0.9182192697481428,0,1214333384401.01,5179.26,2.3,230047193.0,35.25,7.5,7.5,0.0,1.0,In Force,PTA,Goods,206,430,5576,5635,0,0,0,0,0,0
2025,760110,"Aluminium, not alloyed, unwrought",CAN,Canada,7143497.016666666,3004278.4500000007,4166840.0,9038198.67,4166840.0,2.23,26,1.0,2.4212900163440767,2.2863880227472575,-0.22219548043690518,-0.0657705731409185,0,1278428077415.3,30906.61,2.0,40356850.0,86.25,7.5,7.5,0.0,0.0,None,None,None,580,499,2609,3225,0,0,0,0,0,0
2025,760110,"Aluminium, not alloyed, unwrought",CHE,Switzerland,9068756.520000001,3813943.8800000004,3566873.88,10644177.67,4690115.5,2.63,26,1.0,0.2305960816395758,0.2135224225057062,0.11652674689257347,0.31490926166379785,0,354486747640.06,8827.97,3.3,39436661.0,66.25,7.5,7.5,0.0,0.0,None,None,None,68,13,1548,1560,0,0,0,0,0,0
2025,760110,"Aluminium, not alloyed, unwrought",CHL,Chile,8116083.816666666,3737415.8333333335,2456929.82,14804353.35,6676229.65,3.65,26,1.0,0.7786756822564942,0.7919636451612395,2.043385187391766,1.7173057999667587,0,354486747640.06,8827.97,3.3,39436661.0,66.25,7.5,7.5,0.0,1.0,In Force,PTA,Goods,105,43,445,489,0,0,0,0,0,0
2025,760110,"Aluminium, not alloyed, unwrought",CHN,China,7522094.18,3562461.25,2169530.29,4414988.32,2169530.29,1.09,26,1.0,-0.0035514476273178497,0.1339755891924863,-0.6778504514139112,-0.6823846927048658,0,9300982450507.4,5588.1,8.3,1656339789.0,46.25,7.5,7.5,0.0,0.0,In Force,PTA,Goods,765,191,996,1676,0,0,0,0,0,0
2025,760110,"Aluminium, not alloyed, unwrought",COL,Colombia,4802502.623333333,1968554.5133333334,1285953.54,9456932.52,3675662.84,2.33,26,1.0,0.768495946325443,0.6906557842672492,3.9079721257760625,2.893516124762354,0,354486747640.06,8827.97,3.3,39436661.0,66.25,7.5,7.5,0.0,0.0,None,None,None,33,165,246,394,0,0,0,0,0,0
2025,760110,"Aluminium, not alloyed, unwrought",DEU,Germany,11195663.25,5065560.56,5193617.7,15397336.8,6413312.63,3.8,26,1.0,0.42589015439168665,0.33662328239878825,0.45031360417052935,0.23484495787950754,0,2760472889424.06,24913.88,1.2,108056452.0,76.25,3.0,7.5,4.5,0.0,Under Negotiation,FTA,Goods & Services,879,112,9939,10026,0,0,0,0,0,0
2025,760110,"Aluminium, not alloyed, unwrought",EGY,Egypt,9217721.526666665,3770764.7300000004,4819332.15,10748447.9,4819332.15,2.65,26,1.0,-0.1775816665590676,-0.10232344835577922,5.0,5.0,0,290888340065.6,3140.67,4.0,92544699.0,49.25,7.5,7.5,0.0,0.0,None,None,None,41,24,74,127,0,0,0,0,0,0
2025,760110,"Aluminium, not alloyed, unwrought",ESP,Spain,6181635.263333335,2427997.0066666664,3245340.53,929220.69,482934.46,0.23,26,1.0,-0.6658245596232288,-0.6142428707338036,-0.9000278390233003,-0.8641808131118209,0,354486747640.06,8827.97,3.3,39436661.0,66.25,7.5,7.5,0.0,0.0,None,None,None,432,50,4433,4769,0,0,0,0,0,0
2025,760110,"Aluminium, not alloyed, unwrought",FRA,France,5744229.16,3071607.0100000002,2708629.0,10645509.99,5812913.0,2.63,26,1.0,0.4481306248892736,0.46494779887417503,5.0,5.0,0,1973285681586.82,24141.89,1.3,80056423.0,65.25,7.5,7.5,0.0,0.0,Under Negotiation,FTA,Goods & Services,808,142,14175,14370,0,0,0,0,0,0
2025,760110,"Aluminium, not alloyed, unwrought",GBR,United Kingdom of Great Britain and Northern Ireland,9062184.453333333,3723905.44,4232442.68,10816839.14,4232442.68,2.67,26,1.0,0.26278805901348035,0.29535458092218714,0.12834798614990106,-0.04175625244479064,0,2593000127109.38,32632.91,1.6,77427312.0,66.25,7.5,7.5,0.0,0.0,Under Negotiation,FTA,Goods & Services,1350,144,4976,5878,0,0,0,0,0,0
2025,760110,"Aluminium, not alloyed, unwrought",GHA,Ghana,6796208.436666667,3213007.1933333334,3150105.77,9773119.76,4324027.53,2.41,26,1.0,0.25871257382485213,0.17160618873103695,1.197689115374252,0.9973444218553411,0,354486747640.06,8827.97,3.3,39436661.0,66.25,7.5,7.5,0.0,0.0,None,None,None,11,5,45,62,0,0,0,0,0,0
2025,760110,"Aluminium, not alloyed, unwrought",HKG,"China, Hong Kong Special Administrative Region",5209631.6866666665,2196119.513333333,2429116.73,8595029.71,3871634.84,2.12,26,1.0,2.6846411989552728,2.66899813752392,0.34280811978353487,0.5938447058484531,0,354486747640.06,8827.97,3.3,39436661.0,66.25,7.5,7.5,0.0,0.0,None,None,None,13,3,63,70,0,0,0,0,0,0
2025,760110,"Aluminium, not alloyed, unwrought",IDN,Indonesia,10068077.986666666,4248464.213333334,5260633.72,11914988.52,5297299.16,2.94,26,1.0,-0.03346430488617025,0.003478836975298938,1.152697769677006,1.4216670207444544,0,558748565248.4,1981.66,4.8,277371187.0,66.25,7.5,7.5,0.0,1.0,In Force,FTA,Goods & Services,297,187,365,748,0,0,0,0,0,0
2025,760110,"Aluminium, not alloyed, unwrought",IRN,Iran (Islamic Republic of),5801773.419999999,3054927.4133333336,3210346.66,6165559.76,3210346.66,1.52,26,1.0,0.6149065469565811,0.5863124626149097,-0.3053356787368875,-0.3138319497580463,0,354486747640.06,8827.97,3.3,39436661.0,66.25,7.5,7.5,0.0,0.0,None,None,None,43,70,58,158,0,0,0,0,0,0
2025,760110,"Aluminium, not alloyed, unwrought",ISR,Israel,5794478.006666667,2210270.9266666668,1419916.16,9949893.44,3800108.99,2.46,26,1.0,0.6238941703109209,0.6412215273198729,1.7182530285302757,1.6762911058053769,0,354486747640.06,8827.97,3.3,39436661.0,66.25,7.5,7.5,0.0,0.0,None,None,None,22,15,360,381,0,0,0,0,0,0
2025,760110,"Aluminium, not alloyed, unwrought",ITA,Italy,7219340.336666666,2874921.053333333,3077359.9,11385563.32,4242432.94,2.81,26,1.0,1.1739947681707363,0.8030475327731692,0.44790875233757044,0.37859498981533557,0,1461972474319.65,19023.64,0.8,74798201.0,61.25,7.5,7.5,0.0,0.0,Under Negotiation,FTA,Goods & Services,327,61,5598,5803,0,0,0,0,0,0
2025,760110,"Aluminium, not alloyed, unwrought",JPN,Japan,5296617.43,2737420.553333333,1878672.48,11462765.74,5809192.22,2.83,26,1.0,2.3241185159086815,2.328340815946222,2.3816360905103675,2.0921793350573314,0,6533340281527.44,38134.14,0.9,166685623.0,33.25,7.5,7.5,0.0,1.0,In Force,FTA & EIA,Goods & Services,1562,102,621,2170,0,0,0,0,0,0
2025,760110,"Aluminium, not alloyed, unwrought",KAZ,Kazakhstan,8106570.373333334,3838637.7399999998,3732086.5,6396370.34,2744100.88,1.58,26,1.0,-0.18029291330182684,-0.26210157943873535,-0.23887121845978088,-0.26472741722377957,0,354486747640.06,8827.97,3.3,39436661.0,66.25,7.5,7.5,0.0,0.0,None,None,None,3,27,67,85,0,0,0,0,0,0
2025,760110,"Aluminium, not alloyed, unwrought",KEN,Kenya,6293436.016666667,2658433.03,3908193.09,9289842.51,3908193.09,2.29,26,1.0,-0.0025475475187681784,-0.003998954166349988,5.0,5.0,0,354486747640.06,8827.97,3.3,39436661.0,66.25,7.5,7.5,0.0,0.0,None,None,None,7,38,27,72,0,0,0,0,0,0
2025,760110,"Aluminium, not alloyed, unwrought",KOR,Republic of Korea,4385343.486666666,1892155.6233333333,1958084.24,4103251.02,1958084.24,1.01,26,1.0,-0.2528749341142813,-0.18069465612000302,1.4110345200226484,1.4434514020702838,0,1859749923928.23,29536.14,4.6,61784103.0,81.25,0.0,7.5,7.5,1.0,In Force,FTA & EIA,Goods & Services,76,29,232,279,0,0,0,0,0,0
2025,760110,"Aluminium, not alloyed, unwrought",KWT,Kuwait,5596063.763333333,2594480.716666667,1139906.76,645245.06,240451.82,0.16,26,1.0,-0.7832083932782927,-0.806215315916615,-0.7326981532771549,-0.7890600982138319,0,354486747640.06,8827.97,3.3,39436661.0,66.25,7.5,7.5,0.0,0.0,None,None,None,13,2,19,31,0,0,0,0,0,0
2025,760110,"Aluminium, not alloyed, unwrought",LKA,Sri Lanka,4315180.606666666,2167626.3699999996,2244686.34,6372515.61,3430525.05,1.57,26,1.0,0.15773996527114043,0.2362390721199925,2.503882454451246,3.1448095257307545,0,354486747640.06,8827.97,3.3,39436661.0,66.25,7.5,7.5,0.0,1.0,In Force,FTA,Goods,21,19,118,151,0,0,0,0,0,0
2025,760110,"Aluminium, not alloyed, unwrought",MEX,Mexico,2763585.0933333333,1207470.21,1395218.39,1881385.03,710397.8,0.46,26,1.0,-0.26744389693393555,-0.2864412961624927,-0.35202846204069693,-0.5316453032359931,0,1188674554333.95,8882.55,1.9,130009527.0,71.25,7.5,7.5,0.0,0.0,None,None,None,110,95,869,969,0,0,0,0,0,0
2025,760110,"Aluminium, not alloyed, unwrought",MYS,Malaysia,6507355.43,2801564.983333333,3063228.2,7974864.07,3063228.2,1.97,26,1.0,0.225416546781813,0.2357845265599443,0.27875000423697927,-0.0816664840581991,0,303500855641.07,9683.98,4.6,30760596.0,191.25,7.5,7.5,0.0,1.0,In Force,FTA,Goods & Services,177,54,172,349,0,0,0,0,0,0
2025,760110,"Aluminium, not alloyed, unwrought",NGA,Nigeria,8062043.263333333,3876500.096666667,3354867.25,6714047.38,3354867.25,1.66,26,1.0,-0.16738472879730226,-0.19319291538648786,-0.13780659563782371,0.07502516844017437,0,204369543044.52,1260.94,4.3,160375757.0,56.25,7.5,7.5,0.0,0.0,None,None,None,41,23,101,163,0,0,1,1,0,0
2025,760110,"Aluminium, not alloyed, unwrought",NLD,Netherlands,8547700.733333332,4131673.676666667,3731179.87,8957223.86,3731179.87,2.21,26,1.0,-0.08402888843127199,-0.16528190657258068,0.4904248189445761,0.12766911337978426,0,684132699691.79,31975.3,1.8,20901430.0,136.25,7.5,7.5,0.0,0.0,Under Negotiation,FTA,Goods & Services,531,23,1818,1876,0,0,0,0,0,0
2025,760110,"Aluminium, not alloyed, unwrought",NPL,Nepal,5835137.113333333,2788602.7066666665,2672961.63,5252252.24,2672961.63,1.3,26,1.0,0.11650258047227458,0.14981440774411503,-0.3467204076182132,-0.27188108824311397,0,354486747640.06,8827.97,3.3,39436661.0,66.25,7.5,7.5,0.0,1.0,In Force,PTA,Goods,1,44,20,63,0,0,0,0,0,0
2025,760110,"Aluminium, not alloyed, unwrought",NZL,New Zealand,7052004.510000001,3262135.9333333336,2520501.41,4600505.63,2135493.14,1.14,26,1.0,-0.33223286535850816,-0.3548318550280113,-0.26255737777078825,-0.1527506663846092,0,354486747640.06,8827.97,3.3,39436661.0,66.25,7.5,7.5,0.0,0.0,None,None,None,48,60,290,341,0,0,0,0,0,0
2025,760110,"Aluminium, not alloyed, unwrought",OMN,Oman,7687437.283333334,3885595.6799999997,4970098.83,924149.75,438446.75,0.23,26,1.0,-0.7317445950639562,-0.7351014839138748,-0.9005840107619023,-0.9117830922489097,0,354486747640.06,8827.97,3.3,39436661.0,66.25,7.5,7.5,0.0,0.0,None,None,None,17,10,19,39,0,0,0,0,0,0
2025,760110,"Aluminium, not alloyed, unwrought",PHL,Philippines,7048811.113333333,3455444.3699999996,2806176.59,11822037.17,6316428.75,2.92,26,1.0,0.293565394671103,0.5003006663740626,4.232515106923276,4.0786264505414405,0,354486747640.06,8827.97,3.3,39436661.0,66.25,7.5,7.5,0.0,0.0,None,None,None,377,75,252,598,0,0,0,0,0,0
2025,760110,"Aluminium, not alloyed, unwrought",POL,Poland,4955865.140000001,1912861.53,1604565.36,1043820.91,550779.95,0.26,26,1.0,-0.5055692254904502,-0.4141177307339954,-0.89074401090774,-0.846289932945855,0,354486747640.06,8827.97,3.3,39436661.0,66.25,7.5,7.5,0.0,0.0,None,None,None,79,24,1907,1952,0,0,0,0,0,0
2025,760110,"Aluminium, not alloyed, unwrought",QAT,Qatar,10608966.346666666,4351161.53,4293191.71,9168898.68,4293191.71,2.26,26,1.0,-0.25631362940078706,-0.1665857429368811,0.5080935260626485,0.6644811205222065,0,354486747640.06,8827.97,3.3,39436661.0,66.25,7.5,7.5,0.0,0.0,None,None,None,11,2,19,29,0,0,0,0,0,0
2025,760110,"Aluminium, not alloyed, unwrought",RUS,Russian Federation,9705249.209999999,3921145.66,3877901.25,10243514.91,3877901.25,2.53,26,1.0,0.2849390313755251,0.18482407050844785,-0.19139032748610196,-0.24305870130303486,0,660552264556.61,3362.46,3.6,191925086.0,59.25,7.5,7.5,0.0,0.0,None,None,None,259,147,598,858,0,0,1,1,1,0
2025,760110,"Aluminium, not alloyed, unwrought",SAU,Saudi Arabia,12007431.696666665,5046129.133333334,5572416.19,13541242.01,5572416.19,3.34,26,1.0,0.02820607183422763,-0.004563307177433806,0.39996521353825054,0.41347667050358217,0,415388277619.73,14929.51,3.0,27342752.0,73.25,7.5,7.5,0.0,0.0,Under Negotiation,FTA,Goods,38,35,43,95,0,0,0,0,0,0
2025,760110,"Aluminium, not alloyed, unwrought",SGP,Singapore,2812783.796666667,1268500.2899999998,572855.63,1140666.43,572855.63,0.28,26,1.0,0.05074657937661531,0.0522528438808334,-0.8179168703396484,-0.7890244943525379,0,340929615341.57,63446.9,5.0,5258221.0,321.25,7.5,7.5,0.0,1.0,In Force,FTA & EIA,Goods & Services,15,5,22,27,1,1,0,0,0,0
2025,760110,"Aluminium, not alloyed, unwrought",SWE,Sweden,4171426.003333334,1690730.1333333335,877863.29,1723930.5,727418.81,0.43,26,1.0,-0.02760476012073032,-0.08971199629873694,-0.8077504210987744,-0.790182275660481,0,354486747640.06,8827.97,3.3,39436661.0,66.25,7.5,7.5,0.0,0.0,None,None,None,317,47,1005,1198,0,0,0,0,0,0
2025,760110,"Aluminium, not alloyed, unwrought",THA,Thailand,7310290.426666667,2921003.9766666666,3218358.57,9126063.74,3390283.97,2.25,26,1.0,0.06647708253278561,0.026362612774179395,0.9088185779563833,0.573678119330514,0,335895377767.42,3988.94,3.8,82685533.0,126.25,7.5,7.5,0.0,1.0,In Force,FTA,Goods & Services,67,41,127,204,0,0,0,0,0,0
2025,760110,"Aluminium, not alloyed, unwrought",TUR,Türkiye,11739144.573333332,5005367.286666666,4619338.81,10626994.15,4619338.81,2.62,26,1.0,0.08751475285459143,0.0027884393609736158,-0.3189999734867185,-0.2039847633422447,0,647529125689.17,7592.05,3.3,84263000.0,61.25,7.5,7.5,0.0,0.0,None,None,None,142,51,306,656,0,0,0,0,0,0
2025,760110,"Aluminium, not alloyed, unwrought",TWN,Taiwan,2700850.78,1203007.0433333332,1601117.6,4123663.64,1601117.6,1.02,26,1.0,1.7552468390797484,1.4780253969098078,0.2002447464893209,-0.083589023838046,0,354486747640.06,8827.97,3.3,39436661.0,66.25,7.5,7.5,0.0,0.0,None,None,None,23,21,35,68,0,0,0,0,0,0
2025,760110,"Aluminium, not alloyed, unwrought",TZA,United Republic of Tanzania,8198287.393333334,3710338.296666667,4348799.09,9738683.34,5088220.89,2.4,26,1.0,-0.07173803491658237,0.08167877075374252,1.7401424881588277,2.003681333373662,0,354486747640.06,8827.97,3.3,39436661.0,66.25,7.5,7.5,0.0,0.0,None,None,None,20,30,33,71,0,0,0,0,0,0
2025,760110,"Aluminium, not alloyed, unwrought",USA,United States of America,6288434.19,2944178.8066666666,2740764.79,4879876.59,2502575.08,1.2,26,1.0,-0.21744688251328737,-0.16498373120525633,-0.1889637313508793,-0.08690629377244474,0,18097338437760.06,47718.36,2.1,370704619.0,36.25,2.5,7.5,5.0,0.0,None,None,None,1765,2105,19117,20895,0,0,0,0,0,0
2025,760110,"Aluminium, not alloyed, unwrought",VNM,Viet Nam,6587626.546666667,3110107.8666666667,1614796.17,14094288.87,6757828.75,3.48,26,1.0,1.1052345146344966,1.0457131447135644,4.663813699210799,5.0,0,160562089452.67,1522.87,6.6,105032975.0,121.25,7.5,7.5,0.0,1.0,In Force,FTA,Goods & Services,132,31,175,241,0,0,0,0,0,0
2025,760110,"Aluminium, not alloyed, unwrought",ZAF,South Africa,4410206.036666666,2120334.8366666664,552404.07,11460236.41,5646077.1,2.83,26,1.0,4.129586010090777,4.89407330280626,5.0,5.0,0,261888231492.08,4360.27,2.0,59023536.0,63.25,7.5,7.5,0.0,1.0,Under Negotiation,PTA,Goods,60,85,696,793,0,0,0,0,0,0
2025,841199,Parts of turbo-jets or turbo-propellers (Aerospace & Gas Turbine Components),AGO,Angola,1183128055.6266668,3179908.2399999998,2586247.54,989020389.44,2586247.54,1.87,26,1.0,-0.2101531624135966,-0.23628469569798705,0.014343985288639116,0.026549156534799945,0,354486747640.06,8827.97,3.3,39436661.0,66.25,0.0,0.0,0.0,0.0,None,None,None,35,40,13,81,0,0,0,0,0,1
2025,841199,Parts of turbo-jets or turbo-propellers (Aerospace & Gas Turbine Components),ARE,United Arab Emirates,244030156.82666668,1165610.5933333335,1012733.5,216410412.83,1012733.5,0.41,26,1.0,0.23187499500684017,0.2464358228977952,-0.4199227845206488,-0.4472693098107946,0,290888340065.6,69094.67,4.0,4206577.0,151.25,0.0,0.0,0.0,1.0,In Force,FTA & EIA,Goods & Services,44,10,35,75,0,0,1,1,1,1
2025,841199,Parts of turbo-jets or turbo-propellers (Aerospace & Gas Turbine Components),ARG,Argentina,1029230828.0,4155380.196666667,4644526.49,1953878987.25,6706605.97,3.69,26,1.0,2.110805196528851,1.4525189886082073,1.096647713487851,0.4439805617296748,0,354486747640.06,8827.97,3.3,39436661.0,66.25,0.0,0.0,0.0,1.0,In Force,PTA,Goods,104,113,458,602,0,0,0,0,0,1
2025,841199,Parts of turbo-jets or turbo-propellers (Aerospace & Gas Turbine Components),AUS,Australia,878719386.1999999,2976679.313333334,2986835.44,1505524151.5,4217562.04,2.84,26,1.0,1.1256519262493399,0.5633477122758428,0.887957960199496,0.41205035386836997,0,827705732805.53,32270.26,2.6,25108007.0,51.25,0.0,0.0,0.0,1.0,In Force,FTA,Goods & Services,378,622,1830,2593,0,0,0,0,0,1
2025,841199,Parts of turbo-jets or turbo-propellers (Aerospace & Gas Turbine Components),AUT,Austria,826336166.0633334,2376454.3699999996,2502898.84,646241902.49,1580410.22,1.22,26,1.0,0.057286565829143044,-0.20537309386274838,-0.48492570845264416,-0.4811614652735786,0,354486747640.06,8827.97,3.3,39436661.0,66.25,0.0,0.0,0.0,0.0,None,None,None,111,11,1349,1394,0,0,0,0,0,1
2025,841199,Parts of turbo-jets or turbo-propellers (Aerospace & Gas Turbine Components),BEL,Belgium,920767794.0300001,3766784.6033333335,4272946.2,1060650888.05,5485152.4,2.0,26,1.0,0.30546543666439807,0.8858894294220052,-0.017272019661534133,0.28369329808054133,0,354486747640.06,8827.97,3.3,39436661.0,66.25,0.0,0.0,0.0,0.0,None,None,None,484,11,1834,1842,0,0,0,0,0,1
2025,841199,Parts of turbo-jets or turbo-propellers (Aerospace & Gas Turbine Components),BGD,Bangladesh,1601969749.0666666,4783738.476666667,4494727.24,1128127104.47,3674639.86,2.13,26,1.0,-0.18451609572721572,-0.0958182856772678,-0.4306374231457534,-0.40557586277769364,0,354486747640.06,8827.97,3.3,39436661.0,66.25,0.0,0.0,0.0,1.0,In Force,FTA,Goods,12,15,18,45,0,0,0,0,0,1
2025,841199,Parts of turbo-jets or turbo-propellers (Aerospace & Gas Turbine Components),BRA,Brazil,728777395.7466666,2324150.8533333335,2853547.54,278232284.73,908239.03,0.53,26,1.0,-0.5204843917473069,-0.4681336471427132,-0.6014169602334725,-0.6817158231049896,0,1214333384401.01,5179.26,2.3,230047193.0,35.25,0.0,0.0,0.0,1.0,In Force,PTA,Goods,206,430,5576,5635,0,0,0,0,0,1
2025,841199,Parts of turbo-jets or turbo-propellers (Aerospace & Gas Turbine Components),CAN,Canada,1154977202.3766668,3806506.483333333,4289145.91,2127489309.38,6044547.96,4.02,26,1.0,1.2606245277469514,1.3594016543941456,1.3096305558319314,0.4092661072466499,0,1278428077415.3,30906.61,2.0,40356850.0,86.25,0.0,0.0,0.0,0.0,None,None,None,580,499,2609,3225,0,0,0,0,0,1
2025,841199,Parts of turbo-jets or turbo-propellers (Aerospace & Gas Turbine Components),CHE,Switzerland,230681838.46,845065.43,910963.38,268838884.24,910963.38,0.51,26,1.0,0.06242538507912099,-0.11229136283227836,0.4529305699227677,0.9455589784632794,0,354486747640.06,8827.97,3.3,39436661.0,66.25,0.0,0.0,0.0,0.0,None,None,None,68,13,1548,1560,0,0,0,0,0,1
2025,841199,Parts of turbo-jets or turbo-propellers (Aerospace & Gas Turbine Components),CHL,Chile,1631278335.8866665,5412796.79,5800011.81,1563941323.67,5800011.81,2.95,26,1.0,0.22351350166547723,0.1362593654778772,-0.3156116332490143,-0.024556442205386442,0,354486747640.06,8827.97,3.3,39436661.0,66.25,0.0,0.0,0.0,1.0,In Force,PTA,Goods,105,43,445,489,0,0,0,0,0,1
2025,841199,Parts of turbo-jets or turbo-propellers (Aerospace & Gas Turbine Components),CHN,China,1213171032.5166667,4353573.17,4073851.88,1582270826.59,5907446.71,2.99,26,1.0,0.10994252770146984,0.204196301576393,1.0471796345787512,0.9183628557014811,0,9300982450507.4,5588.1,8.3,1656339789.0,46.25,0.0,0.0,0.0,0.0,In Force,PTA,Goods,765,191,996,1676,0,0,0,0,0,1
2025,841199,Parts of turbo-jets or turbo-propellers (Aerospace & Gas Turbine Components),COL,Colombia,1232594519.3733332,3555038.623333333,4231042.68,1336667179.28,4451212.22,2.52,26,1.0,0.4261298791712351,0.4982801235339438,-0.21552713241085975,0.05203670977834429,0,354486747640.06,8827.97,3.3,39436661.0,66.25,0.0,0.0,0.0,0.0,None,None,None,33,165,246,394,0,0,0,0,0,1
2025,841199,Parts of turbo-jets or turbo-propellers (Aerospace & Gas Turbine Components),DEU,Germany,1234071514.9766667,3634420.6766666663,3987127.25,493945366.71,1266297.33,0.93,26,1.0,-0.492706110038448,-0.5265764376000628,-0.6167683361702283,-0.6824035826798147,0,2760472889424.06,24913.88,1.2,108056452.0,76.25,0.0,0.0,0.0,0.0,Under Negotiation,FTA,Goods & Services,879,112,9939,10026,0,0,0,0,0,1
2025,841199,Parts of turbo-jets or turbo-propellers (Aerospace & Gas Turbine Components),EGY,Egypt,1222716025.7433333,4736139.163333334,5488524.36,626557317.07,2471049.64,1.18,26,1.0,-0.42174308615929834,-0.3290148063400904,-0.46347594499864875,-0.6045588845433534,0,290888340065.6,3140.67,4.0,92544699.0,49.25,0.0,0.0,0.0,0.0,None,None,None,41,24,74,127,0,0,0,0,0,1
2025,841199,Parts of turbo-jets or turbo-propellers (Aerospace & Gas Turbine Components),ESP,Spain,1447117176.0366669,4447340.613333333,4461566.36,1721809231.9,5292321.57,3.25,26,1.0,0.17747052900198224,0.2144755922351851,0.24981877203250114,0.18620258962119607,0,354486747640.06,8827.97,3.3,39436661.0,66.25,0.0,0.0,0.0,0.0,None,None,None,432,50,4433,4769,0,0,0,0,0,1
2025,841199,Parts of turbo-jets or turbo-propellers (Aerospace & Gas Turbine Components),FRA,France,1201346931.6200001,3778965.14,3969654.63,1246260066.31,3022611.87,2.35,26,1.0,0.09947216888786548,-0.16590628761383253,-0.060719784133406396,-0.2385705680397594,0,1973285681586.82,24141.89,1.3,80056423.0,65.25,0.0,0.0,0.0,0.0,Under Negotiation,FTA,Goods & Services,808,142,14175,14370,0,0,0,0,0,1
2025,841199,Parts of turbo-jets or turbo-propellers (Aerospace & Gas Turbine Components),GBR,United Kingdom of Great Britain and Northern Ireland,1370656964.8933334,3835607.616666667,3500446.16,1719543871.17,5578744.45,3.25,26,1.0,0.3408961987465151,0.5159217553288606,0.1974008861706127,0.5937238269073697,0,2593000127109.38,32632.91,1.6,77427312.0,66.25,0.0,0.0,0.0,0.0,Under Negotiation,FTA,Goods & Services,1350,144,4976,5878,0,0,0,0,0,1
2025,841199,Parts of turbo-jets or turbo-propellers (Aerospace & Gas Turbine Components),GHA,Ghana,1581141263.9233334,4281734.633333334,4445447.58,1587509068.55,4445447.58,3.0,26,1.0,0.15868030130181254,0.23653309456227567,-0.19556575294410716,-0.19061271922290135,0,354486747640.06,8827.97,3.3,39436661.0,66.25,0.0,0.0,0.0,0.0,None,None,None,11,5,45,62,0,0,0,0,0,1
2025,841199,Parts of turbo-jets or turbo-propellers (Aerospace & Gas Turbine Components),HKG,"China, Hong Kong Special Administrative Region",1499303481.6133335,4247438.373333334,4275147.97,1181620779.39,4275147.97,2.23,26,1.0,-0.1885480916277409,-0.024999187468665363,-0.22351297597402175,0.07686955269092954,0,354486747640.06,8827.97,3.3,39436661.0,66.25,0.0,0.0,0.0,0.0,None,None,None,13,3,63,70,0,0,0,0,0,1
2025,841199,Parts of turbo-jets or turbo-propellers (Aerospace & Gas Turbine Components),IDN,Indonesia,969018082.2766666,3022045.373333333,3765562.06,777758309.08,3765562.06,1.47,26,1.0,0.3002861578439935,0.8328417902431726,-0.5340773867649775,-0.09907035905298134,0,558748565248.4,1981.66,4.8,277371187.0,66.25,0.0,0.0,0.0,1.0,In Force,FTA,Goods & Services,297,187,365,748,0,0,0,0,0,1
2025,841199,Parts of turbo-jets or turbo-propellers (Aerospace & Gas Turbine Components),IRN,Iran (Islamic Republic of),1137702336.7133334,3481910.6633333336,4284451.57,1717392918.63,6002704.79,3.24,26,1.0,4.512989674147365,5.0,0.047696768351625174,0.4010439123714027,0,354486747640.06,8827.97,3.3,39436661.0,66.25,0.0,0.0,0.0,0.0,None,None,None,43,70,58,158,0,0,0,0,0,1
2025,841199,Parts of turbo-jets or turbo-propellers (Aerospace & Gas Turbine Components),ISR,Israel,534494751.05333334,2083253.2933333332,1328889.96,68703926.93,165248.66,0.13,26,1.0,-0.6020998893551565,-0.6473657729339932,-0.9375893492077274,-0.9652519300916816,0,354486747640.06,8827.97,3.3,39436661.0,66.25,0.0,0.0,0.0,0.0,None,None,None,22,15,360,381,0,0,0,0,0,1
2025,841199,Parts of turbo-jets or turbo-propellers (Aerospace & Gas Turbine Components),ITA,Italy,1578931030.926667,4457024.316666666,6180856.1,2345625915.44,6377556.48,4.43,26,1.0,2.1331564153684437,1.8013838198286236,0.08986141484722898,0.031824131935213495,0,1461972474319.65,19023.64,0.8,74798201.0,61.25,0.0,0.0,0.0,0.0,Under Negotiation,FTA,Goods & Services,327,61,5598,5803,0,0,0,0,0,1
2025,841199,Parts of turbo-jets or turbo-propellers (Aerospace & Gas Turbine Components),JPN,Japan,1888998406.5466669,5475561.55,5795497.24,2129413677.63,5795497.24,4.02,26,1.0,0.10679610227608882,-0.017075537284745534,0.18348015329436929,0.2510300582307978,0,6533340281527.44,38134.14,0.9,166685623.0,33.25,0.0,0.0,0.0,1.0,In Force,FTA & EIA,Goods & Services,1562,102,621,2170,0,0,0,0,0,1
2025,841199,Parts of turbo-jets or turbo-propellers (Aerospace & Gas Turbine Components),KAZ,Kazakhstan,979990549.0733334,2961064.8333333335,2599256.18,143185141.54,398501.94,0.27,26,1.0,-0.540469741593586,-0.6084468903796637,-0.9324191630720917,-0.9322901626540168,0,354486747640.06,8827.97,3.3,39436661.0,66.25,0.0,0.0,0.0,0.0,None,None,None,3,27,67,85,0,0,0,0,0,1
2025,841199,Parts of turbo-jets or turbo-propellers (Aerospace & Gas Turbine Components),KEN,Kenya,1287122153.3233333,3511159.5,3397965.64,208762021.89,1048212.48,0.39,26,1.0,-0.576446992205971,-0.4445881114550668,-0.9161233846806038,-0.8278033915586358,0,354486747640.06,8827.97,3.3,39436661.0,66.25,0.0,0.0,0.0,0.0,None,None,None,7,38,27,72,0,0,0,0,0,1
2025,841199,Parts of turbo-jets or turbo-propellers (Aerospace & Gas Turbine Components),KOR,Republic of Korea,1047800419.41,3478531.3000000003,3592196.07,1178872693.2,3592196.07,2.23,26,1.0,0.45888330084125917,0.5198631150060786,-0.16429683003192652,-0.3207306814377012,0,1859749923928.23,29536.14,4.6,61784103.0,81.25,0.0,0.0,0.0,1.0,In Force,FTA & EIA,Goods & Services,76,29,232,279,0,0,0,0,0,1
2025,841199,Parts of turbo-jets or turbo-propellers (Aerospace & Gas Turbine Components),KWT,Kuwait,757229688.5266666,3675148.436666667,4551308.94,97211986.83,358527.49,0.18,26,1.0,-0.7168884206004168,-0.757874026956536,-0.8989095956461711,-0.9212254112550046,0,354486747640.06,8827.97,3.3,39436661.0,66.25,0.0,0.0,0.0,0.0,None,None,None,13,2,19,31,0,0,0,0,0,1
2025,841199,Parts of turbo-jets or turbo-propellers (Aerospace & Gas Turbine Components),LKA,Sri Lanka,735739102.9366666,1892898.866666667,564464.69,39610596.31,135781.12,0.07,26,1.0,-0.43448361271070657,-0.5095425866163201,-0.9806186645681183,-0.9727262303621218,0,354486747640.06,8827.97,3.3,39436661.0,66.25,0.0,0.0,0.0,1.0,In Force,FTA,Goods,21,19,118,151,0,0,0,0,0,1
2025,841199,Parts of turbo-jets or turbo-propellers (Aerospace & Gas Turbine Components),MEX,Mexico,863385567.3000001,2307317.026666667,2910805.23,1051762407.69,3168827.89,1.99,26,1.0,0.7359074980242155,0.9395960699348038,-0.11569260869836151,0.08864305221786051,0,1188674554333.95,8882.55,1.9,130009527.0,71.25,0.0,0.0,0.0,0.0,None,None,None,110,95,869,969,0,0,0,0,0,1
2025,841199,Parts of turbo-jets or turbo-propellers (Aerospace & Gas Turbine Components),MYS,Malaysia,604764620.7933333,2581016.976666667,1006721.2,74740631.48,413131.4,0.14,26,1.0,-0.5550189010069371,-0.35939622257552284,-0.9451280143756378,-0.9346641717625936,0,303500855641.07,9683.98,4.6,30760596.0,191.25,0.0,0.0,0.0,1.0,In Force,FTA,Goods & Services,177,54,172,349,0,0,0,0,0,1
2025,841199,Parts of turbo-jets or turbo-propellers (Aerospace & Gas Turbine Components),NGA,Nigeria,1218395572.6133332,3614306.206666667,3198821.48,1028204467.02,3198821.48,1.94,26,1.0,0.046240750643193884,0.016664870450808555,-0.390750155527703,-0.2968517323643509,0,204369543044.52,1260.94,4.3,160375757.0,56.25,0.0,0.0,0.0,0.0,None,None,None,41,23,101,163,0,0,1,1,0,1
2025,841199,Parts of turbo-jets or turbo-propellers (Aerospace & Gas Turbine Components),NLD,Netherlands,809415938.9699999,3074433.703333333,2363324.59,221500408.3,1173015.3,0.42,26,1.0,-0.6093217813103228,-0.545837047027667,-0.706823040911962,-0.5036588266533867,0,684132699691.79,31975.3,1.8,20901430.0,136.25,0.0,0.0,0.0,0.0,Under Negotiation,FTA,Goods & Services,531,23,1818,1876,0,0,0,0,0,1
2025,841199,Parts of turbo-jets or turbo-propellers (Aerospace & Gas Turbine Components),NPL,Nepal,1085116900.3366668,4661822.4799999995,4170083.12,798388990.2,4136531.94,1.51,26,1.0,-0.31047214001498746,-0.14653070493259024,0.02656459862392424,-0.008045686149534603,0,354486747640.06,8827.97,3.3,39436661.0,66.25,0.0,0.0,0.0,1.0,In Force,PTA,Goods,1,44,20,63,0,0,0,0,0,1
2025,841199,Parts of turbo-jets or turbo-propellers (Aerospace & Gas Turbine Components),NZL,New Zealand,1060207308.7833333,3861429.2900000005,4667770.84,1898394806.35,6568648.67,3.58,26,1.0,0.2881789925882996,0.18626919726194746,5.0,5.0,0,354486747640.06,8827.97,3.3,39436661.0,66.25,0.0,0.0,0.0,0.0,None,None,None,48,60,290,341,0,0,0,0,0,1
2025,841199,Parts of turbo-jets or turbo-propellers (Aerospace & Gas Turbine Components),OMN,Oman,1025344679.09,3214152.4133333336,2055916.16,2087903606.35,6644548.62,3.94,26,1.0,1.4360007225358729,1.655883546977432,2.2814123408160114,2.231916140002892,0,354486747640.06,8827.97,3.3,39436661.0,66.25,0.0,0.0,0.0,0.0,None,None,None,17,10,19,39,0,0,0,0,0,1
2025,841199,Parts of turbo-jets or turbo-propellers (Aerospace & Gas Turbine Components),PHL,Philippines,1440717210.3833332,3734969.0433333335,3147766.23,1203142310.75,3147766.23,2.27,26,1.0,0.09728237853782074,0.13542615522190538,-0.4324118883407698,-0.43944878558237277,0,354486747640.06,8827.97,3.3,39436661.0,66.25,0.0,0.0,0.0,0.0,None,None,None,377,75,252,598,0,0,0,0,0,1
2025,841199,Parts of turbo-jets or turbo-propellers (Aerospace & Gas Turbine Components),POL,Poland,874674299.67,3261299.3366666664,3654476.39,1696430352.83,5515311.04,3.2,26,1.0,0.4928771899074411,0.22849226027760428,5.0,5.0,0,354486747640.06,8827.97,3.3,39436661.0,66.25,0.0,0.0,0.0,0.0,None,None,None,79,24,1907,1952,0,0,0,0,0,1
2025,841199,Parts of turbo-jets or turbo-propellers (Aerospace & Gas Turbine Components),QAT,Qatar,730275989.07,2450340.0100000002,2144530.49,804159955.02,2144530.49,1.52,26,1.0,-0.20552072232813012,-0.3223347458558744,5.0,2.996130023438109,0,354486747640.06,8827.97,3.3,39436661.0,66.25,0.0,0.0,0.0,0.0,None,None,None,11,2,19,29,0,0,0,0,0,1
2025,841199,Parts of turbo-jets or turbo-propellers (Aerospace & Gas Turbine Components),RUS,Russian Federation,861161255.1999999,2757884.0233333334,2456288.31,653353102.77,2456288.31,1.23,26,1.0,-0.33797270948904123,-0.24460280555011293,0.4868860519752187,0.623664489443418,0,660552264556.61,3362.46,3.6,191925086.0,59.25,0.0,0.0,0.0,0.0,None,None,None,259,147,598,858,0,0,1,1,1,1
2025,841199,Parts of turbo-jets or turbo-propellers (Aerospace & Gas Turbine Components),SAU,Saudi Arabia,1249844396.0766666,4616165.21,4800741.07,1231986834.99,4800741.07,2.33,26,1.0,-0.16732260078364547,-0.06654598265681566,0.6632979397696221,0.35686034004602707,0,415388277619.73,14929.51,3.0,27342752.0,73.25,0.0,0.0,0.0,0.0,Under Negotiation,FTA,Goods,38,35,43,95,0,0,0,0,0,1
2025,841199,Parts of turbo-jets or turbo-propellers (Aerospace & Gas Turbine Components),SGP,Singapore,1412137791.41,3700887.1199999996,4449431.6,1785578605.13,4449431.6,3.37,26,1.0,-0.03617366228465735,-0.08261918514341127,2.377231180805657,2.256604326026202,0,340929615341.57,63446.9,5.0,5258221.0,321.25,0.0,0.0,0.0,1.0,In Force,FTA & EIA,Goods & Services,15,5,22,27,1,1,0,0,0,1
2025,841199,Parts of turbo-jets or turbo-propellers (Aerospace & Gas Turbine Components),SWE,Sweden,1255212590.5266666,4041242.153333334,4123663.74,1121734840.24,3662981.39,2.12,26,1.0,-0.16075103831299453,-0.057512206671693766,0.0670018439457285,-0.15542709225626739,0,354486747640.06,8827.97,3.3,39436661.0,66.25,0.0,0.0,0.0,0.0,None,None,None,317,47,1005,1198,0,0,0,0,0,1
2025,841199,Parts of turbo-jets or turbo-propellers (Aerospace & Gas Turbine Components),THA,Thailand,456286525.25,1838957.2300000002,497709.65,107278572.18,434680.92,0.2,26,1.0,-0.2792606038040989,-0.0654613697759514,-0.8983202882163613,-0.9051842708864934,0,335895377767.42,3988.94,3.8,82685533.0,126.25,0.0,0.0,0.0,1.0,In Force,FTA,Goods & Services,67,41,127,204,0,0,0,0,0,1
2025,841199,Parts of turbo-jets or turbo-propellers (Aerospace & Gas Turbine Components),TUR,Türkiye,253731953.75333333,990326.7800000001,523047.41,507581987.85,2238900.99,0.96,26,1.0,0.6920675611348517,1.0689353317341403,5.0,5.0,0,647529125689.17,7592.05,3.3,84263000.0,61.25,0.0,0.0,0.0,0.0,None,None,None,142,51,306,656,0,0,0,0,0,1
2025,841199,Parts of turbo-jets or turbo-propellers (Aerospace & Gas Turbine Components),TWN,Taiwan,918744369.5566667,2758408.783333333,1977737.05,261103106.14,1336526.88,0.49,26,1.0,-0.6415030357200184,-0.48095396212470043,-0.43669090334293204,-0.32421406576808376,0,354486747640.06,8827.97,3.3,39436661.0,66.25,0.0,0.0,0.0,0.0,None,None,None,23,21,35,68,0,0,0,0,0,1
2025,841199,Parts of turbo-jets or turbo-propellers (Aerospace & Gas Turbine Components),TZA,United Republic of Tanzania,618605935.3433334,2660583.0733333332,1529063.04,1114969772.7,5572965.88,2.1,26,1.0,0.7010378337517591,0.9091079961839192,2.136201648270636,5.0,0,354486747640.06,8827.97,3.3,39436661.0,66.25,0.0,0.0,0.0,0.0,None,None,None,20,30,33,71,0,0,0,0,0,1
2025,841199,Parts of turbo-jets or turbo-propellers (Aerospace & Gas Turbine Components),USA,United States of America,1448048430.8166668,4193012.68,4326011.23,1283138548.4,4326011.23,2.42,26,1.0,0.10903586275326238,0.13315367193764716,-0.3640812479937834,-0.11424050012777154,0,18097338437760.06,47718.36,2.1,370704619.0,36.25,0.0,0.0,0.0,0.0,None,None,None,1765,2105,19117,20895,0,0,0,0,0,1
2025,841199,Parts of turbo-jets or turbo-propellers (Aerospace & Gas Turbine Components),VNM,Viet Nam,673004513.14,2026927.1833333333,1702927.8,702249965.17,1702927.8,1.33,26,1.0,0.8955634434280249,0.33249693798345037,-0.3737307956766144,-0.5018864124403085,0,160562089452.67,1522.87,6.6,105032975.0,121.25,0.0,0.0,0.0,1.0,In Force,FTA,Goods & Services,132,31,175,241,0,0,0,0,0,1
2025,841199,Parts of turbo-jets or turbo-propellers (Aerospace & Gas Turbine Components),ZAF,South Africa,648323175.3633333,2472854.9066666667,2440759.74,959090664.01,4797760.02,1.81,26,1.0,3.7148751379966,4.162128084755733,0.01734919095534826,0.9656830376913845,0,261888231492.08,4360.27,2.0,59023536.0,63.25,0.0,0.0,0.0,1.0,Under Negotiation,PTA,Goods,60,85,696,793,0,0,0,0,0,1
2025,847130,"Portable automatic data processing machines, weighing not more than 10 kg (Laptops)",CHN,China,509362263.48380953,2670360.301904762,2035034.98,420162918.94,2637936.31,0.61,92,3.5385,0.1356342911651338,-0.06609459957445218,-0.826621710860051,-0.836833092134613,0,9300982450507.4,5588.1,8.3,1656339789.0,46.25,0.0,0.0,0.0,0.0,In Force,PTA,Goods,765,191,996,1676,0,0,0,0,0,0
2025,847130,"Portable automatic data processing machines, weighing not more than 10 kg (Laptops)",DEU,Germany,588455169.8414286,2840220.5004761904,2302219.37,625417694.6,2853613.22,0.91,92,3.5385,0.44313177997437325,0.20912843533082626,-0.30486236691611435,-0.5074418557275284,0,2760472889424.06,24913.88,1.2,108056452.0,76.25,0.0,0.0,0.0,0.0,Under Negotiation,FTA,Goods & Services,879,112,9939,10026,0,0,0,0,0,0
2025,847130,"Portable automatic data processing machines, weighing not more than 10 kg (Laptops)",GBR,United Kingdom of Great Britain and Northern Ireland,639854060.1166667,2888450.9171428573,2983707.25,150700869.15,828629.36,0.22,92,3.5385,-0.12081818140791634,-0.270308821561263,-0.8444038126238101,-0.8691732151109467,0,2593000127109.38,32632.91,1.6,77427312.0,66.25,0.0,0.0,0.0,0.0,Under Negotiation,FTA,Goods & Services,1350,144,4976,5878,0,0,0,0,0,0
2025,847130,"Portable automatic data processing machines, weighing not more than 10 kg (Laptops)",IND,India,326030327.98999995,1797717.107142857,1272774.84,364645804.52,2838981.7,0.53,77,2.9615,-0.37814783811158037,-0.4356505013605493,-0.7977477690447343,-0.7942428084648412,0,2423969608511.26,1757.16,6.6,1380283158.0,38.25,5.0,7.5,2.5,0.0,None,None,None,282,135,964,1337,0,0,0,0,0,0
2025,847130,"Portable automatic data processing machines, weighing not more than 10 kg (Laptops)",SAU,Saudi Arabia,452689943.05541664,2206515.57875,1872123.92,93608573.5,402633.63,0.14,103,3.9615,-0.2853247725909581,-0.20249901216686628,-0.5894512682919645,-0.612996318087492,0,415388277619.73,14929.51,3.0,27342752.0,73.25,0.0,0.0,0.0,0.0,Under Negotiation,FTA,Goods,38,35,43,95,0,0,0,0,0,0
2025,847130,"Portable automatic data processing machines, weighing not more than 10 kg (Laptops)",SGP,Singapore,485406422.1590476,2285842.370952381,1448948.18,36174377.03,182177.9,0.05,92,3.5385,0.24813926920075602,0.5826511971015893,-0.22616004524037803,0.09851474075923528,0,340929615341.57,63446.9,5.0,5258221.0,321.25,0.0,0.0,0.0,1.0,In Force,FTA & EIA,Goods & Services,15,5,22,27,1,1,0,0,0,0
2025,847130,"Portable automatic data processing machines, weighing not more than 10 kg (Laptops)",USA,United States of America,537966382.737619,2793037.397142857,2429748.67,484573080.73,2067421.84,0.71,92,3.5385,-0.4800881715040065,-0.5613570487377365,-0.7719026080256781,-0.8164945590125742,0,18097338437760.06,47718.36,2.1,370704619.0,36.25,0.0,0.0,0.0,0.0,None,None,None,1765,2105,19117,20895,0,0,0,0,0,0
2025,847130,"Portable automatic data processing machines, weighing not more than 10 kg (Laptops)",ARE,United Arab Emirates,631615148.2799999,3019197.504761905,2619042.46,233418260.65,1374897.76,0.34,92,3.5385,-0.4385518090585495,-0.379375023585241,-0.7969258286566889,-0.7857088032847628,0,290888340065.6,69094.67,4.0,4206577.0,151.25,0.0,0.0,0.0,1.0,In Force,FTA & EIA,Goods & Services,44,10,35,75,0,0,1,1,1,0
2025,847130,"Portable automatic data processing machines, not > 10 kg (Laptops & Tablets)",AGO,Angola,929457743.1666666,4314436.493333333,5661113.82,870786064.07,5661113.82,1.27,26,1.0,-0.26458950535019754,-0.00554101505448612,1.8319077574117482,2.6339976503935683,0,354486747640.06,8827.97,3.3,39436661.0,66.25,0.0,0.0,0.0,0.0,None,None,None,35,40,13,81,0,0,0,0,0,0
2025,847130,"Portable automatic data processing machines, not > 10 kg (Laptops & Tablets)",ARG,Argentina,572046466.3066666,2653376.8400000003,2508360.18,32489729.55,140714.62,0.05,26,1.0,-0.8352663504677974,-0.8372281939668438,-0.9332049187584016,-0.9439017485918055,0,354486747640.06,8827.97,3.3,39436661.0,66.25,0.0,0.0,0.0,1.0,In Force,PTA,Goods,104,113,458,602,0,0,0,0,0,0
2025,847130,"Portable automatic data processing machines, not > 10 kg (Laptops & Tablets)",AUS,Australia,1125794164.8166666,4314543.136666667,3721719.8,930087613.28,3721719.8,1.36,26,1.0,-0.23350046254889922,-0.2377467559562576,0.07620993966167244,0.3213863956183898,0,827705732805.53,32270.26,2.6,25108007.0,51.25,0.0,0.0,0.0,1.0,In Force,FTA,Goods & Services,378,622,1830,2593,0,0,0,0,0,0
2025,847130,"Portable automatic data processing machines, not > 10 kg (Laptops & Tablets)",AUT,Austria,584222511.1866666,2416211.0566666666,2199175.54,419028510.29,1764367.85,0.61,26,1.0,-0.06504283835253155,-0.10429578168549725,-0.5094955993932695,-0.4629163985894281,0,354486747640.06,8827.97,3.3,39436661.0,66.25,0.0,0.0,0.0,0.0,None,None,None,111,11,1349,1394,0,0,0,0,0,0
2025,847130,"Portable automatic data processing machines, not > 10 kg (Laptops & Tablets)",BEL,Belgium,715879237.1233333,2873687.5,3661414.13,805805089.84,3918405.88,1.18,26,1.0,-0.11664786186985854,0.03449949532619523,1.6064261158457738,2.7632020568006563,0,354486747640.06,8827.97,3.3,39436661.0,66.25,0.0,0.0,0.0,0.0,None,None,None,484,11,1834,1842,0,0,0,0,0,0
2025,847130,"Portable automatic data processing machines, not > 10 kg (Laptops & Tablets)",BGD,Bangladesh,805793541.6766667,3582303.6233333335,4292527.66,1669429320.65,5775674.84,2.44,26,1.0,2.506658157442081,1.9171567436188606,1.7269862786739103,0.34551837459765,0,354486747640.06,8827.97,3.3,39436661.0,66.25,0.0,0.0,0.0,1.0,In Force,FTA,Goods,12,15,18,45,0,0,0,0,0,0
2025,847130,"Portable automatic data processing machines, not > 10 kg (Laptops & Tablets)",BRA,Brazil,1619604770.2166665,6682155.06,6523979.119999999,1574460573.28,6523979.119999999,2.3,26,1.0,0.1011363744784275,0.12081599095757012,-0.20715277200211768,-0.21673211642762846,0,1214333384401.01,5179.26,2.3,230047193.0,35.25,0.0,0.0,0.0,1.0,In Force,PTA,Goods,206,430,5576,5635,0,0,0,0,0,0
2025,847130,"Portable automatic data processing machines, not > 10 kg (Laptops & Tablets)",CAN,Canada,625944872.7633333,3254268.8699999996,3192047.69,678713831.57,3192047.69,0.99,26,1.0,-0.03516803630558907,-0.13502726407233268,0.4439887057604537,0.385239073046846,0,1278428077415.3,30906.61,2.0,40356850.0,86.25,0.0,0.0,0.0,0.0,None,None,None,580,499,2609,3225,0,0,0,0,0,0
2025,847130,"Portable automatic data processing machines, not > 10 kg (Laptops & Tablets)",CHE,Switzerland,793919669.4733334,3371395.9166666665,2814291.18,494320498.56,1578346.9,0.72,26,1.0,-0.4011810953614069,-0.47477620354776884,-0.028656850543810952,-0.4391671653537147,0,354486747640.06,8827.97,3.3,39436661.0,66.25,0.0,0.0,0.0,0.0,None,None,None,68,13,1548,1560,0,0,0,0,0,0
2025,847130,"Portable automatic data processing machines, not > 10 kg (Laptops & Tablets)",CHL,Chile,816359208.39,3077617.0933333333,3192048.51,1486268768.95,5345686.01,2.17,26,1.0,2.6516563369109822,1.77314669089303,0.7457803498452373,0.6746882114264379,0,354486747640.06,8827.97,3.3,39436661.0,66.25,0.0,0.0,0.0,1.0,In Force,PTA,Goods,105,43,445,489,0,0,0,0,0,0
2025,847130,"Portable automatic data processing machines, not > 10 kg (Laptops & Tablets)",COL,Colombia,718950181.7999998,3387896.453333333,3364118.22,875208446.97,5038269.79,1.28,26,1.0,0.44067307068867834,0.6913125666408424,0.017726359564030902,0.4976494464568795,0,354486747640.06,8827.97,3.3,39436661.0,66.25,0.0,0.0,0.0,0.0,None,None,None,33,165,246,394,0,0,0,0,0,0
2025,847130,"Portable automatic data processing machines, not > 10 kg (Laptops & Tablets)",EGY,Egypt,586619160.7066667,3945309.360000001,4073407.75,302928386.17,2121499.96,0.44,26,1.0,-0.3684035221486365,-0.38674276585196565,-0.5657230949648224,-0.4791830108342384,0,290888340065.6,3140.67,4.0,92544699.0,49.25,0.0,0.0,0.0,0.0,None,None,None,41,24,74,127,0,0,0,0,0,0
2025,847130,"Portable automatic data processing machines, not > 10 kg (Laptops & Tablets)",ESP,Spain,611058879.9866666,3494065.6133333333,3495435.44,258163703.32,1869336.77,0.38,26,1.0,-0.4138361288726028,-0.3956089190274271,-0.6865565796189002,-0.46520632347898105,0,354486747640.06,8827.97,3.3,39436661.0,66.25,0.0,0.0,0.0,0.0,None,None,None,432,50,4433,4769,0,0,0,0,0,0
2025,847130,"Portable automatic data processing machines, not > 10 kg (Laptops & Tablets)",FRA,France,1049393574.9133333,3500070.9600000004,3775406.53,1186429016.07,3775406.53,1.73,26,1.0,1.3076112804497741,1.3207239005945812,-0.3177329459827468,-0.37325254982059675,0,1973285681586.82,24141.89,1.3,80056423.0,65.25,0.0,0.0,0.0,0.0,Under Negotiation,FTA,Goods & Services,808,142,14175,14370,0,0,0,0,0,0
2025,847130,"Portable automatic data processing machines, not > 10 kg (Laptops & Tablets)",GHA,Ghana,580184662.8466667,2799009.97,2158853.78,486437619.23,2158853.78,0.71,26,1.0,-0.359782293622125,-0.3990480258965795,5.0,5.0,0,354486747640.06,8827.97,3.3,39436661.0,66.25,0.0,0.0,0.0,0.0,None,None,None,11,5,45,62,0,0,0,0,0,0
2025,847130,"Portable automatic data processing machines, not > 10 kg (Laptops & Tablets)",HKG,"China, Hong Kong Special Administrative Region",770497864.8433332,2604790.13,3339138.28,1284255792.33,4223161.87,1.87,26,1.0,4.063603726361042,3.093153922036552,0.3142872772091083,0.26474602603122377,0,354486747640.06,8827.97,3.3,39436661.0,66.25,0.0,0.0,0.0,0.0,None,None,None,13,3,63,70,0,0,0,0,0,0
2025,847130,"Portable automatic data processing machines, not > 10 kg (Laptops & Tablets)",IDN,Indonesia,780037580.16,3492249.8866666667,3605607.12,373021556.4,1949907.95,0.54,26,1.0,-0.4185311997563316,-0.37053726989954305,-0.5681736206390942,-0.45920121491232824,0,558748565248.4,1981.66,4.8,277371187.0,66.25,0.0,0.0,0.0,1.0,In Force,FTA,Goods & Services,297,187,365,748,0,0,0,0,0,0
2025,847130,"Portable automatic data processing machines, not > 10 kg (Laptops & Tablets)",IRN,Iran (Islamic Republic of),738153464.3333334,3976094.643333334,5065091.8,342345870.79,1113979.81,0.5,26,1.0,-0.40814372961789336,-0.5310300674198821,-0.61740684869461,-0.8062378378122229,0,354486747640.06,8827.97,3.3,39436661.0,66.25,0.0,0.0,0.0,0.0,None,None,None,43,70,58,158,0,0,0,0,0,0
2025,847130,"Portable automatic data processing machines, not > 10 kg (Laptops & Tablets)",ISR,Israel,830642618.5066667,3814981.3666666667,3197324.57,525853270.09,3197324.57,0.77,26,1.0,-0.16702363956286548,0.13453798662825478,-0.5647618773387217,-0.44525914750634776,0,354486747640.06,8827.97,3.3,39436661.0,66.25,0.0,0.0,0.0,0.0,None,None,None,22,15,360,381,0,0,0,0,0,0
2025,847130,"Portable automatic data processing machines, not > 10 kg (Laptops & Tablets)",ITA,Italy,306893628.7133333,1682167.74,1400563.1,654409409.98,3502773.59,0.96,26,1.0,0.6585334342764251,0.5814471877863985,5.0,5.0,0,1461972474319.65,19023.64,0.8,74798201.0,61.25,0.0,0.0,0.0,0.0,Under Negotiation,FTA,Goods & Services,327,61,5598,5803,0,0,0,0,0,0
2025,847130,"Portable automatic data processing machines, not > 10 kg (Laptops & Tablets)",JPN,Japan,849630968.2566667,4028123.6233333335,4764131.79,1322217160.23,5928210.45,1.93,26,1.0,0.25196665063813195,0.11550089449554957,2.451243724899424,3.258684284385546,0,6533340281527.44,38134.14,0.9,166685623.0,33.25,0.0,0.0,0.0,1.0,In Force,FTA & EIA,Goods & Services,1562,102,621,2170,0,0,0,0,0,0
2025,847130,"Portable automatic data processing machines, not > 10 kg (Laptops & Tablets)",KAZ,Kazakhstan,452194387.87000006,2511623.546666667,2955002.53,622973053.74,3501955.49,0.91,26,1.0,0.05891307746230878,0.08862018437324859,2.499307861199201,2.2488305870254592,0,354486747640.06,8827.97,3.3,39436661.0,66.25,0.0,0.0,0.0,0.0,None,None,None,3,27,67,85,0,0,0,0,0,0
2025,847130,"Portable automatic data processing machines, not > 10 kg (Laptops & Tablets)",KEN,Kenya,657329675.0566666,2469452.11,1796180.58,427363717.58,1796180.58,0.62,26,1.0,1.901516625503307,1.86036660821024,-0.7139202699689615,-0.6669199489500316,0,354486747640.06,8827.97,3.3,39436661.0,66.25,0.0,0.0,0.0,0.0,None,None,None,7,38,27,72,0,0,0,0,0,0
2025,847130,"Portable automatic data processing machines, not > 10 kg (Laptops & Tablets)",KOR,Republic of Korea,808719457.44,3456558.5933333333,3831718.41,1181406423.71,5377023.699999999,1.72,26,1.0,0.13350621887061043,0.18460669429453191,2.6322756461409793,3.6316373096452343,0,1859749923928.23,29536.14,4.6,61784103.0,81.25,0.0,0.0,0.0,1.0,In Force,FTA & EIA,Goods & Services,76,29,232,279,0,0,0,0,0,0
2025,847130,"Portable automatic data processing machines, not > 10 kg (Laptops & Tablets)",KWT,Kuwait,456281863.5,2936119.4933333336,4102291.87,48587474.21,279845.08,0.07,26,1.0,-0.7408485009568445,-0.7388166067902671,-0.918585881251449,-0.9367756272244384,0,354486747640.06,8827.97,3.3,39436661.0,66.25,0.0,0.0,0.0,0.0,None,None,None,13,2,19,31,0,0,0,0,0,0
2025,847130,"Portable automatic data processing machines, not > 10 kg (Laptops & Tablets)",LKA,Sri Lanka,519769293.3066667,2021439.5133333334,1873348.37,410608474.52,1873348.37,0.6,26,1.0,-0.07522669010312777,0.022305364560285534,-0.3858416985846289,-0.2189428587632577,0,354486747640.06,8827.97,3.3,39436661.0,66.25,0.0,0.0,0.0,1.0,In Force,FTA,Goods,21,19,118,151,0,0,0,0,0,0
2025,847130,"Portable automatic data processing machines, not > 10 kg (Laptops & Tablets)",MEX,Mexico,605488401.9233333,2494024.8066666666,990924.13,190529098.07,710417.69,0.28,26,1.0,-0.05664801951342524,-0.15328611522041402,-0.8650488502337511,-0.8771059415549031,0,1188674554333.95,8882.55,1.9,130009527.0,71.25,0.0,0.0,0.0,0.0,None,None,None,110,95,869,969,0,0,0,0,0,0
2025,847130,"Portable automatic data processing machines, not > 10 kg (Laptops & Tablets)",MYS,Malaysia,666234553.9333333,3426968.0666666664,3145813.22,866114534.42,3145813.22,1.26,26,1.0,0.8466321119744953,0.27673259052379207,-0.014211008461055497,-0.39564014078467136,0,303500855641.07,9683.98,4.6,30760596.0,191.25,0.0,0.0,0.0,1.0,In Force,FTA,Goods & Services,177,54,172,349,0,0,0,0,0,0
2025,847130,"Portable automatic data processing machines, not > 10 kg (Laptops & Tablets)",NGA,Nigeria,1263616496.1466665,5185384.0633333335,5180926.13,1219248277.87,4449287.09,1.78,26,1.0,-0.011743555968597441,-0.07329498201577034,-0.07856353654666293,-0.24918445624841645,0,204369543044.52,1260.94,4.3,160375757.0,56.25,0.0,0.0,0.0,0.0,None,None,None,41,23,101,163,0,0,1,1,0,0
2025,847130,"Portable automatic data processing machines, not > 10 kg (Laptops & Tablets)",NLD,Netherlands,850954847.6066666,3874950.99,4660670.65,1115464926.07,4660670.65,1.63,26,1.0,0.06348488285561071,-0.05229275123616983,1.4725723825753025,1.625749026568911,0,684132699691.79,31975.3,1.8,20901430.0,136.25,0.0,0.0,0.0,0.0,Under Negotiation,FTA,Goods & Services,531,23,1818,1876,0,0,0,0,0,0
2025,847130,"Portable automatic data processing machines, not > 10 kg (Laptops & Tablets)",NPL,Nepal,908083144.3066667,3309040.626666667,3184653.85,724648839.41,2299646.49,1.06,26,1.0,-0.08957480473126445,-0.15023385878823126,-0.35606442816920403,-0.4823905328415504,0,354486747640.06,8827.97,3.3,39436661.0,66.25,0.0,0.0,0.0,1.0,In Force,PTA,Goods,1,44,20,63,0,0,0,0,0,0
2025,847130,"Portable automatic data processing machines, not > 10 kg (Laptops & Tablets)",NZL,New Zealand,755347491.5666666,3151661.33,2483834.35,1533798929.28,5081736.45,2.24,26,1.0,1.0065763734163529,0.4303580170335395,3.366026836187352,1.6895845106264504,0,354486747640.06,8827.97,3.3,39436661.0,66.25,0.0,0.0,0.0,0.0,None,None,None,48,60,290,341,0,0,0,0,0,0
2025,847130,"Portable automatic data processing machines, not > 10 kg (Laptops & Tablets)",OMN,Oman,666902982.1999999,4159738.0066666664,4148780.61,1195023707.37,7159735.94,1.74,26,1.0,0.41836538923076794,0.31367600632070314,4.645790306053999,5.0,0,354486747640.06,8827.97,3.3,39436661.0,66.25,0.0,0.0,0.0,0.0,None,None,None,17,10,19,39,0,0,0,0,0,0
2025,847130,"Portable automatic data processing machines, not > 10 kg (Laptops & Tablets)",PHL,Philippines,872635929.0199999,3403833.81,3013240.51,927835344.05,3013240.51,1.35,26,1.0,-0.13032698716389124,-0.2433742623820354,1.0026042927459011,0.557392906810769,0,354486747640.06,8827.97,3.3,39436661.0,66.25,0.0,0.0,0.0,0.0,None,None,None,377,75,252,598,0,0,0,0,0,0
2025,847130,"Portable automatic data processing machines, not > 10 kg (Laptops & Tablets)",POL,Poland,1094527406.2066667,4630477.44,4909396.72,1058082147.69,5438713.65,1.54,26,1.0,-0.029041389051857713,0.0525289082147018,-0.04087712208689509,0.534919413687053,0,354486747640.06,8827.97,3.3,39436661.0,66.25,0.0,0.0,0.0,0.0,None,None,None,79,24,1907,1952,0,0,0,0,0,0
2025,847130,"Portable automatic data processing machines, not > 10 kg (Laptops & Tablets)",QAT,Qatar,617473619.8166667,3219589.553333333,3243778.39,423459887.66,3243778.39,0.62,26,1.0,-0.2731599972002009,-0.07000785299205903,-0.3250597927633726,0.21742407270667408,0,354486747640.06,8827.97,3.3,39436661.0,66.25,0.0,0.0,0.0,0.0,None,None,None,11,2,19,29,0,0,0,0,0,0
2025,847130,"Portable automatic data processing machines, not > 10 kg (Laptops & Tablets)",RUS,Russian Federation,926732138.2333332,4120426.813333334,5060184.13,1575758906.94,6732205.36,2.3,26,1.0,0.18614936130667115,0.15344135275532356,5.0,5.0,0,660552264556.61,3362.46,3.6,191925086.0,59.25,0.0,0.0,0.0,0.0,None,None,None,259,147,598,858,0,0,1,1,1,0
2025,847130,"Portable automatic data processing machines, not > 10 kg (Laptops & Tablets)",SWE,Sweden,615236637.7166667,2205720.91,1394763.29,56495618.57,362631.53,0.08,26,1.0,-0.8062033386891032,-0.726835023111763,-0.8017397013544139,-0.7400049652871635,0,354486747640.06,8827.97,3.3,39436661.0,66.25,0.0,0.0,0.0,0.0,None,None,None,317,47,1005,1198,0,0,0,0,0,0
2025,847130,"Portable automatic data processing machines, not > 10 kg (Laptops & Tablets)",THA,Thailand,621490539.1766666,2537825.776666667,2410205.44,432426010.04,2410205.44,0.63,26,1.0,-0.06311030332226486,0.041194728457913055,-0.5396783586385772,-0.19120961262313407,0,335895377767.42,3988.94,3.8,82685533.0,126.25,0.0,0.0,0.0,1.0,In Force,FTA,Goods & Services,67,41,127,204,0,0,0,0,0,0
2025,847130,"Portable automatic data processing machines, not > 10 kg (Laptops & Tablets)",TUR,Türkiye,399625060.77,1643263.4933333332,295881.49,39900785.09,225648.39,0.06,26,1.0,-0.8093671287494827,-0.7737531770660773,-0.3460608857912638,-0.23736902230944767,0,647529125689.17,7592.05,3.3,84263000.0,61.25,0.0,0.0,0.0,0.0,None,None,None,142,51,306,656,0,0,0,0,0,0
2025,847130,"Portable automatic data processing machines, not > 10 kg (Laptops & Tablets)",TWN,Taiwan,594081474.8333334,3209390.533333333,2098435.25,1050008608.72,7025002.09,1.53,26,1.0,2.621618158903941,2.7307129670795867,0.6099957407680328,2.3477335505094343,0,354486747640.06,8827.97,3.3,39436661.0,66.25,0.0,0.0,0.0,0.0,None,None,None,23,21,35,68,0,0,0,0,0,0
2025,847130,"Portable automatic data processing machines, not > 10 kg (Laptops & Tablets)",TZA,United Republic of Tanzania,771546137.68,4315995.226666667,4102766.22,1191365215.75,6162256.57,1.74,26,1.0,0.4988054191491178,0.5155230826923525,1.0092740223128467,0.5019760423976822,0,354486747640.06,8827.97,3.3,39436661.0,66.25,0.0,0.0,0.0,0.0,None,None,None,20,30,33,71,0,0,0,0,0,0
2025,847130,"Portable automatic data processing machines, not > 10 kg (Laptops & Tablets)",VNM,Viet Nam,552493797.93,2082491.1666666667,1796757.9,529891151.5,1796757.9,0.77,26,1.0,-0.2668769263797145,-0.280198405741354,2.739787218315015,0.8281351897339295,0,160562089452.67,1522.87,6.6,105032975.0,121.25,0.0,0.0,0.0,1.0,In Force,FTA,Goods & Services,132,31,175,241,0,0,0,0,0,0
2025,847130,"Portable automatic data processing machines, not > 10 kg (Laptops & Tablets)",ZAF,South Africa,1082598367.3466666,4498968.176666667,3724628.85,1140923077.21,3724628.85,1.67,26,1.0,-0.13324852304466328,-0.22937679046431936,0.9397224090465586,0.06406417486254457,0,261888231492.08,4360.27,2.0,59023536.0,63.25,0.0,0.0,0.0,1.0,Under Negotiation,PTA,Goods,60,85,696,793,0,0,0,0,0,0
2025,847989,Machines and mechanical appliances having individual functions (Industrial Automation),AGO,Angola,294141484.10333335,4959060.936666667,5249663.7,247688572.74,5519336.19,2.07,26,1.0,-0.2563150162047416,0.025363096251027173,0.3253127614265512,0.3434981590349091,0,354486747640.06,8827.97,3.3,39436661.0,66.25,7.5,7.5,0.0,0.0,None,None,None,35,40,13,81,0,0,0,0,0,0
2025,847989,Machines and mechanical appliances having individual functions (Industrial Automation),ARE,United Arab Emirates,103049015.01666667,2238417.4966666666,2448634.46,89489074.43,2448634.46,0.75,26,1.0,-0.2767195024826292,-0.13682152200277486,0.841535852728027,1.4980957312571435,0,290888340065.6,69094.67,4.0,4206577.0,151.25,7.5,7.5,0.0,1.0,In Force,FTA & EIA,Goods & Services,44,10,35,75,0,0,1,1,1,0
2025,847989,Machines and mechanical appliances having individual functions (Industrial Automation),ARG,Argentina,137756382.01666668,2465892.2033333336,1656368.11,295448428.35,5331585.2,2.47,26,1.0,0.8328077217526741,0.7941128081680955,5.0,5.0,0,354486747640.06,8827.97,3.3,39436661.0,66.25,7.5,7.5,0.0,1.0,In Force,PTA,Goods,104,113,458,602,0,0,0,0,0,0
2025,847989,Machines and mechanical appliances having individual functions (Industrial Automation),AUS,Australia,96850134.14333333,1296052.2033333334,1439019.12,87282212.02,1439019.12,0.73,26,1.0,0.38572855119523286,0.363240632603147,-0.44693150934879944,-0.1407895327564258,0,827705732805.53,32270.26,2.6,25108007.0,51.25,7.5,7.5,0.0,1.0,In Force,FTA,Goods & Services,378,622,1830,2593,0,0,0,0,0,0
2025,847989,Machines and mechanical appliances having individual functions (Industrial Automation),AUT,Austria,264082393.88333333,3687562.383333333,4295161.76,33874357.76,663923.93,0.28,26,1.0,-0.6551115478199934,-0.6068399343185502,-0.9284732439098642,-0.8912242330448799,0,354486747640.06,8827.97,3.3,39436661.0,66.25,7.5,7.5,0.0,0.0,None,None,None,111,11,1349,1394,0,0,0,0,0,0
2025,847989,Machines and mechanical appliances having individual functions (Industrial Automation),BEL,Belgium,327788903.25,3959417.9933333336,3681990.86,600184779.74,7039106.15,5.02,26,1.0,0.39887013741272836,0.3826663838559001,5.0,5.0,0,354486747640.06,8827.97,3.3,39436661.0,66.25,7.5,7.5,0.0,0.0,None,None,None,484,11,1834,1842,0,0,0,0,0,0
2025,847989,Machines and mechanical appliances having individual functions (Industrial Automation),BGD,Bangladesh,145252410.92,1963729.3566666667,1957804.71,181128108.17,1957804.71,1.52,26,1.0,-0.10814933705887064,-0.23622871883192365,5.0,2.3917656623629764,0,354486747640.06,8827.97,3.3,39436661.0,66.25,7.5,7.5,0.0,1.0,In Force,FTA,Goods,12,15,18,45,0,0,0,0,0,0
2025,847989,Machines and mechanical appliances having individual functions (Industrial Automation),BRA,Brazil,171740571.6366667,2724331.1333333333,1828941.65,40082983.36,575906.85,0.34,26,1.0,-0.34495143839455455,-0.4388535793666727,-0.8949949942429737,-0.9001573538834123,0,1214333384401.01,5179.26,2.3,230047193.0,35.25,7.5,7.5,0.0,1.0,In Force,PTA,Goods,206,430,5576,5635,0,0,0,0,0,0
2025,847989,Machines and mechanical appliances having individual functions (Industrial Automation),CAN,Canada,385308794.58,4739416.52,5281592.39,318646656.57,3372181.0,2.67,26,1.0,-0.08353130658451147,-0.22152746478493113,-0.304113030803556,-0.36152191403786815,0,1278428077415.3,30906.61,2.0,40356850.0,86.25,7.5,7.5,0.0,0.0,None,None,None,580,499,2609,3225,0,0,0,0,0,0
2025,847989,Machines and mechanical appliances having individual functions (Industrial Automation),CHE,Switzerland,213667357.1833333,3566372.796666667,4281296.45,219616049.53,4281296.45,1.84,26,1.0,0.20494060457225216,0.515320642756413,-0.186977576604622,-0.05973880540098109,0,354486747640.06,8827.97,3.3,39436661.0,66.25,7.5,7.5,0.0,0.0,None,None,None,68,13,1548,1560,0,0,0,0,0,0
2025,847989,Machines and mechanical appliances having individual functions (Industrial Automation),CHL,Chile,236552884.23666668,3110721.2399999998,2086650.76,429286711.51,5995831.56,3.59,26,1.0,0.5090825573356856,0.6951175800479588,3.672886788305415,3.797888133723685,0,354486747640.06,8827.97,3.3,39436661.0,66.25,7.5,7.5,0.0,1.0,In Force,PTA,Goods,105,43,445,489,0,0,0,0,0,0
2025,847989,Machines and mechanical appliances having individual functions (Industrial Automation),CHN,China,220044421.9433333,3184435.813333333,3095242.71,248635547.01,3585375.28,2.08,26,1.0,0.26759484898678565,0.07626682868482382,-0.03163401291786916,0.2480901059454066,0,9300982450507.4,5588.1,8.3,1656339789.0,46.25,7.5,7.5,0.0,0.0,In Force,PTA,Goods,765,191,996,1676,0,0,0,0,0,0
2025,847989,Machines and mechanical appliances having individual functions (Industrial Automation),COL,Colombia,266259170.06000003,5050975.68,5244644.8,320061138.62,5244644.8,2.68,26,1.0,0.17629659964470767,-0.0842816257637421,0.2936792259686747,0.4353994663758165,0,354486747640.06,8827.97,3.3,39436661.0,66.25,7.5,7.5,0.0,0.0,None,None,None,33,165,246,394,0,0,0,0,0,0
2025,847989,Machines and mechanical appliances having individual functions (Industrial Automation),DEU,Germany,85039132.59333335,2088589.2166666666,2076013.89,35704040.81,609182.89,0.3,26,1.0,-0.3489980484662175,-0.45830014294543786,-0.7358517549647596,-0.8298643115532496,0,2760472889424.06,24913.88,1.2,108056452.0,76.25,0.0,7.5,7.5,0.0,Under Negotiation,FTA,Goods & Services,879,112,9939,10026,0,0,0,0,0,0
2025,847989,Machines and mechanical appliances having individual functions (Industrial Automation),EGY,Egypt,254895280.57000002,2951489.66,3648994.6,67789650.1,1141207.55,0.57,26,1.0,-0.5561717460725161,-0.44076324405581935,-0.8078293169738981,-0.7192094914694074,0,290888340065.6,3140.67,4.0,92544699.0,49.25,7.5,7.5,0.0,0.0,None,None,None,41,24,74,127,0,0,0,0,0,0
2025,847989,Machines and mechanical appliances having individual functions (Industrial Automation),ESP,Spain,261037619.32666668,4072500.856666667,5395777.07,493284154.77,5670285.61,4.13,26,1.0,1.7299493176137326,1.2191253362814503,1.205712489879962,0.05087470005482442,0,354486747640.06,8827.97,3.3,39436661.0,66.25,7.5,7.5,0.0,0.0,None,None,None,432,50,4433,4769,0,0,0,0,0,0
2025,847989,Machines and mechanical appliances having individual functions (Industrial Automation),FRA,France,231776671.10333332,4108657.686666666,3316342.83,238562511.94,3033011.05,2.0,26,1.0,0.22313801527225707,-0.04367108646778051,-0.197590485703251,-0.49252061095860344,0,1973285681586.82,24141.89,1.3,80056423.0,65.25,7.5,7.5,0.0,0.0,Under Negotiation,FTA,Goods & Services,808,142,14175,14370,0,0,0,0,0,0
2025,847989,Machines and mechanical appliances having individual functions (Industrial Automation),GBR,United Kingdom of Great Britain and Northern Ireland,317165853.1366667,5190498.53,5107089.58,338405242.7,5494896.61,2.83,26,1.0,-0.11379333386330281,0.037272883952029545,0.8573113266579979,0.10572214834705695,0,2593000127109.38,32632.91,1.6,77427312.0,66.25,7.5,7.5,0.0,0.0,Under Negotiation,FTA,Goods & Services,1350,144,4976,5878,0,0,0,0,0,0
2025,847989,Machines and mechanical appliances having individual functions (Industrial Automation),GHA,Ghana,302034213.6466667,3992711.41,3089177.35,160844894.61,2111732.21,1.35,26,1.0,-0.13176647901576222,-0.17320469622900525,-0.6975959339576019,-0.6884075247870323,0,354486747640.06,8827.97,3.3,39436661.0,66.25,7.5,7.5,0.0,0.0,None,None,None,11,5,45,62,0,0,0,0,0,0
2025,847989,Machines and mechanical appliances having individual functions (Industrial Automation),HKG,"China, Hong Kong Special Administrative Region",151421613.03,2792501.0500000003,2159911.3,23613722.62,261009.44,0.2,26,1.0,-0.7290756116149721,-0.7906709366918017,-0.7832378034876698,-0.8791573339146477,0,354486747640.06,8827.97,3.3,39436661.0,66.25,7.5,7.5,0.0,0.0,None,None,None,13,3,63,70,0,0,0,0,0,0
2025,847989,Machines and mechanical appliances having individual functions (Industrial Automation),IDN,Indonesia,152829348.17666665,3190231.28,2775673.42,268942997.01,5915783.55,2.25,26,1.0,1.13273216898796,1.5938997776760009,1.0621646720792812,1.1312966818689603,0,558748565248.4,1981.66,4.8,277371187.0,66.25,7.5,7.5,0.0,1.0,In Force,FTA,Goods & Services,297,187,365,748,0,0,0,0,0,0
2025,847989,Machines and mechanical appliances having individual functions (Industrial Automation),IRN,Iran (Islamic Republic of),223717894.42333332,3776368.85,3789726.73,421126681.07,6718798.88,3.52,26,1.0,1.5256605023211884,1.8614430579772887,1.2886208408396485,0.7728979841241026,0,354486747640.06,8827.97,3.3,39436661.0,66.25,7.5,7.5,0.0,0.0,None,None,None,43,70,58,158,0,0,0,0,0,0
2025,847989,Machines and mechanical appliances having individual functions (Industrial Automation),ISR,Israel,298109536.53333336,3676510.453333333,5178618.78,358352153.31,5178618.78,3.0,26,1.0,-0.14426790574858428,-0.0033015231690575186,5.0,5.0,0,354486747640.06,8827.97,3.3,39436661.0,66.25,7.5,7.5,0.0,0.0,None,None,None,22,15,360,381,0,0,0,0,0,0
2025,847989,Machines and mechanical appliances having individual functions (Industrial Automation),ITA,Italy,216183116.83333334,3040927.33,3489376.62,165007795.6,3489376.62,1.38,26,1.0,-0.3331326552162386,-0.0686594230261478,0.466769471942837,1.1665294048221426,0,1461972474319.65,19023.64,0.8,74798201.0,61.25,0.0,7.5,7.5,0.0,Under Negotiation,FTA,Goods & Services,327,61,5598,5803,0,0,0,0,0,0
2025,847989,Machines and mechanical appliances having individual functions (Industrial Automation),JPN,Japan,154769019.76666668,2500821.663333333,3226306.13,28767294.41,415629.14,0.24,26,1.0,-0.5746601941333984,-0.6410778937475221,-0.8959700033166504,-0.8923388316772517,0,6533340281527.44,38134.14,0.9,166685623.0,33.25,0.0,7.5,7.5,1.0,In Force,FTA & EIA,Goods & Services,1562,102,621,2170,0,0,0,0,0,0
2025,847989,Machines and mechanical appliances having individual functions (Industrial Automation),KAZ,Kazakhstan,266602598.6533333,4373139.966666666,4468160.74,175335015.79,3259239.86,1.47,26,1.0,-0.07396238464033866,-0.1459294095376813,-0.5825469547609772,-0.39554373256798336,0,354486747640.06,8827.97,3.3,39436661.0,66.25,7.5,7.5,0.0,0.0,None,None,None,3,27,67,85,0,0,0,0,0,0
2025,847989,Machines and mechanical appliances having individual functions (Industrial Automation),KEN,Kenya,200381817.64000002,2994981.06,2522892.72,386875243.18,5826799.89,3.24,26,1.0,0.5618043990810149,0.5197272817877334,5.0,5.0,0,354486747640.06,8827.97,3.3,39436661.0,66.25,7.5,7.5,0.0,0.0,None,None,None,7,38,27,72,0,0,0,0,0,0
2025,847989,Machines and mechanical appliances having individual functions (Industrial Automation),KOR,Republic of Korea,262253351.01999998,4500865.256666667,4703470.47,437506256.49,6804346.1,3.66,26,1.0,1.501716048412383,0.8469102106633255,0.5661648146130303,0.4466649984088351,0,1859749923928.23,29536.14,4.6,61784103.0,81.25,7.5,7.5,0.0,1.0,In Force,FTA & EIA,Goods & Services,76,29,232,279,0,0,0,0,0,0
2025,847989,Machines and mechanical appliances having individual functions (Industrial Automation),KWT,Kuwait,142526355.26,3480184.4266666663,3860710.22,158513998.64,3860710.22,1.33,26,1.0,0.6622872500255546,0.8106164036314158,-0.25122916068082635,-0.28534459388518085,0,354486747640.06,8827.97,3.3,39436661.0,66.25,7.5,7.5,0.0,0.0,None,None,None,13,2,19,31,0,0,0,0,0,0
2025,847989,Machines and mechanical appliances having individual functions (Industrial Automation),LKA,Sri Lanka,275416772.4533333,3566714.606666667,4054328.36,40687366.39,721891.02,0.34,26,1.0,-0.6500792698118896,-0.5780350677376472,-0.910236051184884,-0.878139731978101,0,354486747640.06,8827.97,3.3,39436661.0,66.25,7.5,7.5,0.0,1.0,In Force,FTA,Goods,21,19,118,151,0,0,0,0,0,0
2025,847989,Machines and mechanical appliances having individual functions (Industrial Automation),MEX,Mexico,314840377.8,5748903.326666667,5567355.49,256865202.22,5410049.93,2.15,26,1.0,-0.007516027881146359,-0.07105296573403475,-0.39828086196294354,-0.028254987540048848,0,1188674554333.95,8882.55,1.9,130009527.0,71.25,7.5,7.5,0.0,0.0,None,None,None,110,95,869,969,0,0,0,0,0,0
2025,847989,Machines and mechanical appliances having individual functions (Industrial Automation),MYS,Malaysia,309728657.27,4996968.23,4240819.3,285565033.76,6980233.96,2.39,26,1.0,-0.08492137901108321,0.2829511069954558,-0.05627777877871387,0.8515939128132028,0,303500855641.07,9683.98,4.6,30760596.0,191.25,7.5,7.5,0.0,1.0,In Force,FTA,Goods & Services,177,54,172,349,0,0,0,0,0,0
2025,847989,Machines and mechanical appliances having individual functions (Industrial Automation),NGA,Nigeria,212605679.79,2925391.1566666663,3663633.5,284495540.73,3663633.5,2.38,26,1.0,1.3098487372876146,0.5942076646902268,-0.05167918857920961,-0.002010691986643942,0,204369543044.52,1260.94,4.3,160375757.0,56.25,7.5,7.5,0.0,0.0,None,None,None,41,23,101,163,0,0,1,1,0,0
2025,847989,Machines and mechanical appliances having individual functions (Industrial Automation),NLD,Netherlands,228238342.1133333,3231265.9233333333,4545150.37,41996900.8,517898.18,0.35,26,1.0,-0.5972787435932594,-0.6624422647088197,-0.8905683134530091,-0.8881610393058841,0,684132699691.79,31975.3,1.8,20901430.0,136.25,7.5,7.5,0.0,0.0,Under Negotiation,FTA,Goods & Services,531,23,1818,1876,0,0,0,0,0,0
2025,847989,Machines and mechanical appliances having individual functions (Industrial Automation),NPL,Nepal,315405960.4166667,4451369.473333334,5666234.82,56014390.66,1334962.56,0.47,26,1.0,-0.6571927060827483,-0.5146139857147302,-0.8645534889876494,-0.7898660076310796,0,354486747640.06,8827.97,3.3,39436661.0,66.25,7.5,7.5,0.0,1.0,In Force,PTA,Goods,1,44,20,63,0,0,0,0,0,0
2025,847989,Machines and mechanical appliances having individual functions (Industrial Automation),NZL,New Zealand,228687830.23333335,3796960.8166666664,3677088.83,335613937.63,3677088.83,2.81,26,1.0,0.14623153462274052,-0.154296339927253,2.5325625539002634,0.429352458998282,0,354486747640.06,8827.97,3.3,39436661.0,66.25,7.5,7.5,0.0,0.0,None,None,None,48,60,290,341,0,0,0,0,0,0
2025,847989,Machines and mechanical appliances having individual functions (Industrial Automation),OMN,Oman,275417544.2,3978008.8633333333,3708248.96,207851055.57,3708248.96,1.74,26,1.0,0.45359107954134426,0.4051586631223305,-0.6003098210196203,-0.41581035420973755,0,354486747640.06,8827.97,3.3,39436661.0,66.25,7.5,7.5,0.0,0.0,None,None,None,17,10,19,39,0,0,0,0,0,0
2025,847989,Machines and mechanical appliances having individual functions (Industrial Automation),PHL,Philippines,218304720.48333335,3448277.3366666664,3417434.36,227227400.65,3417434.36,1.9,26,1.0,0.1874028064944866,-0.040987387339609826,-0.14744129496820058,0.06408945674651756,0,354486747640.06,8827.97,3.3,39436661.0,66.25,7.5,7.5,0.0,0.0,None,None,None,377,75,252,598,0,0,0,0,0,0
2025,847989,Machines and mechanical appliances having individual functions (Industrial Automation),POL,Poland,124689888.29333334,2923269.8333333335,2411352.48,129148737.94,2411352.48,1.08,26,1.0,-0.20176032531409993,-0.3414562868150155,2.057858868025698,2.0208238004177765,0,354486747640.06,8827.97,3.3,39436661.0,66.25,7.5,7.5,0.0,0.0,None,None,None,79,24,1907,1952,0,0,0,0,0,0
2025,847989,Machines and mechanical appliances having individual functions (Industrial Automation),QAT,Qatar,130259206.31666668,2630056.8633333333,3602884.87,20424815.6,378331.23,0.17,26,1.0,-0.6805143774205507,-0.6759508370740028,-0.8800296940330505,-0.9032142147042742,0,354486747640.06,8827.97,3.3,39436661.0,66.25,7.5,7.5,0.0,0.0,None,None,None,11,2,19,29,0,0,0,0,0,0
2025,847989,Machines and mechanical appliances having individual functions (Industrial Automation),RUS,Russian Federation,367235375.32666665,5137289.146666667,5123640.09,275012803.55,5204053.69,2.3,26,1.0,-0.18608414095168058,0.007816760665362077,-0.3317697891903607,0.023579058863024027,0,660552264556.61,3362.46,3.6,191925086.0,59.25,7.5,7.5,0.0,0.0,None,None,None,259,147,598,858,0,0,1,1,1,0
2025,847989,Machines and mechanical appliances having individual functions (Industrial Automation),SAU,Saudi Arabia,239991483.02666664,4264629.213333334,5293970.97,188294945.07,5293970.97,1.58,26,1.0,-0.29610710909768057,-0.05004568597013226,0.24170024538311874,2.2409620633740115,0,415388277619.73,14929.51,3.0,27342752.0,73.25,7.5,7.5,0.0,0.0,Under Negotiation,FTA,Goods,38,35,43,95,0,0,0,0,0,0
2025,847989,Machines and mechanical appliances having individual functions (Industrial Automation),SGP,Singapore,212773201.5666667,3261964.946666667,3373676.98,287294669.89,5624657.55,2.4,26,1.0,-0.016328442370528107,0.2912082557177178,4.309140645215894,5.0,0,340929615341.57,63446.9,5.0,5258221.0,321.25,7.5,7.5,0.0,1.0,In Force,FTA & EIA,Goods & Services,15,5,22,27,1,1,0,0,0,0
2025,847989,Machines and mechanical appliances having individual functions (Industrial Automation),SWE,Sweden,268622593.37333333,5083132.753333333,4565256.16,405157899.2,6192657.29,3.39,26,1.0,0.4406630999575616,0.17420399998129454,0.9715611464478422,0.3564753155053282,0,354486747640.06,8827.97,3.3,39436661.0,66.25,7.5,7.5,0.0,0.0,None,None,None,317,47,1005,1198,0,0,0,0,0,0
2025,847989,Machines and mechanical appliances having individual functions (Industrial Automation),THA,Thailand,264718444.71333337,4560266.713333333,4926391.85,398375743.17,4926391.85,3.33,26,1.0,0.622559033286245,0.6332935792064001,0.6296076159987261,-0.2868250858962458,0,335895377767.42,3988.94,3.8,82685533.0,126.25,7.5,7.5,0.0,1.0,In Force,FTA,Goods & Services,67,41,127,204,0,0,0,0,0,0
2025,847989,Machines and mechanical appliances having individual functions (Industrial Automation),TUR,Türkiye,210122727.7266667,3162508.0666666664,3019113.89,133957834.44,2361105.51,1.12,26,1.0,-0.4008009969290236,-0.24180794186837684,0.08635239148135598,-0.21794751836963067,0,647529125689.17,7592.05,3.3,84263000.0,61.25,7.5,7.5,0.0,0.0,None,None,None,142,51,306,656,0,0,0,0,0,0
2025,847989,Machines and mechanical appliances having individual functions (Industrial Automation),TWN,Taiwan,254728716.6133333,3130656.0066666664,3128657.51,433851576.86,5090553.62,3.63,26,1.0,2.1136083488873316,1.083428072369212,0.5191812724771614,0.6270728271559431,0,354486747640.06,8827.97,3.3,39436661.0,66.25,7.5,7.5,0.0,0.0,None,None,None,23,21,35,68,0,0,0,0,0,0
2025,847989,Machines and mechanical appliances having individual functions (Industrial Automation),TZA,United Republic of Tanzania,115174370.89666666,1543199.6733333336,458814.66,17175229.87,458814.66,0.14,26,1.0,-0.14404945471892627,0.23072808125615052,-0.9436702834609585,-0.8813780975751346,0,354486747640.06,8827.97,3.3,39436661.0,66.25,7.5,7.5,0.0,0.0,None,None,None,20,30,33,71,0,0,0,0,0,0
2025,847989,Machines and mechanical appliances having individual functions (Industrial Automation),USA,United States of America,222194364.92666665,4191634.013333333,4898545.78,285656015.03,5750985.06,2.39,26,1.0,0.7113601210610296,0.7282791237756485,0.007988759203362061,0.17401884524162292,0,18097338437760.06,47718.36,2.1,370704619.0,36.25,1.5,7.5,6.0,0.0,None,None,None,1765,2105,19117,20895,0,0,0,0,0,0
2025,847989,Machines and mechanical appliances having individual functions (Industrial Automation),VNM,Viet Nam,238959186.97333333,3574066.22,3432024.36,68946824.63,1331762.98,0.58,26,1.0,-0.31765025454712403,-0.3770713748190049,-0.8620648162519695,-0.7764902574735683,0,160562089452.67,1522.87,6.6,105032975.0,121.25,7.5,7.5,0.0,1.0,In Force,FTA,Goods & Services,132,31,175,241,0,0,0,0,0,0
2025,847989,Machines and mechanical appliances having individual functions (Industrial Automation),ZAF,South Africa,260363813.22666666,3763948.266666667,3365615.01,151338967.77,3365615.01,1.27,26,1.0,-0.39154534038152755,-0.15119172917930723,-0.31510931205970727,0.03403093826031944,0,261888231492.08,4360.27,2.0,59023536.0,63.25,7.5,7.5,0.0,1.0,Under Negotiation,PTA,Goods,60,85,696,793,0,0,0,0,0,0
2025,850440,"Static converters (Power supplies, Inverters, Semiconductor Rectifiers)",AGO,Angola,104096943.84666668,1868499.01,1755487.71,56697796.43,888809.72,0.64,26,1.0,-0.2632457021284268,-0.2884498721577057,-0.6248658540772123,-0.6998480885923057,0,354486747640.06,8827.97,3.3,39436661.0,66.25,7.5,7.5,0.0,0.0,None,None,None,35,40,13,81,0,0,0,0,0,0
2025,850440,"Static converters (Power supplies, Inverters, Semiconductor Rectifiers)",ARE,United Arab Emirates,177176590.55333334,3887316.446666667,3815520.13,237062040.94,6487841.06,2.68,26,1.0,0.029711618778083926,0.3039868938148822,2.3441375753364175,3.775428859728553,0,290888340065.6,69094.67,4.0,4206577.0,151.25,0.0,7.5,7.5,1.0,In Force,FTA & EIA,Goods & Services,44,10,35,75,0,0,1,1,1,0
2025,850440,"Static converters (Power supplies, Inverters, Semiconductor Rectifiers)",ARG,Argentina,230750263.8033333,4325210.656666666,4335033.86,240611019.52,5433516.22,2.72,26,1.0,-0.01986833516689146,0.1195519144021393,0.19602850821489315,0.6942243467310731,0,354486747640.06,8827.97,3.3,39436661.0,66.25,7.5,7.5,0.0,1.0,In Force,PTA,Goods,104,113,458,602,0,0,0,0,0,0
2025,850440,"Static converters (Power supplies, Inverters, Semiconductor Rectifiers)",AUS,Australia,162144674.09,2916013.623333333,2705374.48,148629885.07,2705374.48,1.68,26,1.0,1.51282939401846,1.4649107360418538,-0.5270564067291242,-0.5166725625941571,0,827705732805.53,32270.26,2.6,25108007.0,51.25,7.5,7.5,0.0,1.0,In Force,FTA,Goods & Services,378,622,1830,2593,0,0,0,0,0,0
2025,850440,"Static converters (Power supplies, Inverters, Semiconductor Rectifiers)",AUT,Austria,183570407.09333336,4214746.67,5163126.39,92487626.59,1725951.35,1.04,26,1.0,-0.39152363975720605,-0.42182688019559833,-0.5562470189313504,-0.7001037904705856,0,354486747640.06,8827.97,3.3,39436661.0,66.25,7.5,7.5,0.0,0.0,None,None,None,111,11,1349,1394,0,0,0,0,0,0
2025,850440,"Static converters (Power supplies, Inverters, Semiconductor Rectifiers)",BEL,Belgium,121652052.69333334,2290328.5966666667,3102769.79,23360188.6,448521.83,0.26,26,1.0,-0.6010020596619781,-0.6324277177459139,-0.880118413876835,-0.8554446960759357,0,354486747640.06,8827.97,3.3,39436661.0,66.25,7.5,7.5,0.0,0.0,None,None,None,484,11,1834,1842,0,0,0,0,0,0
2025,850440,"Static converters (Power supplies, Inverters, Semiconductor Rectifiers)",BGD,Bangladesh,132804328.28333335,3295566.053333333,3381567.0,119365219.62,4327427.0,1.35,26,1.0,-0.036998747129038945,0.40966343513096914,-0.206001247990666,0.2797105602221457,0,354486747640.06,8827.97,3.3,39436661.0,66.25,7.5,7.5,0.0,1.0,In Force,FTA,Goods,12,15,18,45,0,0,0,0,0,0
2025,850440,"Static converters (Power supplies, Inverters, Semiconductor Rectifiers)",BRA,Brazil,133116075.31,2900406.526666667,3132154.27,57203594.3,991410.27,0.65,26,1.0,-0.40615431237630817,-0.43739299600563175,-0.6820878047214718,-0.7834239886280764,0,1214333384401.01,5179.26,2.3,230047193.0,35.25,7.5,7.5,0.0,1.0,In Force,PTA,Goods,206,430,5576,5635,0,0,0,0,0,0
2025,850440,"Static converters (Power supplies, Inverters, Semiconductor Rectifiers)",CAN,Canada,189058813.38333333,3457093.746666666,3941344.17,330422964.28,5534120.06,3.73,26,1.0,0.2671929410031646,0.18495568295754805,5.0,5.0,0,1278428077415.3,30906.61,2.0,40356850.0,86.25,7.5,7.5,0.0,0.0,None,None,None,580,499,2609,3225,0,0,0,0,0,0
2025,850440,"Static converters (Power supplies, Inverters, Semiconductor Rectifiers)",CHE,Switzerland,185819911.22000003,4985313.34,6162390.48,306023316.85,6162390.48,3.45,26,1.0,0.8622611995019374,0.5407114057358227,0.8752023220544867,-0.005671206856818656,0,354486747640.06,8827.97,3.3,39436661.0,66.25,7.5,7.5,0.0,0.0,None,None,None,68,13,1548,1560,0,0,0,0,0,0
2025,850440,"Static converters (Power supplies, Inverters, Semiconductor Rectifiers)",CHL,Chile,189407628.51666665,3633055.9133333336,5166003.89,316226991.82,5535401.41,3.57,26,1.0,0.1453349637731678,0.03513548237354214,5.0,5.0,0,354486747640.06,8827.97,3.3,39436661.0,66.25,7.5,7.5,0.0,1.0,In Force,PTA,Goods,105,43,445,489,0,0,0,0,0,0
2025,850440,"Static converters (Power supplies, Inverters, Semiconductor Rectifiers)",CHN,China,175040401.57000002,3673046.1266666665,3095799.56,246957987.03,5530669.7,2.79,26,1.0,0.12252490798533544,0.33660303880147935,2.0052879022918684,1.3115062813188683,0,9300982450507.4,5588.1,8.3,1656339789.0,46.25,7.5,7.5,0.0,0.0,In Force,PTA,Goods,765,191,996,1676,0,0,0,0,0,0
2025,850440,"Static converters (Power supplies, Inverters, Semiconductor Rectifiers)",COL,Colombia,174182222.60333332,3842359.3166666664,4485015.8,242328241.37,5567331.4,2.73,26,1.0,0.09908208479727199,0.11414457061481276,2.0438468917316537,2.7751510911372974,0,354486747640.06,8827.97,3.3,39436661.0,66.25,7.5,7.5,0.0,0.0,None,None,None,33,165,246,394,0,0,0,0,0,0
2025,850440,"Static converters (Power supplies, Inverters, Semiconductor Rectifiers)",DEU,Germany,135202443.0666667,3277778.18,3711001.96,46867600.41,728175.39,0.53,26,1.0,-0.5536393991636532,-0.6325855779814094,-0.6205213349230366,-0.80377930331252,0,2760472889424.06,24913.88,1.2,108056452.0,76.25,0.0,7.5,7.5,0.0,Under Negotiation,FTA,Goods & Services,879,112,9939,10026,0,0,0,0,0,0
2025,850440,"Static converters (Power supplies, Inverters, Semiconductor Rectifiers)",EGY,Egypt,147673914.0,3123476.17,2729359.24,247953283.54,4009277.33,2.8,26,1.0,0.5531851447120877,0.21200021925099577,1.686822327962214,0.5234020855001467,0,290888340065.6,3140.67,4.0,92544699.0,49.25,7.5,7.5,0.0,0.0,None,None,None,41,24,74,127,0,0,0,0,0,0
2025,850440,"Static converters (Power supplies, Inverters, Semiconductor Rectifiers)",ESP,Spain,135516249.48666668,3140443.89,3199306.59,203662467.93,5994034.94,2.3,26,1.0,3.6266418022951905,4.127451988078722,0.05321630820983425,0.8735418977141942,0,354486747640.06,8827.97,3.3,39436661.0,66.25,7.5,7.5,0.0,0.0,None,None,None,432,50,4433,4769,0,0,0,0,0,0
2025,850440,"Static converters (Power supplies, Inverters, Semiconductor Rectifiers)",FRA,France,232690458.06333336,3939893.206666667,5301848.04,326198653.76,5301848.04,3.68,26,1.0,0.02122469756460954,-0.022209470703164258,4.520154070498265,4.452351871303518,0,1973285681586.82,24141.89,1.3,80056423.0,65.25,7.5,7.5,0.0,0.0,Under Negotiation,FTA,Goods & Services,808,142,14175,14370,0,0,0,0,0,0
2025,850440,"Static converters (Power supplies, Inverters, Semiconductor Rectifiers)",GBR,United Kingdom of Great Britain and Northern Ireland,104905607.68666667,2393946.273333333,879294.89,29931070.85,879294.89,0.34,26,1.0,-0.6643841386040572,-0.607978303618378,0.5705447375639958,0.5134542614329314,0,2593000127109.38,32632.91,1.6,77427312.0,66.25,7.5,7.5,0.0,0.0,Under Negotiation,FTA,Goods & Services,1350,144,4976,5878,0,0,0,0,0,0
2025,850440,"Static converters (Power supplies, Inverters, Semiconductor Rectifiers)",GHA,Ghana,164314724.83,3794402.233333333,3852244.79,55966107.67,1153072.43,0.63,26,1.0,-0.5457587240554865,-0.5748033839503668,-0.6623242660033848,-0.7006751925544947,0,354486747640.06,8827.97,3.3,39436661.0,66.25,7.5,7.5,0.0,0.0,None,None,None,11,5,45,62,0,0,0,0,0,0
2025,850440,"Static converters (Power supplies, Inverters, Semiconductor Rectifiers)",HKG,"China, Hong Kong Special Administrative Region",59307138.583333336,1430801.9100000001,1467009.97,93214849.04,2254687.22,1.05,26,1.0,0.16945365195080675,0.2397285959876616,4.632924299880301,2.950680709975094,0,354486747640.06,8827.97,3.3,39436661.0,66.25,7.5,7.5,0.0,0.0,None,None,None,13,3,63,70,0,0,0,0,0,0
2025,850440,"Static converters (Power supplies, Inverters, Semiconductor Rectifiers)",IDN,Indonesia,103911672.48666668,1950964.1866666668,2443484.73,151911838.69,2736502.11,1.71,26,1.0,0.10763759403891959,0.05826170078877135,3.219582685501254,3.0666946775187665,0,558748565248.4,1981.66,4.8,277371187.0,66.25,7.5,7.5,0.0,1.0,In Force,FTA,Goods & Services,297,187,365,748,0,0,0,0,0,0
2025,850440,"Static converters (Power supplies, Inverters, Semiconductor Rectifiers)",IRN,Iran (Islamic Republic of),180838926.85666668,3843318.8733333335,4047041.22,70107813.37,1842169.8,0.79,26,1.0,-0.3889842758350953,-0.3253228289221384,-0.7536823973992843,-0.673417322702929,0,354486747640.06,8827.97,3.3,39436661.0,66.25,7.5,7.5,0.0,0.0,None,None,None,43,70,58,158,0,0,0,0,0,0
2025,850440,"Static converters (Power supplies, Inverters, Semiconductor Rectifiers)",ISR,Israel,164999763.0666667,3440183.543333333,3242987.36,292799173.24,6850328.76,3.3,26,1.0,4.975055550658632,4.490584291450338,0.5092837783900306,1.1123513598887071,0,354486747640.06,8827.97,3.3,39436661.0,66.25,7.5,7.5,0.0,0.0,None,None,None,22,15,360,381,0,0,0,0,0,0
2025,850440,"Static converters (Power supplies, Inverters, Semiconductor Rectifiers)",ITA,Italy,184614511.01666665,4227650.386666667,4964433.13,222120175.56,7001073.12,2.51,26,1.0,2.3887101056022035,2.1238345745092944,-0.28894367819301203,0.41024623288632944,0,1461972474319.65,19023.64,0.8,74798201.0,61.25,7.5,7.5,0.0,0.0,Under Negotiation,FTA,Goods & Services,327,61,5598,5803,0,0,0,0,0,0
2025,850440,"Static converters (Power supplies, Inverters, Semiconductor Rectifiers)",JPN,Japan,93237299.17666668,1713477.6833333333,965334.89,41252595.68,859161.62,0.47,26,1.0,-0.5437586863046623,-0.49098060683155675,0.02418959017040989,-0.10998594487855928,0,6533340281527.44,38134.14,0.9,166685623.0,33.25,0.0,7.5,7.5,1.0,In Force,FTA & EIA,Goods & Services,1562,102,621,2170,0,0,0,0,0,0
2025,850440,"Static converters (Power supplies, Inverters, Semiconductor Rectifiers)",KAZ,Kazakhstan,173482860.02333334,4092882.9133333336,4106249.27,220291347.6,3486108.25,2.49,26,1.0,0.23514551002626316,-0.1375065659388408,0.41430687954580203,-0.1510237151289281,0,354486747640.06,8827.97,3.3,39436661.0,66.25,7.5,7.5,0.0,0.0,None,None,None,3,27,67,85,0,0,0,0,0,0
2025,850440,"Static converters (Power supplies, Inverters, Semiconductor Rectifiers)",KEN,Kenya,203256470.93999997,4389698.239999999,6320692.47,217606618.72,6484669.34,2.46,26,1.0,-0.2431382352461473,0.012888377250765526,5.0,5.0,0,354486747640.06,8827.97,3.3,39436661.0,66.25,7.5,7.5,0.0,0.0,None,None,None,7,38,27,72,0,0,0,0,0,0
2025,850440,"Static converters (Power supplies, Inverters, Semiconductor Rectifiers)",KOR,Republic of Korea,184441208.41666666,3739348.7833333337,3784828.95,129383878.43,4198681.78,1.46,26,1.0,-0.25018780004781493,0.053254569031033094,-0.3324145927512233,0.29807869606911375,0,1859749923928.23,29536.14,4.6,61784103.0,81.25,7.5,7.5,0.0,1.0,In Force,FTA & EIA,Goods & Services,76,29,232,279,0,0,0,0,0,0
2025,850440,"Static converters (Power supplies, Inverters, Semiconductor Rectifiers)",KWT,Kuwait,241461099.84000003,5383406.556666666,5400792.77,243256200.21,6044463.3,2.75,26,1.0,-0.06763489374299292,0.05791339412011909,0.20843444838591085,0.2846992695116102,0,354486747640.06,8827.97,3.3,39436661.0,66.25,7.5,7.5,0.0,0.0,None,None,None,13,2,19,31,0,0,0,0,0,0
2025,850440,"Static converters (Power supplies, Inverters, Semiconductor Rectifiers)",LKA,Sri Lanka,62310739.97,1704622.9066666665,1906652.93,80251350.28,1906652.93,0.91,26,1.0,0.4756026459684537,0.27796168386588405,0.14933071143990562,-0.06526174003807039,0,354486747640.06,8827.97,3.3,39436661.0,66.25,7.5,7.5,0.0,1.0,In Force,FTA,Goods,21,19,118,151,0,0,0,0,0,0
2025,850440,"Static converters (Power supplies, Inverters, Semiconductor Rectifiers)",MEX,Mexico,86900741.84333332,2770648.736666667,2054283.4,47881831.89,1008264.45,0.54,26,1.0,-0.4347652038057044,-0.5617393668628674,-0.23937920975200377,-0.5091892141076985,0,1188674554333.95,8882.55,1.9,130009527.0,71.25,7.5,7.5,0.0,0.0,None,None,None,110,95,869,969,0,0,0,0,0,0
2025,850440,"Static converters (Power supplies, Inverters, Semiconductor Rectifiers)",MYS,Malaysia,114903540.19333334,2953002.1366666667,2194631.16,75524378.59,2194631.16,0.85,26,1.0,-0.04546973798345466,0.09753929839952824,-0.5945982996811567,-0.5467968237686862,0,303500855641.07,9683.98,4.6,30760596.0,191.25,7.5,7.5,0.0,1.0,In Force,FTA,Goods & Services,177,54,172,349,0,0,0,0,0,0
2025,850440,"Static converters (Power supplies, Inverters, Semiconductor Rectifiers)",NGA,Nigeria,57306182.68666667,1079357.3566666667,1394159.95,79571448.62,1626649.5,0.9,26,1.0,2.3652458926031903,1.736241880078175,-0.06738563837297451,0.1667595959838275,0,204369543044.52,1260.94,4.3,160375757.0,56.25,7.5,7.5,0.0,0.0,None,None,None,41,23,101,163,0,0,1,1,0,0
2025,850440,"Static converters (Power supplies, Inverters, Semiconductor Rectifiers)",NLD,Netherlands,210937890.26999998,5203338.546666667,5597460.33,172026014.99,3403766.5,1.94,26,1.0,-0.07295272919920681,-0.22019795883857585,-0.339939605571947,-0.4849636449497189,0,684132699691.79,31975.3,1.8,20901430.0,136.25,7.5,7.5,0.0,0.0,Under Negotiation,FTA,Goods & Services,531,23,1818,1876,0,0,0,0,0,0
2025,850440,"Static converters (Power supplies, Inverters, Semiconductor Rectifiers)",NPL,Nepal,95559493.45333333,2638823.91,2219343.61,124988322.41,2219343.61,1.41,26,1.0,0.7111605704520025,0.4341993681717784,0.050287464684558136,-0.519432006340714,0,354486747640.06,8827.97,3.3,39436661.0,66.25,7.5,7.5,0.0,1.0,In Force,PTA,Goods,1,44,20,63,0,0,0,0,0,0
2025,850440,"Static converters (Power supplies, Inverters, Semiconductor Rectifiers)",NZL,New Zealand,206405484.50333333,4021477.7900000005,3878239.99,223983564.54,3840351.52,2.53,26,1.0,0.0012205087915000412,-0.05995524655770745,0.3037834016190859,-0.009769501139353265,0,354486747640.06,8827.97,3.3,39436661.0,66.25,7.5,7.5,0.0,0.0,None,None,None,48,60,290,341,0,0,0,0,0,0
2025,850440,"Static converters (Power supplies, Inverters, Semiconductor Rectifiers)",OMN,Oman,96836502.08333333,2185212.5333333337,1434124.32,71802810.2,1434124.32,0.81,26,1.0,-0.3985010652440878,-0.4368559156227533,2.5462947406547993,1.3928621203996308,0,354486747640.06,8827.97,3.3,39436661.0,66.25,7.5,7.5,0.0,0.0,None,None,None,17,10,19,39,0,0,0,0,0,0
2025,850440,"Static converters (Power supplies, Inverters, Semiconductor Rectifiers)",PHL,Philippines,154037866.53,3381055.26,3748173.43,226790577.52,3748173.43,2.56,26,1.0,0.32132251526354927,-0.10307709120663933,1.1512322948914138,1.1593188880841723,0,354486747640.06,8827.97,3.3,39436661.0,66.25,7.5,7.5,0.0,0.0,None,None,None,377,75,252,598,0,0,0,0,0,0
2025,850440,"Static converters (Power supplies, Inverters, Semiconductor Rectifiers)",POL,Poland,174146202.8066667,4156815.7233333327,4740383.14,248469897.71,4740383.14,2.8,26,1.0,0.11568437407460652,-0.1314443433478205,2.34168504440762,2.277536566432849,0,354486747640.06,8827.97,3.3,39436661.0,66.25,7.5,7.5,0.0,0.0,None,None,None,79,24,1907,1952,0,0,0,0,0,0
2025,850440,"Static converters (Power supplies, Inverters, Semiconductor Rectifiers)",QAT,Qatar,195742899.28666666,3565431.856666667,4141995.11,378160100.49,6149685.75,4.27,26,1.0,3.684585532855074,2.8985726169258617,0.9712605606434108,0.48471584023635317,0,354486747640.06,8827.97,3.3,39436661.0,66.25,7.5,7.5,0.0,0.0,None,None,None,11,2,19,29,0,0,0,0,0,0
2025,850440,"Static converters (Power supplies, Inverters, Semiconductor Rectifiers)",RUS,Russian Federation,87673798.84333332,2400692.103333333,2163343.57,140234386.23,4202524.77,1.58,26,1.0,0.22798185097104406,0.39377410790880507,3.7074868792498235,4.025693273402996,0,660552264556.61,3362.46,3.6,191925086.0,59.25,7.5,7.5,0.0,0.0,None,None,None,259,147,598,858,0,0,1,1,1,0
2025,850440,"Static converters (Power supplies, Inverters, Semiconductor Rectifiers)",SAU,Saudi Arabia,69682094.82666667,2297224.78,1553275.22,117589061.55,4264728.84,1.33,26,1.0,0.5792465905537498,0.6569961701149205,1.6538525214190622,2.9721029066726405,0,415388277619.73,14929.51,3.0,27342752.0,73.25,7.5,7.5,0.0,0.0,Under Negotiation,FTA,Goods,38,35,43,95,0,0,0,0,0,0
2025,850440,"Static converters (Power supplies, Inverters, Semiconductor Rectifiers)",SGP,Singapore,211764644.79333332,4917930.893333334,5639733.48,276745486.09,5639733.48,3.12,26,1.0,0.5817553462401697,0.31642868342491304,0.11619488271061607,-0.037540813675296825,0,340929615341.57,63446.9,5.0,5258221.0,321.25,7.5,7.5,0.0,1.0,In Force,FTA & EIA,Goods & Services,15,5,22,27,1,1,0,0,0,0
2025,850440,"Static converters (Power supplies, Inverters, Semiconductor Rectifiers)",SWE,Sweden,134747090.51666668,3075395.9,2294126.58,50969911.74,1852780.61,0.58,26,1.0,-0.3361476796642132,-0.10132365534933607,-0.7854933731759637,-0.6352277440964498,0,354486747640.06,8827.97,3.3,39436661.0,66.25,7.5,7.5,0.0,0.0,None,None,None,317,47,1005,1198,0,0,0,0,0,0
2025,850440,"Static converters (Power supplies, Inverters, Semiconductor Rectifiers)",THA,Thailand,148177253.53333333,3587645.186666667,3443692.85,96644048.93,2006087.39,1.09,26,1.0,-0.1626008162482081,-0.23675719392854122,-0.5399401096495376,-0.6224301250053382,0,335895377767.42,3988.94,3.8,82685533.0,126.25,7.5,7.5,0.0,1.0,In Force,FTA,Goods & Services,67,41,127,204,0,0,0,0,0,0
2025,850440,"Static converters (Power supplies, Inverters, Semiconductor Rectifiers)",TUR,Türkiye,143236128.92333332,3043051.3666666667,4032058.48,256878762.8,4198552.29,2.9,26,1.0,1.104642168119641,1.1616245836561534,1.236896088185473,0.04129250873339485,0,647529125689.17,7592.05,3.3,84263000.0,61.25,7.5,7.5,0.0,0.0,None,None,None,142,51,306,656,0,0,0,0,0,0
2025,850440,"Static converters (Power supplies, Inverters, Semiconductor Rectifiers)",TWN,Taiwan,113786317.02,2233372.93,1366309.99,59413471.69,1366309.99,0.67,26,1.0,1.7245027484968882,2.0916881555487485,-0.7831161413931282,-0.7367858063877673,0,354486747640.06,8827.97,3.3,39436661.0,66.25,7.5,7.5,0.0,0.0,None,None,None,23,21,35,68,0,0,0,0,0,0
2025,850440,"Static converters (Power supplies, Inverters, Semiconductor Rectifiers)",TZA,United Republic of Tanzania,163306962.41666666,2834342.716666667,1335332.23,422437597.85,6751269.07,4.77,26,1.0,3.2488152455060355,3.026459606612889,5.0,4.05587217796349,0,354486747640.06,8827.97,3.3,39436661.0,66.25,7.5,7.5,0.0,0.0,None,None,None,20,30,33,71,0,0,0,0,0,0
2025,850440,"Static converters (Power supplies, Inverters, Semiconductor Rectifiers)",USA,United States of America,205382798.85000002,3792223.606666666,4895862.02,7212567.87,246690.35,0.08,26,1.0,-0.8121130045970375,-0.7755283516134872,-0.9821745801429668,-0.9604289921697011,0,18097338437760.06,47718.36,2.1,370704619.0,36.25,2.5,7.5,5.0,0.0,None,None,None,1765,2105,19117,20895,0,0,0,0,0,0
2025,850440,"Static converters (Power supplies, Inverters, Semiconductor Rectifiers)",VNM,Viet Nam,80548047.63333333,1429719.2133333331,1580878.62,98374586.46,1774885.8,1.11,26,1.0,0.2743793482580279,0.3789638668582396,0.18959785395503315,0.12272111061814295,0,160562089452.67,1522.87,6.6,105032975.0,121.25,7.5,7.5,0.0,1.0,In Force,FTA,Goods & Services,132,31,175,241,0,0,0,0,0,0
2025,850440,"Static converters (Power supplies, Inverters, Semiconductor Rectifiers)",ZAF,South Africa,168279055.10666665,3972951.8800000004,4018481.78,180868703.25,4018481.78,2.04,26,1.0,0.7525406047095982,0.5042156677884035,-0.31768360913468185,-0.3438547805273452,0,261888231492.08,4360.27,2.0,59023536.0,63.25,7.5,7.5,0.0,1.0,Under Negotiation,PTA,Goods,60,85,696,793,0,0,0,0,0,0
2025,851712,Telephones for cellular networks or for other wireless networks,CHN,China,63118870.54523811,2002494.5395238094,2071578.95,88035186.76,1985491.09,1.79,77,7.0,4.977628662608778,3.0753354124315386,5.0,5.0,0,9300982450507.4,5588.1,8.3,1656339789.0,46.25,5.0,7.5,2.5,0.0,In Force,PTA,Goods,765,191,996,1676,0,0,0,0,0,0
2025,851712,Telephones for cellular networks or for other wireless networks,DEU,Germany,76204703.46714284,2455582.2323809527,2236389.09,34594882.37,2095903.6,0.7,77,7.0,0.24521470692628466,0.20484611301986044,0.8158567834904566,0.6972856736280133,0,2760472889424.06,24913.88,1.2,108056452.0,76.25,5.0,7.5,2.5,0.0,Under Negotiation,FTA,Goods & Services,879,112,9939,10026,0,0,0,0,0,0
2025,851712,Telephones for cellular networks or for other wireless networks,GBR,United Kingdom of Great Britain and Northern Ireland,67762775.45714286,2730282.801428572,2301127.77,65727213.17,2301127.77,1.34,77,7.0,0.10022211102268286,0.06406881142635523,1.9217279480321086,1.5169668870994366,0,2593000127109.38,32632.91,1.6,77427312.0,66.25,5.0,7.5,2.5,0.0,Under Negotiation,FTA,Goods & Services,1350,144,4976,5878,0,0,0,0,0,0
2025,851712,Telephones for cellular networks or for other wireless networks,IND,India,55293608.78666667,1805660.4595238094,1701424.33,57638021.6,1382313.44,1.17,77,7.0,0.06262932465053628,-0.008306261742495824,0.3735080373382893,0.7997332781726194,0,2423969608511.26,1757.16,6.6,1380283158.0,38.25,5.0,7.5,2.5,0.0,None,None,None,282,135,964,1337,0,0,0,0,0,0
2025,851712,Telephones for cellular networks or for other wireless networks,SAU,Saudi Arabia,51132342.8775,1746404.2687499998,1370202.33,32828508.07,1045448.87,0.67,88,8.0,1.8915438713968,0.8250283928830897,-0.38926978156240344,-0.3083091896998875,0,415388277619.73,14929.51,3.0,27342752.0,73.25,5.0,7.5,2.5,0.0,Under Negotiation,FTA,Goods,38,35,43,95,0,0,0,0,0,0
2025,851712,Telephones for cellular networks or for other wireless networks,SGP,Singapore,65210287.27047619,1880713.9533333336,1923480.58,22307570.34,868544.74,0.45,77,7.0,-0.37554118917380386,-0.3081496207692649,4.035183241116384,3.7742392152484374,0,340929615341.57,63446.9,5.0,5258221.0,321.25,5.0,7.5,2.5,1.0,In Force,FTA & EIA,Goods & Services,15,5,22,27,1,1,0,0,0,0
2025,851712,Telephones for cellular networks or for other wireless networks,USA,United States of America,70566229.59714286,2191780.8014285713,2257738.28,121647925.67,3594964.99,2.47,77,7.0,0.21503608480249836,0.08657819683439194,2.7591200046416997,0.8754369473645438,0,18097338437760.06,47718.36,2.1,370704619.0,36.25,5.0,7.5,2.5,0.0,None,None,None,1765,2105,19117,20895,0,0,0,0,0,0
2025,851712,Telephones for cellular networks or for other wireless networks,ARE,United Arab Emirates,73477348.01333334,2588387.4033333333,2669443.71,71517124.5,3833287.49,1.45,77,7.0,0.13109217858968192,-0.05113863801997309,0.08074779840781177,-0.08586825166657064,0,290888340065.6,69094.67,4.0,4206577.0,151.25,5.0,7.5,2.5,1.0,In Force,FTA & EIA,Goods & Services,44,10,35,75,0,0,1,1,1,0
2025,851712,Telephones for cellular networks / smartphones,AUS,Australia,63970981.02,2182640.4366666665,2301052.7,24660171.13,931583.72,0.5,11,1.0,-0.46028556476091487,-0.36372089346647074,-0.7014318053206727,-0.7190034187379537,0,827705732805.53,32270.26,2.6,25108007.0,51.25,5.0,7.5,2.5,1.0,In Force,FTA,Goods & Services,378,622,1830,2593,0,0,0,0,0,0
2025,851712,Telephones for cellular networks / smartphones,BRA,Brazil,26848393.093333334,1027337.3666666666,1130656.44,44192688.79,1489446.71,0.9,11,1.0,0.3274783996816302,0.14774961132661524,2.9197582981228987,2.224546114546547,0,1214333384401.01,5179.26,2.3,230047193.0,35.25,5.0,7.5,2.5,1.0,In Force,PTA,Goods,206,430,5576,5635,0,0,0,0,0,0
2025,851712,Telephones for cellular networks / smartphones,IDN,Indonesia,53301076.99,1767388.12,1463311.57,88071385.22,3632563.56,1.79,11,1.0,0.16675979611361536,0.5755718315175711,5.0,5.0,0,558748565248.4,1981.66,4.8,277371187.0,66.25,5.0,7.5,2.5,1.0,In Force,FTA,Goods & Services,297,187,365,748,0,0,0,0,0,0
2025,851712,Telephones for cellular networks / smartphones,JPN,Japan,107980682.65333332,2464742.8000000003,2404451.74,62451821.45,1786098.12,1.27,11,1.0,-0.3483717030698579,-0.253330879924039,-0.45415480918055295,-0.2571703185861167,0,6533340281527.44,38134.14,0.9,166685623.0,33.25,5.0,7.5,2.5,1.0,In Force,FTA & EIA,Goods & Services,1562,102,621,2170,0,0,0,0,0,0
2025,851712,Telephones for cellular networks / smartphones,KOR,Republic of Korea,90992121.86999999,2030624.5166666664,2259228.35,18746491.64,707525.94,0.38,11,1.0,-0.64430864269977,-0.5241852664487258,-0.8232386977486835,-0.6868284961103259,0,1859749923928.23,29536.14,4.6,61784103.0,81.25,5.0,7.5,2.5,1.0,In Force,FTA & EIA,Goods & Services,76,29,232,279,0,0,0,0,0,0
2025,851712,Telephones for cellular networks / smartphones,NLD,Netherlands,27092418.790000003,976706.2599999999,1085004.4,25039185.83,610450.69,0.51,11,1.0,0.04496757860180889,-0.2499166163405151,-0.24824215760348756,-0.5055733031239418,0,684132699691.79,31975.3,1.8,20901430.0,136.25,5.0,7.5,2.5,0.0,Under Negotiation,FTA,Goods & Services,531,23,1818,1876,0,0,0,0,0,0
2025,851712,Telephones for cellular networks / smartphones,ZAF,South Africa,44799304.73,1137819.4733333334,1221641.6,15614646.26,342138.81,0.32,11,1.0,-0.5577694175376462,-0.5699161809137083,-0.5990145477736262,-0.7199352003077499,0,261888231492.08,4360.27,2.0,59023536.0,63.25,5.0,7.5,2.5,1.0,Under Negotiation,PTA,Goods,60,85,696,793,0,0,0,0,0,0
2025,851713,Smartphones for cellular networks or for other wireless networks,AGO,Angola,1562544671.47,4167066.5766666667,4587918.65,1973563646.41,4587918.65,3.76,26,1.0,0.49747979130178877,0.1878697810614669,0.0761119813254596,-0.01585328870091307,0,354486747640.06,8827.97,3.3,39436661.0,66.25,0.0,0.0,0.0,0.0,None,None,None,35,40,13,81,0,0,0,0,0,0
2025,851713,Smartphones for cellular networks or for other wireless networks,ARE,United Arab Emirates,733193536.57,3081271.6233333335,2617591.92,962760022.76,4271632.62,1.83,26,1.0,0.2800976278170353,0.34691214554016936,0.4827931971694621,0.6318940272394975,0,290888340065.6,69094.67,4.0,4206577.0,151.25,0.0,0.0,0.0,1.0,In Force,FTA & EIA,Goods & Services,44,10,35,75,0,0,1,1,1,0
2025,851713,Smartphones for cellular networks or for other wireless networks,ARG,Argentina,1500799320.11,4040481.053333333,3882633.92,2359738615.91,6438971.39,4.49,26,1.0,1.4228790467622319,0.8914355932675777,0.35563944397678093,0.6584029096408712,0,354486747640.06,8827.97,3.3,39436661.0,66.25,0.0,0.0,0.0,1.0,In Force,PTA,Goods,104,113,458,602,0,0,0,0,0,0
2025,851713,Smartphones for cellular networks or for other wireless networks,AUS,Australia,1153137603.6066668,4967294.596666667,5155012.8,828664674.86,5457157.25,1.58,26,1.0,-0.24309249354893792,0.028888611527504215,-0.30031060358001715,0.27214951410690813,0,827705732805.53,32270.26,2.6,25108007.0,51.25,0.0,0.0,0.0,1.0,In Force,FTA,Goods & Services,378,622,1830,2593,0,0,0,0,0,0
2025,851713,Smartphones for cellular networks or for other wireless networks,AUT,Austria,713278035.6866666,2950773.626666667,3293274.02,1250631766.31,4728403.4,2.38,26,1.0,1.9583363299477359,1.3858873549875947,0.6757725042026548,0.4357758787404411,0,354486747640.06,8827.97,3.3,39436661.0,66.25,0.0,0.0,0.0,0.0,None,None,None,111,11,1349,1394,0,0,0,0,0,0
2025,851713,Smartphones for cellular networks or for other wireless networks,BEL,Belgium,402039355.68333334,2195840.2,2916880.22,449938980.58,2952578.97,0.86,26,1.0,-0.14247087833726546,0.006100728224437857,2.1177836142139053,3.1118752921089134,0,354486747640.06,8827.97,3.3,39436661.0,66.25,0.0,0.0,0.0,0.0,None,None,None,484,11,1834,1842,0,0,0,0,0,0
2025,851713,Smartphones for cellular networks or for other wireless networks,BGD,Bangladesh,1144993849.54,3072865.6999999997,2873322.54,1773345866.94,3997156.66,3.38,26,1.0,0.4758915306781615,0.3047149396346629,1.0923869291400932,0.39112703302658436,0,354486747640.06,8827.97,3.3,39436661.0,66.25,0.0,0.0,0.0,1.0,In Force,FTA,Goods,12,15,18,45,0,0,0,0,0,0
2025,851713,Smartphones for cellular networks or for other wireless networks,BRA,Brazil,709427458.8433332,3931549.51,3691827.72,1052473862.1,3691827.72,2.0,26,1.0,0.881698413071967,0.32577152491250594,0.35181113850395174,-0.38494252342043744,0,1214333384401.01,5179.26,2.3,230047193.0,35.25,0.0,0.0,0.0,1.0,In Force,PTA,Goods,206,430,5576,5635,0,0,0,0,0,0
2025,851713,Smartphones for cellular networks or for other wireless networks,CAN,Canada,612892174.2366667,2295416.72,1837539.36,809684625.46,1837539.36,1.54,26,1.0,0.42119372849793235,0.18724773669692252,0.28906745169805137,-0.5093460263604244,0,1278428077415.3,30906.61,2.0,40356850.0,86.25,0.0,0.0,0.0,0.0,None,None,None,580,499,2609,3225,0,0,0,0,0,0
2025,851713,Smartphones for cellular networks or for other wireless networks,CHE,Switzerland,618290486.0533333,2930348.4666666663,3055455.53,395686462.87,3055455.53,0.75,26,1.0,-0.382899176334482,-0.0788125626209426,-0.05817871312205303,0.43116171675101556,0,354486747640.06,8827.97,3.3,39436661.0,66.25,0.0,0.0,0.0,0.0,None,None,None,68,13,1548,1560,0,0,0,0,0,0
2025,851713,Smartphones for cellular networks or for other wireless networks,CHL,Chile,515167735.74666667,1805750.2366666666,1694261.1,389654242.04,2471066.13,0.74,26,1.0,-0.07543695396915695,0.4049254884486013,-0.44336329102786953,0.4584919231153577,0,354486747640.06,8827.97,3.3,39436661.0,66.25,0.0,0.0,0.0,1.0,In Force,PTA,Goods,105,43,445,489,0,0,0,0,0,0
2025,851713,Smartphones for cellular networks or for other wireless networks,CHN,China,1228129403.8066666,3727101.89,3912258.12,2008727434.93,5270539.85,3.82,26,1.0,0.5236419935602783,0.16068347248157422,1.4787358927058127,1.637237699908468,0,9300982450507.4,5588.1,8.3,1656339789.0,46.25,0.0,0.0,0.0,0.0,In Force,PTA,Goods,765,191,996,1676,0,0,0,0,0,0
2025,851713,Smartphones for cellular networks or for other wireless networks,COL,Colombia,713790850.84,2385081.0633333335,2836992.29,1213780564.71,2966815.41,2.31,26,1.0,1.5705627228740213,0.48165674766321853,0.6316388179416375,0.045760829332022857,0,354486747640.06,8827.97,3.3,39436661.0,66.25,0.0,0.0,0.0,0.0,None,None,None,33,165,246,394,0,0,0,0,0,0
2025,851713,Smartphones for cellular networks or for other wireless networks,DEU,Germany,1146602778.76,2992291.1233333335,2599460.2,870492803.41,2599460.2,1.66,26,1.0,1.8586958193752516,1.1727282780471637,-0.6465428696620255,-0.5538760964021818,0,2760472889424.06,24913.88,1.2,108056452.0,76.25,0.0,0.0,0.0,0.0,Under Negotiation,FTA,Goods & Services,879,112,9939,10026,0,0,0,0,0,0
2025,851713,Smartphones for cellular networks or for other wireless networks,EGY,Egypt,971464106.17,3284012.5700000003,4174927.01,144579725.65,869084.8,0.28,26,1.0,-0.6138774575537586,-0.5437460539663076,-0.9196809928389528,-0.819242903828821,0,290888340065.6,3140.67,4.0,92544699.0,49.25,0.0,0.0,0.0,0.0,None,None,None,41,24,74,127,0,0,0,0,0,0
2025,851713,Smartphones for cellular networks or for other wireless networks,ESP,Spain,750270203.6300001,4373070.383333333,5375409.33,894406912.32,5375409.33,1.7,26,1.0,0.3675706533460039,0.6079468131109289,0.01848364527125601,-0.051075094445826474,0,354486747640.06,8827.97,3.3,39436661.0,66.25,0.0,0.0,0.0,0.0,None,None,None,432,50,4433,4769,0,0,0,0,0,0
2025,851713,Smartphones for cellular networks or for other wireless networks,FRA,France,1061663875.7600001,4380220.846666667,4714888.7,1595284411.13,6199139.25,3.04,26,1.0,0.5447578305177263,0.1466476184217984,0.731778437871637,1.7840846800090433,0,1973285681586.82,24141.89,1.3,80056423.0,65.25,0.0,0.0,0.0,0.0,Under Negotiation,FTA,Goods & Services,808,142,14175,14370,0,0,0,0,0,0
2025,851713,Smartphones for cellular networks or for other wireless networks,GBR,United Kingdom of Great Britain and Northern Ireland,1091862895.2633333,3564868.6733333333,3121883.78,1995955939.07,5140029.16,3.8,26,1.0,0.5302925481212339,0.45358064496999084,3.670934667640606,0.646451156486791,0,2593000127109.38,32632.91,1.6,77427312.0,66.25,0.0,0.0,0.0,0.0,Under Negotiation,FTA,Goods & Services,1350,144,4976,5878,0,0,0,0,0,0
2025,851713,Smartphones for cellular networks or for other wireless networks,GHA,Ghana,923803687.2533332,2155841.603333333,782832.42,243965355.95,782832.42,0.46,26,1.0,0.4527009255189698,0.5577424580086254,-0.8988468303381131,-0.8540059017069058,0,354486747640.06,8827.97,3.3,39436661.0,66.25,0.0,0.0,0.0,0.0,None,None,None,11,5,45,62,0,0,0,0,0,0
2025,851713,Smartphones for cellular networks or for other wireless networks,HKG,"China, Hong Kong Special Administrative Region",835376712.3966666,2729509.9433333334,1888131.77,98220655.71,328556.48,0.19,26,1.0,-0.6196079024787778,-0.5828532458856049,-0.9431959160123649,-0.9449823851489468,0,354486747640.06,8827.97,3.3,39436661.0,66.25,0.0,0.0,0.0,0.0,None,None,None,13,3,63,70,0,0,0,0,0,0
2025,851713,Smartphones for cellular networks or for other wireless networks,IDN,Indonesia,1220753595.5166667,3590507.9166666665,3964587.9,2081051156.28,6085009.85,3.96,26,1.0,0.20202912779238758,0.23888677582565432,5.0,5.0,0,558748565248.4,1981.66,4.8,277371187.0,66.25,0.0,0.0,0.0,1.0,In Force,FTA,Goods & Services,297,187,365,748,0,0,0,0,0,0
2025,851713,Smartphones for cellular networks or for other wireless networks,IRN,Iran (Islamic Republic of),765124269.0733334,3205232.19,2896632.28,425789886.81,2896632.28,0.81,26,1.0,-0.47564006485972943,-0.2236154475763238,0.32647587108894416,0.513745456174378,0,354486747640.06,8827.97,3.3,39436661.0,66.25,0.0,0.0,0.0,0.0,None,None,None,43,70,58,158,0,0,0,0,0,0
2025,851713,Smartphones for cellular networks or for other wireless networks,ISR,Israel,724701736.9266667,1976229.2599999998,1375994.61,1344625858.89,3383250.73,2.56,26,1.0,0.7497559218552066,0.5680457357261015,2.4451496036587286,1.8930459629950724,0,354486747640.06,8827.97,3.3,39436661.0,66.25,0.0,0.0,0.0,0.0,None,None,None,22,15,360,381,0,0,0,0,0,0
2025,851713,Smartphones for cellular networks or for other wireless networks,ITA,Italy,1097652932.0333335,3948250.0999999996,5302985.43,265350718.01,998968.42,0.51,26,1.0,-0.5324114793017903,-0.5754670392149432,-0.8537174790673424,-0.8116215039271168,0,1461972474319.65,19023.64,0.8,74798201.0,61.25,0.0,0.0,0.0,0.0,Under Negotiation,FTA,Goods & Services,327,61,5598,5803,0,0,0,0,0,0
2025,851713,Smartphones for cellular networks or for other wireless networks,JPN,Japan,1138440462.1166666,3036284.73,2820093.88,888373119.96,2142602.33,1.69,26,1.0,-0.2558690284846651,-0.2811341322706453,-0.03710600377326545,-0.24023723281182374,0,6533340281527.44,38134.14,0.9,166685623.0,33.25,0.0,0.0,0.0,1.0,In Force,FTA & EIA,Goods & Services,1562,102,621,2170,0,0,0,0,0,0
2025,851713,Smartphones for cellular networks or for other wireless networks,KAZ,Kazakhstan,879148802.5033332,4417412.350000001,5265911.03,724530217.62,2450541.91,1.38,26,1.0,-0.17825013357422437,-0.31782734199609275,-0.137435055253045,-0.5573270450390528,0,354486747640.06,8827.97,3.3,39436661.0,66.25,0.0,0.0,0.0,0.0,None,None,None,3,27,67,85,0,0,0,0,0,0
2025,851713,Smartphones for cellular networks or for other wireless networks,KEN,Kenya,1292462341.3866668,3843818.8766666665,3795434.78,1033460214.73,2384804.13,1.97,26,1.0,-0.11045011338593236,-0.2073242155689854,-0.32800419895312793,-0.5543436550737924,0,354486747640.06,8827.97,3.3,39436661.0,66.25,0.0,0.0,0.0,0.0,None,None,None,7,38,27,72,0,0,0,0,0,0
2025,851713,Smartphones for cellular networks or for other wireless networks,KOR,Republic of Korea,818095020.4533334,3270866.41,3818492.42,1457817854.73,3818492.42,2.78,26,1.0,1.6941386338539237,1.7079696416536878,0.8323016166114692,-0.302352888751803,0,1859749923928.23,29536.14,4.6,61784103.0,81.25,0.0,0.0,0.0,1.0,In Force,FTA & EIA,Goods & Services,76,29,232,279,0,0,0,0,0,0
2025,851713,Smartphones for cellular networks or for other wireless networks,KWT,Kuwait,994224465.7966666,3004314.42,2170877.16,322917447.81,2170877.16,0.61,26,1.0,-0.2113675291460393,0.30439813912779323,-0.8491425539085369,-0.6099873522036363,0,354486747640.06,8827.97,3.3,39436661.0,66.25,0.0,0.0,0.0,0.0,None,None,None,13,2,19,31,0,0,0,0,0,0
2025,851713,Smartphones for cellular networks or for other wireless networks,LKA,Sri Lanka,1647836826.8633335,5002828.583333333,4665643.82,2618092502.63,5854275.71,4.98,26,1.0,0.2245148342735881,0.1420438188324067,3.5188833509876805,0.25476267281773435,0,354486747640.06,8827.97,3.3,39436661.0,66.25,0.0,0.0,0.0,1.0,In Force,FTA,Goods,21,19,118,151,0,0,0,0,0,0
2025,851713,Smartphones for cellular networks or for other wireless networks,MEX,Mexico,536965798.33,2531321.6633333336,2267804.41,745203603.59,3835701.56,1.42,26,1.0,0.41580176125308577,0.6042143052552165,0.5087308485851274,0.6913722996059914,0,1188674554333.95,8882.55,1.9,130009527.0,71.25,0.0,0.0,0.0,0.0,None,None,None,110,95,869,969,0,0,0,0,0,0
2025,851713,Smartphones for cellular networks or for other wireless networks,MYS,Malaysia,704773128.6866666,2523826.2533333334,3206444.69,882913574.42,3345966.92,1.68,26,1.0,-0.0559661758085751,0.021524871484661867,2.6680513566589177,2.2833625536812923,0,303500855641.07,9683.98,4.6,30760596.0,191.25,0.0,0.0,0.0,1.0,In Force,FTA,Goods & Services,177,54,172,349,0,0,0,0,0,0
2025,851713,Smartphones for cellular networks or for other wireless networks,NGA,Nigeria,901650618.5099999,2220707.07,2773467.75,343133685.99,775567.04,0.65,26,1.0,-0.4607912372179426,-0.47119188399408407,-0.7096110642776081,-0.7508687728624793,0,204369543044.52,1260.94,4.3,160375757.0,56.25,0.0,0.0,0.0,0.0,None,None,None,41,23,101,163,0,0,1,1,0,0
2025,851713,Smartphones for cellular networks or for other wireless networks,NLD,Netherlands,1629317384.1133335,5585526.55,6029415.68,1197205290.91,4554835.01,2.28,26,1.0,-0.2913835863228357,-0.14096315220366518,-0.08367386098128737,-0.2445644401151582,0,684132699691.79,31975.3,1.8,20901430.0,136.25,0.0,0.0,0.0,0.0,Under Negotiation,FTA,Goods & Services,531,23,1818,1876,0,0,0,0,0,0
2025,851713,Smartphones for cellular networks or for other wireless networks,NPL,Nepal,1191156472.43,3430854.0933333333,3389980.08,1535274644.13,3599191.4,2.92,26,1.0,0.20721586690200677,0.04381250092435396,0.5590671905921478,0.061714616328641725,0,354486747640.06,8827.97,3.3,39436661.0,66.25,0.0,0.0,0.0,1.0,In Force,PTA,Goods,1,44,20,63,0,0,0,0,0,0
2025,851713,Smartphones for cellular networks or for other wireless networks,NZL,New Zealand,167576562.67,748054.19,956833.91,125590103.33,956833.91,0.24,26,1.0,-0.31754046294858096,-0.018009309039787702,0.16840118798468384,2.2426579512820024,0,354486747640.06,8827.97,3.3,39436661.0,66.25,0.0,0.0,0.0,0.0,None,None,None,48,60,290,341,0,0,0,0,0,0
2025,851713,Smartphones for cellular networks or for other wireless networks,OMN,Oman,594483042.57,2321715.7866666666,2899026.32,594651316.59,2899026.32,1.13,26,1.0,2.1462836854760132,2.983653791634154,-0.47316619092156564,-0.253490485472604,0,354486747640.06,8827.97,3.3,39436661.0,66.25,0.0,0.0,0.0,0.0,None,None,None,17,10,19,39,0,0,0,0,0,0
2025,851713,Smartphones for cellular networks or for other wireless networks,PHL,Philippines,1101349245.6566665,3047584.97,3688548.42,134106374.83,490320.18,0.26,26,1.0,-0.736662216166204,-0.6857111521906805,-0.8915076047299848,-0.8670696100012516,0,354486747640.06,8827.97,3.3,39436661.0,66.25,0.0,0.0,0.0,0.0,None,None,None,377,75,252,598,0,0,0,0,0,0
2025,851713,Smartphones for cellular networks or for other wireless networks,POL,Poland,642282795.4366666,2776317.0933333337,2486235.72,694118334.66,2486235.72,1.32,26,1.0,0.4923688955009873,0.20905826484892187,-0.24640001861320504,-0.399740777788414,0,354486747640.06,8827.97,3.3,39436661.0,66.25,0.0,0.0,0.0,0.0,None,None,None,79,24,1907,1952,0,0,0,0,0,0
2025,851713,Smartphones for cellular networks or for other wireless networks,QAT,Qatar,1357915621.1333332,4339758.516666667,5708528.27,267463524.99,1040707.19,0.51,26,1.0,-0.556858453395624,-0.5730252435855812,-0.8905755380415425,-0.8340190532976586,0,354486747640.06,8827.97,3.3,39436661.0,66.25,0.0,0.0,0.0,0.0,None,None,None,11,2,19,29,0,0,0,0,0,0
2025,851713,Smartphones for cellular networks or for other wireless networks,RUS,Russian Federation,904088984.39,3002053.6733333333,2878939.1,1943729867.71,5561283.21,3.7,26,1.0,0.7901629076416279,0.3898606749717719,5.0,5.0,0,660552264556.61,3362.46,3.6,191925086.0,59.25,0.0,0.0,0.0,0.0,None,None,None,259,147,598,858,0,0,1,1,1,0
2025,851713,Smartphones for cellular networks or for other wireless networks,SAU,Saudi Arabia,1547271599.7666664,4381373.35,3991599.69,1744939109.19,6022265.85,3.32,26,1.0,0.014379893296879942,0.22830571225764573,0.45283430368676103,0.9238901599723521,0,415388277619.73,14929.51,3.0,27342752.0,73.25,0.0,0.0,0.0,0.0,Under Negotiation,FTA,Goods,38,35,43,95,0,0,0,0,0,0
2025,851713,Smartphones for cellular networks or for other wireless networks,SGP,Singapore,855185381.4499999,3364593.1500000004,2946324.7,1129024614.22,6350800.82,2.15,26,1.0,-0.06693727017067685,0.46816187702217715,5.0,5.0,0,340929615341.57,63446.9,5.0,5258221.0,321.25,0.0,0.0,0.0,1.0,In Force,FTA & EIA,Goods & Services,15,5,22,27,1,1,0,0,0,0
2025,851713,Smartphones for cellular networks or for other wireless networks,SWE,Sweden,1175370341.73,3657324.3200000003,3101353.62,330788305.18,1840326.02,0.63,26,1.0,-0.5083823675212916,-0.22967899665411107,-0.8189112235979884,-0.6948198168244832,0,354486747640.06,8827.97,3.3,39436661.0,66.25,0.0,0.0,0.0,0.0,None,None,None,317,47,1005,1198,0,0,0,0,0,0
2025,851713,Smartphones for cellular networks or for other wireless networks,THA,Thailand,1050626839.7633333,2795491.1533333333,3257975.19,1614782173.4,3996353.29,3.07,26,1.0,0.2404286976704353,0.10753650760337963,2.3115069038936413,2.5298953407861866,0,335895377767.42,3988.94,3.8,82685533.0,126.25,0.0,0.0,0.0,1.0,In Force,FTA,Goods & Services,67,41,127,204,0,0,0,0,0,0
2025,851713,Smartphones for cellular networks or for other wireless networks,TUR,Türkiye,941296219.5600001,2928075.3866666667,1745374.2,2232997391.71,5674669.07,4.25,26,1.0,1.886282046287374,1.039548188293884,5.0,2.2512621476797063,0,647529125689.17,7592.05,3.3,84263000.0,61.25,0.0,0.0,0.0,0.0,None,None,None,142,51,306,656,0,0,0,0,0,0
2025,851713,Smartphones for cellular networks or for other wireless networks,TWN,Taiwan,836340089.5266666,4158848.9966666666,5823898.0,1092695753.88,5823898.0,2.08,26,1.0,-0.10602264357860647,-0.04516285011514165,5.0,5.0,0,354486747640.06,8827.97,3.3,39436661.0,66.25,0.0,0.0,0.0,0.0,None,None,None,23,21,35,68,0,0,0,0,0,0
2025,851713,Smartphones for cellular networks or for other wireless networks,TZA,United Republic of Tanzania,572006398.03,2192675.696666667,2445674.43,136946769.26,817185.12,0.26,26,1.0,-0.4207583910942875,-0.4219559921451759,-0.8830425150157071,-0.7535011096302682,0,354486747640.06,8827.97,3.3,39436661.0,66.25,0.0,0.0,0.0,0.0,None,None,None,20,30,33,71,0,0,0,0,0,0
2025,851713,Smartphones for cellular networks or for other wireless networks,USA,United States of America,1245751378.1166666,3970986.7433333327,4474344.5,503407487.48,1975899.6,0.96,26,1.0,-0.43970978479743617,-0.39857964845949856,-0.6912094917786988,-0.5583935032272195,0,18097338437760.06,47718.36,2.1,370704619.0,36.25,0.0,0.0,0.0,0.0,None,None,None,1765,2105,19117,20895,0,0,0,0,0,0
2025,851713,Smartphones for cellular networks or for other wireless networks,VNM,Viet Nam,1009303884.6433334,3551999.6833333336,5161711.36,785865008.47,5324267.78,1.5,26,1.0,-0.402958226650558,0.01562430914362234,5.0,5.0,0,160562089452.67,1522.87,6.6,105032975.0,121.25,0.0,0.0,0.0,1.0,In Force,FTA,Goods & Services,132,31,175,241,0,0,0,0,0,0
2025,851713,Smartphones for cellular networks or for other wireless networks,ZAF,South Africa,704790696.92,2182952.356666667,2363571.06,1524842210.47,3854302.32,2.9,26,1.0,2.3392432223589417,2.412475888747411,2.3677374581854385,0.6307114202009096,0,261888231492.08,4360.27,2.0,59023536.0,63.25,0.0,0.0,0.0,1.0,Under Negotiation,PTA,Goods,60,85,696,793,0,0,0,0,0,0
2025,854143,Photovoltaic cells assembled in modules or made up into panels (Solar Panels),AGO,Angola,88161741.81333333,3335356.36,4003039.67,138230095.85,4003039.67,2.8,26,1.0,0.1938825943948601,-0.10615213819417846,3.7216573577226377,3.0323081789126043,0,354486747640.06,8827.97,3.3,39436661.0,66.25,20.0,20.0,0.0,0.0,None,None,None,35,40,13,81,0,0,0,0,0,0
2025,854143,Photovoltaic cells assembled in modules or made up into panels (Solar Panels),ARE,United Arab Emirates,98689685.24000001,3447537.903333333,2938266.43,55946884.66,2339548.03,1.13,26,1.0,-0.14446646005799213,-0.10768047469449671,-0.6582049815977231,-0.5380768487517964,0,290888340065.6,69094.67,4.0,4206577.0,151.25,0.0,20.0,20.0,1.0,In Force,FTA & EIA,Goods & Services,44,10,35,75,0,0,1,1,1,0
2025,854143,Photovoltaic cells assembled in modules or made up into panels (Solar Panels),ARG,Argentina,65346288.38666666,3242816.323333333,4585291.33,117414746.81,4585291.33,2.38,26,1.0,2.991176496515449,2.3903220042116793,0.6478519398278579,-0.03350316916538698,0,354486747640.06,8827.97,3.3,39436661.0,66.25,20.0,20.0,0.0,1.0,In Force,PTA,Goods,104,113,458,602,0,0,0,0,0,0
2025,854143,Photovoltaic cells assembled in modules or made up into panels (Solar Panels),AUS,Australia,82640751.74666667,3467790.623333333,2773732.77,88509254.08,2773732.77,1.79,26,1.0,-0.109008497802915,-0.3236302437998765,0.8469613072086002,0.7706359849243904,0,827705732805.53,32270.26,2.6,25108007.0,51.25,20.0,20.0,0.0,1.0,In Force,FTA,Goods & Services,378,622,1830,2593,0,0,0,0,0,0
2025,854143,Photovoltaic cells assembled in modules or made up into panels (Solar Panels),AUT,Austria,123431437.27,4167842.4599999995,3933894.96,116605576.53,3933894.96,2.36,26,1.0,-0.024415997415468405,-0.09620535773931371,-0.11105865997303876,0.04801345011698066,0,354486747640.06,8827.97,3.3,39436661.0,66.25,20.0,20.0,0.0,0.0,None,None,None,111,11,1349,1394,0,0,0,0,0,0
2025,854143,Photovoltaic cells assembled in modules or made up into panels (Solar Panels),BEL,Belgium,118785600.02999999,4845221.806666666,4389042.39,78537179.33,4261081.13,1.59,26,1.0,-0.1497108084724471,-0.014685182513948902,-0.5358091491047744,-0.2760087002355254,0,354486747640.06,8827.97,3.3,39436661.0,66.25,20.0,20.0,0.0,0.0,None,None,None,484,11,1834,1842,0,0,0,0,0,0
2025,854143,Photovoltaic cells assembled in modules or made up into panels (Solar Panels),BGD,Bangladesh,90063129.84333335,3369881.446666667,3187062.18,23849599.98,1285213.61,0.48,26,1.0,-0.5808150980964448,-0.5225263122386745,-0.7843844127012376,-0.5967403403470475,0,354486747640.06,8827.97,3.3,39436661.0,66.25,20.0,20.0,0.0,1.0,In Force,FTA,Goods,12,15,18,45,0,0,0,0,0,0
2025,854143,Photovoltaic cells assembled in modules or made up into panels (Solar Panels),BRA,Brazil,60977984.800000004,3237756.9966666666,3347561.28,66794744.45,3691589.24,1.35,26,1.0,0.011398234389965234,0.05012843373567266,0.3137837500444063,0.3804872597974689,0,1214333384401.01,5179.26,2.3,230047193.0,35.25,20.0,20.0,0.0,1.0,In Force,PTA,Goods,206,430,5576,5635,0,0,0,0,0,0
2025,854143,Photovoltaic cells assembled in modules or made up into panels (Solar Panels),CAN,Canada,56757530.77,2417360.6933333334,3059210.6,105448496.22,3059210.6,2.14,26,1.0,2.2119224857575888,1.1572716745490386,0.9311956918049815,-0.13472041386674316,0,1278428077415.3,30906.61,2.0,40356850.0,86.25,20.0,20.0,0.0,0.0,None,None,None,580,499,2609,3225,0,0,0,0,0,0
2025,854143,Photovoltaic cells assembled in modules or made up into panels (Solar Panels),CHE,Switzerland,135714875.40666667,4882088.183333334,5543880.65,175274149.43,5553075.68,3.55,26,1.0,0.27090221182092455,0.2508203511444549,0.4208976454910738,0.0016585909004007693,0,354486747640.06,8827.97,3.3,39436661.0,66.25,20.0,20.0,0.0,0.0,None,None,None,68,13,1548,1560,0,0,0,0,0,0
2025,854143,Photovoltaic cells assembled in modules or made up into panels (Solar Panels),CHL,Chile,92683862.34666665,3960514.1566666663,4083189.6,155923831.95,6028477.42,3.16,26,1.0,0.46254789252351514,0.2150776876019722,2.1670164158526934,2.4061591283141386,0,354486747640.06,8827.97,3.3,39436661.0,66.25,20.0,20.0,0.0,1.0,In Force,PTA,Goods,105,43,445,489,0,0,0,0,0,0
2025,854143,Photovoltaic cells assembled in modules or made up into panels (Solar Panels),CHN,China,93283344.01333332,4503828.053333334,4355098.39,147360024.66,5703403.73,2.99,26,1.0,0.4852506912818586,0.2851975764973267,1.2432833556931442,0.3095923947653203,0,9300982450507.4,5588.1,8.3,1656339789.0,46.25,20.0,20.0,0.0,0.0,In Force,PTA,Goods,765,191,996,1676,0,0,0,0,0,0
2025,854143,Photovoltaic cells assembled in modules or made up into panels (Solar Panels),COL,Colombia,32729277.0,1483373.5833333333,1415755.54,28681615.7,1415755.54,0.58,26,1.0,0.3536513373724739,0.4280285535691868,-0.46741397821668307,-0.39500663097085364,0,354486747640.06,8827.97,3.3,39436661.0,66.25,20.0,20.0,0.0,0.0,None,None,None,33,165,246,394,0,0,0,0,0,0
2025,854143,Photovoltaic cells assembled in modules or made up into panels (Solar Panels),DEU,Germany,88509615.40666667,4650347.12,4687403.51,70051686.16,3389521.2,1.42,26,1.0,-0.21171415055680587,-0.24037737068953569,-0.15339401605459546,-0.27688725906183465,0,2760472889424.06,24913.88,1.2,108056452.0,76.25,0.0,20.0,20.0,0.0,Under Negotiation,FTA,Goods & Services,879,112,9939,10026,0,0,0,0,0,0
2025,854143,Photovoltaic cells assembled in modules or made up into panels (Solar Panels),EGY,Egypt,92823415.56666666,2793744.0500000003,3052866.22,94035555.82,3052866.22,1.91,26,1.0,0.16127784887516072,0.2239667171821933,-0.18019416296927848,-0.07222746694850202,0,290888340065.6,3140.67,4.0,92544699.0,49.25,20.0,20.0,0.0,0.0,None,None,None,41,24,74,127,0,0,0,0,0,0
2025,854143,Photovoltaic cells assembled in modules or made up into panels (Solar Panels),ESP,Spain,105139407.25,4211953.583333333,5542847.99,119765942.21,5980848.42,2.43,26,1.0,1.2250951731824489,1.3189795290341495,-0.301502618683528,0.07902082662002075,0,354486747640.06,8827.97,3.3,39436661.0,66.25,20.0,20.0,0.0,0.0,None,None,None,432,50,4433,4769,0,0,0,0,0,0
2025,854143,Photovoltaic cells assembled in modules or made up into panels (Solar Panels),FRA,France,84211549.13000001,3295053.376666667,2384013.5,66145268.03,2384013.5,1.34,26,1.0,-0.3192651054576574,-0.32438991564962094,0.5118799173958992,0.0464509345655757,0,1973285681586.82,24141.89,1.3,80056423.0,65.25,20.0,20.0,0.0,0.0,Under Negotiation,FTA,Goods & Services,808,142,14175,14370,0,0,0,0,0,0
2025,854143,Photovoltaic cells assembled in modules or made up into panels (Solar Panels),GBR,United Kingdom of Great Britain and Northern Ireland,67094833.71333334,2937609.3633333333,2532759.66,61677864.24,2532759.66,1.25,26,1.0,-0.036129767633487964,-0.18736037747844436,-0.15761611584095825,0.03598659925366965,0,2593000127109.38,32632.91,1.6,77427312.0,66.25,20.0,20.0,0.0,0.0,Under Negotiation,FTA,Goods & Services,1350,144,4976,5878,0,0,0,0,0,0
2025,854143,Photovoltaic cells assembled in modules or made up into panels (Solar Panels),GHA,Ghana,166960018.17,5226698.156666667,5221329.23,228922206.0,6665649.49,4.64,26,1.0,0.5688980958724805,0.32563263899491846,0.27921996419039763,0.27661926616313415,0,354486747640.06,8827.97,3.3,39436661.0,66.25,20.0,20.0,0.0,0.0,None,None,None,11,5,45,62,0,0,0,0,0,0
2025,854143,Photovoltaic cells assembled in modules or made up into panels (Solar Panels),HKG,"China, Hong Kong Special Administrative Region",79087118.69,3542402.653333333,4284121.35,106056246.79,4284121.35,2.15,26,1.0,-0.040018680990740685,-0.11627253636114654,5.0,3.9962058949442927,0,354486747640.06,8827.97,3.3,39436661.0,66.25,20.0,20.0,0.0,0.0,None,None,None,13,3,63,70,0,0,0,0,0,0
2025,854143,Photovoltaic cells assembled in modules or made up into panels (Solar Panels),IDN,Indonesia,71709060.89333333,3057069.016666666,2654068.52,79217652.61,2654068.52,1.61,26,1.0,0.028535444863811987,0.03706988224578889,0.2980862460516216,-0.3445801496738422,0,558748565248.4,1981.66,4.8,277371187.0,66.25,20.0,20.0,0.0,1.0,In Force,FTA,Goods & Services,297,187,365,748,0,0,0,0,0,0
2025,854143,Photovoltaic cells assembled in modules or made up into panels (Solar Panels),IRN,Iran (Islamic Republic of),142430160.39666668,4690565.756666667,4790117.92,104982463.27,3398517.27,2.13,26,1.0,-0.1470002144513214,-0.15769061769730752,-0.4102896358940604,-0.42232170529816637,0,354486747640.06,8827.97,3.3,39436661.0,66.25,20.0,20.0,0.0,0.0,None,None,None,43,70,58,158,0,0,0,0,0,0
2025,854143,Photovoltaic cells assembled in modules or made up into panels (Solar Panels),ISR,Israel,109499830.42,4340817.603333333,4615505.55,180537716.59,5953042.81,3.66,26,1.0,0.28361406694493474,0.13569016302332693,3.702737406793382,1.4259472735369032,0,354486747640.06,8827.97,3.3,39436661.0,66.25,20.0,20.0,0.0,0.0,None,None,None,22,15,360,381,0,0,0,0,0,0
2025,854143,Photovoltaic cells assembled in modules or made up into panels (Solar Panels),ITA,Italy,116672517.33666666,4297258.33,4947032.11,59645432.2,2165396.75,1.21,26,1.0,-0.2974702110936026,-0.38789012268330614,-0.6481548556794062,-0.5622836678940493,0,1461972474319.65,19023.64,0.8,74798201.0,61.25,20.0,20.0,0.0,0.0,Under Negotiation,FTA,Goods & Services,327,61,5598,5803,0,0,0,0,0,0
2025,854143,Photovoltaic cells assembled in modules or made up into panels (Solar Panels),JPN,Japan,68413801.07333332,3287927.3800000004,2862517.26,64403023.26,2862517.26,1.3,26,1.0,0.8000761883176506,0.557411614861874,-0.4675789823787462,-0.508251807872852,0,6533340281527.44,38134.14,0.9,166685623.0,33.25,20.0,20.0,0.0,1.0,In Force,FTA & EIA,Goods & Services,1562,102,621,2170,0,0,0,0,0,0
2025,854143,Photovoltaic cells assembled in modules or made up into panels (Solar Panels),KAZ,Kazakhstan,94051376.81,3602473.9,4694586.71,16443304.06,670636.12,0.33,26,1.0,-0.6509600191959324,-0.6220409160130493,-0.8742293233179447,-0.8767711110858621,0,354486747640.06,8827.97,3.3,39436661.0,66.25,20.0,20.0,0.0,0.0,None,None,None,3,27,67,85,0,0,0,0,0,0
2025,854143,Photovoltaic cells assembled in modules or made up into panels (Solar Panels),KEN,Kenya,119182691.01333332,3841544.72,3878557.74,95164205.94,2876125.73,1.93,26,1.0,-0.12474649345223177,-0.1388698341076119,-0.31120167703757584,-0.3970323978339917,0,354486747640.06,8827.97,3.3,39436661.0,66.25,20.0,20.0,0.0,0.0,None,None,None,7,38,27,72,0,0,0,0,0,0
2025,854143,Photovoltaic cells assembled in modules or made up into panels (Solar Panels),KOR,Republic of Korea,61433223.28,3348515.52,3252331.85,117961003.07,6460886.74,2.39,26,1.0,2.325647144607329,3.409228608411131,1.118817105500114,0.9865398237261718,0,1859749923928.23,29536.14,4.6,61784103.0,81.25,20.0,20.0,0.0,1.0,In Force,FTA & EIA,Goods & Services,76,29,232,279,0,0,0,0,0,0
2025,854143,Photovoltaic cells assembled in modules or made up into panels (Solar Panels),KWT,Kuwait,81798808.98666666,2692754.0,2004810.67,46956585.55,1947103.34,0.95,26,1.0,-0.0730991781256759,-0.014497300260388979,-0.6734246236637378,-0.528129148409626,0,354486747640.06,8827.97,3.3,39436661.0,66.25,20.0,20.0,0.0,0.0,None,None,None,13,2,19,31,0,0,0,0,0,0
2025,854143,Photovoltaic cells assembled in modules or made up into panels (Solar Panels),LKA,Sri Lanka,56505203.36666667,3013069.903333334,2130242.16,120369936.92,6674093.04,2.44,26,1.0,0.6610603145668126,0.7700341297574329,5.0,5.0,0,354486747640.06,8827.97,3.3,39436661.0,66.25,20.0,20.0,0.0,1.0,In Force,FTA,Goods,21,19,118,151,0,0,0,0,0,0
2025,854143,Photovoltaic cells assembled in modules or made up into panels (Solar Panels),MEX,Mexico,120176587.08333333,4978289.623333333,4996754.2,106588712.55,5783979.02,2.16,26,1.0,0.08617335202655796,0.17997557452088775,-0.3484567195268482,0.15754723736437581,0,1188674554333.95,8882.55,1.9,130009527.0,71.25,20.0,20.0,0.0,0.0,None,None,None,110,95,869,969,0,0,0,0,0,0
2025,854143,Photovoltaic cells assembled in modules or made up into panels (Solar Panels),MYS,Malaysia,64192848.946666665,2450370.1733333333,550708.22,170883500.19,6361604.12,3.46,26,1.0,2.6485414626921107,2.3987759803387823,5.0,5.0,0,303500855641.07,9683.98,4.6,30760596.0,191.25,20.0,20.0,0.0,1.0,In Force,FTA,Goods & Services,177,54,172,349,0,0,0,0,0,0
2025,854143,Photovoltaic cells assembled in modules or made up into panels (Solar Panels),NGA,Nigeria,10883265.386666669,629064.9333333332,661665.1,10266997.38,661665.1,0.21,26,1.0,-0.179203140522451,-0.15464334601250462,0.43730037442049174,1.20818484505845,0,204369543044.52,1260.94,4.3,160375757.0,56.25,20.0,20.0,0.0,0.0,None,None,None,41,23,101,163,0,0,1,1,0,0
2025,854143,Photovoltaic cells assembled in modules or made up into panels (Solar Panels),NLD,Netherlands,123073006.85333334,4238066.573333333,5835785.64,164127601.32,5835785.64,3.33,26,1.0,-0.05321758430637957,-0.013786033372848672,5.0,5.0,0,684132699691.79,31975.3,1.8,20901430.0,136.25,20.0,20.0,0.0,0.0,Under Negotiation,FTA,Goods & Services,531,23,1818,1876,0,0,0,0,0,0
2025,854143,Photovoltaic cells assembled in modules or made up into panels (Solar Panels),NPL,Nepal,38283007.123333335,1452509.4100000001,1373159.8,39453907.49,1373159.8,0.8,26,1.0,-0.11816087096477323,-0.21196130535479918,0.5999352420900099,0.7759926336288618,0,354486747640.06,8827.97,3.3,39436661.0,66.25,20.0,20.0,0.0,1.0,In Force,PTA,Goods,1,44,20,63,0,0,0,0,0,0
2025,854143,Photovoltaic cells assembled in modules or made up into panels (Solar Panels),NZL,New Zealand,59813333.42666668,2289513.4433333334,2281819.35,12151265.3,714853.17,0.25,26,1.0,-0.6827600906680009,-0.5703170085794248,-0.7389643245684976,-0.6867178946485457,0,354486747640.06,8827.97,3.3,39436661.0,66.25,20.0,20.0,0.0,0.0,None,None,None,48,60,290,341,0,0,0,0,0,0
2025,854143,Photovoltaic cells assembled in modules or made up into panels (Solar Panels),OMN,Oman,99086257.48,3956307.563333333,4001366.99,81298388.54,3269119.11,1.65,26,1.0,0.011456375542497232,-0.15683946433531792,-0.40437789625542164,-0.18299943040236288,0,354486747640.06,8827.97,3.3,39436661.0,66.25,20.0,20.0,0.0,0.0,None,None,None,17,10,19,39,0,0,0,0,0,0
2025,854143,Photovoltaic cells assembled in modules or made up into panels (Solar Panels),PHL,Philippines,100809590.71999998,4052538.6933333334,3514066.08,129504958.78,5655892.83,2.62,26,1.0,0.44707773820986296,0.3758947237176382,0.16588065679947217,0.6095009886662093,0,354486747640.06,8827.97,3.3,39436661.0,66.25,20.0,20.0,0.0,0.0,None,None,None,377,75,252,598,0,0,0,0,0,0
2025,854143,Photovoltaic cells assembled in modules or made up into panels (Solar Panels),POL,Poland,58626261.84666667,2861614.8800000004,3734324.8,87681620.56,4097685.1,1.78,26,1.0,0.11619353180928504,0.047522224556218795,3.9203066196031884,4.443007452066515,0,354486747640.06,8827.97,3.3,39436661.0,66.25,20.0,20.0,0.0,0.0,None,None,None,79,24,1907,1952,0,0,0,0,0,0
2025,854143,Photovoltaic cells assembled in modules or made up into panels (Solar Panels),QAT,Qatar,70783819.83666666,2498026.7433333336,2722347.65,135748104.16,4098926.68,2.75,26,1.0,1.9060678069931845,1.468255874557268,1.2426798386442717,0.5056587941655779,0,354486747640.06,8827.97,3.3,39436661.0,66.25,20.0,20.0,0.0,0.0,None,None,None,11,2,19,29,0,0,0,0,0,0
2025,854143,Photovoltaic cells assembled in modules or made up into panels (Solar Panels),RUS,Russian Federation,62595713.050000004,2379856.6199999996,1621249.6,145913494.78,4505121.17,2.96,26,1.0,1.369822652594351,0.6669719696451275,5.0,3.446432309760122,0,660552264556.61,3362.46,3.6,191925086.0,59.25,20.0,20.0,0.0,0.0,None,None,None,259,147,598,858,0,0,1,1,1,0
2025,854143,Photovoltaic cells assembled in modules or made up into panels (Solar Panels),SAU,Saudi Arabia,33625582.89,1405074.5066666666,1553608.86,50609083.88,1651639.93,1.03,26,1.0,0.6302179827737111,0.2787994271925709,0.6208086957090897,0.06309893855711968,0,415388277619.73,14929.51,3.0,27342752.0,73.25,20.0,20.0,0.0,0.0,Under Negotiation,FTA,Goods,38,35,43,95,0,0,0,0,0,0
2025,854143,Photovoltaic cells assembled in modules or made up into panels (Solar Panels),SGP,Singapore,84758266.54333334,3118675.6733333333,3398300.52,20648103.66,722950.96,0.42,26,1.0,-0.6394284801145066,-0.6283746021568113,-0.7239911487549804,-0.7872610277563719,0,340929615341.57,63446.9,5.0,5258221.0,321.25,0.0,20.0,20.0,1.0,In Force,FTA & EIA,Goods & Services,15,5,22,27,1,1,0,0,0,0
2025,854143,Photovoltaic cells assembled in modules or made up into panels (Solar Panels),SWE,Sweden,68533192.80999999,2649845.176666667,3138102.22,27575605.98,990172.73,0.56,26,1.0,-0.28376458238342583,-0.43827734789719264,-0.7780986076032341,-0.7408779879649713,0,354486747640.06,8827.97,3.3,39436661.0,66.25,20.0,20.0,0.0,0.0,None,None,None,317,47,1005,1198,0,0,0,0,0,0
2025,854143,Photovoltaic cells assembled in modules or made up into panels (Solar Panels),THA,Thailand,98647881.97666664,4539963.413333333,3305719.41,137008704.04,7040368.29,2.78,26,1.0,0.20693514375648303,0.4664641432424417,1.1117154256508517,1.1297537439809116,0,335895377767.42,3988.94,3.8,82685533.0,126.25,20.0,20.0,0.0,1.0,In Force,FTA,Goods & Services,67,41,127,204,0,0,0,0,0,0
2025,854143,Photovoltaic cells assembled in modules or made up into panels (Solar Panels),TUR,Türkiye,129896821.66666667,4545209.726666667,4015610.73,80901071.8,3054937.83,1.64,26,1.0,-0.16886993856491073,-0.1277813166621391,-0.5779222269750215,-0.5346686496593953,0,647529125689.17,7592.05,3.3,84263000.0,61.25,20.0,20.0,0.0,0.0,None,None,None,142,51,306,656,0,0,0,0,0,0
2025,854143,Photovoltaic cells assembled in modules or made up into panels (Solar Panels),TWN,Taiwan,106192035.63666666,4954784.600000001,5249008.38,102587739.91,6456197.38,2.08,26,1.0,-0.1599049307304401,0.10904652802337722,0.45245699524873983,1.0436514206526253,0,354486747640.06,8827.97,3.3,39436661.0,66.25,20.0,20.0,0.0,0.0,None,None,None,23,21,35,68,0,0,0,0,0,0
2025,854143,Photovoltaic cells assembled in modules or made up into panels (Solar Panels),TZA,United Republic of Tanzania,81249283.47666667,2954186.903333333,3370276.86,79268627.71,3370276.86,1.61,26,1.0,2.0561224401545943,1.69574828516771,-0.49184207829948345,-0.3297662085865105,0,354486747640.06,8827.97,3.3,39436661.0,66.25,20.0,20.0,0.0,0.0,None,None,None,20,30,33,71,0,0,0,0,0,0
2025,854143,Photovoltaic cells assembled in modules or made up into panels (Solar Panels),USA,United States of America,108750917.53666668,3735813.763333333,2941147.18,141294744.06,5438803.71,2.86,26,1.0,0.21820504921225048,0.3869190806144498,0.5743598268830736,0.8492116773286236,0,18097338437760.06,47718.36,2.1,370704619.0,36.25,0.0,20.0,20.0,0.0,None,None,None,1765,2105,19117,20895,0,0,0,0,0,0
2025,854143,Photovoltaic cells assembled in modules or made up into panels (Solar Panels),VNM,Viet Nam,121149601.25,4696650.05,4270999.38,103649782.88,4270999.38,2.1,26,1.0,0.1495380743502095,0.06697291237317393,-0.4284919478967406,-0.29606228441823224,0,160562089452.67,1522.87,6.6,105032975.0,121.25,20.0,20.0,0.0,1.0,In Force,FTA,Goods & Services,132,31,175,241,0,0,0,0,0,0
2025,854143,Photovoltaic cells assembled in modules or made up into panels (Solar Panels),ZAF,South Africa,108577917.82000001,4128376.803333333,4894414.21,156301771.9,5344146.26,3.17,26,1.0,0.27670917936072925,0.04493387256426851,1.125383021225855,1.489621307189977,0,261888231492.08,4360.27,2.0,59023536.0,63.25,20.0,20.0,0.0,1.0,Under Negotiation,PTA,Goods,60,85,696,793,0,0,0,0,0,0
2025,870322,Motor cars and vehicles for transport of persons (1000cc - 1500cc),AGO,Angola,103217341.11666667,4860869.343333334,5515333.86,183714643.79,6876417.74,4.44,26,1.0,0.5765994736531088,0.11659382725165401,2.5310894818355667,2.1386893480723708,0,354486747640.06,8827.97,3.3,39436661.0,66.25,35.0,35.0,0.0,0.0,None,None,None,35,40,13,81,0,0,0,0,0,0
2025,870322,Motor cars and vehicles for transport of persons (1000cc - 1500cc),ARE,United Arab Emirates,68545253.37,3506198.22,2449145.2,125323481.28,5644231.73,3.03,26,1.0,1.073316781117252,0.5255521231317892,1.4497300032517746,1.3045721135674992,0,290888340065.6,69094.67,4.0,4206577.0,151.25,5.0,35.0,30.0,1.0,In Force,FTA & EIA,Goods & Services,44,10,35,75,0,0,1,1,1,0
2025,870322,Motor cars and vehicles for transport of persons (1000cc - 1500cc),ARG,Argentina,40047930.230000004,2752202.0100000002,3568982.97,5012162.79,188973.29,0.12,26,1.0,-0.6641324065486727,-0.7698939834542011,-0.9291069430165031,-0.9579933314079798,0,354486747640.06,8827.97,3.3,39436661.0,66.25,35.0,35.0,0.0,1.0,In Force,PTA,Goods,104,113,458,602,0,0,0,0,0,0
2025,870322,Motor cars and vehicles for transport of persons (1000cc - 1500cc),AUS,Australia,70044976.15666665,4230656.276666666,3555162.92,64725849.07,3555162.92,1.56,26,1.0,-0.06557443287846743,-0.22724219969836135,-0.09194996810323941,0.11681643179770362,0,827705732805.53,32270.26,2.6,25108007.0,51.25,35.0,35.0,0.0,1.0,In Force,FTA,Goods & Services,378,622,1830,2593,0,0,0,0,0,0
2025,870322,Motor cars and vehicles for transport of persons (1000cc - 1500cc),AUT,Austria,81726103.92,4322050.386666667,4762242.38,71127104.15,3181315.91,1.72,26,1.0,0.0284933527929927,-0.20413499121846723,-0.33408147003702393,-0.3319710220210732,0,354486747640.06,8827.97,3.3,39436661.0,66.25,35.0,35.0,0.0,0.0,None,None,None,111,11,1349,1394,0,0,0,0,0,0
2025,870322,Motor cars and vehicles for transport of persons (1000cc - 1500cc),BEL,Belgium,57697117.78333333,3551075.8200000003,3894400.17,62541933.29,4043161.57,1.51,26,1.0,0.21562443716042456,0.22017576049309828,-0.08332318867738364,0.038198796606708774,0,354486747640.06,8827.97,3.3,39436661.0,66.25,35.0,35.0,0.0,0.0,None,None,None,484,11,1834,1842,0,0,0,0,0,0
2025,870322,Motor cars and vehicles for transport of persons (1000cc - 1500cc),BGD,Bangladesh,103685251.27,4419602.1033333335,4451655.66,134642667.0,6014287.74,3.25,26,1.0,0.1295374555064548,0.16233500999498118,0.8995392123054542,1.1534489639514196,0,354486747640.06,8827.97,3.3,39436661.0,66.25,35.0,35.0,0.0,1.0,In Force,FTA,Goods,12,15,18,45,0,0,0,0,0,0
2025,870322,Motor cars and vehicles for transport of persons (1000cc - 1500cc),BRA,Brazil,83207578.24,3697288.7399999998,4062118.36,31584334.6,1241273.7,0.76,26,1.0,-0.38533942347150885,-0.4472134213183716,-0.7650664056021949,-0.7855611572774499,0,1214333384401.01,5179.26,2.3,230047193.0,35.25,35.0,35.0,0.0,1.0,In Force,PTA,Goods,206,430,5576,5635,0,0,0,0,0,0
2025,870322,Motor cars and vehicles for transport of persons (1000cc - 1500cc),CAN,Canada,31262449.873333335,1512426.0433333337,1819719.03,6682420.75,500726.73,0.16,26,1.0,-0.6093579729527789,-0.47543631752529125,-0.8457244285291983,-0.7741251270163589,0,1278428077415.3,30906.61,2.0,40356850.0,86.25,35.0,35.0,0.0,0.0,None,None,None,580,499,2609,3225,0,0,0,0,0,0
2025,870322,Motor cars and vehicles for transport of persons (1000cc - 1500cc),CHE,Switzerland,106833101.17666668,4621864.646666667,4695996.63,132443263.55,5909282.32,3.2,26,1.0,0.2050562189259837,0.3462868048246077,0.3674844365125589,0.25836596266866185,0,354486747640.06,8827.97,3.3,39436661.0,66.25,35.0,35.0,0.0,0.0,None,None,None,68,13,1548,1560,0,0,0,0,0,0
2025,870322,Motor cars and vehicles for transport of persons (1000cc - 1500cc),CHL,Chile,54659751.77333333,2152333.6033333335,2726324.96,96415807.93,3485885.75,2.33,26,1.0,3.5107585150241345,2.773632900218737,0.534676101130326,0.27860244143409885,0,354486747640.06,8827.97,3.3,39436661.0,66.25,35.0,35.0,0.0,1.0,In Force,PTA,Goods,105,43,445,489,0,0,0,0,0,0
2025,870322,Motor cars and vehicles for transport of persons (1000cc - 1500cc),CHN,China,88083349.96999998,4838173.483333333,4448779.75,102098480.96,4448779.75,2.47,26,1.0,0.1577682902120936,-0.1334680947860395,0.18742680660156186,0.0743336237749177,0,9300982450507.4,5588.1,8.3,1656339789.0,46.25,35.0,35.0,0.0,0.0,In Force,PTA,Goods,765,191,996,1676,0,0,0,0,0,0
2025,870322,Motor cars and vehicles for transport of persons (1000cc - 1500cc),COL,Colombia,82304217.73666666,3425268.446666667,2955183.0,116871880.97,5216661.81,2.82,26,1.0,0.27649829380652924,0.32863029704540625,1.0041156164234084,1.4794485141779354,0,354486747640.06,8827.97,3.3,39436661.0,66.25,35.0,35.0,0.0,0.0,None,None,None,33,165,246,394,0,0,0,0,0,0
2025,870322,Motor cars and vehicles for transport of persons (1000cc - 1500cc),DEU,Germany,102338482.05333333,5224985.453333333,5589039.51,80441229.75,6054435.72,1.94,26,1.0,-0.14953023083045291,0.22547518252537113,-0.30269293631110283,0.08326944355398136,0,2760472889424.06,24913.88,1.2,108056452.0,76.25,35.0,35.0,0.0,0.0,Under Negotiation,FTA,Goods & Services,879,112,9939,10026,0,0,0,0,0,0
2025,870322,Motor cars and vehicles for transport of persons (1000cc - 1500cc),EGY,Egypt,96647015.77333333,5237658.513333334,5225578.97,118396329.94,5645011.08,2.86,26,1.0,0.11204332497966529,0.07969905078967265,0.5618660255245489,0.08026519404010068,0,290888340065.6,3140.67,4.0,92544699.0,49.25,35.0,35.0,0.0,0.0,None,None,None,41,24,74,127,0,0,0,0,0,0
2025,870322,Motor cars and vehicles for transport of persons (1000cc - 1500cc),ESP,Spain,61101270.96,2563612.21,2493253.54,67459834.23,2493253.54,1.63,26,1.0,0.47733686417581245,0.4752203145670846,-0.2057464935061245,-0.38467525312389683,0,354486747640.06,8827.97,3.3,39436661.0,66.25,35.0,35.0,0.0,0.0,None,None,None,432,50,4433,4769,0,0,0,0,0,0
2025,870322,Motor cars and vehicles for transport of persons (1000cc - 1500cc),FRA,France,79488604.36666667,4504024.32,4877534.37,84873517.71,4877534.37,2.05,26,1.0,-0.09411797585426929,-0.02336338539220917,0.6918369351260434,0.3853289115324383,0,1973285681586.82,24141.89,1.3,80056423.0,65.25,35.0,35.0,0.0,0.0,Under Negotiation,FTA,Goods & Services,808,142,14175,14370,0,0,0,0,0,0
2025,870322,Motor cars and vehicles for transport of persons (1000cc - 1500cc),GBR,United Kingdom of Great Britain and Northern Ireland,67598620.34333333,3852952.4766666666,4706692.89,88141151.72,6023595.35,2.13,26,1.0,-0.07058174943786344,0.13127962120263081,5.0,5.0,0,2593000127109.38,32632.91,1.6,77427312.0,66.25,10.0,35.0,25.0,0.0,Under Negotiation,FTA,Goods & Services,1350,144,4976,5878,0,0,0,0,0,0
2025,870322,Motor cars and vehicles for transport of persons (1000cc - 1500cc),GHA,Ghana,74777530.24666665,3517758.84,4321668.62,34737173.97,1465719.07,0.84,26,1.0,-0.43120218883370187,-0.41762913770249943,-0.5775427358179703,-0.6924563030565503,0,354486747640.06,8827.97,3.3,39436661.0,66.25,35.0,35.0,0.0,0.0,None,None,None,11,5,45,62,0,0,0,0,0,0
2025,870322,Motor cars and vehicles for transport of persons (1000cc - 1500cc),HKG,"China, Hong Kong Special Administrative Region",49382601.946666665,2378425.73,1317935.79,28696133.48,1317935.79,0.69,26,1.0,-0.4867577203708766,-0.49963539662180123,1.7293547496591626,1.3820489264833489,0,354486747640.06,8827.97,3.3,39436661.0,66.25,35.0,35.0,0.0,0.0,None,None,None,13,3,63,70,0,0,0,0,0,0
2025,870322,Motor cars and vehicles for transport of persons (1000cc - 1500cc),IDN,Indonesia,65275379.163333334,3502607.69,2675761.58,62593072.58,2675761.58,1.51,26,1.0,0.42109669082305,0.030307197977218037,-0.3877767447894851,-0.496223240149148,0,558748565248.4,1981.66,4.8,277371187.0,66.25,35.0,35.0,0.0,1.0,In Force,FTA,Goods & Services,297,187,365,748,0,0,0,0,0,0
2025,870322,Motor cars and vehicles for transport of persons (1000cc - 1500cc),IRN,Iran (Islamic Republic of),56211935.42000001,2517865.6033333335,1515314.58,29867900.34,1515314.58,0.72,26,1.0,0.13714451663974603,0.32093045683967136,-0.7417834286272871,-0.7068931090751901,0,354486747640.06,8827.97,3.3,39436661.0,66.25,35.0,35.0,0.0,0.0,None,None,None,43,70,58,158,0,0,0,0,0,0
2025,870322,Motor cars and vehicles for transport of persons (1000cc - 1500cc),ISR,Israel,42275238.56,2519193.7266666666,2848769.12,84764066.52,4230364.7,2.05,26,1.0,0.5508737232262342,0.21859748718867378,5.0,5.0,0,354486747640.06,8827.97,3.3,39436661.0,66.25,35.0,35.0,0.0,0.0,None,None,None,22,15,360,381,0,0,0,0,0,0
2025,870322,Motor cars and vehicles for transport of persons (1000cc - 1500cc),ITA,Italy,66507640.65,3122648.6933333334,3318483.46,95271414.81,3677000.97,2.3,26,1.0,0.31362549590174327,0.24493670537324386,0.9426776928891585,0.10803655173224591,0,1461972474319.65,19023.64,0.8,74798201.0,61.25,35.0,35.0,0.0,0.0,Under Negotiation,FTA,Goods & Services,327,61,5598,5803,0,0,0,0,0,0
2025,870322,Motor cars and vehicles for transport of persons (1000cc - 1500cc),JPN,Japan,54679946.32333333,2372934.4233333333,1130320.33,9055324.46,622496.48,0.22,26,1.0,-0.448265345481037,-0.25789103081155773,-0.9276947800788545,-0.8839921634837886,0,6533340281527.44,38134.14,0.9,166685623.0,33.25,35.0,35.0,0.0,1.0,In Force,FTA & EIA,Goods & Services,1562,102,621,2170,0,0,0,0,0,0
2025,870322,Motor cars and vehicles for transport of persons (1000cc - 1500cc),KAZ,Kazakhstan,45044908.21333333,2996888.936666667,2447709.57,40359975.44,2447709.57,0.98,26,1.0,0.18537259948280171,0.016780494307911953,-0.3889573904507603,-0.41377460755722073,0,354486747640.06,8827.97,3.3,39436661.0,66.25,35.0,35.0,0.0,0.0,None,None,None,3,27,67,85,0,0,0,0,0,0
2025,870322,Motor cars and vehicles for transport of persons (1000cc - 1500cc),KEN,Kenya,61383256.78333333,3939557.7566666664,3221736.38,49298937.02,3221736.38,1.19,26,1.0,-0.2352352247735453,-0.22948092632945605,-0.02493646365816915,0.01619421581509828,0,354486747640.06,8827.97,3.3,39436661.0,66.25,35.0,35.0,0.0,0.0,None,None,None,7,38,27,72,0,0,0,0,0,0
2025,870322,Motor cars and vehicles for transport of persons (1000cc - 1500cc),KOR,Republic of Korea,92075090.97666667,3861125.793333333,5094803.78,116942823.85,5148654.22,2.83,26,1.0,0.9329839544061884,0.9602322439302058,-0.08627292519675733,0.010569678897228929,0,1859749923928.23,29536.14,4.6,61784103.0,81.25,35.0,35.0,0.0,1.0,In Force,FTA & EIA,Goods & Services,76,29,232,279,0,0,0,0,0,0
2025,870322,Motor cars and vehicles for transport of persons (1000cc - 1500cc),KWT,Kuwait,80407814.64333333,3447329.5733333337,3555038.24,75083714.24,3555038.24,1.81,26,1.0,-0.17223055401791243,-0.0868725808229801,0.3274862465309192,0.40888401793174656,0,354486747640.06,8827.97,3.3,39436661.0,66.25,35.0,35.0,0.0,0.0,None,None,None,13,2,19,31,0,0,0,0,0,0
2025,870322,Motor cars and vehicles for transport of persons (1000cc - 1500cc),LKA,Sri Lanka,18348190.273333337,1223764.2866666664,988749.76,14837015.59,988749.76,0.36,26,1.0,0.5100406901894861,0.6336838254829515,-0.5597419901341052,-0.5723540120912612,0,354486747640.06,8827.97,3.3,39436661.0,66.25,35.0,35.0,0.0,1.0,In Force,FTA,Goods,21,19,118,151,0,0,0,0,0,0
2025,870322,Motor cars and vehicles for transport of persons (1000cc - 1500cc),MEX,Mexico,65556321.083333336,3638393.26,3683195.5,98823172.49,3683195.5,2.39,26,1.0,0.18102235836818115,-0.17429924312278355,2.6607478844826997,1.0130321253079853,0,1188674554333.95,8882.55,1.9,130009527.0,71.25,20.0,35.0,15.0,0.0,None,None,None,110,95,869,969,0,0,0,0,0,0
2025,870322,Motor cars and vehicles for transport of persons (1000cc - 1500cc),MYS,Malaysia,139340502.15666667,5823321.373333332,5936291.39,164110893.9,6761645.92,3.97,26,1.0,0.15054376172663897,0.19035027035616414,0.26300875228481324,0.1390353801346771,0,303500855641.07,9683.98,4.6,30760596.0,191.25,35.0,35.0,0.0,1.0,In Force,FTA,Goods & Services,177,54,172,349,0,0,0,0,0,0
2025,870322,Motor cars and vehicles for transport of persons (1000cc - 1500cc),NGA,Nigeria,76781814.58333333,3455696.4533333336,3151584.64,87406147.31,3151584.64,2.11,26,1.0,-0.07397232481125315,-0.13090053151580383,1.1312766579132152,0.03566108442938032,0,204369543044.52,1260.94,4.3,160375757.0,56.25,35.0,35.0,0.0,0.0,None,None,None,41,23,101,163,0,0,1,1,0,0
2025,870322,Motor cars and vehicles for transport of persons (1000cc - 1500cc),NLD,Netherlands,73496898.42999999,3803977.9600000004,3809849.22,53762309.65,3809849.22,1.3,26,1.0,-0.3138545614990881,-0.10277385944107609,0.023385353241147655,0.32773293860861563,0,684132699691.79,31975.3,1.8,20901430.0,136.25,35.0,35.0,0.0,0.0,Under Negotiation,FTA,Goods & Services,531,23,1818,1876,0,0,0,0,0,0
2025,870322,Motor cars and vehicles for transport of persons (1000cc - 1500cc),NPL,Nepal,63204668.82333333,3473487.0566666666,4993238.5,90836209.41,5106017.76,2.2,26,1.0,-0.00972522165712808,0.011230139771726932,5.0,5.0,0,354486747640.06,8827.97,3.3,39436661.0,66.25,35.0,35.0,0.0,1.0,In Force,PTA,Goods,1,44,20,63,0,0,0,0,0,0
2025,870322,Motor cars and vehicles for transport of persons (1000cc - 1500cc),NZL,New Zealand,49258658.346666664,2024928.03,1472982.6,83776358.44,3381876.31,2.02,26,1.0,0.6616973727961764,0.6649924250276158,1.4889384039156677,1.295937718475224,0,354486747640.06,8827.97,3.3,39436661.0,66.25,35.0,35.0,0.0,0.0,None,None,None,48,60,290,341,0,0,0,0,0,0
2025,870322,Motor cars and vehicles for transport of persons (1000cc - 1500cc),OMN,Oman,73838968.45,4132561.686666666,4829135.02,134183446.61,6452038.74,3.24,26,1.0,1.309022797923555,1.4039029020910991,1.1584763190218856,0.33606509515210536,0,354486747640.06,8827.97,3.3,39436661.0,66.25,35.0,35.0,0.0,0.0,None,None,None,17,10,19,39,0,0,0,0,0,0
2025,870322,Motor cars and vehicles for transport of persons (1000cc - 1500cc),PHL,Philippines,61153472.73,2653946.2533333334,3858888.48,107674096.02,3882551.19,2.6,26,1.0,0.22405298696283404,0.0030613149322205047,5.0,5.0,0,354486747640.06,8827.97,3.3,39436661.0,66.25,35.0,35.0,0.0,0.0,None,None,None,377,75,252,598,0,0,0,0,0,0
2025,870322,Motor cars and vehicles for transport of persons (1000cc - 1500cc),POL,Poland,36955872.73666667,1770574.9866666666,1461146.88,67005593.02,2548193.37,1.62,26,1.0,0.568459906506984,0.3205937975342066,3.030480631448526,0.9565596481841709,0,354486747640.06,8827.97,3.3,39436661.0,66.25,35.0,35.0,0.0,0.0,None,None,None,79,24,1907,1952,0,0,0,0,0,0
2025,870322,Motor cars and vehicles for transport of persons (1000cc - 1500cc),QAT,Qatar,111342266.93666667,5294059.02,4987080.04,158068106.12,5989911.0,3.82,26,1.0,0.3221597497734694,0.10505131027269554,0.8479669211720604,0.20108579608816513,0,354486747640.06,8827.97,3.3,39436661.0,66.25,35.0,35.0,0.0,0.0,None,None,None,11,2,19,29,0,0,0,0,0,0
2025,870322,Motor cars and vehicles for transport of persons (1000cc - 1500cc),RUS,Russian Federation,98460673.63333334,4968546.100000001,5568848.21,115702958.99,5911697.24,2.8,26,1.0,0.03371416065166333,0.03032301680083016,0.6204842457408275,0.7259961989054615,0,660552264556.61,3362.46,3.6,191925086.0,59.25,35.0,35.0,0.0,0.0,None,None,None,259,147,598,858,0,0,1,1,1,0
2025,870322,Motor cars and vehicles for transport of persons (1000cc - 1500cc),SAU,Saudi Arabia,44636813.54666666,1972771.2166666668,2015746.51,21587470.79,1274884.69,0.52,26,1.0,-0.3845397382288974,-0.30345526695108194,-0.6098595810324668,-0.3675371959347371,0,415388277619.73,14929.51,3.0,27342752.0,73.25,35.0,35.0,0.0,0.0,Under Negotiation,FTA,Goods,38,35,43,95,0,0,0,0,0,0
2025,870322,Motor cars and vehicles for transport of persons (1000cc - 1500cc),SGP,Singapore,70922771.52666667,4973563.96,4974126.71,78954374.9,5539667.12,1.91,26,1.0,0.11875928166097238,0.05531816155138358,0.11624197790685198,0.257044537256482,0,340929615341.57,63446.9,5.0,5258221.0,321.25,35.0,35.0,0.0,1.0,In Force,FTA & EIA,Goods & Services,15,5,22,27,1,1,0,0,0,0
2025,870322,Motor cars and vehicles for transport of persons (1000cc - 1500cc),SWE,Sweden,55777536.43000001,3067258.403333334,2780543.19,54076318.02,2347171.34,1.31,26,1.0,-0.05410459957764602,-0.2409705088366707,0.023847152335040978,-0.15585870111977795,0,354486747640.06,8827.97,3.3,39436661.0,66.25,35.0,35.0,0.0,0.0,None,None,None,317,47,1005,1198,0,0,0,0,0,0
2025,870322,Motor cars and vehicles for transport of persons (1000cc - 1500cc),THA,Thailand,32474993.53666666,1608089.1066666667,1313622.56,54456809.98,2510921.89,1.32,26,1.0,0.6857003358827072,0.38255145068648977,1.2877227982208388,1.511617934675725,0,335895377767.42,3988.94,3.8,82685533.0,126.25,35.0,35.0,0.0,1.0,In Force,FTA,Goods & Services,67,41,127,204,0,0,0,0,0,0
2025,870322,Motor cars and vehicles for transport of persons (1000cc - 1500cc),TUR,Türkiye,51155072.25999999,2361492.723333333,1915960.42,17398674.2,911376.32,0.42,26,1.0,-0.5549229163866357,-0.5373103008778812,-0.6393008715530726,-0.5243240358798621,0,647529125689.17,7592.05,3.3,84263000.0,61.25,35.0,35.0,0.0,0.0,None,None,None,142,51,306,656,0,0,0,0,0,0
2025,870322,Motor cars and vehicles for transport of persons (1000cc - 1500cc),TWN,Taiwan,87700638.91333334,4842181.38,5319983.16,161744919.06,6441857.02,3.91,26,1.0,1.1899696184800739,0.5264452202194241,1.3915511966288223,0.2108792126324679,0,354486747640.06,8827.97,3.3,39436661.0,66.25,35.0,35.0,0.0,0.0,None,None,None,23,21,35,68,0,0,0,0,0,0
2025,870322,Motor cars and vehicles for transport of persons (1000cc - 1500cc),TZA,United Republic of Tanzania,98242051.52,3991777.5766666667,3452560.7,75096356.51,3358804.29,1.81,26,1.0,-0.2673005802516464,-0.19350702396644615,-0.05830659262349902,-0.027155615251303944,0,354486747640.06,8827.97,3.3,39436661.0,66.25,35.0,35.0,0.0,0.0,None,None,None,20,30,33,71,0,0,0,0,0,0
2025,870322,Motor cars and vehicles for transport of persons (1000cc - 1500cc),USA,United States of America,65067354.21,2686701.4966666666,3048364.18,74153644.43,3048364.18,1.79,26,1.0,-0.019640859729931126,-0.05769013958392977,0.6893888243724309,0.9309377591208232,0,18097338437760.06,47718.36,2.1,370704619.0,36.25,35.0,35.0,0.0,0.0,None,None,None,1765,2105,19117,20895,0,0,0,0,0,0
2025,870322,Motor cars and vehicles for transport of persons (1000cc - 1500cc),VNM,Viet Nam,62566820.97666667,3101254.813333334,3617245.63,111346678.87,5467149.65,2.69,26,1.0,0.2392611884724125,0.22939510782962058,5.0,5.0,0,160562089452.67,1522.87,6.6,105032975.0,121.25,35.0,35.0,0.0,1.0,In Force,FTA,Goods & Services,132,31,175,241,0,0,0,0,0,0
2025,870322,Motor cars and vehicles for transport of persons (1000cc - 1500cc),ZAF,South Africa,35482226.95333333,1765262.593333333,1373394.2,72583114.64,3492247.86,1.75,26,1.0,1.9684062368862119,1.849342965868591,1.832380316432476,1.542786229909415,0,261888231492.08,4360.27,2.0,59023536.0,63.25,15.0,35.0,20.0,1.0,Under Negotiation,PTA,Goods,60,85,696,793,0,0,0,0,0,0
2025,870829,Parts and accessories of bodies for motor vehicles,AGO,Angola,26133600.80666667,2936201.4433333334,1857537.55,22484476.36,1857537.55,1.2,26,1.0,-0.293960526251289,-0.44865439029577037,1.0797174494537711,1.2103445723635402,0,354486747640.06,8827.97,3.3,39436661.0,66.25,10.0,10.0,0.0,0.0,None,None,None,35,40,13,81,0,0,0,0,0,0
2025,870829,Parts and accessories of bodies for motor vehicles,ARE,United Arab Emirates,32349578.84,4005905.2399999998,5111010.81,37815204.76,5435253.61,2.01,26,1.0,-0.11338036580689659,0.0312322985882183,2.398093149079683,2.6938046199669037,0,290888340065.6,69094.67,4.0,4206577.0,151.25,0.0,10.0,10.0,1.0,In Force,FTA & EIA,Goods & Services,44,10,35,75,0,0,1,1,1,0
2025,870829,Parts and accessories of bodies for motor vehicles,ARG,Argentina,41376370.69,3271270.196666667,3050282.81,19200832.03,2428808.59,1.02,26,1.0,-0.3274828903254804,-0.10766774536859092,-0.6926627324499525,-0.43968490609435784,0,354486747640.06,8827.97,3.3,39436661.0,66.25,10.0,10.0,0.0,1.0,In Force,PTA,Goods,104,113,458,602,0,0,0,0,0,0
2025,870829,Parts and accessories of bodies for motor vehicles,AUS,Australia,21552164.30666667,2005962.6033333335,2575806.08,35157355.02,2575806.08,1.87,26,1.0,0.3143587242422434,-0.02254441615079983,2.8431674838948737,2.4524222938035636,0,827705732805.53,32270.26,2.6,25108007.0,51.25,10.0,10.0,0.0,1.0,In Force,FTA,Goods & Services,378,622,1830,2593,0,0,0,0,0,0
2025,870829,Parts and accessories of bodies for motor vehicles,AUT,Austria,6748466.076666667,572887.6433333333,492624.61,7873625.87,753497.01,0.42,26,1.0,0.048924165448016366,0.23675226561742346,0.5096575970303732,0.5945632562757432,0,354486747640.06,8827.97,3.3,39436661.0,66.25,10.0,10.0,0.0,0.0,None,None,None,111,11,1349,1394,0,0,0,0,0,0
2025,870829,Parts and accessories of bodies for motor vehicles,BEL,Belgium,37715507.72,3734689.646666667,3433542.91,28285480.55,3433542.91,1.5,26,1.0,-0.3659654900219106,-0.2592895195048045,0.9508427182170003,1.2702869639905114,0,354486747640.06,8827.97,3.3,39436661.0,66.25,10.0,10.0,0.0,0.0,None,None,None,484,11,1834,1842,0,0,0,0,0,0
2025,870829,Parts and accessories of bodies for motor vehicles,BGD,Bangladesh,25072265.72666667,2359908.086666667,2454420.2,17683432.5,2454420.2,0.94,26,1.0,0.4938417743545238,0.5283270016937542,-0.6435447918515816,-0.31335536930467567,0,354486747640.06,8827.97,3.3,39436661.0,66.25,10.0,10.0,0.0,1.0,In Force,FTA,Goods,12,15,18,45,0,0,0,0,0,0
2025,870829,Parts and accessories of bodies for motor vehicles,BRA,Brazil,51945811.083333336,5662494.59,6131796.84,54943812.65,6131796.84,2.92,26,1.0,0.08617430006242333,0.19132289704163785,0.011443590295732164,-0.0617333386690635,0,1214333384401.01,5179.26,2.3,230047193.0,35.25,10.0,10.0,0.0,1.0,In Force,PTA,Goods,206,430,5576,5635,0,0,0,0,0,0
2025,870829,Parts and accessories of bodies for motor vehicles,CAN,Canada,45205260.10333333,5213259.2700000005,5966042.87,48858077.77,5966042.87,2.6,26,1.0,0.04078707358858269,-0.022105554572571906,0.1729516210408515,0.7368819498027557,0,1278428077415.3,30906.61,2.0,40356850.0,86.25,10.0,10.0,0.0,0.0,None,None,None,580,499,2609,3225,0,0,0,0,0,0
2025,870829,Parts and accessories of bodies for motor vehicles,CHE,Switzerland,40511892.14333334,3491410.566666667,3403775.73,36002435.03,3403775.73,1.91,26,1.0,0.4035287784108972,0.38699798704278665,-0.4647027392064458,-0.35791435899589796,0,354486747640.06,8827.97,3.3,39436661.0,66.25,10.0,10.0,0.0,0.0,None,None,None,68,13,1548,1560,0,0,0,0,0,0
2025,870829,Parts and accessories of bodies for motor vehicles,CHL,Chile,55618169.10999999,4658430.34,5162977.6,71566356.0,6304147.56,3.81,26,1.0,0.8237772960552043,0.5853861467083181,-0.02989765959211199,0.22102942302108364,0,354486747640.06,8827.97,3.3,39436661.0,66.25,10.0,10.0,0.0,1.0,In Force,PTA,Goods,105,43,445,489,0,0,0,0,0,0
2025,870829,Parts and accessories of bodies for motor vehicles,CHN,China,41740918.153333336,4608579.05,5434124.25,23360137.81,2335180.48,1.24,26,1.0,-0.21194813227809595,-0.3444656649884186,-0.6364022830100027,-0.6144296975413763,0,9300982450507.4,5588.1,8.3,1656339789.0,46.25,10.0,10.0,0.0,0.0,In Force,PTA,Goods,765,191,996,1676,0,0,0,0,0,0
2025,870829,Parts and accessories of bodies for motor vehicles,COL,Colombia,40260818.29666667,3774200.7866666666,5358451.24,44148992.2,5358451.24,2.35,26,1.0,-0.21983918785453438,-0.015275511940846753,5.0,5.0,0,354486747640.06,8827.97,3.3,39436661.0,66.25,10.0,10.0,0.0,0.0,None,None,None,33,165,246,394,0,0,0,0,0,0
2025,870829,Parts and accessories of bodies for motor vehicles,DEU,Germany,58217131.28333333,5538168.260000001,6029977.15,53414127.25,3961294.37,2.84,26,1.0,-0.16335908944591726,-0.18948561866947822,0.18888589983196913,-0.4019092768598336,0,2760472889424.06,24913.88,1.2,108056452.0,76.25,3.0,10.0,7.0,0.0,Under Negotiation,FTA,Goods & Services,879,112,9939,10026,0,0,0,0,0,0
2025,870829,Parts and accessories of bodies for motor vehicles,EGY,Egypt,26704277.56,3329352.7600000002,3560016.35,7124096.71,507207.56,0.38,26,1.0,-0.5147618267001176,-0.6225435397680205,-0.8332848613619803,-0.914335120980607,0,290888340065.6,3140.67,4.0,92544699.0,49.25,10.0,10.0,0.0,0.0,None,None,None,41,24,74,127,0,0,0,0,0,0
2025,870829,Parts and accessories of bodies for motor vehicles,ESP,Spain,28446408.606666666,2180120.1166666667,1729215.47,23011397.3,1547109.58,1.22,26,1.0,-0.22618776754717063,-0.31153302222004187,-0.0370874627741028,-0.10531127737418089,0,354486747640.06,8827.97,3.3,39436661.0,66.25,10.0,10.0,0.0,0.0,None,None,None,432,50,4433,4769,0,0,0,0,0,0
2025,870829,Parts and accessories of bodies for motor vehicles,FRA,France,43586402.096666664,3685290.3866666667,3602688.02,30490199.9,2541409.2,1.62,26,1.0,-0.35213995871578574,-0.2806866616257906,0.10370491277703131,-0.29457971772995906,0,1973285681586.82,24141.89,1.3,80056423.0,65.25,10.0,10.0,0.0,0.0,Under Negotiation,FTA,Goods & Services,808,142,14175,14370,0,0,0,0,0,0
2025,870829,Parts and accessories of bodies for motor vehicles,GBR,United Kingdom of Great Britain and Northern Ireland,41919820.10333333,3612831.0600000005,3268233.66,21013922.37,2085940.99,1.12,26,1.0,-0.34145462720595054,-0.2010962496564771,-0.6266903247718321,-0.6196535670586553,0,2593000127109.38,32632.91,1.6,77427312.0,66.25,10.0,10.0,0.0,0.0,Under Negotiation,FTA,Goods & Services,1350,144,4976,5878,0,0,0,0,0,0
2025,870829,Parts and accessories of bodies for motor vehicles,GHA,Ghana,21344568.426666666,2677274.263333333,2597516.49,16938853.31,2597516.49,0.9,26,1.0,-0.29902015822509,-0.14602804969872174,0.34197424689891776,0.387196598998238,0,354486747640.06,8827.97,3.3,39436661.0,66.25,10.0,10.0,0.0,0.0,None,None,None,11,5,45,62,0,0,0,0,0,0
2025,870829,Parts and accessories of bodies for motor vehicles,HKG,"China, Hong Kong Special Administrative Region",46136580.56333333,4763329.953333333,5261615.25,53333852.62,5261615.25,2.84,26,1.0,0.09100527019758409,-0.037090617997901476,0.32445461987191315,0.5689431507783191,0,354486747640.06,8827.97,3.3,39436661.0,66.25,10.0,10.0,0.0,0.0,None,None,None,13,3,63,70,0,0,0,0,0,0
2025,870829,Parts and accessories of bodies for motor vehicles,IDN,Indonesia,19636827.776666667,2077362.17,2340060.69,28011367.65,2340060.69,1.49,26,1.0,0.14960765404923948,-0.03778933412039187,1.8865683282457342,0.714893904792897,0,558748565248.4,1981.66,4.8,277371187.0,66.25,10.0,10.0,0.0,1.0,In Force,FTA,Goods & Services,297,187,365,748,0,0,0,0,0,0
2025,870829,Parts and accessories of bodies for motor vehicles,IRN,Iran (Islamic Republic of),61546098.86666667,4294151.903333333,4407124.57,60099555.5,4407124.57,3.2,26,1.0,-0.0741106423176312,-0.03007037772446175,0.10409980585221934,0.16261324718716552,0,354486747640.06,8827.97,3.3,39436661.0,66.25,10.0,10.0,0.0,0.0,None,None,None,43,70,58,158,0,0,0,0,0,0
2025,870829,Parts and accessories of bodies for motor vehicles,ISR,Israel,29613634.793333333,3071276.2099999995,2663620.53,48495248.18,4793943.09,2.58,26,1.0,0.7104311256786406,0.6521573720367102,1.040243723714136,0.7997845548961138,0,354486747640.06,8827.97,3.3,39436661.0,66.25,10.0,10.0,0.0,0.0,None,None,None,22,15,360,381,0,0,0,0,0,0
2025,870829,Parts and accessories of bodies for motor vehicles,ITA,Italy,52241782.10666666,4801070.746666667,4150853.62,29364450.86,3933677.01,1.56,26,1.0,-0.28682805321103844,-0.026511916495428278,-0.5782585477935702,-0.37745288451092307,0,1461972474319.65,19023.64,0.8,74798201.0,61.25,10.0,10.0,0.0,0.0,Under Negotiation,FTA,Goods & Services,327,61,5598,5803,0,0,0,0,0,0
2025,870829,Parts and accessories of bodies for motor vehicles,JPN,Japan,33702593.61,3630316.323333333,4842567.76,48885477.1,4842567.76,2.6,26,1.0,0.021647957737707557,-0.060552864200958845,5.0,5.0,0,6533340281527.44,38134.14,0.9,166685623.0,33.25,10.0,10.0,0.0,1.0,In Force,FTA & EIA,Goods & Services,1562,102,621,2170,0,0,0,0,0,0
2025,870829,Parts and accessories of bodies for motor vehicles,KAZ,Kazakhstan,19486880.81,1637914.0666666667,1277290.66,39710200.3,3237322.93,2.11,26,1.0,1.9516588837622777,1.8479776834396646,1.797972724185891,1.5345232932318362,0,354486747640.06,8827.97,3.3,39436661.0,66.25,10.0,10.0,0.0,0.0,None,None,None,3,27,67,85,0,0,0,0,0,0
2025,870829,Parts and accessories of bodies for motor vehicles,KEN,Kenya,35165446.63,2676562.5766666667,3352126.24,46714265.31,3352126.24,2.48,26,1.0,2.917827114662282,2.886250127233907,-0.1619057077146755,-0.247661588770562,0,354486747640.06,8827.97,3.3,39436661.0,66.25,10.0,10.0,0.0,0.0,None,None,None,7,38,27,72,0,0,0,0,0,0
2025,870829,Parts and accessories of bodies for motor vehicles,KOR,Republic of Korea,45830709.67333334,3928244.303333333,4098886.09,31546470.47,4098886.09,1.68,26,1.0,0.18918365970768436,0.4252599304493745,-0.6228215694503149,-0.27684353887461755,0,1859749923928.23,29536.14,4.6,61784103.0,81.25,10.0,10.0,0.0,1.0,In Force,FTA & EIA,Goods & Services,76,29,232,279,0,0,0,0,0,0
2025,870829,Parts and accessories of bodies for motor vehicles,KWT,Kuwait,17502153.783333335,1776506.58,2280203.45,19704538.25,2280203.45,1.05,26,1.0,2.4778291524218505,3.1220406722955243,-0.3678935333049561,-0.21780046275762355,0,354486747640.06,8827.97,3.3,39436661.0,66.25,10.0,10.0,0.0,0.0,None,None,None,13,2,19,31,0,0,0,0,0,0
2025,870829,Parts and accessories of bodies for motor vehicles,LKA,Sri Lanka,8685177.233333334,961861.7566666667,892146.07,7688056.28,892146.07,0.41,26,1.0,0.371759747056297,0.5039758557819514,-0.46168977486551255,-0.44206817953787747,0,354486747640.06,8827.97,3.3,39436661.0,66.25,10.0,10.0,0.0,1.0,In Force,FTA,Goods,21,19,118,151,0,0,0,0,0,0
2025,870829,Parts and accessories of bodies for motor vehicles,MEX,Mexico,21195582.993333332,1728910.2866666669,1650809.87,28112853.35,2249964.96,1.5,26,1.0,0.29180022452459653,0.3227410074585111,0.509235057923026,0.3629461519991015,0,1188674554333.95,8882.55,1.9,130009527.0,71.25,4.0,10.0,6.0,0.0,None,None,None,110,95,869,969,0,0,0,0,0,0
2025,870829,Parts and accessories of bodies for motor vehicles,MYS,Malaysia,39305432.72,3868376.06,4213769.15,57092813.41,4213769.15,3.04,26,1.0,0.7702165977781861,0.45729970630189354,0.34007121038173405,-0.22071373121201898,0,303500855641.07,9683.98,4.6,30760596.0,191.25,10.0,10.0,0.0,1.0,In Force,FTA,Goods & Services,177,54,172,349,0,0,0,0,0,0
2025,870829,Parts and accessories of bodies for motor vehicles,NGA,Nigeria,41723836.9,4121613.6,4701874.01,30039279.83,2328542.37,1.6,26,1.0,-0.07321059640029726,-0.3393091545849628,-0.5006741506056228,-0.5047629168609933,0,204369543044.52,1260.94,4.3,160375757.0,56.25,10.0,10.0,0.0,0.0,None,None,None,41,23,101,163,0,0,1,1,0,0
2025,870829,Parts and accessories of bodies for motor vehicles,NLD,Netherlands,30693782.849999998,2872154.803333333,2530106.38,37205806.93,2530106.38,1.98,26,1.0,0.7701722503307862,0.3846556234328715,-0.13478925261967767,-0.4692142514178188,0,684132699691.79,31975.3,1.8,20901430.0,136.25,10.0,10.0,0.0,0.0,Under Negotiation,FTA,Goods & Services,531,23,1818,1876,0,0,0,0,0,0
2025,870829,Parts and accessories of bodies for motor vehicles,NPL,Nepal,37087460.89000001,4222740.61,4967919.9,33404247.65,4967919.9,1.78,26,1.0,0.2857810996089045,0.8654673296081885,-0.4205955338254451,-0.20801257857011612,0,354486747640.06,8827.97,3.3,39436661.0,66.25,10.0,10.0,0.0,1.0,In Force,PTA,Goods,1,44,20,63,0,0,0,0,0,0
2025,870829,Parts and accessories of bodies for motor vehicles,NZL,New Zealand,57035938.29,4606915.863333333,6053641.54,86536753.33,6527485.49,4.6,26,1.0,0.0965071925556995,0.03839982676532916,5.0,4.2657125096366055,0,354486747640.06,8827.97,3.3,39436661.0,66.25,10.0,10.0,0.0,0.0,None,None,None,48,60,290,341,0,0,0,0,0,0
2025,870829,Parts and accessories of bodies for motor vehicles,OMN,Oman,43913103.02666667,4090404.9266666663,3791305.11,33182160.14,3727964.9,1.76,26,1.0,-0.31758598125979165,-0.11427232394111198,0.2153200950083889,-0.016706703407730505,0,354486747640.06,8827.97,3.3,39436661.0,66.25,10.0,10.0,0.0,0.0,None,None,None,17,10,19,39,0,0,0,0,0,0
2025,870829,Parts and accessories of bodies for motor vehicles,PHL,Philippines,31368370.34,3060707.9133333336,1793813.16,18346292.25,1408157.47,0.98,26,1.0,0.11966412849968955,-0.11399329443012163,-0.6998536600819929,-0.764528191151988,0,354486747640.06,8827.97,3.3,39436661.0,66.25,10.0,10.0,0.0,0.0,None,None,None,377,75,252,598,0,0,0,0,0,0
2025,870829,Parts and accessories of bodies for motor vehicles,POL,Poland,36075535.19,2879700.6166666667,2908907.24,69148517.28,4834425.59,3.68,26,1.0,0.5080461710456499,0.2891620243946589,5.0,4.396955556684247,0,354486747640.06,8827.97,3.3,39436661.0,66.25,10.0,10.0,0.0,0.0,None,None,None,79,24,1907,1952,0,0,0,0,0,0
2025,870829,Parts and accessories of bodies for motor vehicles,QAT,Qatar,47903759.056666665,4277949.643333334,4288386.83,28132462.96,4288386.83,1.5,26,1.0,-0.11149219597667448,0.2803553044083218,-0.6480939938413618,-0.2767698210130384,0,354486747640.06,8827.97,3.3,39436661.0,66.25,10.0,10.0,0.0,0.0,None,None,None,11,2,19,29,0,0,0,0,0,0
2025,870829,Parts and accessories of bodies for motor vehicles,RUS,Russian Federation,32232575.76333333,3768437.1366666667,5263295.7,45834471.72,5263295.7,2.44,26,1.0,1.9664087149276717,2.501911369633309,0.003941054528076915,-0.06227379884667039,0,660552264556.61,3362.46,3.6,191925086.0,59.25,10.0,10.0,0.0,0.0,None,None,None,259,147,598,858,0,0,1,1,1,0
2025,870829,Parts and accessories of bodies for motor vehicles,SAU,Saudi Arabia,29401941.826666668,2380179.233333333,3380166.59,51585236.84,3603528.07,2.74,26,1.0,4.7515258542831305,3.793263774630577,0.4712919916852918,0.06608002122136059,0,415388277619.73,14929.51,3.0,27342752.0,73.25,10.0,10.0,0.0,0.0,Under Negotiation,FTA,Goods,38,35,43,95,0,0,0,0,0,0
2025,870829,Parts and accessories of bodies for motor vehicles,SGP,Singapore,24050697.483333334,2390438.5,2142959.03,21369492.98,2142959.03,1.14,26,1.0,0.3503688527103439,0.1406425650643255,-0.4529568155006135,-0.36622778042855864,0,340929615341.57,63446.9,5.0,5258221.0,321.25,10.0,10.0,0.0,1.0,In Force,FTA & EIA,Goods & Services,15,5,22,27,1,1,0,0,0,0
2025,870829,Parts and accessories of bodies for motor vehicles,SWE,Sweden,43507649.04666666,4424797.773333333,4507097.13,62704005.54,4507097.13,3.34,26,1.0,0.28330570678967115,-0.08560111489812805,1.1080966581099077,0.33470862611877017,0,354486747640.06,8827.97,3.3,39436661.0,66.25,10.0,10.0,0.0,0.0,None,None,None,317,47,1005,1198,0,0,0,0,0,0
2025,870829,Parts and accessories of bodies for motor vehicles,THA,Thailand,34972758.02333333,3195724.313333334,2987624.7,32050132.47,2987624.7,1.7,26,1.0,-0.16942884411580716,-0.17042568453013662,0.2136308135677112,0.3229578123500896,0,335895377767.42,3988.94,3.8,82685533.0,126.25,10.0,10.0,0.0,1.0,In Force,FTA,Goods & Services,67,41,127,204,0,0,0,0,0,0
2025,870829,Parts and accessories of bodies for motor vehicles,TUR,Türkiye,28030035.78,2331256.273333333,984603.1,8652035.99,984603.1,0.46,26,1.0,0.122797446552384,0.07523346493150873,-0.873831134519923,-0.8090939329153599,0,647529125689.17,7592.05,3.3,84263000.0,61.25,10.0,10.0,0.0,0.0,None,None,None,142,51,306,656,0,0,0,0,0,0
2025,870829,Parts and accessories of bodies for motor vehicles,TWN,Taiwan,29786118.22666667,2814266.353333333,3409398.03,59113558.5,4402212.88,3.14,26,1.0,0.5364301136922263,0.136309577326454,5.0,5.0,0,354486747640.06,8827.97,3.3,39436661.0,66.25,10.0,10.0,0.0,0.0,None,None,None,23,21,35,68,0,0,0,0,0,0
2025,870829,Parts and accessories of bodies for motor vehicles,TZA,United Republic of Tanzania,44016867.809999995,3725143.443333334,3858062.7,67486448.02,5858162.69,3.59,26,1.0,0.2103012595992777,0.23224218804954377,2.6493073119306363,3.014626410184704,0,354486747640.06,8827.97,3.3,39436661.0,66.25,10.0,10.0,0.0,0.0,None,None,None,20,30,33,71,0,0,0,0,0,0
2025,870829,Parts and accessories of bodies for motor vehicles,USA,United States of America,37070411.620000005,3282302.4266666663,3759872.04,21854222.96,1823436.44,1.16,26,1.0,-0.34115802340650114,-0.34603101937299996,-0.4397803762967065,-0.5150269954401121,0,18097338437760.06,47718.36,2.1,370704619.0,36.25,2.5,10.0,7.5,0.0,None,None,None,1765,2105,19117,20895,0,0,0,0,0,0
2025,870829,Parts and accessories of bodies for motor vehicles,VNM,Viet Nam,48475283.28333333,3435624.1299999994,4493606.1,14680259.28,1013513.35,0.78,26,1.0,-0.5099360167808671,-0.5250835239772634,-0.7891351587679658,-0.7888405168621473,0,160562089452.67,1522.87,6.6,105032975.0,121.25,10.0,10.0,0.0,1.0,In Force,FTA,Goods & Services,132,31,175,241,0,0,0,0,0,0
2025,870829,Parts and accessories of bodies for motor vehicles,ZAF,South Africa,15371206.826666668,1665990.923333333,1136073.07,30477535.28,3371654.11,1.62,26,1.0,0.582210338204149,0.7227345942467744,5.0,5.0,0,261888231492.08,4360.27,2.0,59023536.0,63.25,10.0,10.0,0.0,1.0,Under Negotiation,PTA,Goods,60,85,696,793,0,0,0,0,0,0
2025,901890,"Medical, surgical or dental instruments and electro-medical apparatus",AGO,Angola,120363114.11000001,1894535.7433333332,541173.31,291466290.22,4715754.76,1.86,26,1.0,2.3239975370305936,2.324488922487183,5.0,5.0,0,354486747640.06,8827.97,3.3,39436661.0,66.25,7.5,7.5,0.0,0.0,None,None,None,35,40,13,81,0,0,0,0,0,0
2025,901890,"Medical, surgical or dental instruments and electro-medical apparatus",ARE,United Arab Emirates,423022127.82,5213147.57,5006591.59,458426716.08,5006591.59,2.92,26,1.0,-0.012981158106126656,0.08122765780127716,0.3480153030373965,-0.21159111754138882,0,290888340065.6,69094.67,4.0,4206577.0,151.25,7.5,7.5,0.0,1.0,In Force,FTA & EIA,Goods & Services,44,10,35,75,0,0,1,1,1,0
2025,901890,"Medical, surgical or dental instruments and electro-medical apparatus",ARG,Argentina,161307075.36666664,2722919.7900000005,3575299.49,182560860.06,3575299.49,1.16,26,1.0,3.0430099304036906,2.9177128627819835,-0.37089583364745315,-0.18007463007528934,0,354486747640.06,8827.97,3.3,39436661.0,66.25,7.5,7.5,0.0,1.0,In Force,PTA,Goods,104,113,458,602,0,0,0,0,0,0
2025,901890,"Medical, surgical or dental instruments and electro-medical apparatus",AUS,Australia,303099417.56,4314290.796666666,4731671.72,141260430.08,1582469.08,0.9,26,1.0,-0.4334876632732735,-0.42169051738138463,-0.5691791842427445,-0.7612712087502458,0,827705732805.53,32270.26,2.6,25108007.0,51.25,7.5,7.5,0.0,1.0,In Force,FTA,Goods & Services,378,622,1830,2593,0,0,0,0,0,0
2025,901890,"Medical, surgical or dental instruments and electro-medical apparatus",AUT,Austria,305548398.7966667,3792321.9266666663,3042311.98,601711720.57,6390405.51,3.84,26,1.0,0.7792454535358273,0.4493134915028614,3.8190104886201803,2.286825835396112,0,354486747640.06,8827.97,3.3,39436661.0,66.25,7.5,7.5,0.0,0.0,None,None,None,111,11,1349,1394,0,0,0,0,0,0
2025,901890,"Medical, surgical or dental instruments and electro-medical apparatus",BEL,Belgium,161368977.48666665,2552494.39,1338226.32,330000112.96,5975934.86,2.1,26,1.0,0.5492491006982954,1.1131880387968591,5.0,5.0,0,354486747640.06,8827.97,3.3,39436661.0,66.25,7.5,7.5,0.0,0.0,None,None,None,484,11,1834,1842,0,0,0,0,0,0
2025,901890,"Medical, surgical or dental instruments and electro-medical apparatus",BGD,Bangladesh,177426633.53333333,1867372.843333333,1667220.27,111973709.06,1248774.44,0.71,26,1.0,-0.37337657333861374,-0.3181654776859263,-0.1714051605343384,-0.25098413060965785,0,354486747640.06,8827.97,3.3,39436661.0,66.25,7.5,7.5,0.0,1.0,In Force,FTA,Goods,12,15,18,45,0,0,0,0,0,0
2025,901890,"Medical, surgical or dental instruments and electro-medical apparatus",BRA,Brazil,172130339.96,3342780.643333333,3350909.53,209228576.46,3358142.36,1.33,26,1.0,0.17284526659351984,0.005835478128864313,0.3493497313321905,0.0021584677038410938,0,1214333384401.01,5179.26,2.3,230047193.0,35.25,7.5,7.5,0.0,1.0,In Force,PTA,Goods,206,430,5576,5635,0,0,0,0,0,0
2025,901890,"Medical, surgical or dental instruments and electro-medical apparatus",CAN,Canada,204987920.33,2271878.946666667,2425464.33,292245274.92,3287357.84,1.86,26,1.0,0.5840261569475949,0.726522423673629,0.4169732641773696,0.3553519626481767,0,1278428077415.3,30906.61,2.0,40356850.0,86.25,7.5,7.5,0.0,0.0,None,None,None,580,499,2609,3225,0,0,0,0,0,0
2025,901890,"Medical, surgical or dental instruments and electro-medical apparatus",CHE,Switzerland,169226292.09666666,2266870.1833333336,2271005.7,150836282.62,2194073.02,0.96,26,1.0,0.18002332265236398,-0.017083950700424233,-0.39305839120513586,-0.06056813620944712,0,354486747640.06,8827.97,3.3,39436661.0,66.25,7.5,7.5,0.0,0.0,None,None,None,68,13,1548,1560,0,0,0,0,0,0
2025,901890,"Medical, surgical or dental instruments and electro-medical apparatus",CHL,Chile,320066888.2733333,3326597.073333333,3332521.55,360403838.2,3498202.66,2.3,26,1.0,0.06555931328159947,0.024556704479251623,0.2763218334015698,0.11086955243892693,0,354486747640.06,8827.97,3.3,39436661.0,66.25,7.5,7.5,0.0,1.0,In Force,PTA,Goods,105,43,445,489,0,0,0,0,0,0
2025,901890,"Medical, surgical or dental instruments and electro-medical apparatus",CHN,China,180811812.54,2345319.396666667,2530960.9,40739855.71,372904.86,0.26,26,1.0,-0.6234454265171134,-0.6995902610293132,-0.8099616773378657,-0.8526627337467549,0,9300982450507.4,5588.1,8.3,1656339789.0,46.25,7.5,7.5,0.0,0.0,In Force,PTA,Goods,765,191,996,1676,0,0,0,0,0,0
2025,901890,"Medical, surgical or dental instruments and electro-medical apparatus",COL,Colombia,274436890.27,3945513.723333333,4066796.03,301266686.99,4066796.03,1.92,26,1.0,-0.057920662914891285,-0.17005047692498954,0.6499291020757028,1.1797594101322475,0,354486747640.06,8827.97,3.3,39436661.0,66.25,7.5,7.5,0.0,0.0,None,None,None,33,165,246,394,0,0,0,0,0,0
2025,901890,"Medical, surgical or dental instruments and electro-medical apparatus",DEU,Germany,261829376.55999997,2750197.956666667,2874393.48,211100078.38,2235872.81,1.35,26,1.0,-0.07015420134623485,-0.11803685435673272,-0.3607532527110331,-0.28801287348522786,0,2760472889424.06,24913.88,1.2,108056452.0,76.25,0.0,7.5,7.5,0.0,Under Negotiation,FTA,Goods & Services,879,112,9939,10026,0,0,0,0,0,0
2025,901890,"Medical, surgical or dental instruments and electro-medical apparatus",EGY,Egypt,291210809.2,3916288.9333333336,5477924.89,526606143.8,5477924.89,3.36,26,1.0,0.41373263190408993,-0.001164447526091128,5.0,5.0,0,290888340065.6,3140.67,4.0,92544699.0,49.25,7.5,7.5,0.0,0.0,None,None,None,41,24,74,127,0,0,0,0,0,0
2025,901890,"Medical, surgical or dental instruments and electro-medical apparatus",ESP,Spain,99785045.04333334,1308559.6066666667,579966.44,225284593.57,2992786.7,1.44,26,1.0,1.7313091993073955,1.912032733732635,4.1350735413274835,4.160275653182347,0,354486747640.06,8827.97,3.3,39436661.0,66.25,7.5,7.5,0.0,0.0,None,None,None,432,50,4433,4769,0,0,0,0,0,0
2025,901890,"Medical, surgical or dental instruments and electro-medical apparatus",FRA,France,145269704.22333333,2448967.6633333336,1288807.5,295305269.26,5542172.89,1.88,26,1.0,0.8073729304617034,1.0737003809380474,4.894041374083595,5.0,0,1973285681586.82,24141.89,1.3,80056423.0,65.25,7.5,7.5,0.0,0.0,Under Negotiation,FTA,Goods & Services,808,142,14175,14370,0,0,0,0,0,0
2025,901890,"Medical, surgical or dental instruments and electro-medical apparatus",GBR,United Kingdom of Great Britain and Northern Ireland,308513236.07666665,4009861.486666667,5389443.42,385481827.17,6302586.81,2.46,26,1.0,3.7615996828189564,3.321033574474769,-0.2630199040989789,0.1694318538738515,0,2593000127109.38,32632.91,1.6,77427312.0,66.25,7.5,7.5,0.0,0.0,Under Negotiation,FTA,Goods & Services,1350,144,4976,5878,0,0,0,0,0,0
2025,901890,"Medical, surgical or dental instruments and electro-medical apparatus",GHA,Ghana,285137207.1166667,4363574.986666667,4960631.67,291019175.28,5237168.03,1.86,26,1.0,0.23168416638786948,0.34548743758905,-0.21886552603403742,0.055746198951099446,0,354486747640.06,8827.97,3.3,39436661.0,66.25,7.5,7.5,0.0,0.0,None,None,None,11,5,45,62,0,0,0,0,0,0
2025,901890,"Medical, surgical or dental instruments and electro-medical apparatus",HKG,"China, Hong Kong Special Administrative Region",82017469.27,1473663.2133333331,1591510.57,23018211.03,330256.09,0.15,26,1.0,-0.5826541358826399,-0.636484515791687,-0.7467200026082632,-0.7924889119650694,0,354486747640.06,8827.97,3.3,39436661.0,66.25,7.5,7.5,0.0,0.0,None,None,None,13,3,63,70,0,0,0,0,0,0
2025,901890,"Medical, surgical or dental instruments and electro-medical apparatus",IDN,Indonesia,268837625.16,3954142.176666667,3149942.82,221040778.23,2919649.72,1.41,26,1.0,0.14349318973616954,-0.03724886276877837,-0.4691954962402429,-0.49598940258954394,0,558748565248.4,1981.66,4.8,277371187.0,66.25,7.5,7.5,0.0,1.0,In Force,FTA,Goods & Services,297,187,365,748,0,0,0,0,0,0
2025,901890,"Medical, surgical or dental instruments and electro-medical apparatus",IRN,Iran (Islamic Republic of),369379425.76,3889298.8200000003,5715026.63,496290151.01,5757482.25,3.16,26,1.0,-0.08789349923132905,0.003707512318099404,5.0,5.0,0,354486747640.06,8827.97,3.3,39436661.0,66.25,7.5,7.5,0.0,0.0,None,None,None,43,70,58,158,0,0,0,0,0,0
2025,901890,"Medical, surgical or dental instruments and electro-medical apparatus",ISR,Israel,270693363.06,3249191.6466666665,3155345.84,122432385.02,1264352.74,0.78,26,1.0,-0.40046324687676826,-0.3669898939296934,-0.6492230216435271,-0.7626910508862179,0,354486747640.06,8827.97,3.3,39436661.0,66.25,7.5,7.5,0.0,0.0,None,None,None,22,15,360,381,0,0,0,0,0,0
2025,901890,"Medical, surgical or dental instruments and electro-medical apparatus",ITA,Italy,187122429.57333335,2754439.9233333333,4031428.99,249935766.58,4085344.21,1.59,26,1.0,-0.08032020985205168,0.006664653366691198,5.0,5.0,0,1461972474319.65,19023.64,0.8,74798201.0,61.25,7.5,7.5,0.0,0.0,Under Negotiation,FTA,Goods & Services,327,61,5598,5803,0,0,0,0,0,0
2025,901890,"Medical, surgical or dental instruments and electro-medical apparatus",JPN,Japan,227080107.71666667,3590628.1666666665,3478434.02,188597952.83,3298727.03,1.2,26,1.0,-0.21650913758926904,-0.026174136610022214,0.017202343161791367,-0.1742289369244887,0,6533340281527.44,38134.14,0.9,166685623.0,33.25,0.0,7.5,7.5,1.0,In Force,FTA & EIA,Goods & Services,1562,102,621,2170,0,0,0,0,0,0
2025,901890,"Medical, surgical or dental instruments and electro-medical apparatus",KAZ,Kazakhstan,162154190.56,2891883.0933333333,1851223.49,96338891.82,1851223.49,0.61,26,1.0,-0.4219882657802839,-0.4192369738062629,-0.05334896705374903,0.3858185356226784,0,354486747640.06,8827.97,3.3,39436661.0,66.25,7.5,7.5,0.0,0.0,None,None,None,3,27,67,85,0,0,0,0,0,0
2025,901890,"Medical, surgical or dental instruments and electro-medical apparatus",KEN,Kenya,282320335.99333334,4724950.743333333,3878434.29,270467853.98,3878434.29,1.72,26,1.0,0.1328922888655908,0.020336955946353985,-0.260526454102861,-0.4097694509459435,0,354486747640.06,8827.97,3.3,39436661.0,66.25,7.5,7.5,0.0,0.0,None,None,None,7,38,27,72,0,0,0,0,0,0
2025,901890,"Medical, surgical or dental instruments and electro-medical apparatus",KOR,Republic of Korea,154289268.30999997,2305112.026666667,2144888.15,119385578.53,2144888.15,0.76,26,1.0,0.07473177813891518,0.13363756391424197,-0.5028136958227934,-0.3084237368987962,0,1859749923928.23,29536.14,4.6,61784103.0,81.25,7.5,7.5,0.0,1.0,In Force,FTA & EIA,Goods & Services,76,29,232,279,0,0,0,0,0,0
2025,901890,"Medical, surgical or dental instruments and electro-medical apparatus",KWT,Kuwait,152006780.02666667,1935594.97,888879.99,60716583.14,821199.65,0.39,26,1.0,-0.5544194328961402,-0.5522794614136745,-0.3215382459928545,-0.07614114476907485,0,354486747640.06,8827.97,3.3,39436661.0,66.25,7.5,7.5,0.0,0.0,None,None,None,13,2,19,31,0,0,0,0,0,0
2025,901890,"Medical, surgical or dental instruments and electro-medical apparatus",LKA,Sri Lanka,394302453.85999995,4782822.09,5353383.79,615222032.86,6867288.52,3.92,26,1.0,0.23859495075346926,0.13260495497197233,2.691509849816387,2.2274217565674324,0,354486747640.06,8827.97,3.3,39436661.0,66.25,7.5,7.5,0.0,1.0,In Force,FTA,Goods,21,19,118,151,0,0,0,0,0,0
2025,901890,"Medical, surgical or dental instruments and electro-medical apparatus",MEX,Mexico,248229544.27666664,3387413.5766666667,4158759.58,418718564.52,5157500.39,2.67,26,1.0,0.30401333114443085,0.11362180921240328,4.2516853117544,5.0,0,1188674554333.95,8882.55,1.9,130009527.0,71.25,7.5,7.5,0.0,0.0,None,None,None,110,95,869,969,0,0,0,0,0,0
2025,901890,"Medical, surgical or dental instruments and electro-medical apparatus",MYS,Malaysia,293795526.2966667,4006191.1566666663,4311399.38,373595178.31,5249611.04,2.38,26,1.0,0.09134400690413091,0.1034545142581682,0.9245794020762645,1.1361043168344613,0,303500855641.07,9683.98,4.6,30760596.0,191.25,7.5,7.5,0.0,1.0,In Force,FTA,Goods & Services,177,54,172,349,0,0,0,0,0,0
2025,901890,"Medical, surgical or dental instruments and electro-medical apparatus",NGA,Nigeria,327100924.1333333,3880896.99,4501134.44,544506616.0,6125261.46,3.47,26,1.0,0.2247191196016194,0.16654453497689103,5.0,5.0,0,204369543044.52,1260.94,4.3,160375757.0,56.25,7.5,7.5,0.0,0.0,None,None,None,41,23,101,163,0,0,1,1,0,0
2025,901890,"Medical, surgical or dental instruments and electro-medical apparatus",NLD,Netherlands,433710425.79333335,6057880.056666668,5818261.05,715847456.94,6868242.4,4.56,26,1.0,0.6424824070882103,0.11879345335848046,1.237485790341378,0.18046308699036806,0,684132699691.79,31975.3,1.8,20901430.0,136.25,7.5,7.5,0.0,0.0,Under Negotiation,FTA,Goods & Services,531,23,1818,1876,0,0,0,0,0,0
2025,901890,"Medical, surgical or dental instruments and electro-medical apparatus",NPL,Nepal,391753209.22333336,5309165.163333334,5787444.94,677988769.15,6968960.44,4.32,26,1.0,1.1327134277564075,0.4824488175988255,0.9470568793806722,0.2041514886530904,0,354486747640.06,8827.97,3.3,39436661.0,66.25,7.5,7.5,0.0,1.0,In Force,PTA,Goods,1,44,20,63,0,0,0,0,0,0
2025,901890,"Medical, surgical or dental instruments and electro-medical apparatus",NZL,New Zealand,336105199.32,4534970.81,4574022.8,428042117.49,6392163.09,2.73,26,1.0,0.017296908587864035,0.18215591879683157,1.568302156057018,1.4224424142099914,0,354486747640.06,8827.97,3.3,39436661.0,66.25,7.5,7.5,0.0,0.0,None,None,None,48,60,290,341,0,0,0,0,0,0
2025,901890,"Medical, surgical or dental instruments and electro-medical apparatus",OMN,Oman,362894533.53999996,4463655.069999999,5526472.11,210355683.57,2285589.19,1.34,26,1.0,-0.2207054227607672,-0.35993416545565415,-0.6045569717856916,-0.5864288926992185,0,354486747640.06,8827.97,3.3,39436661.0,66.25,7.5,7.5,0.0,0.0,None,None,None,17,10,19,39,0,0,0,0,0,0
2025,901890,"Medical, surgical or dental instruments and electro-medical apparatus",PHL,Philippines,232640877.6966667,2410310.7666666666,2107672.16,40558962.49,827795.76,0.26,26,1.0,-0.5477885861260432,-0.3732994594554957,-0.911641376391449,-0.8072860843977463,0,354486747640.06,8827.97,3.3,39436661.0,66.25,7.5,7.5,0.0,0.0,None,None,None,377,75,252,598,0,0,0,0,0,0
2025,901890,"Medical, surgical or dental instruments and electro-medical apparatus",POL,Poland,193641698.92,3126442.846666666,1813221.08,441996797.78,7134621.63,2.82,26,1.0,2.1595145100918067,3.066326099992203,3.6697394610279845,2.9347775672209067,0,354486747640.06,8827.97,3.3,39436661.0,66.25,7.5,7.5,0.0,0.0,None,None,None,79,24,1907,1952,0,0,0,0,0,0
2025,901890,"Medical, surgical or dental instruments and electro-medical apparatus",QAT,Qatar,255266140.21,2883350.546666667,3321438.92,474625627.58,4856708.73,3.03,26,1.0,0.40638959398745467,0.2092271625224702,5.0,5.0,0,354486747640.06,8827.97,3.3,39436661.0,66.25,7.5,7.5,0.0,0.0,None,None,None,11,2,19,29,0,0,0,0,0,0
2025,901890,"Medical, surgical or dental instruments and electro-medical apparatus",RUS,Russian Federation,280298092.55333334,3378135.5233333334,3701230.18,390895064.45,3701230.18,2.49,26,1.0,0.3444239150450492,-0.07143342478286774,0.6723966040170983,0.7290777482253816,0,660552264556.61,3362.46,3.6,191925086.0,59.25,7.5,7.5,0.0,0.0,None,None,None,259,147,598,858,0,0,1,1,1,0
2025,901890,"Medical, surgical or dental instruments and electro-medical apparatus",SAU,Saudi Arabia,351470166.5333333,3993661.2166666663,3903380.57,510359452.17,5190163.02,3.25,26,1.0,0.506221366395541,0.3407074131848291,0.599398871356094,0.3296584657638624,0,415388277619.73,14929.51,3.0,27342752.0,73.25,7.5,7.5,0.0,0.0,Under Negotiation,FTA,Goods,38,35,43,95,0,0,0,0,0,0
2025,901890,"Medical, surgical or dental instruments and electro-medical apparatus",SGP,Singapore,356304768.3833333,4635529.396666667,3923704.65,394922154.0,6117417.98,2.52,26,1.0,-0.007290824955215824,0.25800733548022325,0.4452894973204038,0.5590923695030006,0,340929615341.57,63446.9,5.0,5258221.0,321.25,0.0,7.5,7.5,1.0,In Force,FTA & EIA,Goods & Services,15,5,22,27,1,1,0,0,0,0
2025,901890,"Medical, surgical or dental instruments and electro-medical apparatus",SWE,Sweden,153470165.70000002,1934510.4166666667,1451690.64,49370562.84,980285.19,0.31,26,1.0,-0.5747797702168616,-0.4607861120579846,-0.6422193609959579,-0.32472858680185146,0,354486747640.06,8827.97,3.3,39436661.0,66.25,7.5,7.5,0.0,0.0,None,None,None,317,47,1005,1198,0,0,0,0,0,0
2025,901890,"Medical, surgical or dental instruments and electro-medical apparatus",THA,Thailand,355018104.65333337,5065626.5633333335,6154021.8,494587728.06,6154021.8,3.15,26,1.0,0.22028786362837094,-0.00025898683397140854,1.075235840532248,1.1326313681100473,0,335895377767.42,3988.94,3.8,82685533.0,126.25,7.5,7.5,0.0,1.0,In Force,FTA,Goods & Services,67,41,127,204,0,0,0,0,0,0
2025,901890,"Medical, surgical or dental instruments and electro-medical apparatus",TUR,Türkiye,122352729.68666667,1549624.63,385352.13,19083522.91,218424.25,0.12,26,1.0,0.010916184821318842,-0.24712730827711715,-0.9420484007830939,-0.9460027231828223,0,647529125689.17,7592.05,3.3,84263000.0,61.25,7.5,7.5,0.0,0.0,None,None,None,142,51,306,656,0,0,0,0,0,0
2025,901890,"Medical, surgical or dental instruments and electro-medical apparatus",TWN,Taiwan,361052358.2133333,4207763.363333333,4116843.88,361632200.51,4116843.88,2.31,26,1.0,0.12316913677624752,-0.04339141053022577,-0.16839107281116927,0.02724510023407234,0,354486747640.06,8827.97,3.3,39436661.0,66.25,7.5,7.5,0.0,0.0,None,None,None,23,21,35,68,0,0,0,0,0,0
2025,901890,"Medical, surgical or dental instruments and electro-medical apparatus",TZA,United Republic of Tanzania,513793752.28666663,5048788.306666668,5057411.26,461284417.09,4735817.8,2.94,26,1.0,-0.07267201943957668,-0.059425154481963505,-0.151552286778751,-0.06358855221929027,0,354486747640.06,8827.97,3.3,39436661.0,66.25,7.5,7.5,0.0,0.0,None,None,None,20,30,33,71,0,0,0,0,0,0
2025,901890,"Medical, surgical or dental instruments and electro-medical apparatus",USA,United States of America,199901912.97,2267084.09,1755027.73,59797564.34,921559.58,0.38,26,1.0,-0.6152897807011797,-0.5273198437216653,-0.5599104737277851,-0.4749031230409819,0,18097338437760.06,47718.36,2.1,370704619.0,36.25,0.0,7.5,7.5,0.0,None,None,None,1765,2105,19117,20895,0,0,0,0,0,0
2025,901890,"Medical, surgical or dental instruments and electro-medical apparatus",VNM,Viet Nam,158968264.44000003,2939654.233333334,3331263.47,122297973.23,1874375.05,0.78,26,1.0,-0.17662087487186184,-0.2498920711165289,-0.29800094806870703,-0.48126020345080656,0,160562089452.67,1522.87,6.6,105032975.0,121.25,7.5,7.5,0.0,1.0,In Force,FTA,Goods & Services,132,31,175,241,0,0,0,0,0,0
2025,901890,"Medical, surgical or dental instruments and electro-medical apparatus",ZAF,South Africa,340422538.53333336,5028959.659999999,5249387.6,285224940.13,5249387.6,1.82,26,1.0,-0.1663288124150395,0.13360786662893043,-0.12414081595732651,-0.08747202588612868,0,261888231492.08,4360.27,2.0,59023536.0,63.25,7.5,7.5,0.0,1.0,Under Negotiation,PTA,Goods,60,85,696,793,0,0,0,0,0,0
